asset_class,lat,lon,lat_end,lon_end,length_km,install_year,design_life_years,material,_material_fragility,condition_score,criticality_tier,elevation_m,dist_to_coast_km,vegetation_density,drainage_quality,drought_susceptibility,_soil_corrosivity_true,_customer_density,zone_id,asset_id,network,site_elevation_m,flood_defence_m,has_backup_generation,backup_runtime_hours,diameter_mm,rating_mva,summer_load_factor,pump_rated_kw,last_inspected_year,customers_served,population_served_water,critical_facilities
transmission_substation,30.0906603763895,-85.9948504102646,30.0906603763895,-85.9948504102646,0.0,1996,60,standard,1.0,52.9,1,3.65,15.51,0.229,0.64,0.249,0.035,0.1126,9,TSS-00001,electric,1.78,0.0,False,0,,233.1,0.304,,2022,0.0,0.0,0
transmission_substation,32.53915951712139,-81.68013747322735,32.53915951712139,-81.68013747322735,0.0,1947,60,standard,1.0,17.8,2,67.31,275.55,0.525,0.608,1.0,0.706,0.7112,5,TSS-00002,electric,5.4,0.54,False,0,,437.8,0.59,,2025,0.0,0.0,0
transmission_substation,30.127659255540188,-81.87676079828118,30.127659255540188,-81.87676079828118,0.0,2017,60,standard,1.0,95.8,3,0.3,11.99,0.119,0.759,0.211,0.359,0.1126,8,TSS-00003,electric,0.21,0.0,False,0,,441.6,0.896,,2022,0.0,0.0,0
transmission_substation,30.575919439488754,-83.84933485808938,30.575919439488754,-83.84933485808938,0.0,1977,60,standard,1.0,65.7,2,15.1,64.59,0.356,0.734,0.484,0.617,0.1229,7,TSS-00004,electric,0.77,0.0,False,0,,135.8,0.509,,2026,0.0,0.0,0
transmission_substation,32.237595768670715,-81.67439067267291,32.237595768670715,-81.67439067267291,0.0,1968,60,standard,1.0,27.7,3,51.52,241.96,0.425,0.401,0.918,0.805,0.9239,3,TSS-00005,electric,2.68,0.0,False,0,,315.4,0.799,,2022,0.0,0.0,0
transmission_substation,30.165911033603436,-81.676377372162,30.165911033603436,-81.676377372162,0.0,1954,60,standard,1.0,29.7,3,3.68,12.05,0.195,0.859,0.287,0.288,0.1126,8,TSS-00006,electric,0.73,0.0,False,0,,464.3,0.448,,2025,0.0,0.0,0
transmission_substation,32.06191991169321,-84.34543188402944,32.06191991169321,-84.34543188402944,0.0,1988,60,standard,1.0,80.9,3,63.53,222.28,0.853,0.444,0.909,0.449,0.2994,4,TSS-00007,electric,0.82,0.0,False,0,,336.4,0.738,,2025,0.0,0.0,0
transmission_substation,31.296055982624473,-85.41477191793471,31.296055982624473,-85.41477191793471,0.0,1979,60,standard,1.0,50.8,3,33.12,138.43,0.467,0.564,0.541,0.404,0.4913,0,TSS-00008,electric,2.52,0.0,False,0,,193.0,0.876,,2022,0.0,0.0,0
transmission_substation,32.4683050369545,-81.70432282393736,32.4683050369545,-81.70432282393736,0.0,2000,60,standard,1.0,70.3,3,63.98,268.2,0.413,0.295,0.959,0.682,1.0,5,TSS-00009,electric,4.68,0.0,False,0,,425.5,0.625,,2023,0.0,0.0,0
transmission_substation,30.319690507651465,-82.93323567688276,30.319690507651465,-82.93323567688276,0.0,2002,60,standard,1.0,70.4,3,9.05,45.8,0.239,0.888,0.372,0.604,0.1126,10,TSS-00010,electric,1.45,2.2,False,0,,518.0,0.704,,2025,0.0,0.0,0
transmission_substation,31.793685905446516,-82.99286962249901,31.793685905446516,-82.99286962249901,0.0,1998,60,standard,1.0,90.1,3,52.96,209.31,0.89,0.692,0.784,0.852,0.1126,1,TSS-00011,electric,2.7,0.0,False,0,,239.0,0.684,,2021,0.0,0.0,0
transmission_substation,31.831816971745695,-81.55469657536455,31.831816971745695,-81.55469657536455,0.0,1986,60,standard,1.0,68.9,3,38.5,194.45,0.828,0.696,0.698,0.703,0.1156,3,TSS-00012,electric,1.3,0.0,False,0,,225.9,0.948,,2026,0.0,0.0,0
transmission_substation,30.036336018513037,-83.91660856045888,30.036336018513037,-83.91660856045888,0.0,1997,60,standard,1.0,81.0,3,4.3,3.62,0.158,0.747,0.183,0.453,0.1126,11,TSS-00013,electric,1.1,0.0,False,0,,273.7,0.545,,2024,0.0,0.0,0
transmission_substation,30.2132297608503,-81.83168615868782,30.2132297608503,-81.83168615868782,0.0,1974,60,standard,1.0,50.5,3,1.68,20.55,0.309,0.7,0.318,0.301,0.1126,8,TSS-00014,electric,0.56,1.5,False,0,,173.7,0.647,,2020,0.0,0.0,0
transmission_substation,30.109858348540676,-85.17716809370656,30.109858348540676,-85.17716809370656,0.0,1995,60,standard,1.0,61.8,3,0.39,3.96,0.171,0.721,0.171,0.078,0.1126,9,TSS-00015,electric,0.44,0.0,False,0,,287.1,0.708,,2022,0.0,0.0,0
transmission_substation,30.317970959385473,-83.39070136103575,30.317970959385473,-83.39070136103575,0.0,1962,60,standard,1.0,51.3,2,14.11,42.59,0.275,0.789,0.39,0.508,0.1126,11,TSS-00016,electric,0.63,1.21,False,0,,535.4,0.513,,2024,0.0,0.0,0
transmission_substation,30.595934557802014,-83.75300329599524,30.595934557802014,-83.75300329599524,0.0,1987,60,standard,1.0,47.4,3,14.65,68.35,0.428,0.901,0.338,0.439,0.1147,7,TSS-00017,electric,1.6,0.0,False,0,,290.2,0.679,,2023,0.0,0.0,0
transmission_substation,30.75097868754387,-81.5531846913931,30.75097868754387,-81.5531846913931,0.0,1967,60,standard,1.0,52.2,3,8.41,74.45,0.355,0.754,0.369,0.521,0.1126,8,TSS-00018,electric,0.86,0.0,False,0,,132.3,0.74,,2023,0.0,0.0,0
transmission_substation,31.37965462968629,-83.83661887332437,31.37965462968629,-83.83661887332437,0.0,1979,60,standard,1.0,53.7,2,38.65,154.01,0.774,0.633,0.591,0.571,0.1127,6,TSS-00019,electric,2.28,1.37,False,0,,453.8,0.25,,2024,0.0,0.0,0
transmission_substation,32.13980476994876,-84.05967310876254,32.13980476994876,-84.05967310876254,0.0,1977,60,standard,1.0,39.4,3,65.61,234.86,0.875,0.667,0.978,0.563,0.1196,4,TSS-00020,electric,0.91,0.0,False,0,,395.6,0.691,,2024,0.0,0.0,0
transmission_substation,32.4539512337237,-82.97957082185575,32.4539512337237,-82.97957082185575,0.0,1955,60,standard,1.0,30.1,3,76.96,282.63,0.854,0.74,1.0,0.989,0.1126,2,TSS-00021,electric,1.6,0.0,False,0,,145.4,0.627,,2023,0.0,0.0,0
transmission_substation,30.021358006213955,-82.2592743482091,30.021358006213955,-82.2592743482091,0.0,1981,60,standard,1.0,60.2,3,0.3,7.33,0.184,0.661,0.127,0.466,0.1126,8,TSS-00022,electric,1.61,1.14,False,0,,123.3,0.765,,2022,0.0,0.0,0
transmission_substation,30.6455763853116,-81.8609861574084,30.6455763853116,-81.8609861574084,0.0,1975,60,standard,1.0,63.2,1,6.36,69.15,0.456,0.617,0.313,0.409,0.1126,8,TSS-00023,electric,2.81,1.58,False,0,,294.9,0.751,,2023,0.0,0.0,0
transmission_substation,31.28130494376898,-84.92335502191186,31.28130494376898,-84.92335502191186,0.0,2003,60,standard,1.0,68.7,2,29.91,132.58,0.484,0.515,0.557,0.405,0.1595,0,TSS-00024,electric,1.49,0.0,False,0,,362.7,0.916,,2022,0.0,0.0,0
transmission_substation,31.032626460906155,-84.05110812051964,31.032626460906155,-84.05110812051964,0.0,2004,60,standard,1.0,73.7,3,32.03,112.09,0.465,0.455,0.497,0.511,0.3427,7,TSS-00025,electric,2.43,0.0,False,0,,494.9,0.834,,2023,0.0,0.0,0
transmission_substation,32.3538109296367,-82.21627051616261,32.3538109296367,-82.21627051616261,0.0,1944,60,standard,1.0,10.1,3,63.26,265.54,0.87,0.62,1.0,0.948,0.1367,3,TSS-00026,electric,2.68,0.0,False,0,,211.4,0.75,,2023,0.0,0.0,0
transmission_substation,31.715606349319522,-82.3489737715669,31.715606349319522,-82.3489737715669,0.0,1973,60,standard,1.0,57.0,3,43.51,196.74,0.915,0.65,0.792,0.906,0.1126,3,TSS-00027,electric,3.21,0.0,False,0,,346.2,0.374,,2022,0.0,0.0,0
transmission_substation,31.326367555352846,-84.27370137849108,31.326367555352846,-84.27370137849108,0.0,2014,60,standard,1.0,93.4,2,39.31,141.51,0.613,0.752,0.609,0.606,0.129,7,TSS-00028,electric,0.74,0.0,False,0,,570.8,0.682,,2022,0.0,0.0,0
transmission_substation,30.91064682046245,-81.91746412359666,30.91064682046245,-81.91746412359666,0.0,1964,60,standard,1.0,33.5,3,11.87,99.73,0.487,0.657,0.404,0.565,0.1126,8,TSS-00029,electric,0.69,0.0,False,0,,149.5,0.685,,2022,0.0,0.0,0
transmission_substation,30.141440418944136,-84.13147448920667,30.141440418944136,-84.13147448920667,0.0,1971,60,standard,1.0,40.5,3,3.26,11.96,0.285,0.606,0.149,0.406,0.1127,11,TSS-00030,electric,1.17,0.0,False,0,,593.2,0.939,,2024,0.0,0.0,0
transmission_substation,30.429140504665018,-82.54090542143975,30.429140504665018,-82.54090542143975,0.0,1989,60,standard,1.0,70.3,3,12.92,56.23,0.379,0.637,0.225,0.421,0.1126,8,TSS-00031,electric,1.59,0.0,False,0,,257.5,0.797,,2022,0.0,0.0,0
transmission_substation,30.687922885209833,-84.42638504988287,30.687922885209833,-84.42638504988287,0.0,1968,60,standard,1.0,44.2,2,17.17,68.88,0.22,0.611,0.261,0.387,0.6405,7,TSS-00032,electric,1.96,0.0,False,0,,157.1,0.7,,2025,0.0,0.0,0
transmission_substation,30.252025996297906,-85.29022262673733,30.252025996297906,-85.29022262673733,0.0,1989,60,standard,1.0,58.1,3,5.35,20.91,0.193,0.527,0.239,0.011,0.1126,9,TSS-00033,electric,0.8,0.64,False,0,,422.6,0.659,,2018,0.0,0.0,0
transmission_substation,30.951467445980068,-81.73314142783927,30.951467445980068,-81.73314142783927,0.0,1988,60,standard,1.0,48.7,2,12.86,100.43,0.586,0.655,0.444,0.468,0.1126,8,TSS-00034,electric,5.3,0.68,False,0,,194.9,0.691,,2023,0.0,0.0,0
transmission_substation,31.019064617629176,-85.85829032847325,31.019064617629176,-85.85829032847325,0.0,1970,60,standard,1.0,51.0,3,28.04,115.71,0.641,0.611,0.581,0.198,0.1206,0,TSS-00035,electric,0.63,0.0,False,0,,136.1,0.709,,2021,0.0,0.0,0
transmission_substation,30.472093307400623,-81.60564920474806,30.472093307400623,-81.60564920474806,0.0,2003,60,standard,1.0,78.2,3,5.38,44.56,0.359,0.68,0.275,0.276,0.1126,8,TSS-00036,electric,2.82,0.0,False,0,,252.7,0.762,,2026,0.0,0.0,0
transmission_substation,30.619673691742978,-82.19323212510334,30.619673691742978,-82.19323212510334,0.0,1979,60,standard,1.0,40.7,3,9.67,72.66,0.324,0.706,0.412,0.414,0.1126,8,TSS-00037,electric,1.35,0.0,False,0,,160.9,0.688,,2019,0.0,0.0,0
transmission_substation,30.68068581833764,-82.43289243934898,30.68068581833764,-82.43289243934898,0.0,1963,60,standard,1.0,49.4,1,11.79,82.97,0.428,0.628,0.385,0.451,0.1126,8,TSS-00038,electric,4.57,0.0,False,0,,129.2,0.812,,2025,0.0,0.0,0
transmission_substation,30.61908827373932,-81.51692178631272,30.61908827373932,-81.51692178631272,0.0,1940,60,standard,1.0,2.0,3,5.49,59.08,0.287,0.781,0.306,0.398,0.1126,8,TSS-00039,electric,0.81,0.0,False,0,,258.4,0.42,,2025,0.0,0.0,0
transmission_substation,31.14988911379711,-82.70773218913477,31.14988911379711,-82.70773218913477,0.0,2001,60,standard,1.0,59.0,3,28.65,137.47,0.66,0.55,0.588,0.581,0.1126,10,TSS-00040,electric,1.91,0.0,False,0,,140.7,0.843,,2020,0.0,0.0,0
transmission_substation,30.448362083213315,-85.81759986521092,30.448362083213315,-85.81759986521092,0.0,1941,60,standard,1.0,11.8,3,16.53,51.53,0.4,0.667,0.244,0.036,0.1126,9,TSS-00041,electric,1.6,0.0,False,0,,357.4,0.627,,2020,0.0,0.0,0
transmission_substation,31.858118087356786,-84.0226306034497,31.858118087356786,-84.0226306034497,0.0,1995,60,standard,1.0,70.6,3,58.25,204.16,0.939,0.423,0.79,0.54,0.1185,4,TSS-00042,electric,4.37,0.0,False,0,,541.8,0.672,,2024,0.0,0.0,0
transmission_substation,32.74594122001874,-84.30806386807575,32.74594122001874,-84.30806386807575,0.0,1974,60,standard,1.0,55.0,3,85.98,298.65,0.687,0.724,1.0,0.618,0.2667,4,TSS-00043,electric,3.34,0.0,False,0,,212.8,0.643,,2021,0.0,0.0,0
transmission_substation,31.351280254035775,-85.99701359365072,31.351280254035775,-85.99701359365072,0.0,1992,60,standard,1.0,65.4,3,40.61,155.48,0.727,0.729,0.608,0.425,0.116,0,TSS-00044,electric,0.21,0.0,False,0,,596.7,0.658,,2022,0.0,0.0,0
transmission_substation,31.14566680991849,-85.03526597527166,31.14566680991849,-85.03526597527166,0.0,1967,60,standard,1.0,37.6,3,22.8,117.94,0.45,0.669,0.502,0.426,0.1459,0,TSS-00045,electric,3.76,0.0,False,0,,352.9,0.772,,2024,0.0,0.0,0
transmission_substation,30.61860018110593,-84.95800372579632,30.61860018110593,-84.95800372579632,0.0,1992,60,standard,1.0,68.0,3,17.1,59.11,0.42,0.832,0.333,0.166,0.1162,9,TSS-00046,electric,2.51,1.26,False,0,,138.4,0.991,,2023,0.0,0.0,0
transmission_substation,30.1869764242945,-83.16504320684504,30.1869764242945,-83.16504320684504,0.0,1971,60,standard,1.0,44.8,1,10.51,30.15,0.393,0.79,0.202,0.575,0.1126,11,TSS-00047,electric,0.66,1.24,False,0,,199.9,0.467,,2023,0.0,0.0,0
transmission_substation,31.394567432450156,-84.80931817030904,31.394567432450156,-84.80931817030904,0.0,1971,60,standard,1.0,50.9,3,35.48,145.09,0.627,0.685,0.676,0.479,0.1419,0,TSS-00048,electric,1.3,0.0,False,0,,348.2,0.685,,2024,0.0,0.0,0
transmission_substation,30.72589811246772,-83.27861855882847,30.72589811246772,-83.27861855882847,0.0,1978,60,standard,1.0,51.9,2,20.52,89.05,0.513,0.661,0.515,0.583,0.1126,10,TSS-00049,electric,6.21,0.0,False,0,,350.8,0.896,,2022,0.0,0.0,0
transmission_substation,31.577197495749484,-82.21346141512035,31.577197495749484,-82.21346141512035,0.0,1940,60,standard,1.0,35.7,3,37.27,179.29,0.89,0.582,0.669,0.882,0.1126,3,TSS-00050,electric,2.75,0.0,False,0,,349.8,0.585,,2015,0.0,0.0,0
transmission_substation,30.94202063387669,-82.05958623936017,30.94202063387669,-82.05958623936017,0.0,1984,60,standard,1.0,57.2,3,18.15,106.02,0.648,0.744,0.491,0.548,0.1126,8,TSS-00051,electric,2.3,0.0,False,0,,596.6,0.647,,2024,0.0,0.0,0
transmission_substation,30.497735396710645,-85.48746242482024,30.497735396710645,-85.48746242482024,0.0,1968,60,standard,1.0,43.9,3,10.64,50.93,0.347,0.818,0.272,0.0,0.1126,9,TSS-00052,electric,2.55,0.0,False,0,,572.9,0.541,,2022,0.0,0.0,0
transmission_substation,30.975400658719337,-82.3459409061447,30.975400658719337,-82.3459409061447,0.0,1975,60,standard,1.0,41.2,3,21.84,114.54,0.524,0.707,0.496,0.492,0.1126,8,TSS-00053,electric,2.68,0.0,False,0,,473.5,0.43,,2025,0.0,0.0,0
transmission_substation,30.167277077288652,-82.86999926911416,30.167277077288652,-82.86999926911416,0.0,1952,60,standard,1.0,2.0,3,8.19,28.88,0.238,0.589,0.311,0.555,0.1126,8,TSS-00054,electric,3.71,2.17,False,0,,169.8,0.501,,2025,0.0,0.0,0
transmission_substation,30.7024109696871,-83.89114943855355,30.7024109696871,-83.89114943855355,0.0,1970,60,standard,1.0,62.1,3,20.27,77.96,0.366,0.654,0.337,0.583,0.1653,7,TSS-00055,electric,3.1,0.0,False,0,,418.7,0.911,,2024,0.0,0.0,0
transmission_substation,31.826190398837895,-82.37989885737036,31.826190398837895,-82.37989885737036,0.0,1970,60,standard,1.0,37.2,3,49.28,209.44,0.811,0.673,0.774,0.919,0.1126,3,TSS-00056,electric,0.96,0.0,False,0,,542.7,0.665,,2018,0.0,0.0,0
transmission_substation,32.52622938937313,-84.017114596108,32.52622938937313,-84.017114596108,0.0,1994,60,standard,1.0,57.1,3,76.66,278.41,0.894,0.837,0.901,0.782,0.1211,4,TSS-00057,electric,1.51,0.0,False,0,,396.2,0.742,,2026,0.0,0.0,0
transmission_substation,30.297535516153896,-84.73060552938908,30.297535516153896,-84.73060552938908,0.0,1987,60,standard,1.0,63.8,2,5.37,23.48,0.249,0.722,0.155,0.143,0.1127,9,TSS-00058,electric,0.96,0.0,False,0,,486.2,0.833,,2022,0.0,0.0,0
transmission_substation,30.237359389120474,-84.73871642096732,30.237359389120474,-84.73871642096732,0.0,1999,60,standard,1.0,90.7,3,1.42,16.78,0.344,0.643,0.296,0.145,0.1126,9,TSS-00059,electric,2.08,0.0,False,0,,199.0,0.774,,2020,0.0,0.0,0
transmission_substation,32.77333609738503,-83.78401369044306,32.77333609738503,-83.78401369044306,0.0,1992,60,standard,1.0,85.0,3,90.42,309.55,0.821,0.606,1.0,0.86,0.1126,2,TSS-00060,electric,2.83,0.0,False,0,,122.5,0.773,,2025,0.0,0.0,0
distribution_substation,31.756288253378248,-84.9727259895754,31.756288253378248,-84.9727259895754,0.0,1990,50,standard,1.0,81.5,3,49.68,185.44,0.844,0.592,0.739,0.313,0.1196,0,DSS-00061,electric,2.48,0.0,False,0,,15.4,0.799,,2025,0.0,0.0,0
distribution_substation,32.15503456426885,-84.46575405384598,32.15503456426885,-84.46575405384598,0.0,1961,50,standard,1.0,15.7,3,60.94,231.34,0.814,0.588,0.931,0.35,0.237,4,DSS-00062,electric,2.37,0.0,False,0,,38.7,0.628,,2023,0.0,0.0,0
distribution_substation,32.81233959963707,-81.75019081420845,32.81233959963707,-81.75019081420845,0.0,1975,50,standard,1.0,41.1,1,84.89,307.35,0.727,0.522,1.0,0.614,0.3751,5,DSS-00063,electric,3.1,0.0,False,0,,14.2,0.762,,2018,0.0,0.0,0
distribution_substation,30.837752804925106,-84.09653556376941,30.837752804925106,-84.09653556376941,0.0,1989,50,standard,1.0,41.9,2,23.07,89.77,0.299,0.319,0.382,0.41,0.6271,7,DSS-00064,electric,0.78,0.0,False,0,,43.1,0.611,,2024,0.0,0.0,0
distribution_substation,30.610508342168306,-84.20084063305488,30.610508342168306,-84.20084063305488,0.0,1975,50,standard,1.0,25.9,2,12.61,63.03,0.271,0.612,0.304,0.232,0.416,7,DSS-00065,electric,0.89,0.0,False,0,,63.2,0.667,,2020,0.0,0.0,0
distribution_substation,32.441078827185194,-84.54851395723824,32.441078827185194,-84.54851395723824,0.0,1985,50,standard,1.0,32.4,1,72.83,262.39,0.488,0.458,1.0,0.295,0.6714,4,DSS-00066,electric,2.75,0.0,False,0,,28.7,0.938,,2025,0.0,0.0,0
distribution_substation,30.55651807141316,-84.43433707559755,30.55651807141316,-84.43433707559755,0.0,2011,50,standard,1.0,78.6,2,10.07,54.21,0.34,0.656,0.275,0.155,0.2156,7,DSS-00067,electric,1.58,0.0,False,0,,54.6,0.617,,2021,0.0,0.0,0
distribution_substation,32.32284802853666,-84.22597008267097,32.32284802853666,-84.22597008267097,0.0,1962,50,standard,1.0,20.0,2,71.09,252.75,0.893,0.641,0.817,0.393,0.1622,4,DSS-00068,electric,2.71,0.0,False,0,,17.2,0.741,,2021,0.0,0.0,0
distribution_substation,32.20723895296834,-81.92784193092042,32.20723895296834,-81.92784193092042,0.0,1998,50,standard,1.0,65.8,3,56.45,243.86,0.686,0.612,0.85,0.915,0.4132,3,DSS-00069,electric,1.5,0.0,False,0,,27.5,0.848,,2022,0.0,0.0,0
distribution_substation,30.879100718599943,-84.0430678834868,30.879100718599943,-84.0430678834868,0.0,1976,50,standard,1.0,26.6,2,25.55,95.17,0.346,0.729,0.477,0.364,0.4293,7,DSS-00070,electric,1.74,0.0,False,0,,56.2,0.604,,2024,0.0,0.0,0
distribution_substation,30.625353159259834,-84.29849163047139,30.625353159259834,-84.29849163047139,0.0,1969,50,standard,1.0,42.0,3,13.4,63.39,0.12,0.539,0.421,0.396,0.4932,7,DSS-00071,electric,4.13,0.0,False,0,,15.3,0.515,,2024,0.0,0.0,0
distribution_substation,30.201861952434143,-83.99325214104466,30.201861952434143,-83.99325214104466,0.0,2004,50,standard,1.0,79.3,3,9.4,20.78,0.422,0.635,0.143,0.289,0.0877,11,DSS-00072,electric,1.57,0.0,False,0,,39.3,0.577,,2023,0.0,0.0,0
distribution_substation,31.10011141314305,-84.4848683529701,31.10011141314305,-84.4848683529701,0.0,1978,50,standard,1.0,37.5,3,22.23,114.07,0.45,0.626,0.489,0.305,0.3862,7,DSS-00073,electric,5.04,0.0,False,0,,41.6,0.93,,2021,0.0,0.0,0
distribution_substation,31.686187259407067,-85.51417558073626,31.686187259407067,-85.51417558073626,0.0,1997,50,standard,1.0,54.5,3,41.0,183.28,0.75,0.623,0.764,0.472,0.1896,0,DSS-00074,electric,2.72,0.0,False,0,,51.7,0.502,,2025,0.0,0.0,0
distribution_substation,32.26771109019153,-84.63125921925564,32.26771109019153,-84.63125921925564,0.0,2014,50,standard,1.0,83.0,2,61.73,242.6,0.816,0.735,0.878,0.234,0.2487,4,DSS-00075,electric,2.47,0.0,False,0,,28.8,0.622,,2024,0.0,0.0,0
distribution_substation,32.21284957273554,-81.5,32.21284957273554,-81.5,0.0,1976,50,standard,1.0,43.6,2,55.15,235.65,0.634,0.491,0.743,0.705,0.2739,5,DSS-00076,electric,4.41,1.71,False,0,,16.0,0.662,,2024,0.0,0.0,0
distribution_substation,32.41847562432593,-84.81326913193477,32.41847562432593,-84.81326913193477,0.0,2003,50,standard,1.0,70.1,3,69.16,258.74,0.735,0.578,0.972,0.29,0.1747,4,DSS-00077,electric,1.17,0.0,False,0,,19.6,0.667,,2025,0.0,0.0,0
distribution_substation,32.13487926054511,-82.03651978265222,32.13487926054511,-82.03651978265222,0.0,2009,50,standard,1.0,53.9,3,52.92,237.99,0.753,0.586,0.97,0.967,0.1608,3,DSS-00078,electric,1.49,0.0,False,0,,70.6,0.898,,2025,0.0,0.0,0
distribution_substation,32.72360721674987,-81.82385619525002,32.72360721674987,-81.82385619525002,0.0,1996,50,standard,1.0,67.3,3,80.65,299.04,0.562,0.337,0.987,0.61,0.5916,5,DSS-00079,electric,2.67,0.0,False,0,,66.3,0.906,,2025,0.0,0.0,0
distribution_substation,32.482764881132326,-84.6485196065767,32.482764881132326,-84.6485196065767,0.0,1950,50,standard,1.0,26.4,3,74.3,266.38,0.609,0.54,0.942,0.376,0.5323,4,DSS-00080,electric,1.0,0.0,False,0,,64.3,0.931,,2025,0.0,0.0,0
distribution_substation,32.55491328431538,-81.5,32.55491328431538,-81.5,0.0,2015,50,standard,1.0,84.3,3,67.68,273.62,0.741,0.748,1.0,0.537,0.2098,5,DSS-00081,electric,1.88,0.0,False,0,,43.6,0.728,,2018,0.0,0.0,0
distribution_substation,32.786887920506615,-81.62938716236503,32.786887920506615,-81.62938716236503,0.0,1960,50,standard,1.0,39.9,3,74.45,302.0,0.648,0.72,1.0,0.523,0.1913,5,DSS-00082,electric,3.58,0.0,False,0,,24.6,0.879,,2024,0.0,0.0,0
distribution_substation,32.008842578316454,-84.44941438779409,32.008842578316454,-84.44941438779409,0.0,1974,50,standard,1.0,45.3,3,58.56,215.27,0.729,0.603,0.821,0.317,0.3115,4,DSS-00083,electric,1.69,0.0,False,0,,63.6,0.773,,2024,0.0,0.0,0
distribution_substation,32.72943092011192,-81.88371909256969,32.72943092011192,-81.88371909256969,0.0,1964,50,standard,1.0,5.7,1,75.77,300.93,0.425,0.582,1.0,0.646,0.683,5,DSS-00084,electric,2.96,0.0,False,0,,17.0,0.69,,2021,0.0,0.0,0
distribution_substation,32.1442092169958,-84.31302062798038,32.1442092169958,-84.31302062798038,0.0,1995,50,standard,1.0,72.4,2,64.21,231.8,0.85,0.729,0.858,0.462,0.1787,4,DSS-00085,electric,3.72,0.0,False,0,,21.9,0.875,,2023,0.0,0.0,0
distribution_substation,32.7357691468203,-82.20580270032183,32.7357691468203,-82.20580270032183,0.0,1973,50,standard,1.0,35.3,2,77.76,307.76,0.838,0.606,1.0,0.72,0.241,5,DSS-00086,electric,0.99,0.0,False,0,,36.6,0.697,,2022,0.0,0.0,0
distribution_substation,30.955713912377878,-84.4586563235578,30.955713912377878,-84.4586563235578,0.0,2016,50,standard,1.0,70.7,3,22.24,98.28,0.259,0.581,0.409,0.359,0.6175,7,DSS-00087,electric,3.08,0.0,False,0,,34.7,0.677,,2025,0.0,0.0,0
distribution_substation,32.37702201969416,-84.56741281129152,32.37702201969416,-84.56741281129152,0.0,1970,50,standard,1.0,26.1,3,70.39,255.14,0.609,0.612,0.937,0.315,0.5155,4,DSS-00088,electric,1.08,0.0,False,0,,23.1,0.768,,2024,0.0,0.0,0
distribution_substation,32.82576219026705,-81.67082718619314,32.82576219026705,-81.67082718619314,0.0,1996,50,standard,1.0,57.9,3,79.63,307.17,0.827,0.693,1.0,0.559,0.2263,5,DSS-00089,electric,5.86,0.0,False,0,,30.4,0.634,,2026,0.0,0.0,0
distribution_substation,32.049488827155244,-81.60379832421565,32.049488827155244,-81.60379832421565,0.0,1985,50,standard,1.0,54.2,3,44.58,219.62,0.759,0.664,0.806,0.817,0.1911,3,DSS-00090,electric,1.73,0.0,False,0,,65.4,0.601,,2024,0.0,0.0,0
distribution_substation,33.0,-81.87877928291505,33.0,-81.87877928291505,0.0,1992,50,standard,1.0,54.5,3,90.24,330.86,0.761,0.654,1.0,0.589,0.2542,5,DSS-00091,electric,4.21,0.0,False,0,,55.7,0.729,,2019,0.0,0.0,0
distribution_substation,31.171304895028936,-84.7201839888489,31.171304895028936,-84.7201839888489,0.0,1969,50,standard,1.0,57.2,1,28.9,120.5,0.551,0.554,0.585,0.277,0.3516,7,DSS-00092,electric,2.94,0.0,False,0,,10.4,0.803,,2024,0.0,0.0,0
distribution_substation,32.20428220101034,-84.21993422959508,32.20428220101034,-84.21993422959508,0.0,1960,50,standard,1.0,27.7,2,67.73,239.68,0.836,0.676,0.954,0.431,0.1274,4,DSS-00093,electric,5.01,0.0,False,0,,11.2,0.948,,2023,0.0,0.0,0
distribution_substation,32.41584033025602,-84.1308831819133,32.41584033025602,-84.1308831819133,0.0,1968,50,standard,1.0,49.1,3,77.71,264.42,0.799,0.665,0.917,0.515,0.1241,4,DSS-00094,electric,3.85,0.0,False,0,,18.2,0.656,,2024,0.0,0.0,0
distribution_substation,30.474599924547118,-84.42492426658778,30.474599924547118,-84.42492426658778,0.0,1998,50,standard,1.0,61.1,2,6.82,45.21,0.391,0.547,0.251,0.099,0.1359,9,DSS-00095,electric,2.28,0.7,False,0,,14.2,0.723,,2026,0.0,0.0,0
distribution_substation,32.50685338843645,-84.75866420112872,32.50685338843645,-84.75866420112872,0.0,1960,50,standard,1.0,2.0,3,73.02,268.64,0.738,0.78,0.928,0.305,0.2812,4,DSS-00096,electric,4.23,1.07,False,0,,25.0,0.825,,2017,0.0,0.0,0
distribution_substation,30.98647474455213,-84.43201408991598,30.98647474455213,-84.43201408991598,0.0,1981,50,standard,1.0,58.1,3,24.54,101.96,0.29,0.509,0.438,0.384,0.6021,7,DSS-00097,electric,5.88,0.0,False,0,,35.8,0.47,,2022,0.0,0.0,0
distribution_substation,32.9725263259292,-81.9011255658435,32.9725263259292,-81.9011255658435,0.0,2010,50,standard,1.0,65.6,2,91.41,328.27,0.772,0.625,1.0,0.597,0.3119,5,DSS-00098,electric,2.24,0.0,False,0,,44.4,0.51,,2025,0.0,0.0,0
distribution_substation,30.6920549566409,-84.3100793024218,30.6920549566409,-84.3100793024218,0.0,1970,50,standard,1.0,36.2,3,16.54,70.65,0.207,0.464,0.372,0.432,0.7241,7,DSS-00099,electric,2.81,0.0,False,0,,18.6,0.487,,2021,0.0,0.0,0
distribution_substation,31.353990825281763,-85.37098618810894,31.353990825281763,-85.37098618810894,0.0,1984,50,standard,1.0,39.0,3,37.96,144.25,0.581,0.595,0.61,0.371,0.3471,0,DSS-00100,electric,0.66,0.0,False,0,,46.3,0.643,,2024,0.0,0.0,0
distribution_substation,32.18778851791481,-84.64481347109742,32.18778851791481,-84.64481347109742,0.0,1984,50,standard,1.0,68.1,3,61.77,233.66,0.638,0.68,0.842,0.351,0.181,4,DSS-00101,electric,5.09,0.0,False,0,,32.0,0.528,,2025,0.0,0.0,0
distribution_substation,31.67601741909904,-85.33634575989511,31.67601741909904,-85.33634575989511,0.0,1985,50,standard,1.0,60.0,3,46.83,179.54,0.646,0.621,0.654,0.424,0.3218,0,DSS-00102,electric,1.7,0.89,False,0,,68.0,0.792,,2022,0.0,0.0,0
distribution_substation,32.46405140743177,-82.14941840239656,32.46405140743177,-82.14941840239656,0.0,1992,50,standard,1.0,56.2,2,67.39,276.62,0.933,0.731,0.982,0.857,0.1691,3,DSS-00103,electric,2.16,0.0,False,0,,20.2,0.63,,2024,0.0,0.0,0
distribution_substation,31.486202378390942,-85.12423124358317,31.486202378390942,-85.12423124358317,0.0,2001,50,standard,1.0,79.7,3,33.71,156.3,0.704,0.62,0.624,0.324,0.2066,0,DSS-00104,electric,1.6,0.0,False,0,,35.9,0.429,,2023,0.0,0.0,0
distribution_substation,32.556444812133336,-84.46518111236685,32.556444812133336,-84.46518111236685,0.0,2004,50,standard,1.0,88.3,3,72.47,275.9,0.474,0.57,0.98,0.414,0.7362,4,DSS-00105,electric,2.72,0.0,False,0,,58.1,0.789,,2025,0.0,0.0,0
distribution_substation,30.638279413438845,-83.78929816528243,30.638279413438845,-83.78929816528243,0.0,1954,50,standard,1.0,10.7,2,18.51,72.48,0.385,0.833,0.328,0.399,0.0925,7,DSS-00106,electric,3.52,0.0,False,0,,57.5,0.834,,2019,0.0,0.0,0
distribution_substation,30.3901523413743,-84.26464866704072,30.3901523413743,-84.26464866704072,0.0,1970,50,standard,1.0,26.9,2,8.49,37.71,0.249,0.71,0.3,0.204,0.1077,9,DSS-00107,electric,1.91,0.0,False,0,,66.9,0.931,,2025,0.0,0.0,0
distribution_substation,32.6157167626459,-81.75064135049811,32.6157167626459,-81.75064135049811,0.0,1970,50,standard,1.0,29.5,3,74.06,285.53,0.658,0.676,1.0,0.677,0.5155,5,DSS-00108,electric,2.09,0.0,False,0,,38.1,0.736,,2022,0.0,0.0,0
distribution_substation,31.97943933097268,-81.5,31.97943933097268,-81.5,0.0,2006,50,standard,1.0,69.8,3,40.34,209.74,0.939,0.755,0.79,0.781,0.1063,3,DSS-00109,electric,2.07,0.0,False,0,,70.3,0.412,,2020,0.0,0.0,0
distribution_substation,32.52974052115815,-84.57009497213359,32.52974052115815,-84.57009497213359,0.0,1990,50,standard,1.0,58.0,2,76.91,272.07,0.521,0.49,1.0,0.31,0.7169,4,DSS-00110,electric,2.25,0.51,False,0,,24.4,0.688,,2023,0.0,0.0,0
distribution_substation,32.28995298288055,-81.5,32.28995298288055,-81.5,0.0,2001,50,standard,1.0,60.1,3,53.68,244.21,0.593,0.467,0.889,0.569,0.3372,5,DSS-00111,electric,1.28,0.0,False,0,,35.9,0.639,,2022,0.0,0.0,0
distribution_substation,30.77787344395965,-84.85358761400428,30.77787344395965,-84.85358761400428,0.0,1973,50,standard,1.0,25.3,3,9.71,76.62,0.288,0.678,0.467,0.049,0.1467,7,DSS-00112,electric,2.9,0.0,False,0,,57.9,0.747,,2023,0.0,0.0,0
distribution_substation,32.07226209958896,-84.17431737032086,32.07226209958896,-84.17431737032086,0.0,1981,50,standard,1.0,49.3,3,63.23,225.66,0.759,0.677,0.901,0.555,0.1228,4,DSS-00113,electric,0.8,1.12,False,0,,62.6,0.422,,2023,0.0,0.0,0
distribution_substation,30.94195330379627,-84.31484722150904,30.94195330379627,-84.31484722150904,0.0,1977,50,standard,1.0,43.1,3,22.11,98.33,0.193,0.287,0.494,0.318,0.8772,7,DSS-00114,electric,0.67,0.0,False,0,,55.6,0.752,,2023,0.0,0.0,0
distribution_substation,32.233543390556996,-84.6256196248329,32.233543390556996,-84.6256196248329,0.0,1968,50,standard,1.0,37.9,3,61.87,238.84,0.764,1.0,0.921,0.395,0.2183,4,DSS-00115,electric,1.49,0.0,False,0,,26.1,0.712,,2024,0.0,0.0,0
distribution_substation,31.471699044682726,-85.3782977802408,31.471699044682726,-85.3782977802408,0.0,1987,50,standard,1.0,51.9,2,40.38,157.42,0.627,0.5,0.74,0.333,0.3381,0,DSS-00116,electric,3.17,1.26,False,0,,30.9,0.901,,2024,0.0,0.0,0
distribution_substation,33.0,-82.09581667419684,33.0,-82.09581667419684,0.0,1974,50,standard,1.0,37.9,2,94.16,335.14,0.77,0.695,1.0,0.558,0.2003,5,DSS-00117,electric,3.43,0.0,False,0,,29.4,0.828,,2025,0.0,0.0,0
distribution_substation,30.638004214708406,-84.62301706619817,30.638004214708406,-84.62301706619817,0.0,2003,50,standard,1.0,48.7,3,15.12,61.75,0.458,0.52,0.324,0.208,0.1471,7,DSS-00118,electric,0.72,0.0,False,0,,18.2,0.57,,2022,0.0,0.0,0
distribution_substation,31.370374598135083,-85.28439807995011,31.370374598135083,-85.28439807995011,0.0,1977,50,standard,1.0,19.2,3,36.41,144.98,0.555,0.692,0.549,0.382,0.266,0,DSS-00119,electric,3.09,0.0,False,0,,38.4,0.743,,2025,0.0,0.0,0
distribution_substation,30.921107776183348,-84.58045455042841,30.921107776183348,-84.58045455042841,0.0,1969,50,standard,1.0,22.2,3,23.42,93.44,0.335,0.563,0.441,0.262,0.4963,7,DSS-00120,electric,1.51,0.0,False,0,,8.3,0.708,,2026,0.0,0.0,0
distribution_substation,32.122394333525,-81.66703040811716,32.122394333525,-81.66703040811716,0.0,1956,50,standard,1.0,11.5,3,53.37,229.02,0.771,0.524,0.834,0.687,0.3768,3,DSS-00121,electric,1.91,0.0,False,0,,45.1,0.351,,2022,0.0,0.0,0
distribution_substation,31.271977637684873,-84.79097767873677,31.271977637684873,-84.79097767873677,0.0,1974,50,standard,1.0,40.3,3,29.7,131.51,0.599,0.695,0.647,0.458,0.185,7,DSS-00122,electric,3.95,0.0,False,0,,49.9,0.599,,2022,0.0,0.0,0
distribution_substation,31.525856306195855,-85.20691006695884,31.525856306195855,-85.20691006695884,0.0,2018,50,standard,1.0,100.0,3,39.53,161.41,0.651,0.571,0.707,0.428,0.2883,0,DSS-00123,electric,3.28,0.0,False,0,,30.8,0.854,,2020,0.0,0.0,0
distribution_substation,31.9390143829237,-81.78897853234183,31.9390143829237,-81.78897853234183,0.0,1986,50,standard,1.0,49.4,3,46.37,211.22,0.788,0.677,0.792,0.869,0.1205,3,DSS-00124,electric,0.96,1.61,False,0,,38.9,0.389,,2024,0.0,0.0,0
distribution_substation,31.755443001995253,-85.57646344959677,31.755443001995253,-85.57646344959677,0.0,1999,50,standard,1.0,77.5,2,49.7,192.02,0.862,0.723,0.707,0.502,0.1302,0,DSS-00125,electric,1.0,0.0,False,0,,62.2,0.73,,2023,0.0,0.0,0
distribution_substation,31.72415927485732,-84.65014466773596,31.72415927485732,-84.65014466773596,0.0,1992,50,standard,1.0,41.3,3,44.32,182.16,0.772,0.501,0.723,0.448,0.1353,4,DSS-00126,electric,2.63,0.0,False,0,,54.8,0.871,,2023,0.0,0.0,0
distribution_substation,30.772782039997985,-84.55044069991636,30.772782039997985,-84.55044069991636,0.0,1968,50,standard,1.0,57.6,2,15.41,77.19,0.287,0.588,0.336,0.339,0.3695,7,DSS-00127,electric,2.24,0.0,False,0,,71.5,0.557,,2024,0.0,0.0,0
distribution_substation,32.436399502445504,-84.50895307694121,32.436399502445504,-84.50895307694121,0.0,2004,50,standard,1.0,67.1,3,68.42,262.19,0.577,0.524,1.0,0.347,0.6849,4,DSS-00128,electric,1.47,0.0,False,0,,32.8,0.879,,2020,0.0,0.0,0
distribution_substation,32.76897950745544,-81.68923080594034,32.76897950745544,-81.68923080594034,0.0,1961,50,standard,1.0,32.3,3,77.73,301.25,0.701,0.598,1.0,0.547,0.2869,5,DSS-00129,electric,2.34,0.0,False,0,,23.8,0.474,,2024,0.0,0.0,0
distribution_substation,32.37200723286362,-81.85909046218273,32.37200723286362,-81.85909046218273,0.0,1983,50,standard,1.0,43.7,1,60.2,260.74,0.411,0.472,0.937,0.807,0.8161,5,DSS-00130,electric,5.53,0.0,False,0,,31.5,0.59,,2022,0.0,0.0,0
distribution_substation,32.86152892687237,-84.66979718805884,32.86152892687237,-84.66979718805884,0.0,2014,50,standard,1.0,85.6,3,84.67,308.32,0.847,0.632,1.0,0.33,0.1295,4,DSS-00131,electric,2.39,0.0,False,0,,70.4,0.489,,2025,0.0,0.0,0
distribution_substation,32.643678698549024,-82.18454585052271,32.643678698549024,-82.18454585052271,0.0,1978,50,standard,1.0,46.6,2,73.85,297.17,0.698,0.57,1.0,0.801,0.2426,5,DSS-00132,electric,0.57,1.84,False,0,,25.5,0.685,,2023,0.0,0.0,0
distribution_substation,30.794123696366853,-84.45246437899537,30.794123696366853,-84.45246437899537,0.0,1993,50,standard,1.0,51.0,2,15.26,80.4,0.305,0.382,0.432,0.237,0.6407,7,DSS-00133,electric,0.9,0.0,False,0,,13.1,0.781,,2025,0.0,0.0,0
distribution_substation,32.410353747209506,-81.84880907568714,32.410353747209506,-81.84880907568714,0.0,1960,50,standard,1.0,38.0,2,64.88,264.79,0.407,0.467,0.918,0.831,0.8218,5,DSS-00134,electric,1.12,0.0,False,0,,58.9,0.765,,2022,0.0,0.0,0
distribution_substation,33.0,-81.8819012588128,33.0,-81.8819012588128,0.0,1977,50,standard,1.0,38.9,2,88.83,330.92,0.629,0.684,1.0,0.605,0.2555,5,DSS-00135,electric,1.9,0.0,False,0,,74.8,0.81,,2021,0.0,0.0,0
distribution_substation,33.0,-81.64560718306323,33.0,-81.64560718306323,0.0,1989,50,standard,1.0,47.3,3,86.83,325.99,0.775,0.626,1.0,0.51,0.1204,5,DSS-00136,electric,2.06,0.0,False,0,,25.1,0.611,,2022,0.0,0.0,0
distribution_substation,32.612283940305645,-85.00179699749293,32.612283940305645,-85.00179699749293,0.0,1994,50,standard,1.0,71.7,3,76.83,280.57,0.838,0.69,1.0,0.208,0.0923,4,DSS-00137,electric,1.96,0.0,False,0,,26.6,0.778,,2023,0.0,0.0,0
distribution_substation,31.524276890309153,-84.90254582600382,31.524276890309153,-84.90254582600382,0.0,1963,50,standard,1.0,19.4,3,37.53,159.51,0.908,0.736,0.569,0.415,0.1056,0,DSS-00138,electric,2.18,0.0,False,0,,66.1,0.568,,2022,0.0,0.0,0
distribution_substation,32.16822210937419,-81.76291553592775,32.16822210937419,-81.76291553592775,0.0,1976,50,standard,1.0,35.7,3,49.6,236.12,0.55,0.612,0.888,0.81,0.5601,3,DSS-00139,electric,2.35,0.0,False,0,,8.7,0.645,,2024,0.0,0.0,0
distribution_substation,32.61996438467966,-81.97372197658176,32.61996438467966,-81.97372197658176,0.0,1978,50,standard,1.0,43.5,3,69.41,290.6,0.601,0.57,1.0,0.716,0.5872,5,DSS-00140,electric,3.61,0.0,False,0,,27.9,0.534,,2023,0.0,0.0,0
distribution_substation,31.062427548837213,-84.55280347214159,31.062427548837213,-84.55280347214159,0.0,1982,50,standard,1.0,44.0,3,23.8,109.33,0.31,0.611,0.573,0.395,0.4749,7,DSS-00141,electric,2.14,0.0,False,0,,12.7,0.967,,2023,0.0,0.0,0
distribution_substation,31.163804679857662,-85.64537077814903,31.163804679857662,-85.64537077814903,0.0,2003,50,standard,1.0,71.8,3,31.39,127.59,0.528,0.719,0.626,0.198,0.243,0,DSS-00142,electric,1.15,0.0,False,0,,46.9,0.376,,2021,0.0,0.0,0
distribution_substation,32.339727494543475,-81.77903188732968,32.339727494543475,-81.77903188732968,0.0,1974,50,standard,1.0,41.4,3,59.03,255.49,0.326,0.407,0.896,0.814,0.9769,5,DSS-00143,electric,3.45,0.0,False,0,,20.8,0.559,,2021,0.0,0.0,0
distribution_substation,31.650669018447,-85.14615495689145,31.650669018447,-85.14615495689145,0.0,1981,50,standard,1.0,42.7,3,39.56,174.73,0.609,0.74,0.725,0.464,0.2648,0,DSS-00144,electric,7.68,0.0,False,0,,43.9,0.66,,2019,0.0,0.0,0
distribution_substation,31.188590110797573,-85.50861457070168,31.188590110797573,-85.50861457070168,0.0,1973,50,standard,1.0,27.2,3,30.07,127.95,0.549,0.534,0.469,0.176,0.3464,0,DSS-00145,electric,0.71,0.0,False,0,,15.6,1.021,,2017,0.0,0.0,0
distribution_substation,32.36391756852144,-82.21599088014443,32.36391756852144,-82.21599088014443,0.0,1977,50,standard,1.0,54.8,3,62.41,266.65,0.895,0.652,0.991,1.0,0.1075,3,DSS-00146,electric,2.74,0.0,False,0,,62.7,0.8,,2022,0.0,0.0,0
distribution_substation,31.175222977285063,-85.29432885352156,31.175222977285063,-85.29432885352156,0.0,2006,50,standard,1.0,68.7,1,25.76,123.43,0.599,0.806,0.47,0.313,0.1946,0,DSS-00147,electric,0.58,0.0,False,0,,14.5,0.644,,2024,0.0,0.0,0
distribution_substation,31.963330958452485,-84.51694558740304,31.963330958452485,-84.51694558740304,0.0,2002,50,standard,1.0,66.4,2,53.52,209.61,0.861,0.529,0.842,0.318,0.3148,4,DSS-00148,electric,3.26,0.0,False,0,,22.1,0.41,,2020,0.0,0.0,0
distribution_substation,32.35738424832835,-81.90324280666624,32.35738424832835,-81.90324280666624,0.0,1965,50,standard,1.0,18.8,3,60.83,260.03,0.651,0.401,1.0,0.882,0.6756,3,DSS-00149,electric,2.16,0.0,False,0,,35.8,0.724,,2019,0.0,0.0,0
distribution_substation,32.26670462546224,-84.71185703258915,32.26670462546224,-84.71185703258915,0.0,2010,50,standard,1.0,79.4,3,62.89,242.12,0.819,0.53,1.0,0.402,0.1809,4,DSS-00150,electric,0.87,0.0,False,0,,59.0,0.386,,2023,0.0,0.0,0
distribution_substation,32.387660108752975,-81.6708996965631,32.387660108752975,-81.6708996965631,0.0,1990,50,standard,1.0,31.8,3,57.84,258.55,0.408,0.329,0.891,0.665,0.8682,5,DSS-00151,electric,4.56,0.0,False,0,,32.7,0.579,,2022,0.0,0.0,0
distribution_substation,32.64067603375819,-84.277699040829,32.64067603375819,-84.277699040829,0.0,2011,50,standard,1.0,85.4,2,83.47,287.35,0.719,0.651,1.0,0.498,0.2771,4,DSS-00152,electric,1.52,0.0,False,0,,73.5,0.836,,2025,0.0,0.0,0
distribution_substation,32.07232591301077,-81.74955724918857,32.07232591301077,-81.74955724918857,0.0,1992,50,standard,1.0,40.4,2,48.37,225.19,0.763,0.748,0.66,0.759,0.2893,3,DSS-00153,electric,3.08,0.0,False,0,,34.9,0.896,,2023,0.0,0.0,0
distribution_substation,30.67391880546237,-84.21934847615371,30.67391880546237,-84.21934847615371,0.0,1963,50,standard,1.0,33.2,3,14.37,69.81,0.334,0.546,0.242,0.33,0.6431,7,DSS-00154,electric,0.6,2.31,False,0,,71.4,0.734,,2025,0.0,0.0,0
distribution_substation,31.38182222637149,-85.59510820258993,31.38182222637149,-85.59510820258993,0.0,2009,50,standard,1.0,78.0,3,38.08,150.88,0.625,0.691,0.602,0.369,0.3371,0,DSS-00155,electric,2.53,0.0,False,0,,48.8,0.526,,2021,0.0,0.0,0
distribution_substation,31.556201549667584,-84.2567711086486,31.556201549667584,-84.2567711086486,0.0,1989,50,standard,1.0,59.5,3,41.96,167.25,0.707,0.803,0.699,0.368,0.0932,7,DSS-00156,electric,0.51,0.0,False,0,,39.5,0.432,,2024,0.0,0.0,0
distribution_substation,32.38541935547568,-83.96913636104867,32.38541935547568,-83.96913636104867,0.0,1958,50,standard,1.0,24.7,3,73.45,263.53,0.96,0.814,1.0,0.571,0.0895,4,DSS-00157,electric,1.32,0.0,False,0,,32.0,0.802,,2025,0.0,0.0,0
distribution_substation,32.73703177643925,-81.5,32.73703177643925,-81.5,0.0,1993,50,standard,1.0,63.0,3,76.15,293.84,0.816,0.517,1.0,0.477,0.115,5,DSS-00158,electric,3.53,0.0,False,0,,72.9,0.78,,2024,0.0,0.0,0
distribution_substation,32.598835199522476,-82.09434068187679,32.598835199522476,-82.09434068187679,0.0,2004,50,standard,1.0,62.4,3,70.53,290.58,0.739,0.647,1.0,0.725,0.3549,5,DSS-00159,electric,1.3,0.0,False,0,,42.1,0.771,,2022,0.0,0.0,0
distribution_substation,32.679353813372686,-81.70943371170038,32.679353813372686,-81.70943371170038,0.0,1983,50,standard,1.0,55.4,3,73.28,291.73,0.733,0.545,1.0,0.624,0.38,5,DSS-00160,electric,0.75,0.0,False,0,,22.9,0.305,,2023,0.0,0.0,0
distribution_substation,32.57358210635792,-81.92136440532613,32.57358210635792,-81.92136440532613,0.0,2000,50,standard,1.0,69.6,3,71.72,284.4,0.494,0.519,1.0,0.712,0.5953,5,DSS-00161,electric,0.73,0.0,False,0,,31.6,0.843,,2026,0.0,0.0,0
distribution_substation,30.650188535059314,-84.36344681197335,30.650188535059314,-84.36344681197335,0.0,1977,50,standard,1.0,31.2,3,14.68,65.37,0.389,0.613,0.409,0.327,0.513,7,DSS-00162,electric,3.38,0.0,False,0,,67.8,0.719,,2024,0.0,0.0,0
distribution_substation,32.066014610020474,-84.69627591016686,32.066014610020474,-84.69627591016686,0.0,1978,50,standard,1.0,40.6,2,56.92,219.9,0.822,0.597,0.843,0.262,0.1565,4,DSS-00163,electric,2.43,2.33,False,0,,57.1,0.602,,2026,0.0,0.0,0
distribution_substation,32.52008766477615,-81.88211199963723,32.52008766477615,-81.88211199963723,0.0,1974,50,standard,1.0,25.4,3,65.17,277.66,0.408,0.54,0.963,0.809,0.6404,5,DSS-00164,electric,0.37,0.0,False,0,,42.0,0.592,,2025,0.0,0.0,0
distribution_substation,32.3210744767433,-81.6556643226393,32.3210744767433,-81.6556643226393,0.0,1991,50,standard,1.0,49.5,3,59.44,250.84,0.36,0.389,0.993,0.818,0.8339,5,DSS-00165,electric,4.2,0.0,False,0,,42.9,0.799,,2025,0.0,0.0,0
distribution_substation,31.661020040043777,-84.57094524571504,31.661020040043777,-84.57094524571504,0.0,2017,50,standard,1.0,79.0,3,39.37,175.64,0.824,0.632,0.589,0.329,0.1278,4,DSS-00166,electric,2.75,0.0,False,0,,29.8,0.762,,2026,0.0,0.0,0
distribution_substation,31.28775326956236,-85.42510993129383,31.28775326956236,-85.42510993129383,0.0,1998,50,standard,1.0,76.8,3,29.16,137.66,0.567,0.722,0.659,0.235,0.3887,0,DSS-00167,electric,0.53,2.39,False,0,,63.9,0.532,,2024,0.0,0.0,0
distribution_substation,30.92649043494257,-84.31581818172141,30.92649043494257,-84.31581818172141,0.0,1965,50,standard,1.0,50.9,3,25.36,96.6,0.166,0.228,0.479,0.47,0.9206,7,DSS-00168,electric,2.48,0.0,False,0,,23.1,0.978,,2024,0.0,0.0,0
distribution_substation,30.748619320843957,-84.17498482997188,30.748619320843957,-84.17498482997188,0.0,2013,50,standard,1.0,88.0,3,19.16,78.72,0.329,0.615,0.369,0.394,0.7911,7,DSS-00169,electric,2.59,2.43,False,0,,49.6,0.53,,2023,0.0,0.0,0
distribution_substation,32.36140112431992,-84.375341410963,32.36140112431992,-84.375341410963,0.0,2001,50,standard,1.0,69.2,3,69.47,255.18,0.618,0.598,0.847,0.391,0.3948,4,DSS-00170,electric,0.95,0.0,False,0,,46.5,0.936,,2023,0.0,0.0,0
distribution_substation,31.623767647059648,-85.07252540027523,31.623767647059648,-85.07252540027523,0.0,1992,50,standard,1.0,64.6,3,40.67,171.22,0.748,0.727,0.743,0.467,0.2013,0,DSS-00171,electric,2.13,0.0,False,0,,57.8,0.496,,2024,0.0,0.0,0
distribution_substation,32.42634387385854,-84.63595210989384,32.42634387385854,-84.63595210989384,0.0,1974,50,standard,1.0,33.9,3,68.89,260.18,0.734,0.441,1.0,0.341,0.4995,4,DSS-00172,electric,4.3,0.0,False,0,,39.2,0.872,,2021,0.0,0.0,0
distribution_substation,32.692913566378564,-84.37839659478765,32.692913566378564,-84.37839659478765,0.0,1987,50,standard,1.0,54.0,2,82.72,291.94,0.597,0.555,1.0,0.364,0.3696,4,DSS-00173,electric,1.8,0.0,False,0,,49.9,0.937,,2024,0.0,0.0,0
distribution_substation,32.37940950973842,-81.71797717294105,32.37940950973842,-81.71797717294105,0.0,1954,50,standard,1.0,11.5,3,58.98,258.61,0.312,0.327,0.993,0.73,0.9632,5,DSS-00174,electric,1.62,0.0,False,0,,40.8,0.659,,2019,0.0,0.0,0
distribution_substation,32.36604426428876,-81.74824621423944,32.36604426428876,-81.74824621423944,0.0,2007,50,standard,1.0,98.0,3,64.82,257.77,0.416,0.167,0.988,0.739,0.9913,5,DSS-00175,electric,1.17,1.98,False,0,,31.3,0.801,,2020,0.0,0.0,0
distribution_substation,32.55347254810996,-81.54967101109922,32.55347254810996,-81.54967101109922,0.0,2025,50,standard,1.0,89.3,3,66.32,274.45,0.788,0.653,1.0,0.587,0.2827,5,DSS-00176,electric,1.22,0.0,False,0,,12.5,0.926,,2022,0.0,0.0,0
distribution_substation,31.651197648367454,-84.58529414163975,31.651197648367454,-84.58529414163975,0.0,1986,50,standard,1.0,38.5,2,44.26,174.45,0.853,0.758,0.695,0.377,0.1215,4,DSS-00177,electric,1.77,0.0,False,0,,49.5,0.522,,2022,0.0,0.0,0
distribution_substation,30.922775574833782,-84.39491768868554,30.922775574833782,-84.39491768868554,0.0,1992,50,standard,1.0,32.5,3,19.89,95.27,0.225,0.358,0.522,0.287,0.7917,7,DSS-00178,electric,4.07,0.0,False,0,,72.7,0.737,,2025,0.0,0.0,0
distribution_substation,32.86636110941684,-81.82393890257225,32.86636110941684,-81.82393890257225,0.0,1992,50,standard,1.0,61.7,3,84.31,314.89,0.647,0.66,1.0,0.522,0.4468,5,DSS-00179,electric,2.18,0.0,False,0,,59.0,0.793,,2025,0.0,0.0,0
distribution_substation,30.897868030572987,-84.60802416721005,30.897868030572987,-84.60802416721005,0.0,1983,50,standard,1.0,45.1,3,20.92,90.68,0.479,0.586,0.537,0.271,0.4548,7,DSS-00180,electric,2.55,0.0,False,0,,49.9,0.78,,2024,0.0,0.0,0
distribution_substation,30.550265935018846,-84.68069858656841,30.550265935018846,-84.68069858656841,0.0,1972,50,standard,1.0,38.8,3,8.89,51.72,0.295,0.605,0.241,0.117,0.0995,9,DSS-00181,electric,2.78,0.0,False,0,,38.6,0.944,,2024,0.0,0.0,0
distribution_substation,32.43632049008511,-84.5429521793353,32.43632049008511,-84.5429521793353,0.0,1982,50,standard,1.0,49.0,3,68.89,261.9,0.287,0.395,0.984,0.372,0.6679,4,DSS-00182,electric,2.94,0.0,False,0,,64.7,0.761,,2022,0.0,0.0,0
distribution_substation,31.617067034365753,-85.19947328708501,31.617067034365753,-85.19947328708501,0.0,1985,50,standard,1.0,37.3,3,40.3,171.47,0.69,0.676,0.647,0.422,0.3109,0,DSS-00183,electric,2.77,0.0,False,0,,64.3,0.962,,2025,0.0,0.0,0
distribution_substation,30.8408205030714,-84.13625650103826,30.8408205030714,-84.13625650103826,0.0,1997,50,standard,1.0,53.9,1,24.46,89.52,0.224,0.5,0.47,0.359,0.7737,7,DSS-00184,electric,1.77,0.0,False,0,,28.1,0.792,,2022,0.0,0.0,0
distribution_substation,32.37786092465967,-81.74063038879645,32.37786092465967,-81.74063038879645,0.0,1967,50,standard,1.0,10.0,3,59.04,258.92,0.318,0.376,0.987,0.669,0.9825,5,DSS-00185,electric,3.68,0.0,False,0,,50.1,0.794,,2024,0.0,0.0,0
distribution_substation,32.17735832594825,-84.4929688839934,32.17735832594825,-84.4929688839934,0.0,1979,50,standard,1.0,45.5,3,60.41,233.57,0.717,0.539,0.841,0.4,0.2374,4,DSS-00186,electric,2.53,0.0,False,0,,72.6,0.94,,2020,0.0,0.0,0
distribution_substation,31.213553124552828,-85.45129967813094,31.213553124552828,-85.45129967813094,0.0,1979,50,standard,1.0,22.7,3,29.49,129.82,0.528,0.572,0.569,0.128,0.3592,0,DSS-00187,electric,2.09,0.0,False,0,,58.5,0.911,,2019,0.0,0.0,0
distribution_substation,32.60854321665688,-81.57713193241777,32.60854321665688,-81.57713193241777,0.0,2017,50,standard,1.0,93.3,3,71.26,281.13,0.772,0.622,0.967,0.576,0.2519,5,DSS-00188,electric,1.82,0.0,False,0,,11.7,0.746,,2025,0.0,0.0,0
distribution_substation,30.744902340074027,-84.2239044060477,30.744902340074027,-84.2239044060477,0.0,1979,50,standard,1.0,44.8,2,16.36,77.63,0.2,0.245,0.385,0.329,0.8851,7,DSS-00189,electric,3.48,0.0,False,0,,35.7,0.665,,2021,0.0,0.0,0
distribution_substation,32.72908930234409,-81.84482109910657,32.72908930234409,-81.84482109910657,0.0,1960,50,standard,1.0,23.0,1,77.38,300.08,0.422,0.55,1.0,0.718,0.6285,5,DSS-00190,electric,1.85,0.0,False,0,,49.4,0.846,,2024,0.0,0.0,0
distribution_substation,32.660008522872076,-84.39154789402443,32.660008522872076,-84.39154789402443,0.0,2009,50,standard,1.0,73.9,3,80.39,288.14,0.664,0.607,0.979,0.508,0.4537,4,DSS-00191,electric,4.49,0.0,False,0,,69.4,0.588,,2026,0.0,0.0,0
distribution_substation,30.834060244748425,-84.4170839567618,30.834060244748425,-84.4170839567618,0.0,1979,50,standard,1.0,53.0,3,18.04,85.19,0.305,0.377,0.356,0.302,0.7901,7,DSS-00192,electric,1.3,0.0,False,0,,42.8,0.443,,2019,0.0,0.0,0
distribution_substation,33.0,-81.86073007302471,33.0,-81.86073007302471,0.0,1982,50,standard,1.0,33.4,2,89.5,330.48,0.676,0.653,1.0,0.492,0.2461,5,DSS-00193,electric,1.75,0.0,False,0,,65.2,0.604,,2024,0.0,0.0,0
distribution_substation,32.14148827883696,-84.78844372547455,32.14148827883696,-84.78844372547455,0.0,1991,50,standard,1.0,57.7,3,63.17,228.03,0.808,0.697,0.908,0.289,0.1107,4,DSS-00194,electric,4.24,0.0,False,0,,24.7,0.895,,2023,0.0,0.0,0
distribution_substation,30.73642549060518,-84.88318798312277,30.73642549060518,-84.88318798312277,0.0,1983,50,standard,1.0,44.3,3,13.19,72.04,0.512,0.56,0.554,0.109,0.1175,9,DSS-00195,electric,1.64,2.13,False,0,,72.6,0.656,,2025,0.0,0.0,0
distribution_substation,32.749294191799144,-81.7828096467285,32.749294191799144,-81.7828096467285,0.0,1996,50,standard,1.0,69.1,3,76.39,301.03,0.715,0.561,1.0,0.598,0.4939,5,DSS-00196,electric,1.16,0.0,False,0,,63.0,0.39,,2025,0.0,0.0,0
distribution_substation,30.675258533769306,-83.89170406538926,30.675258533769306,-83.89170406538926,0.0,1985,50,standard,1.0,43.0,3,19.5,74.94,0.34,0.752,0.394,0.459,0.123,7,DSS-00197,electric,1.54,2.27,False,0,,35.1,0.697,,2021,0.0,0.0,0
distribution_substation,30.996854861109995,-84.05823158358079,30.996854861109995,-84.05823158358079,0.0,1971,50,standard,1.0,28.2,2,31.2,108.01,0.449,0.552,0.387,0.38,0.3318,7,DSS-00198,electric,1.18,0.0,False,0,,10.4,0.789,,2024,0.0,0.0,0
distribution_substation,32.451654875117065,-81.91724861885578,32.451654875117065,-81.91724861885578,0.0,1979,50,standard,1.0,30.4,3,64.55,270.78,0.512,0.475,0.972,0.806,0.6074,5,DSS-00199,electric,2.68,0.0,False,0,,10.1,0.628,,2026,0.0,0.0,0
distribution_substation,32.26157459235554,-81.78411134958256,32.26157459235554,-81.78411134958256,0.0,1982,50,standard,1.0,37.5,3,53.64,246.92,0.498,0.328,0.932,0.882,0.8435,3,DSS-00200,electric,1.09,0.0,False,0,,25.4,0.544,,2023,0.0,0.0,0
distribution_substation,32.33276638718648,-81.71556578409012,32.33276638718648,-81.71556578409012,0.0,1979,50,standard,1.0,57.9,3,57.64,253.39,0.375,0.4,0.924,0.678,0.9648,5,DSS-00201,electric,1.04,0.0,False,0,,10.5,0.819,,2023,0.0,0.0,0
distribution_substation,32.84937351514897,-82.09238251798355,32.84937351514897,-82.09238251798355,0.0,1996,50,standard,1.0,66.5,3,88.01,318.36,0.64,0.534,1.0,0.723,0.4072,5,DSS-00202,electric,0.53,0.0,False,0,,48.5,0.792,,2023,0.0,0.0,0
distribution_substation,32.11229105316265,-84.48246797195601,32.11229105316265,-84.48246797195601,0.0,1959,50,standard,1.0,2.0,3,64.39,226.44,0.701,0.663,0.712,0.389,0.251,4,DSS-00203,electric,2.61,0.0,False,0,,64.9,0.593,,2025,0.0,0.0,0
distribution_substation,31.071344155811015,-84.72142986278888,31.071344155811015,-84.72142986278888,0.0,2008,50,standard,1.0,71.9,3,25.83,109.4,0.535,0.438,0.512,0.282,0.4645,7,DSS-00204,electric,2.39,0.0,False,0,,20.9,0.764,,2022,0.0,0.0,0
distribution_substation,30.94373772030952,-84.13177516353889,30.94373772030952,-84.13177516353889,0.0,1996,50,standard,1.0,70.1,3,25.73,101.01,0.257,0.482,0.464,0.427,0.6232,7,DSS-00205,electric,0.9,0.0,False,0,,42.2,0.696,,2022,0.0,0.0,0
distribution_substation,32.77960003090878,-81.7311796073597,32.77960003090878,-81.7311796073597,0.0,1971,50,standard,1.0,23.5,3,78.68,303.31,0.683,0.625,0.947,0.581,0.3613,5,DSS-00206,electric,1.14,0.0,False,0,,48.3,0.717,,2025,0.0,0.0,0
distribution_substation,32.47633504400078,-84.51862916984985,32.47633504400078,-84.51862916984985,0.0,1993,50,standard,1.0,50.3,1,72.12,266.54,0.512,0.592,1.0,0.379,0.7447,4,DSS-00207,electric,2.81,0.0,False,0,,74.1,0.459,,2024,0.0,0.0,0
distribution_substation,30.680461396066757,-84.28809749939379,30.680461396066757,-84.28809749939379,0.0,1997,50,standard,1.0,67.6,3,19.82,69.63,0.313,0.49,0.459,0.245,0.6955,7,DSS-00208,electric,2.58,0.0,False,0,,57.2,0.613,,2019,0.0,0.0,0
distribution_substation,31.350525812612187,-85.61136263827588,31.350525812612187,-85.61136263827588,0.0,1991,50,standard,1.0,23.1,3,34.54,147.69,0.644,0.626,0.552,0.279,0.3381,0,DSS-00209,electric,0.97,0.0,False,0,,65.7,0.724,,2025,0.0,0.0,0
distribution_substation,33.0,-82.07657274279194,33.0,-82.07657274279194,0.0,1987,50,standard,1.0,67.8,2,93.71,334.78,0.657,0.655,1.0,0.653,0.2132,5,DSS-00210,electric,3.47,0.0,False,0,,60.8,0.587,,2024,0.0,0.0,0
distribution_substation,31.69762625431619,-84.81502125937723,31.69762625431619,-84.81502125937723,0.0,1970,50,standard,1.0,34.1,3,46.43,178.73,0.924,0.724,0.613,0.397,0.0987,4,DSS-00211,electric,0.78,0.0,False,0,,66.7,0.685,,2024,0.0,0.0,0
distribution_substation,32.42021006978935,-81.8502895591392,32.42021006978935,-81.8502895591392,0.0,1981,50,standard,1.0,58.8,3,65.3,265.91,0.426,0.434,1.0,0.786,0.8082,5,DSS-00212,electric,3.87,0.0,False,0,,63.3,0.726,,2026,0.0,0.0,0
distribution_substation,32.457307163230524,-81.58726806567715,32.457307163230524,-81.58726806567715,0.0,2008,50,standard,1.0,79.2,3,62.15,264.55,0.519,0.596,0.961,0.769,0.5227,5,DSS-00213,electric,3.41,0.0,False,0,,59.6,0.713,,2023,0.0,0.0,0
distribution_substation,31.821066007041512,-84.57558551591349,31.821066007041512,-84.57558551591349,0.0,1962,50,standard,1.0,30.9,3,47.7,193.37,0.82,0.536,0.74,0.374,0.2277,4,DSS-00214,electric,6.45,0.0,False,0,,31.7,0.842,,2021,0.0,0.0,0
distribution_substation,30.72971504547219,-84.20537322369219,30.72971504547219,-84.20537322369219,0.0,1978,50,standard,1.0,32.3,3,18.19,76.2,0.252,0.569,0.491,0.351,0.8089,7,DSS-00215,electric,0.62,0.0,False,0,,12.6,0.788,,2024,0.0,0.0,0
distribution_substation,30.68397099198359,-84.06628702592181,30.68397099198359,-84.06628702592181,0.0,1941,50,standard,1.0,21.4,3,16.09,73.16,0.381,0.527,0.299,0.359,0.3615,7,DSS-00216,electric,4.24,0.0,False,0,,11.9,0.665,,2022,0.0,0.0,0
distribution_substation,32.56541618915366,-81.9779936489234,32.56541618915366,-81.9779936489234,0.0,1969,50,standard,1.0,47.8,3,70.62,284.63,0.753,0.577,1.0,0.842,0.5137,5,DSS-00217,electric,2.41,0.0,False,0,,73.6,0.45,,2023,0.0,0.0,0
distribution_substation,31.58971750762881,-84.99816389692535,31.58971750762881,-84.99816389692535,0.0,2023,50,standard,1.0,100.0,3,36.97,167.05,0.66,0.393,0.731,0.49,0.1461,0,DSS-00218,electric,1.9,0.0,False,0,,34.6,0.725,,2025,0.0,0.0,0
distribution_substation,32.54228177541396,-84.39357617950544,32.54228177541396,-84.39357617950544,0.0,1971,50,standard,1.0,39.7,1,74.93,275.05,0.544,0.434,0.959,0.539,0.6215,4,DSS-00219,electric,1.92,0.0,False,0,,67.7,0.749,,2025,0.0,0.0,0
distribution_substation,30.80924031151106,-84.45805311264058,30.80924031151106,-84.45805311264058,0.0,2010,50,standard,1.0,92.4,3,20.07,82.03,0.285,0.61,0.444,0.27,0.6421,7,DSS-00220,electric,2.57,0.0,False,0,,41.4,0.838,,2023,0.0,0.0,0
distribution_substation,32.46683989207201,-81.78533396904281,32.46683989207201,-81.78533396904281,0.0,1972,50,standard,1.0,10.4,3,61.01,269.73,0.34,0.406,0.902,0.735,0.8262,5,DSS-00221,electric,2.95,0.0,False,0,,39.5,0.754,,2022,0.0,0.0,0
distribution_substation,32.19839237232078,-81.68695243611738,32.19839237232078,-81.68695243611738,0.0,1975,50,standard,1.0,26.8,3,52.44,237.87,0.435,0.656,0.899,0.803,0.6222,3,DSS-00222,electric,2.2,0.0,False,0,,28.1,0.721,,2025,0.0,0.0,0
distribution_substation,30.70810337187548,-84.27697155430465,30.70810337187548,-84.27697155430465,0.0,2021,50,standard,1.0,82.6,3,18.44,72.84,0.201,0.464,0.365,0.252,0.7998,7,DSS-00223,electric,2.04,0.0,False,0,,69.1,0.552,,2022,0.0,0.0,0
distribution_substation,32.243166019175725,-84.57026980434945,32.243166019175725,-84.57026980434945,0.0,2018,50,standard,1.0,89.7,2,64.53,240.26,0.74,0.655,1.0,0.399,0.2607,4,DSS-00224,electric,1.08,0.0,False,0,,45.3,0.53,,2023,0.0,0.0,0
distribution_substation,32.5424665603637,-81.5,32.5424665603637,-81.5,0.0,1974,50,standard,1.0,34.7,2,65.48,272.24,0.785,0.683,1.0,0.506,0.2211,5,DSS-00225,electric,0.73,0.0,False,0,,19.3,0.648,,2024,0.0,0.0,0
distribution_substation,32.37627867688849,-82.051978840798,32.37627867688849,-82.051978840798,0.0,1972,50,standard,1.0,35.5,3,65.62,265.08,0.803,0.512,1.0,0.886,0.2642,3,DSS-00226,electric,2.12,0.0,False,0,,27.2,0.679,,2026,0.0,0.0,0
distribution_substation,32.69494910683146,-84.61538988307794,32.69494910683146,-84.61538988307794,0.0,2025,50,standard,1.0,80.3,3,81.21,290.12,0.716,0.492,0.978,0.355,0.3864,4,DSS-00227,electric,0.76,0.0,False,0,,33.8,0.79,,2016,0.0,0.0,0
distribution_substation,31.164523537953894,-84.36175033468075,31.164523537953894,-84.36175033468075,0.0,1982,50,standard,1.0,40.3,3,31.04,122.48,0.439,0.597,0.553,0.388,0.2367,7,DSS-00228,electric,2.12,0.0,False,0,,45.2,0.552,,2021,0.0,0.0,0
distribution_substation,32.84338110263065,-81.59092255222563,32.84338110263065,-81.59092255222563,0.0,1940,50,standard,1.0,2.0,3,78.16,307.47,0.849,0.68,1.0,0.513,0.1386,5,DSS-00229,electric,5.03,0.0,False,0,,17.6,0.602,,2021,0.0,0.0,0
distribution_substation,30.865584761823076,-84.62412622347233,30.865584761823076,-84.62412622347233,0.0,1992,50,standard,1.0,79.9,3,18.66,87.0,0.31,0.729,0.403,0.239,0.401,7,DSS-00230,electric,1.21,0.0,False,0,,47.8,0.635,,2023,0.0,0.0,0
distribution_substation,32.70066811262,-81.89990747504199,32.70066811262,-81.89990747504199,0.0,1961,50,standard,1.0,12.2,3,77.57,298.07,0.574,0.471,1.0,0.764,0.6917,5,DSS-00231,electric,2.35,0.0,False,0,,42.4,0.834,,2025,0.0,0.0,0
distribution_substation,31.25637027399109,-84.29331131022276,31.25637027399109,-84.29331131022276,0.0,2006,50,standard,1.0,68.7,3,33.64,133.49,0.773,0.57,0.506,0.409,0.1286,7,DSS-00232,electric,2.43,0.0,False,0,,62.0,0.749,,2023,0.0,0.0,0
distribution_substation,31.701393361350878,-84.6476359545535,31.701393361350878,-84.6476359545535,0.0,1974,50,standard,1.0,40.1,1,42.64,179.65,0.834,0.622,0.668,0.385,0.1272,4,DSS-00233,electric,1.18,0.0,False,0,,43.5,0.869,,2021,0.0,0.0,0
distribution_substation,32.71917930384973,-81.69964380346559,32.71917930384973,-81.69964380346559,0.0,2002,50,standard,1.0,59.1,3,76.95,295.95,0.669,0.686,1.0,0.623,0.3343,5,DSS-00234,electric,4.82,0.0,False,0,,9.5,0.586,,2025,0.0,0.0,0
distribution_substation,31.189514728690227,-85.37676104630839,31.189514728690227,-85.37676104630839,0.0,1991,50,standard,1.0,59.7,2,30.55,126.07,0.553,0.835,0.512,0.161,0.2799,0,DSS-00235,electric,1.52,0.0,False,0,,43.3,0.599,,2024,0.0,0.0,0
distribution_substation,31.907969277732125,-81.61801604334588,31.907969277732125,-81.61801604334588,0.0,1995,50,standard,1.0,47.2,3,39.18,204.2,0.908,0.755,0.817,0.756,0.1021,3,DSS-00236,electric,1.82,0.0,False,0,,15.5,0.343,,2025,0.0,0.0,0
distribution_substation,31.06470245272293,-84.35446375759088,31.06470245272293,-84.35446375759088,0.0,1986,50,standard,1.0,65.5,3,20.66,111.48,0.334,0.704,0.5,0.439,0.4561,7,DSS-00237,electric,7.52,0.0,False,0,,27.7,0.788,,2024,0.0,0.0,0
distribution_substation,32.29713622178025,-81.73723455345485,32.29713622178025,-81.73723455345485,0.0,1979,50,standard,1.0,56.0,2,58.92,249.89,0.28,0.517,0.851,0.782,0.9387,5,DSS-00238,electric,4.44,0.0,False,0,,18.8,0.692,,2025,0.0,0.0,0
distribution_substation,31.827542860350157,-84.52112629222856,31.827542860350157,-84.52112629222856,0.0,2017,50,standard,1.0,95.4,3,47.21,194.5,0.838,0.61,0.711,0.312,0.2601,4,DSS-00239,electric,4.56,0.0,False,0,,24.9,0.722,,2024,0.0,0.0,0
distribution_substation,31.351252991494807,-85.12312279916655,31.351252991494807,-85.12312279916655,0.0,1958,50,standard,1.0,7.2,3,32.21,141.31,0.719,0.701,0.647,0.433,0.1446,0,DSS-00240,electric,2.14,0.0,False,0,,8.0,0.869,,2024,0.0,0.0,0
distribution_substation,31.57617632076273,-85.29842614477653,31.57617632076273,-85.29842614477653,0.0,2007,50,standard,1.0,96.4,3,40.38,167.99,0.611,0.492,0.692,0.463,0.3447,0,DSS-00241,electric,0.43,0.0,False,0,,30.5,0.931,,2024,0.0,0.0,0
distribution_substation,32.32169106940335,-84.5291397836593,32.32169106940335,-84.5291397836593,0.0,1969,50,standard,1.0,17.2,3,65.16,249.29,0.606,0.453,0.955,0.35,0.4127,4,DSS-00242,electric,2.26,0.0,False,0,,11.8,0.753,,2020,0.0,0.0,0
distribution_substation,30.66646514469057,-84.19048568055202,30.66646514469057,-84.19048568055202,0.0,1971,50,standard,1.0,15.6,2,18.57,69.39,0.292,0.494,0.457,0.325,0.5785,7,DSS-00243,electric,1.27,0.0,False,0,,13.5,0.708,,2019,0.0,0.0,0
distribution_substation,32.29414053006901,-81.5,32.29414053006901,-81.5,0.0,2014,50,standard,1.0,100.0,3,55.61,244.67,0.893,0.735,0.819,0.608,0.3395,5,DSS-00244,electric,2.34,0.0,False,0,,38.6,0.527,,2023,0.0,0.0,0
distribution_substation,32.126529570643854,-84.40686457432811,32.126529570643854,-84.40686457432811,0.0,1986,50,standard,1.0,52.7,3,63.18,228.76,0.709,0.703,0.913,0.45,0.2323,4,DSS-00245,electric,3.36,0.0,False,0,,30.4,0.515,,2025,0.0,0.0,0
distribution_substation,31.000818797526396,-84.10390401639386,31.000818797526396,-84.10390401639386,0.0,1964,50,standard,1.0,27.1,3,26.71,107.76,0.459,0.459,0.577,0.388,0.4223,7,DSS-00246,electric,4.44,0.0,False,0,,27.9,0.562,,2025,0.0,0.0,0
distribution_substation,32.62899951322901,-81.56170129294719,32.62899951322901,-81.56170129294719,0.0,1972,50,standard,1.0,36.9,3,70.7,283.08,0.81,0.697,1.0,0.554,0.2114,5,DSS-00247,electric,2.05,0.0,False,0,,32.8,0.67,,2023,0.0,0.0,0
distribution_substation,30.876246546596857,-84.44188446981701,30.876246546596857,-84.44188446981701,0.0,1995,50,standard,1.0,55.1,3,17.71,89.62,0.195,0.403,0.399,0.319,0.7199,7,DSS-00248,electric,1.58,0.0,False,0,,34.0,0.726,,2025,0.0,0.0,0
distribution_substation,32.952582914025115,-82.06869541580089,32.952582914025115,-82.06869541580089,0.0,1989,50,standard,1.0,39.3,2,92.94,329.37,0.774,0.562,1.0,0.566,0.2861,5,DSS-00249,electric,0.42,0.0,False,0,,71.3,0.755,,2023,0.0,0.0,0
distribution_substation,32.837299135051744,-81.83092418765534,32.837299135051744,-81.83092418765534,0.0,1985,50,standard,1.0,40.2,2,81.96,311.81,0.642,0.615,1.0,0.611,0.5054,5,DSS-00250,electric,0.6,0.0,False,0,,16.6,0.5,,2023,0.0,0.0,0
distribution_substation,30.913231363933033,-84.25261663828002,30.913231363933033,-84.25261663828002,0.0,1975,50,standard,1.0,43.2,2,24.45,95.93,0.249,0.478,0.524,0.344,0.9645,7,DSS-00251,electric,3.48,0.0,False,0,,68.8,0.736,,2026,0.0,0.0,0
distribution_substation,32.2991287561263,-84.32119088029167,32.2991287561263,-84.32119088029167,0.0,1985,50,standard,1.0,44.7,1,64.64,248.9,0.813,0.624,0.861,0.404,0.237,4,DSS-00252,electric,1.58,0.0,False,0,,31.9,0.754,,2023,0.0,0.0,0
distribution_substation,31.403829687169456,-85.31634849353502,31.403829687169456,-85.31634849353502,0.0,1986,50,standard,1.0,75.9,3,35.69,149.08,0.532,0.565,0.626,0.302,0.303,0,DSS-00253,electric,3.73,0.0,False,0,,38.4,0.757,,2025,0.0,0.0,0
distribution_substation,32.092481698806374,-84.35816755126889,32.092481698806374,-84.35816755126889,0.0,1993,50,standard,1.0,59.8,3,59.72,225.52,0.9,0.622,0.9,0.413,0.2253,4,DSS-00254,electric,1.19,0.0,False,0,,68.9,0.561,,2023,0.0,0.0,0
distribution_substation,32.40135410790929,-81.91965990981738,32.40135410790929,-81.91965990981738,0.0,1996,50,standard,1.0,63.4,3,59.56,265.25,0.623,0.516,0.96,0.882,0.6203,5,DSS-00255,electric,3.15,0.73,False,0,,36.9,0.833,,2023,0.0,0.0,0
distribution_substation,32.5713293776974,-81.69021663428889,32.5713293776974,-81.69021663428889,0.0,1996,50,standard,1.0,66.4,3,69.04,279.34,0.707,0.507,0.948,0.649,0.4973,5,DSS-00256,electric,3.17,0.0,False,0,,55.9,0.632,,2023,0.0,0.0,0
distribution_substation,30.629244960248776,-84.41234722516442,30.629244960248776,-84.41234722516442,0.0,2014,50,standard,1.0,78.5,3,13.34,62.51,0.317,0.712,0.291,0.198,0.3797,7,DSS-00257,electric,0.79,1.34,False,0,,13.9,0.596,,2021,0.0,0.0,0
distribution_substation,32.85495083847569,-84.74581053159787,32.85495083847569,-84.74581053159787,0.0,1966,50,standard,1.0,29.4,3,86.72,307.31,0.85,0.633,1.0,0.314,0.1126,4,DSS-00258,electric,1.83,0.0,False,0,,40.6,0.876,,2025,0.0,0.0,0
distribution_substation,32.89916879216452,-81.70138711382725,32.89916879216452,-81.70138711382725,0.0,2001,50,standard,1.0,72.6,3,83.18,315.96,0.881,0.49,1.0,0.572,0.2175,5,DSS-00259,electric,2.91,1.37,False,0,,23.7,0.934,,2025,0.0,0.0,0
distribution_substation,32.448414795657314,-81.96343431899743,32.448414795657314,-81.96343431899743,0.0,1979,50,standard,1.0,37.6,3,66.66,271.35,0.57,0.695,0.892,0.836,0.4858,5,DSS-00260,electric,2.56,0.0,False,0,,42.3,0.732,,2021,0.0,0.0,0
distribution_substation,31.51505001814159,-85.55883223837391,31.51505001814159,-85.55883223837391,0.0,1977,50,standard,1.0,46.6,3,40.12,165.03,0.643,0.502,0.61,0.409,0.2501,0,DSS-00261,electric,0.53,0.0,False,0,,49.9,0.586,,2022,0.0,0.0,0
distribution_substation,32.550718610484594,-84.80425249350195,32.550718610484594,-84.80425249350195,0.0,1948,50,standard,1.0,2.0,2,76.02,273.43,0.663,0.596,1.0,0.339,0.2043,4,DSS-00262,electric,1.47,0.0,False,0,,20.7,0.253,,2020,0.0,0.0,0
distribution_substation,30.5375490248638,-84.11148908402362,30.5375490248638,-84.11148908402362,0.0,1991,50,standard,1.0,62.1,2,15.4,56.22,0.322,0.615,0.309,0.289,0.1917,7,DSS-00263,electric,5.06,0.0,False,0,,72.2,0.762,,2024,0.0,0.0,0
distribution_substation,31.877191842415534,-84.81991070399782,31.877191842415534,-84.81991070399782,0.0,1979,50,standard,1.0,44.5,3,47.92,198.65,0.933,0.67,0.773,0.376,0.1078,4,DSS-00264,electric,5.26,0.0,False,0,,26.3,0.592,,2023,0.0,0.0,0
distribution_substation,32.6816608624282,-84.49958325871489,32.6816608624282,-84.49958325871489,0.0,1964,50,standard,1.0,16.6,3,86.42,289.49,0.568,0.519,1.0,0.375,0.5014,4,DSS-00265,electric,1.34,0.0,False,0,,27.3,0.25,,2024,0.0,0.0,0
distribution_substation,31.969858560530728,-84.05133282358052,31.969858560530728,-84.05133282358052,0.0,2011,50,standard,1.0,64.7,2,61.33,216.12,0.783,0.837,0.787,0.486,0.0961,4,DSS-00266,electric,2.13,0.0,False,0,,73.9,0.761,,2025,0.0,0.0,0
distribution_substation,31.29349607578664,-84.82495285096142,31.29349607578664,-84.82495285096142,0.0,2000,50,standard,1.0,83.8,2,31.33,133.86,0.661,0.755,0.513,0.348,0.1536,0,DSS-00267,electric,1.98,0.0,False,0,,9.6,0.78,,2023,0.0,0.0,0
distribution_substation,30.901090599384673,-84.23510238940263,30.901090599384673,-84.23510238940263,0.0,1987,50,standard,1.0,44.5,3,21.76,94.82,0.149,0.363,0.404,0.389,0.9743,7,DSS-00268,electric,2.09,0.0,False,0,,13.7,0.769,,2023,0.0,0.0,0
distribution_substation,31.019926924295305,-84.55088332584872,31.019926924295305,-84.55088332584872,0.0,1995,50,standard,1.0,58.1,3,28.21,104.62,0.323,0.6,0.536,0.293,0.5104,7,DSS-00269,electric,3.75,0.0,False,0,,23.0,0.57,,2021,0.0,0.0,0
distribution_substation,32.10288978996793,-81.82856985641808,32.10288978996793,-81.82856985641808,0.0,1996,50,standard,1.0,51.7,3,51.86,230.24,0.85,0.648,0.898,0.88,0.3309,3,DSS-00270,electric,2.17,0.0,False,0,,39.0,0.846,,2020,0.0,0.0,0
distribution_substation,32.10955666868272,-81.57379196227929,32.10955666868272,-81.57379196227929,0.0,2012,50,standard,1.0,77.6,2,47.47,225.67,0.758,0.79,0.909,0.788,0.2489,3,DSS-00271,electric,3.56,0.0,False,0,,74.0,0.677,,2023,0.0,0.0,0
distribution_substation,30.49930060992031,-83.9668267839406,30.49930060992031,-83.9668267839406,0.0,1989,50,standard,1.0,73.9,3,12.45,54.21,0.346,0.704,0.304,0.323,0.1051,7,DSS-00272,electric,3.15,2.31,False,0,,13.8,0.799,,2025,0.0,0.0,0
distribution_substation,30.985229241210256,-84.27377011380696,30.985229241210256,-84.27377011380696,0.0,1980,50,standard,1.0,54.6,3,28.56,103.65,0.17,0.474,0.408,0.302,0.7415,7,DSS-00273,electric,1.25,0.0,False,0,,11.7,0.498,,2023,0.0,0.0,0
distribution_substation,32.625312381285816,-81.82241059576806,32.625312381285816,-81.82241059576806,0.0,1974,50,standard,1.0,47.5,3,71.55,288.1,0.589,0.545,0.996,0.737,0.6022,5,DSS-00274,electric,6.46,0.0,False,0,,45.6,0.776,,2022,0.0,0.0,0
distribution_substation,31.470721625553434,-85.25960499176972,31.470721625553434,-85.25960499176972,0.0,1993,50,standard,1.0,63.2,3,37.43,155.84,0.563,0.556,0.701,0.379,0.29,0,DSS-00275,electric,0.85,1.39,False,0,,22.6,0.527,,2025,0.0,0.0,0
distribution_substation,32.506591116638795,-84.79695410992846,32.506591116638795,-84.79695410992846,0.0,1989,50,standard,1.0,43.2,3,72.24,268.54,0.727,0.805,0.991,0.327,0.2163,4,DSS-00276,electric,4.85,1.13,False,0,,36.3,0.61,,2024,0.0,0.0,0
distribution_substation,30.910288687567515,-84.56283882070205,30.910288687567515,-84.56283882070205,0.0,1956,50,standard,1.0,10.9,2,21.68,92.36,0.449,0.645,0.342,0.308,0.5021,7,DSS-00277,electric,3.56,0.0,False,0,,13.0,0.529,,2022,0.0,0.0,0
distribution_substation,30.512779893052034,-84.50657634935628,30.512779893052034,-84.50657634935628,0.0,1981,50,standard,1.0,38.4,2,11.79,48.68,0.299,0.674,0.27,0.042,0.1319,9,DSS-00278,electric,1.56,2.25,False,0,,37.8,0.526,,2022,0.0,0.0,0
distribution_substation,32.58564365046452,-81.78536141553629,32.58564365046452,-81.78536141553629,0.0,1993,50,standard,1.0,62.1,3,72.68,282.92,0.565,0.495,0.964,0.654,0.5965,5,DSS-00279,electric,3.9,0.0,False,0,,55.0,0.738,,2025,0.0,0.0,0
distribution_substation,30.767689475960278,-84.12818482990718,30.767689475960278,-84.12818482990718,0.0,2007,50,standard,1.0,68.3,1,17.97,81.52,0.435,0.551,0.406,0.34,0.6865,7,DSS-00280,electric,4.3,1.29,False,0,,57.4,0.618,,2025,0.0,0.0,0
distribution_substation,32.27144421224359,-81.5,32.27144421224359,-81.5,0.0,1969,50,standard,1.0,44.4,2,53.95,242.16,0.703,0.552,0.917,0.604,0.3252,5,DSS-00281,electric,2.73,0.0,False,0,,68.7,0.572,,2012,0.0,0.0,0
distribution_substation,30.66535766174353,-84.14070459626545,30.66535766174353,-84.14070459626545,0.0,1993,50,standard,1.0,81.1,2,16.35,69.98,0.294,0.635,0.331,0.413,0.4842,7,DSS-00282,electric,2.37,0.0,False,0,,70.3,0.779,,2025,0.0,0.0,0
distribution_substation,30.66129436114001,-84.5223907334972,30.66129436114001,-84.5223907334972,0.0,1983,50,standard,1.0,46.3,1,14.29,65.04,0.338,0.572,0.362,0.211,0.2632,7,DSS-00283,electric,1.54,0.0,False,0,,40.6,0.702,,2025,0.0,0.0,0
distribution_substation,31.122397542183577,-84.76472536585362,31.122397542183577,-84.76472536585362,0.0,1990,50,standard,1.0,71.3,2,28.87,114.95,0.501,0.395,0.481,0.391,0.3748,7,DSS-00284,electric,2.53,0.0,False,0,,58.7,0.859,,2023,0.0,0.0,0
distribution_substation,32.40750280512416,-81.83434852060002,32.40750280512416,-81.83434852060002,0.0,1972,50,standard,1.0,11.9,2,60.16,264.17,0.307,0.421,0.967,0.859,0.8586,5,DSS-00285,electric,0.55,0.0,False,0,,26.8,0.521,,2020,0.0,0.0,0
distribution_substation,31.03446462691064,-84.09544653355493,31.03446462691064,-84.09544653355493,0.0,1984,50,standard,1.0,47.7,3,29.61,111.62,0.384,0.558,0.508,0.508,0.3369,7,DSS-00286,electric,6.72,0.0,False,0,,8.1,0.887,,2025,0.0,0.0,0
distribution_substation,32.21781873858715,-84.43445686719133,32.21781873858715,-84.43445686719133,0.0,1977,50,standard,1.0,22.1,3,65.76,238.61,0.697,0.663,0.908,0.373,0.2456,4,DSS-00287,electric,1.77,0.0,False,0,,47.5,0.25,,2022,0.0,0.0,0
distribution_substation,32.40768281349441,-84.99036538056465,32.40768281349441,-84.99036538056465,0.0,1952,50,standard,1.0,18.0,3,67.96,257.81,0.949,0.568,0.947,0.309,0.093,4,DSS-00288,electric,2.28,0.0,False,0,,74.8,0.641,,2024,0.0,0.0,0
distribution_substation,32.26066078351175,-84.39585208902653,32.26066078351175,-84.39585208902653,0.0,1965,50,standard,1.0,22.7,3,64.7,243.77,0.686,0.653,0.786,0.457,0.2632,4,DSS-00289,electric,7.19,0.0,False,0,,31.3,0.409,,2025,0.0,0.0,0
distribution_substation,31.248750787919317,-84.65068554781736,31.248750787919317,-84.65068554781736,0.0,1971,50,standard,1.0,30.4,3,27.88,129.39,0.591,0.888,0.505,0.39,0.2508,7,DSS-00290,electric,0.61,0.0,False,0,,35.1,0.701,,2026,0.0,0.0,0
distribution_substation,31.848885440225754,-81.60151191094864,31.848885440225754,-81.60151191094864,0.0,1982,50,standard,1.0,19.1,3,40.33,197.3,0.776,0.783,0.766,0.785,0.0921,3,DSS-00291,electric,0.78,0.0,False,0,,20.5,0.728,,2025,0.0,0.0,0
distribution_substation,31.01357790947412,-84.79913034843707,31.01357790947412,-84.79913034843707,0.0,1989,50,standard,1.0,39.3,3,22.66,102.81,0.531,0.592,0.396,0.284,0.3748,7,DSS-00292,electric,1.47,0.0,False,0,,67.9,0.965,,2024,0.0,0.0,0
distribution_substation,32.47249804337723,-81.5,32.47249804337723,-81.5,0.0,2025,50,standard,1.0,88.4,3,63.75,264.47,0.794,0.612,0.964,0.588,0.2878,5,DSS-00293,electric,1.4,0.0,False,0,,71.1,0.735,,2022,0.0,0.0,0
distribution_substation,32.31603293268394,-84.53401669532069,32.31603293268394,-84.53401669532069,0.0,1977,50,standard,1.0,54.4,3,65.38,248.62,0.73,0.531,0.913,0.304,0.3986,4,DSS-00294,electric,2.46,0.0,False,0,,52.5,0.821,,2023,0.0,0.0,0
distribution_substation,32.89622010681312,-84.65552972024733,32.89622010681312,-84.65552972024733,0.0,1997,50,standard,1.0,44.3,3,88.03,312.24,0.862,0.621,1.0,0.297,0.1158,4,DSS-00295,electric,0.96,0.0,False,0,,56.8,0.585,,2019,0.0,0.0,0
distribution_substation,32.52563832851839,-81.85973354572887,32.52563832851839,-81.85973354572887,0.0,1997,50,standard,1.0,54.4,3,63.89,277.81,0.612,0.564,1.0,0.729,0.6634,5,DSS-00296,electric,1.13,0.0,False,0,,74.8,0.466,,2024,0.0,0.0,0
distribution_substation,32.09975111038242,-84.74220962270296,32.09975111038242,-84.74220962270296,0.0,1993,50,standard,1.0,53.9,2,56.87,223.49,0.882,0.679,0.792,0.375,0.128,4,DSS-00297,electric,1.24,0.0,False,0,,35.1,0.684,,2022,0.0,0.0,0
distribution_substation,32.23299668349718,-84.66969731797778,32.23299668349718,-84.66969731797778,0.0,1968,50,standard,1.0,16.2,2,61.9,238.55,0.822,0.65,0.876,0.312,0.1879,4,DSS-00298,electric,3.14,0.0,False,0,,53.9,0.729,,2023,0.0,0.0,0
distribution_substation,32.947890415358195,-82.08723836288358,32.947890415358195,-82.08723836288358,0.0,1989,50,standard,1.0,66.5,1,89.69,329.19,0.789,0.731,1.0,0.634,0.2741,5,DSS-00299,electric,0.63,0.0,False,0,,23.6,0.658,,2024,0.0,0.0,0
distribution_substation,30.65962004278701,-84.36098901912528,30.65962004278701,-84.36098901912528,0.0,1993,50,standard,1.0,73.7,3,15.22,66.44,0.273,0.621,0.347,0.313,0.5465,7,DSS-00300,electric,4.9,1.76,False,0,,60.4,0.842,,2020,0.0,0.0,0
distribution_substation,32.891470038759394,-81.77142996781092,32.891470038759394,-81.77142996781092,0.0,2002,50,standard,1.0,64.0,2,82.8,316.57,0.633,0.588,1.0,0.623,0.3237,5,DSS-00301,electric,2.74,0.0,False,0,,14.9,0.657,,2019,0.0,0.0,0
distribution_substation,30.915269500538717,-85.47127941027405,30.915269500538717,-85.47127941027405,0.0,1962,50,standard,1.0,7.3,2,17.92,97.02,0.531,0.758,0.586,0.005,0.106,0,DSS-00302,electric,1.66,0.0,False,0,,62.9,0.795,,2023,0.0,0.0,0
distribution_substation,32.38129674967153,-81.90500970408102,32.38129674967153,-81.90500970408102,0.0,1968,50,standard,1.0,22.1,3,62.68,262.72,0.584,0.477,1.0,0.858,0.6711,5,DSS-00303,electric,0.28,0.0,False,0,,23.5,0.79,,2019,0.0,0.0,0
distribution_substation,30.705855186590508,-84.21400850466792,30.705855186590508,-84.21400850466792,0.0,1963,50,standard,1.0,2.0,2,18.54,73.43,0.26,0.439,0.482,0.311,0.747,7,DSS-00304,electric,3.35,1.54,False,0,,28.9,0.513,,2021,0.0,0.0,0
distribution_substation,30.71472860601056,-84.22692942593895,30.71472860601056,-84.22692942593895,0.0,1996,50,standard,1.0,65.7,2,21.98,74.24,0.25,0.487,0.369,0.338,0.7946,7,DSS-00305,electric,4.72,0.0,False,0,,17.9,0.83,,2025,0.0,0.0,0
distribution_substation,31.275834272941555,-84.99486356528543,31.275834272941555,-84.99486356528543,0.0,1958,50,standard,1.0,21.6,1,30.11,132.2,0.597,0.674,0.547,0.395,0.1113,0,DSS-00306,electric,4.66,0.0,False,0,,48.5,0.907,,2025,0.0,0.0,0
distribution_substation,32.31567033878038,-81.88865401989968,32.31567033878038,-81.88865401989968,0.0,1985,50,standard,1.0,53.9,2,60.89,255.1,0.486,0.333,1.0,0.888,0.6987,3,DSS-00307,electric,2.16,0.0,False,0,,12.7,0.503,,2023,0.0,0.0,0
distribution_substation,31.93528597485,-84.00315281936756,31.93528597485,-84.00315281936756,0.0,1991,50,standard,1.0,56.2,1,59.2,213.03,0.875,0.793,0.787,0.442,0.0914,4,DSS-00308,electric,3.97,0.0,False,0,,51.2,0.57,,2023,0.0,0.0,0
distribution_substation,30.6748599271643,-84.559038541031,30.6748599271643,-84.559038541031,0.0,2006,50,standard,1.0,64.2,3,13.11,66.26,0.321,0.573,0.316,0.205,0.2313,7,DSS-00309,electric,4.92,0.0,False,0,,14.7,0.692,,2024,0.0,0.0,0
distribution_substation,30.741720176333914,-84.37059821810503,30.741720176333914,-84.37059821810503,0.0,1998,50,standard,1.0,63.6,3,13.9,75.45,0.329,0.438,0.383,0.276,0.7796,7,DSS-00310,electric,0.2,0.0,False,0,,71.6,0.559,,2025,0.0,0.0,0
distribution_substation,32.13388733027675,-81.5,32.13388733027675,-81.5,0.0,1994,50,standard,1.0,63.6,3,44.83,226.89,0.874,0.585,0.894,0.694,0.1962,3,DSS-00311,electric,1.31,0.0,False,0,,56.1,0.723,,2025,0.0,0.0,0
distribution_substation,32.99293409393456,-84.2735952826776,32.99293409393456,-84.2735952826776,0.0,2002,50,standard,1.0,60.8,2,92.88,326.5,0.798,0.497,1.0,0.518,0.0908,4,DSS-00312,electric,3.46,0.0,False,0,,46.3,0.959,,2026,0.0,0.0,0
distribution_substation,31.747839085778065,-85.17345459539402,31.747839085778065,-85.17345459539402,0.0,2010,50,standard,1.0,71.2,3,46.34,185.75,0.684,0.55,0.622,0.444,0.2407,0,DSS-00313,electric,2.24,0.0,False,0,,10.1,0.698,,2023,0.0,0.0,0
distribution_substation,32.48208014186936,-81.5,32.48208014186936,-81.5,0.0,1987,50,standard,1.0,71.0,3,66.46,265.54,0.758,0.719,0.96,0.598,0.2789,5,DSS-00314,electric,2.05,0.0,False,0,,53.4,0.794,,2017,0.0,0.0,0
distribution_substation,30.90076894072773,-84.57223883696356,30.90076894072773,-84.57223883696356,0.0,1973,50,standard,1.0,39.9,3,22.89,91.24,0.444,0.557,0.484,0.31,0.4862,7,DSS-00315,electric,5.08,0.0,False,0,,61.5,0.899,,2024,0.0,0.0,0
distribution_substation,32.34024001715259,-81.66010914663514,32.34024001715259,-81.66010914663514,0.0,1981,50,standard,1.0,24.1,3,57.0,253.06,0.464,0.48,1.0,0.725,0.8572,5,DSS-00316,electric,2.61,0.0,False,0,,62.7,0.453,,2022,0.0,0.0,0
distribution_substation,30.50926660576453,-83.89917815461722,30.50926660576453,-83.89917815461722,0.0,1979,50,standard,1.0,43.2,2,16.18,56.4,0.309,0.552,0.266,0.417,0.0958,7,DSS-00317,electric,1.08,0.0,False,0,,33.3,0.753,,2025,0.0,0.0,0
distribution_substation,31.07835824685263,-85.36415435386269,31.07835824685263,-85.36415435386269,0.0,2019,50,standard,1.0,100.0,3,22.84,113.56,0.572,0.738,0.437,0.252,0.1748,0,DSS-00318,electric,4.9,0.0,False,0,,11.7,0.738,,2023,0.0,0.0,0
distribution_substation,32.79809056583673,-81.7867030054552,32.79809056583673,-81.7867030054552,0.0,1988,50,standard,1.0,52.3,3,78.82,306.53,0.668,0.527,1.0,0.525,0.4658,5,DSS-00319,electric,2.84,0.0,False,0,,43.8,0.742,,2025,0.0,0.0,0
distribution_substation,32.98123462867886,-81.86185068165501,32.98123462867886,-81.86185068165501,0.0,2009,50,standard,1.0,74.2,3,89.75,328.42,0.787,0.699,1.0,0.564,0.2772,5,DSS-00320,electric,4.65,0.0,False,0,,11.0,0.619,,2022,0.0,0.0,0
distribution_substation,30.911324528033102,-83.99620858609619,30.911324528033102,-83.99620858609619,0.0,1978,50,standard,1.0,71.6,3,28.1,99.48,0.457,0.831,0.408,0.287,0.2878,7,DSS-00321,electric,1.62,0.0,False,0,,9.8,0.707,,2021,0.0,0.0,0
distribution_substation,30.78435519163122,-84.46898119487659,30.78435519163122,-84.46898119487659,0.0,1979,50,standard,1.0,48.5,3,18.46,79.16,0.249,0.509,0.388,0.285,0.5779,7,DSS-00322,electric,1.97,0.0,False,0,,21.2,0.715,,2024,0.0,0.0,0
distribution_substation,32.37191845902446,-81.60198883848024,32.37191845902446,-81.60198883848024,0.0,2005,50,standard,1.0,82.2,2,58.01,255.37,0.413,0.409,0.971,0.662,0.6713,5,DSS-00323,electric,2.01,0.0,False,0,,58.7,0.828,,2023,0.0,0.0,0
distribution_substation,31.775319493569526,-85.28741880162997,31.775319493569526,-85.28741880162997,0.0,1973,50,standard,1.0,50.6,3,46.38,189.96,0.772,0.597,0.725,0.389,0.2565,0,DSS-00324,electric,0.89,0.0,False,0,,34.8,0.837,,2022,0.0,0.0,0
distribution_substation,30.728291808746405,-84.49527221680088,30.728291808746405,-84.49527221680088,0.0,1988,50,standard,1.0,41.4,2,14.78,72.7,0.442,0.791,0.366,0.251,0.4181,7,DSS-00325,electric,0.21,0.0,False,0,,24.8,0.442,,2023,0.0,0.0,0
distribution_substation,32.17276195712539,-84.33901363240331,32.17276195712539,-84.33901363240331,0.0,2020,50,standard,1.0,100.0,3,66.71,234.66,0.787,0.688,0.861,0.385,0.1887,4,DSS-00326,electric,4.41,0.0,False,0,,38.0,0.878,,2023,0.0,0.0,0
distribution_substation,31.509394341493405,-85.7229069124134,31.509394341493405,-85.7229069124134,0.0,1984,50,standard,1.0,36.1,2,39.27,167.42,0.795,0.586,0.721,0.4,0.1447,0,DSS-00327,electric,2.42,0.0,False,0,,69.9,0.941,,2024,0.0,0.0,0
distribution_substation,32.074749163329095,-82.05971248393408,32.074749163329095,-82.05971248393408,0.0,1990,50,standard,1.0,43.8,3,54.25,231.76,0.831,0.665,0.921,1.0,0.1191,3,DSS-00328,electric,2.45,1.92,False,0,,73.0,0.917,,2025,0.0,0.0,0
distribution_substation,30.95633510991951,-84.0440843815902,30.95633510991951,-84.0440843815902,0.0,1957,50,standard,1.0,2.0,3,23.42,103.73,0.401,0.555,0.582,0.296,0.3574,7,DSS-00329,electric,0.99,0.0,False,0,,30.0,0.752,,2020,0.0,0.0,0
distribution_substation,31.381586993641392,-85.91761650425535,31.381586993641392,-85.91761650425535,0.0,1995,50,standard,1.0,61.4,2,44.09,157.18,0.724,0.801,0.582,0.287,0.0977,0,DSS-00330,electric,1.82,0.0,False,0,,16.9,0.824,,2023,0.0,0.0,0
distribution_substation,30.598816644335262,-84.3485672886053,30.598816644335262,-84.3485672886053,0.0,1988,50,standard,1.0,64.2,2,12.64,59.84,0.218,0.597,0.224,0.242,0.3785,7,DSS-00331,electric,0.77,1.33,False,0,,57.7,0.849,,2019,0.0,0.0,0
distribution_substation,31.03818352455956,-84.27707621980564,31.03818352455956,-84.27707621980564,0.0,1991,50,standard,1.0,44.2,2,27.98,109.48,0.362,0.624,0.539,0.36,0.5501,7,DSS-00332,electric,0.74,0.0,False,0,,71.3,0.728,,2024,0.0,0.0,0
distribution_substation,30.873871366807904,-84.82118790565636,30.873871366807904,-84.82118790565636,0.0,1972,50,standard,1.0,30.0,2,18.85,87.28,0.425,0.632,0.446,0.234,0.2459,7,DSS-00333,electric,1.36,0.0,False,0,,41.7,0.826,,2024,0.0,0.0,0
distribution_substation,31.298604749995864,-85.58745632834423,31.298604749995864,-85.58745632834423,0.0,1959,50,standard,1.0,16.3,3,35.45,141.5,0.537,0.661,0.531,0.295,0.3744,0,DSS-00334,electric,3.16,0.0,False,0,,47.2,0.676,,2020,0.0,0.0,0
distribution_substation,32.32401809824808,-84.6718461892025,32.32401809824808,-84.6718461892025,0.0,2001,50,standard,1.0,71.8,3,65.85,248.64,0.807,0.532,0.905,0.302,0.2797,4,DSS-00335,electric,1.66,0.0,False,0,,66.7,0.418,,2018,0.0,0.0,0
distribution_substation,32.20636399289457,-82.05198669494477,32.20636399289457,-82.05198669494477,0.0,1952,50,standard,1.0,2.0,1,55.59,246.22,0.742,0.584,0.917,0.962,0.1892,3,DSS-00336,electric,2.01,0.0,False,0,,10.7,0.909,,2021,0.0,0.0,0
distribution_substation,32.88303980984337,-84.39162073961667,32.88303980984337,-84.39162073961667,0.0,1965,50,standard,1.0,28.5,3,88.57,312.9,0.877,0.765,1.0,0.466,0.129,4,DSS-00337,electric,0.73,0.0,False,0,,48.1,0.805,,2023,0.0,0.0,0
distribution_substation,32.556161567837314,-84.44563810542306,32.556161567837314,-84.44563810542306,0.0,1988,50,standard,1.0,55.5,3,74.25,276.06,0.582,0.54,1.0,0.372,0.7126,4,DSS-00338,electric,0.91,0.0,False,0,,15.1,0.687,,2025,0.0,0.0,0
distribution_substation,32.513284203878754,-82.06301198980894,32.513284203878754,-82.06301198980894,0.0,2005,50,standard,1.0,76.3,2,67.34,280.5,0.736,0.61,0.922,0.784,0.313,5,DSS-00339,electric,6.5,0.0,False,0,,68.0,0.697,,2024,0.0,0.0,0
distribution_substation,31.640491219927863,-84.47285070049882,31.640491219927863,-84.47285070049882,0.0,1985,50,standard,1.0,51.6,3,42.2,174.16,0.77,0.729,0.623,0.422,0.1272,4,DSS-00340,electric,3.35,0.0,False,0,,29.7,0.6,,2024,0.0,0.0,0
distribution_substation,32.20099012019779,-84.34933723395217,32.20099012019779,-84.34933723395217,0.0,1996,50,standard,1.0,52.2,2,66.13,237.67,0.828,0.659,0.837,0.383,0.1966,4,DSS-00341,electric,4.64,0.0,False,0,,57.4,0.794,,2025,0.0,0.0,0
distribution_substation,32.623981393105495,-81.70950657124071,32.623981393105495,-81.70950657124071,0.0,1975,50,standard,1.0,27.2,3,73.57,285.58,0.688,0.47,1.0,0.627,0.4378,5,DSS-00342,electric,1.49,0.0,False,0,,51.0,0.674,,2020,0.0,0.0,0
distribution_substation,32.54617527951799,-81.80044860034278,32.54617527951799,-81.80044860034278,0.0,1952,50,standard,1.0,16.6,3,69.37,278.85,0.557,0.461,0.995,0.687,0.6621,5,DSS-00343,electric,4.43,0.0,False,0,,57.7,0.737,,2023,0.0,0.0,0
distribution_substation,32.43891816676165,-84.79532089329096,32.43891816676165,-84.79532089329096,0.0,2025,50,standard,1.0,100.0,3,67.69,261.03,0.743,0.547,0.96,0.327,0.2031,4,DSS-00344,electric,0.92,0.0,False,0,,10.7,0.981,,2023,0.0,0.0,0
distribution_substation,32.50591562218216,-82.60628120110333,32.50591562218216,-82.60628120110333,0.0,1981,50,standard,1.0,59.6,2,77.9,287.32,0.867,0.733,0.978,1.0,0.0877,3,DSS-00345,electric,0.33,0.0,False,0,,57.3,0.596,,2020,0.0,0.0,0
distribution_substation,32.14920925140885,-81.72922172166281,32.14920925140885,-81.72922172166281,0.0,1992,50,standard,1.0,62.6,1,45.58,233.3,0.581,0.644,0.884,0.82,0.4964,3,DSS-00346,electric,2.35,0.0,False,0,,52.6,0.353,,2023,0.0,0.0,0
distribution_substation,31.781540586361395,-81.77183582612533,31.781540586361395,-81.77183582612533,0.0,1990,50,standard,1.0,73.8,3,32.18,193.38,0.925,0.691,0.653,0.827,0.0893,3,DSS-00347,electric,0.48,2.48,False,0,,45.0,0.456,,2024,0.0,0.0,0
distribution_substation,31.098943481005634,-84.37582515213956,31.098943481005634,-84.37582515213956,0.0,1970,50,standard,1.0,4.1,3,25.25,115.04,0.488,0.778,0.512,0.403,0.3651,7,DSS-00348,electric,2.24,0.0,False,0,,65.8,0.845,,2024,0.0,0.0,0
distribution_substation,31.49027468261692,-85.29345230812241,31.49027468261692,-85.29345230812241,0.0,2010,50,standard,1.0,73.6,3,37.34,158.39,0.608,0.461,0.617,0.386,0.3162,0,DSS-00349,electric,2.59,0.0,False,0,,62.8,0.732,,2023,0.0,0.0,0
distribution_substation,31.607307358545405,-84.30327904572292,31.607307358545405,-84.30327904572292,0.0,2002,50,standard,1.0,49.7,3,44.47,172.32,0.791,0.62,0.804,0.382,0.1034,7,DSS-00350,electric,1.8,0.0,False,0,,70.8,0.859,,2021,0.0,0.0,0
distribution_substation,30.710451261855784,-84.14906816551697,30.710451261855784,-84.14906816551697,0.0,1999,50,standard,1.0,52.2,3,15.87,74.86,0.261,0.662,0.424,0.304,0.6245,7,DSS-00351,electric,3.81,1.89,False,0,,60.5,0.745,,2024,0.0,0.0,0
distribution_substation,32.07001902710117,-81.61034693635193,32.07001902710117,-81.61034693635193,0.0,1983,50,standard,1.0,23.9,3,46.5,222.03,0.952,0.521,0.883,0.771,0.2229,3,DSS-00352,electric,1.84,1.05,False,0,,60.6,0.95,,2023,0.0,0.0,0
distribution_substation,30.2800259263141,-84.22697011554658,30.2800259263141,-84.22697011554658,0.0,1989,50,standard,1.0,62.1,3,8.81,25.99,0.23,0.752,0.23,0.174,0.0899,9,DSS-00353,electric,4.04,1.05,False,0,,48.3,0.643,,2024,0.0,0.0,0
distribution_substation,30.8379281550203,-83.8925121263948,30.8379281550203,-83.8925121263948,0.0,1957,50,standard,1.0,9.0,3,25.23,92.98,0.575,0.751,0.46,0.361,0.1471,7,DSS-00354,electric,0.76,0.0,False,0,,8.1,0.434,,2021,0.0,0.0,0
distribution_substation,32.289561394073004,-81.79033641749771,32.289561394073004,-81.79033641749771,0.0,1979,50,standard,1.0,40.9,2,58.92,250.16,0.305,0.415,0.902,0.74,0.9008,3,DSS-00355,electric,3.19,2.12,False,0,,24.5,0.568,,2025,0.0,0.0,0
distribution_substation,32.75015378134676,-81.88029895059873,32.75015378134676,-81.88029895059873,0.0,1987,50,standard,1.0,80.7,3,76.95,303.16,0.413,0.36,1.0,0.728,0.6743,5,DSS-00356,electric,2.39,0.0,False,0,,27.0,0.703,,2025,0.0,0.0,0
distribution_substation,32.39487680789128,-84.39156482764727,32.39487680789128,-84.39156482764727,0.0,1995,50,standard,1.0,73.2,3,69.37,258.71,0.676,0.546,1.0,0.435,0.4827,4,DSS-00357,electric,0.36,0.0,False,0,,47.4,0.619,,2020,0.0,0.0,0
distribution_substation,32.38731365638797,-81.65717003827999,32.38731365638797,-81.65717003827999,0.0,1985,50,standard,1.0,42.2,2,61.02,258.22,0.459,0.43,0.947,0.659,0.8328,5,DSS-00358,electric,0.45,0.0,False,0,,44.2,0.927,,2026,0.0,0.0,0
distribution_substation,30.94281604203593,-85.67370082238328,30.94281604203593,-85.67370082238328,0.0,1991,50,standard,1.0,55.1,3,26.35,103.59,0.518,0.679,0.59,0.0,0.1036,0,DSS-00359,electric,2.24,1.51,False,0,,73.1,0.711,,2022,0.0,0.0,0
distribution_substation,32.07669308313277,-81.61532388447567,32.07669308313277,-81.61532388447567,0.0,1963,50,standard,1.0,25.3,3,48.77,222.87,0.773,0.645,0.899,0.698,0.2368,3,DSS-00360,electric,6.52,0.0,False,0,,62.4,0.686,,2025,0.0,0.0,0
distribution_substation,30.576368849161938,-84.01723992012909,30.576368849161938,-84.01723992012909,0.0,2007,50,standard,1.0,81.2,1,15.39,61.97,0.266,0.779,0.378,0.387,0.1618,7,DSS-00361,electric,4.6,0.0,False,0,,57.4,0.818,,2025,0.0,0.0,0
distribution_substation,31.014334349850827,-84.71159082638201,31.014334349850827,-84.71159082638201,0.0,1984,50,standard,1.0,65.3,2,20.37,103.11,0.362,0.611,0.434,0.26,0.4868,7,DSS-00362,electric,7.23,0.0,False,0,,51.4,0.833,,2022,0.0,0.0,0
distribution_substation,32.470616570336816,-81.5429770364703,32.470616570336816,-81.5429770364703,0.0,2004,50,standard,1.0,69.8,3,60.98,265.12,0.731,0.426,0.898,0.601,0.385,5,DSS-00363,electric,1.6,0.0,False,0,,53.8,0.643,,2019,0.0,0.0,0
distribution_substation,32.05810623984382,-81.83277883411611,32.05810623984382,-81.83277883411611,0.0,1943,50,standard,1.0,11.7,3,52.12,225.35,0.772,0.63,0.907,0.908,0.2378,3,DSS-00364,electric,0.66,0.0,False,0,,22.8,0.919,,2021,0.0,0.0,0
distribution_substation,31.30533599577911,-84.31732388516353,31.30533599577911,-84.31732388516353,0.0,1981,50,standard,1.0,37.6,3,31.59,138.63,0.711,0.808,0.606,0.385,0.1093,7,DSS-00365,electric,2.18,0.0,False,0,,17.9,0.49,,2022,0.0,0.0,0
distribution_substation,30.736913188462342,-83.93644377760349,30.736913188462342,-83.93644377760349,0.0,1987,50,standard,1.0,27.2,2,20.91,81.07,0.476,0.558,0.484,0.355,0.178,7,DSS-00366,electric,4.42,0.0,False,0,,23.2,0.617,,2026,0.0,0.0,0
distribution_substation,31.561018158513498,-85.19279774612426,31.561018158513498,-85.19279774612426,0.0,1965,50,standard,1.0,25.7,2,34.99,165.18,0.689,0.729,0.578,0.327,0.2945,0,DSS-00367,electric,3.13,0.0,False,0,,59.1,0.692,,2025,0.0,0.0,0
distribution_substation,32.930107841230395,-81.94095948183117,32.930107841230395,-81.94095948183117,0.0,2007,50,standard,1.0,100.0,3,85.32,324.37,0.674,0.59,1.0,0.602,0.4102,5,DSS-00368,electric,0.94,0.0,False,0,,37.3,0.57,,2025,0.0,0.0,0
distribution_substation,31.313973386852734,-83.86078822429938,31.313973386852734,-83.86078822429938,0.0,1970,50,standard,1.0,3.0,3,38.47,146.33,0.718,0.71,0.712,0.343,0.0881,6,DSS-00369,electric,0.59,0.0,False,0,,69.5,0.658,,2023,0.0,0.0,0
distribution_substation,32.25721688515404,-84.89591536412213,32.25721688515404,-84.89591536412213,0.0,1995,50,standard,1.0,63.7,3,60.23,240.86,0.888,0.724,0.862,0.372,0.0974,4,DSS-00370,electric,2.19,0.0,False,0,,9.6,0.958,,2025,0.0,0.0,0
distribution_substation,32.46588933185437,-81.91095963377359,32.46588933185437,-81.91095963377359,0.0,2000,50,standard,1.0,74.0,3,66.25,272.23,0.591,0.511,0.989,0.758,0.6162,5,DSS-00371,electric,1.04,0.0,False,0,,28.2,0.923,,2024,0.0,0.0,0
distribution_substation,33.0,-81.81489795432189,33.0,-81.81489795432189,0.0,1970,50,standard,1.0,27.6,3,85.73,329.53,0.747,0.635,1.0,0.459,0.2193,5,DSS-00372,electric,2.06,0.0,False,0,,62.9,0.666,,2018,0.0,0.0,0
distribution_substation,30.60310936865211,-84.65251844222195,30.60310936865211,-84.65251844222195,0.0,1962,50,standard,1.0,18.0,3,15.25,57.72,0.354,0.656,0.186,0.103,0.1186,9,DSS-00373,electric,2.05,0.0,False,0,,38.2,0.73,,2021,0.0,0.0,0
distribution_substation,31.487882089353075,-85.40593534413418,31.487882089353075,-85.40593534413418,0.0,1980,50,standard,1.0,40.3,3,39.22,159.6,0.579,0.619,0.627,0.455,0.336,0,DSS-00374,electric,5.51,0.0,False,0,,73.6,0.704,,2019,0.0,0.0,0
distribution_substation,32.33211604616702,-84.77648950933535,32.33211604616702,-84.77648950933535,0.0,1977,50,standard,1.0,49.7,3,64.38,249.21,0.809,0.688,0.915,0.323,0.1701,4,DSS-00375,electric,3.98,1.27,False,0,,18.1,0.869,,2023,0.0,0.0,0
distribution_substation,31.535035538113867,-85.32444024498335,31.535035538113867,-85.32444024498335,0.0,1980,50,standard,1.0,32.5,3,39.91,163.74,0.621,0.626,0.713,0.36,0.3374,0,DSS-00376,electric,0.99,0.0,False,0,,42.3,0.7,,2024,0.0,0.0,0
distribution_substation,32.100394626001346,-82.04390804840472,32.100394626001346,-82.04390804840472,0.0,1995,50,standard,1.0,65.4,2,52.45,234.3,0.823,0.701,0.9,0.961,0.1368,3,DSS-00377,electric,1.81,0.0,False,0,,22.8,0.73,,2022,0.0,0.0,0
distribution_substation,32.51433651139603,-81.9010946701415,32.51433651139603,-81.9010946701415,0.0,2005,50,standard,1.0,62.7,3,64.89,277.41,0.542,0.512,1.0,0.742,0.614,5,DSS-00378,electric,5.07,0.0,False,0,,15.1,0.934,,2023,0.0,0.0,0
distribution_substation,32.3448881106324,-82.03997138693056,32.3448881106324,-82.03997138693056,0.0,2001,50,standard,1.0,54.1,3,60.56,261.37,0.754,0.678,0.961,0.801,0.2779,3,DSS-00379,electric,6.36,0.0,False,0,,17.4,0.889,,2023,0.0,0.0,0
distribution_substation,30.97924814046568,-84.23768016521375,30.97924814046568,-84.23768016521375,0.0,1956,50,standard,1.0,11.4,3,23.25,103.46,0.248,0.418,0.423,0.436,0.7407,7,DSS-00380,electric,1.14,0.0,False,0,,22.5,0.82,,2023,0.0,0.0,0
distribution_substation,32.53517401850955,-84.57968432218519,32.53517401850955,-84.57968432218519,0.0,2005,50,standard,1.0,68.2,1,73.03,272.61,0.594,0.424,1.0,0.31,0.6991,4,DSS-00381,electric,2.84,0.0,False,0,,44.1,0.827,,2020,0.0,0.0,0
distribution_substation,32.80108221947893,-82.54097564218944,32.80108221947893,-82.54097564218944,0.0,1966,50,standard,1.0,22.0,3,89.86,319.51,0.811,0.726,1.0,0.798,0.0882,5,DSS-00382,electric,4.31,0.0,False,0,,61.0,0.592,,2024,0.0,0.0,0
distribution_substation,32.521485492894165,-84.81167594545366,32.521485492894165,-84.81167594545366,0.0,1983,50,standard,1.0,21.8,3,73.37,270.18,0.86,0.815,0.969,0.298,0.1963,4,DSS-00383,electric,1.05,0.0,False,0,,25.3,0.7,,2025,0.0,0.0,0
distribution_substation,32.510722710307626,-81.5,32.510722710307626,-81.5,0.0,1964,50,standard,1.0,24.6,3,65.07,268.72,0.712,0.684,0.982,0.694,0.2513,5,DSS-00384,electric,0.58,0.0,False,0,,52.2,0.679,,2024,0.0,0.0,0
distribution_substation,30.797636465708102,-84.22365647319,30.797636465708102,-84.22365647319,0.0,1994,50,standard,1.0,65.2,3,20.23,83.49,0.232,0.381,0.444,0.305,1.0,7,DSS-00385,electric,4.81,1.04,False,0,,38.3,0.441,,2025,0.0,0.0,0
distribution_substation,32.80851467400858,-81.78029890417996,32.80851467400858,-81.78029890417996,0.0,2009,50,standard,1.0,61.0,3,81.16,307.55,0.607,0.53,1.0,0.651,0.4418,5,DSS-00386,electric,2.14,0.0,False,0,,39.6,0.841,,2023,0.0,0.0,0
distribution_substation,32.19398856471675,-81.83776952164881,32.19398856471675,-81.83776952164881,0.0,2005,50,standard,1.0,63.5,3,58.04,240.54,0.682,0.436,0.997,0.805,0.5692,3,DSS-00387,electric,3.08,0.0,False,0,,13.7,0.688,,2024,0.0,0.0,0
distribution_substation,32.76331136971104,-84.08926880857845,32.76331136971104,-84.08926880857845,0.0,1992,50,standard,1.0,81.7,3,89.05,303.61,0.706,0.635,1.0,0.64,0.0952,4,DSS-00388,electric,2.37,0.0,False,0,,16.9,0.427,,2025,0.0,0.0,0
distribution_substation,31.730266500049222,-85.1632232992342,31.730266500049222,-85.1632232992342,0.0,1977,50,standard,1.0,42.5,3,43.67,183.71,0.674,0.654,0.763,0.397,0.2454,0,DSS-00389,electric,0.94,0.0,False,0,,26.4,0.658,,2022,0.0,0.0,0
distribution_substation,32.78103483744016,-84.42819441889678,32.78103483744016,-84.42819441889678,0.0,2001,50,standard,1.0,70.2,2,89.83,301.19,0.846,0.621,1.0,0.461,0.251,4,DSS-00390,electric,2.81,1.59,False,0,,33.8,0.608,,2020,0.0,0.0,0
distribution_substation,31.699678024117734,-85.59311058077134,31.699678024117734,-85.59311058077134,0.0,1993,50,standard,1.0,64.8,3,47.42,186.12,0.812,0.752,0.714,0.413,0.1367,0,DSS-00391,electric,1.07,0.0,False,0,,10.1,0.989,,2021,0.0,0.0,0
distribution_substation,32.60002425040698,-84.42353122581889,32.60002425040698,-84.42353122581889,0.0,1964,50,standard,1.0,15.2,3,80.16,281.15,0.454,0.576,1.0,0.483,0.6211,4,DSS-00392,electric,1.0,0.0,False,0,,19.7,0.682,,2019,0.0,0.0,0
distribution_substation,32.73207945277856,-82.2692087101921,32.73207945277856,-82.2692087101921,0.0,2009,50,standard,1.0,52.3,2,82.98,308.38,0.683,0.587,1.0,0.801,0.161,5,DSS-00393,electric,1.27,0.0,False,0,,62.3,0.868,,2022,0.0,0.0,0
distribution_substation,32.61347175086174,-84.89516965972346,32.61347175086174,-84.89516965972346,0.0,1947,50,standard,1.0,10.0,3,74.51,280.4,0.942,0.394,1.0,0.206,0.1171,4,DSS-00394,electric,1.51,1.87,False,0,,60.9,0.837,,2022,0.0,0.0,0
distribution_substation,31.568880653488645,-85.66196203614597,31.568880653488645,-85.66196203614597,0.0,1996,50,standard,1.0,69.5,3,43.67,172.86,0.773,0.913,0.757,0.456,0.1491,0,DSS-00395,electric,4.17,0.0,False,0,,12.7,0.564,,2022,0.0,0.0,0
distribution_substation,32.657960520824545,-84.46229647795867,32.657960520824545,-84.46229647795867,0.0,1965,50,standard,1.0,41.1,3,78.82,287.2,0.657,0.652,1.0,0.439,0.5464,4,DSS-00396,electric,0.89,0.0,False,0,,29.3,0.366,,2023,0.0,0.0,0
distribution_substation,32.40068575562361,-81.88663920621072,32.40068575562361,-81.88663920621072,0.0,1998,50,standard,1.0,58.5,3,63.43,264.5,0.518,0.475,0.919,0.767,0.7233,5,DSS-00397,electric,2.57,0.0,False,0,,68.2,0.803,,2016,0.0,0.0,0
distribution_substation,32.17394836773646,-81.88519872629522,32.17394836773646,-81.88519872629522,0.0,1972,50,standard,1.0,26.8,3,54.4,239.3,0.567,0.605,0.988,0.841,0.4314,3,DSS-00398,electric,3.89,0.0,False,0,,39.9,0.971,,2024,0.0,0.0,0
distribution_substation,32.65113527592047,-84.13632052804829,32.65113527592047,-84.13632052804829,0.0,1993,50,standard,1.0,51.6,2,82.02,290.46,0.666,0.649,1.0,0.627,0.1225,4,DSS-00399,electric,3.16,0.0,False,0,,63.1,0.788,,2024,0.0,0.0,0
distribution_substation,32.007324687744166,-81.82382611936634,32.007324687744166,-81.82382611936634,0.0,1979,50,standard,1.0,38.3,2,45.75,219.53,0.78,0.53,0.888,0.878,0.1702,3,DSS-00400,electric,4.28,0.0,False,0,,72.8,0.811,,2024,0.0,0.0,0
distribution_substation,32.400250756238556,-84.59049453690076,32.400250756238556,-84.59049453690076,0.0,1981,50,standard,1.0,37.9,1,71.08,257.56,0.632,0.633,0.985,0.292,0.5366,4,DSS-00401,electric,2.84,0.0,False,0,,11.2,0.728,,2023,0.0,0.0,0
distribution_substation,30.537373688980757,-84.14472403929764,30.537373688980757,-84.14472403929764,0.0,1998,50,standard,1.0,59.2,3,13.83,55.71,0.233,0.7,0.298,0.292,0.2126,7,DSS-00402,electric,0.26,1.29,False,0,,26.3,0.449,,2024,0.0,0.0,0
distribution_substation,32.265902755656114,-81.91615145540145,32.265902755656114,-81.91615145540145,0.0,1979,50,standard,1.0,48.2,3,56.47,250.14,0.59,0.657,0.865,0.86,0.5462,3,DSS-00403,electric,3.28,0.0,False,0,,14.4,0.776,,2024,0.0,0.0,0
distribution_substation,30.64564271678027,-84.33882834478759,30.64564271678027,-84.33882834478759,0.0,1963,50,standard,1.0,46.2,2,17.4,65.15,0.325,0.522,0.357,0.29,0.5304,7,DSS-00404,electric,1.88,0.0,False,0,,66.1,0.534,,2023,0.0,0.0,0
distribution_substation,32.59384274591632,-84.65592098161285,32.59384274591632,-84.65592098161285,0.0,1996,50,standard,1.0,67.6,3,76.27,278.67,0.665,0.663,1.0,0.352,0.4827,4,DSS-00405,electric,2.63,0.0,False,0,,11.6,0.7,,2023,0.0,0.0,0
distribution_substation,31.36105902644913,-85.55691548601926,31.36105902644913,-85.55691548601926,0.0,1982,50,standard,1.0,67.1,3,38.26,147.91,0.577,0.658,0.738,0.383,0.3831,0,DSS-00406,electric,2.75,0.0,False,0,,52.7,1.0,,2019,0.0,0.0,0
distribution_substation,30.944843521115665,-84.67521908150184,30.944843521115665,-84.67521908150184,0.0,1985,50,standard,1.0,63.2,3,20.12,95.54,0.264,0.442,0.505,0.265,0.4693,7,DSS-00407,electric,1.3,0.78,False,0,,25.5,0.572,,2023,0.0,0.0,0
distribution_substation,31.287417103133777,-84.38587747410382,31.287417103133777,-84.38587747410382,0.0,2015,50,standard,1.0,93.4,3,31.23,135.85,0.553,0.737,0.655,0.367,0.1264,7,DSS-00408,electric,4.43,0.9,False,0,,13.9,0.616,,2019,0.0,0.0,0
distribution_substation,31.347515904170493,-85.83570899951127,31.347515904170493,-85.83570899951127,0.0,2000,50,standard,1.0,68.8,3,38.32,151.71,0.69,0.747,0.724,0.22,0.1238,0,DSS-00409,electric,2.93,0.0,False,0,,47.6,0.722,,2023,0.0,0.0,0
distribution_substation,31.444755631980783,-85.69746528217543,31.444755631980783,-85.69746528217543,0.0,2005,50,standard,1.0,82.4,3,41.62,159.76,0.667,0.572,0.708,0.34,0.1939,0,DSS-00410,electric,0.98,2.04,False,0,,35.2,0.487,,2020,0.0,0.0,0
transmission_span,30.740317135208286,-85.63041154191247,30.752323380236227,-85.63392258832404,1.374,1975,70,steel_lattice,0.8,73.8,3,20.67,80.31,0.573,0.644,0.449,0.167,0.0912,0,TLS-00411,electric,2.8,1.54,False,0,,,,,2020,0.0,0.0,0
transmission_span,31.646319368732545,-83.29551859593356,31.6155098558596,-83.32503954974979,4.413,1962,70,steel_lattice,0.8,52.1,3,50.79,191.05,0.924,0.521,0.799,0.702,0.0906,1,TLS-00412,electric,5.7,0.0,False,0,,,,,2025,0.0,0.0,0
transmission_span,31.44231255053733,-85.65956305492622,31.41989542492437,-85.67633074695485,2.952,1957,70,steel_lattice,0.8,47.6,3,40.58,158.77,0.785,0.706,0.679,0.459,0.2366,0,TLS-00413,electric,1.34,0.0,False,0,,,,,2017,0.0,0.0,0
transmission_span,30.300723581555918,-84.05421064538713,30.319962165232866,-84.0686988019272,2.547,2016,70,steel_lattice,0.8,100.0,3,7.82,30.8,0.209,0.722,0.205,0.347,0.0921,11,TLS-00414,electric,2.23,0.0,False,0,,,,,2021,0.0,0.0,0
transmission_span,31.18433849457816,-83.40579813572656,31.175029821405577,-83.37264426374466,3.314,1979,70,steel_monopole,0.7,88.0,3,37.75,138.58,0.756,0.611,0.606,0.44,0.0906,6,TLS-00415,electric,1.39,0.0,False,0,,,,,2021,0.0,0.0,0
transmission_span,30.217947288879106,-84.38474512599255,30.228037918250614,-84.38252108829704,1.14,1963,70,steel_lattice,0.8,53.9,3,2.63,17.15,0.117,0.681,0.234,0.291,0.091,9,TLS-00416,electric,0.8,0.0,False,0,,,,,2020,0.0,0.0,0
transmission_span,30.490680873577652,-83.04169302972242,30.483847637971184,-82.98523681449582,5.453,1997,70,steel_lattice,0.8,79.0,3,13.72,64.52,0.465,0.708,0.373,0.517,0.0906,10,TLS-00417,electric,0.9,0.0,False,0,,,,,2024,0.0,0.0,0
transmission_span,32.35834800488441,-85.56382725960873,32.34683974357397,-85.53021413721949,3.401,2003,70,steel_monopole,0.7,73.4,1,72.68,258.72,0.83,0.636,0.976,0.519,0.0906,0,TLS-00418,electric,0.82,2.17,False,0,,,,,2019,0.0,0.0,0
transmission_span,31.060493401437647,-83.91352904659074,31.06073695398439,-83.903918087176,0.914,1998,70,concrete,0.95,69.0,3,30.76,117.35,0.494,0.788,0.518,0.621,0.1217,7,TLS-00419,electric,1.96,0.0,False,0,,,,,2022,0.0,0.0,0
transmission_span,30.095355366317744,-83.10446338571792,30.1050926054579,-83.10252654592676,1.097,1982,70,steel_monopole,0.7,68.1,3,10.58,20.35,0.267,0.715,0.176,0.521,0.0906,11,TLS-00420,electric,3.72,0.0,False,0,,,,,2022,0.0,0.0,0
transmission_span,30.85071584167797,-83.75444945139841,30.825314719822785,-83.76295439134663,2.934,1956,70,steel_monopole,0.7,52.8,3,26.02,96.61,0.554,0.75,0.359,0.476,0.0961,7,TLS-00421,electric,1.5,0.0,False,0,,,,,2021,0.0,0.0,0
transmission_span,30.932567686062526,-85.11995737475858,30.909753587434604,-85.17985596905592,6.24,1949,70,steel_lattice,0.8,82.6,3,18.15,94.82,0.498,0.524,0.52,0.344,0.0982,0,TLS-00422,electric,0.8,0.0,False,0,,,,,2026,0.0,0.0,0
transmission_span,30.77122890001322,-84.73770963328461,30.769724511245283,-84.74451703221693,0.67,1967,70,steel_lattice,0.8,34.4,3,16.54,76.04,0.43,0.694,0.37,0.306,0.2046,7,TLS-00423,electric,1.21,1.12,False,0,,,,,2021,0.0,0.0,0
transmission_span,30.876968411039147,-85.24251324686222,30.889463537664284,-85.24382034602071,1.393,1980,70,steel_lattice,0.8,63.0,3,21.53,89.75,0.385,0.653,0.434,0.267,0.0938,0,TLS-00424,electric,1.78,1.85,False,0,,,,,2023,0.0,0.0,0
transmission_span,30.101637475334037,-84.33676505900915,30.079750824901783,-84.35558105738139,3.028,1951,70,steel_lattice,0.8,57.2,3,3.07,4.79,0.14,0.64,0.151,0.212,0.0906,9,TLS-00425,electric,0.3,1.58,False,0,,,,,2019,0.0,0.0,0
transmission_span,30.47433577873292,-85.65572591968487,30.49376644300164,-85.61913906376738,4.111,1961,70,steel_lattice,0.8,36.5,1,8.98,51.25,0.373,0.683,0.33,0.0,0.0906,9,TLS-00426,electric,1.65,0.0,False,0,,,,,2023,0.0,0.0,0
transmission_span,31.05668707671336,-85.34930343782587,31.078938216432828,-85.37807527065942,3.686,1989,70,steel_lattice,0.8,63.8,3,22.92,110.96,0.571,0.791,0.439,0.322,0.1587,0,TLS-00427,electric,1.84,0.0,False,0,,,,,2026,0.0,0.0,0
transmission_span,32.22784820611467,-83.42499677332478,32.222372017180305,-83.40113349253157,2.322,1980,70,steel_lattice,0.8,67.0,3,71.87,254.18,0.872,0.762,0.98,0.742,0.0906,2,TLS-00428,electric,2.23,0.0,False,0,,,,,2022,0.0,0.0,0
transmission_span,30.037703803757378,-82.337988857866,30.013492585098366,-82.33418156606118,2.712,1974,70,concrete,0.95,62.4,3,0.3,10.34,0.234,0.713,0.136,0.497,0.0906,8,TLS-00429,electric,1.03,1.21,False,0,,,,,2025,0.0,0.0,0
transmission_span,31.64696725431654,-84.48198016332917,31.660750651172755,-84.44492340609973,3.821,1983,70,steel_lattice,0.8,43.2,3,43.99,174.79,0.873,0.633,0.76,0.47,0.1344,4,TLS-00430,electric,4.72,0.0,False,0,,,,,2021,0.0,0.0,0
transmission_span,30.759020805446248,-85.10931987441606,30.782623823789315,-85.11289077278757,2.642,1974,70,steel_lattice,0.8,49.0,3,16.19,75.47,0.451,0.87,0.335,0.271,0.0928,9,TLS-00431,electric,0.78,0.0,False,0,,,,,2025,0.0,0.0,0
transmission_span,31.1233296350741,-82.33111848067593,31.099659264460364,-82.33507685312962,2.654,1973,70,steel_lattice,0.8,65.6,3,19.89,130.74,0.846,0.723,0.615,0.591,0.0906,8,TLS-00432,electric,2.82,0.0,False,0,,,,,2023,0.0,0.0,0
transmission_span,30.76327429760524,-85.75176491753261,30.741024439267658,-85.7339438788568,2.998,1987,70,steel_lattice,0.8,77.6,2,16.61,85.17,0.489,0.739,0.355,0.191,0.091,0,TLS-00433,electric,3.2,0.0,False,0,,,,,2018,0.0,0.0,0
transmission_span,31.248656283625873,-85.5478854515649,31.23599621342581,-85.53001723838234,2.202,2001,70,steel_monopole,0.7,76.6,3,30.76,135.27,0.518,0.512,0.64,0.453,0.4016,0,TLS-00434,electric,5.56,1.49,False,0,,,,,2023,0.0,0.0,0
transmission_span,30.449990279723647,-82.68129349536143,30.442544591369483,-82.69426925438154,1.492,1978,70,steel_lattice,0.8,71.6,3,8.85,59.63,0.4,0.688,0.277,0.484,0.0906,8,TLS-00435,electric,3.59,0.0,False,0,,,,,2025,0.0,0.0,0
transmission_span,31.41926067438791,-82.67178523206522,31.435872990492626,-82.69409058409086,2.804,1975,70,steel_monopole,0.7,57.4,3,40.1,167.16,0.76,0.682,0.733,0.713,0.0906,10,TLS-00436,electric,3.54,0.0,False,0,,,,,2024,0.0,0.0,0
transmission_span,32.37164105838966,-82.12951936218222,32.37815207385791,-82.09269870266026,3.527,1998,70,steel_lattice,0.8,69.0,1,66.91,266.01,0.814,0.627,1.0,0.868,0.1631,3,TLS-00437,electric,4.76,0.0,False,0,,,,,2025,0.0,0.0,0
transmission_span,30.589000289658138,-83.92736591707086,30.58463582093838,-83.89409633462691,3.216,1951,70,concrete,0.95,6.3,3,17.38,64.8,0.384,0.695,0.378,0.453,0.121,7,TLS-00438,electric,0.9,0.0,False,0,,,,,2021,0.0,0.0,0
transmission_span,31.454846014223847,-84.84569983949828,31.469287847328324,-84.87038458993328,2.834,1972,70,steel_lattice,0.8,42.5,3,38.02,151.76,0.651,0.66,0.675,0.524,0.1031,0,TLS-00439,electric,3.8,0.0,False,0,,,,,2021,0.0,0.0,0
transmission_span,31.376440257561047,-84.91513516153846,31.396846002098275,-84.9569952795037,4.568,1993,70,concrete,0.95,81.9,3,25.47,143.13,0.729,0.811,0.516,0.549,0.1113,0,TLS-00440,electric,5.15,0.0,False,0,,,,,2022,0.0,0.0,0
transmission_span,32.40757958767157,-85.19047480183174,32.39200320520048,-85.19008730541825,1.729,2005,70,steel_lattice,0.8,81.1,2,71.09,259.13,0.866,0.597,0.94,0.457,0.0907,0,TLS-00441,electric,1.03,0.0,False,0,,,,,2023,0.0,0.0,0
transmission_span,32.24933314230517,-85.95418423235648,32.25204497386266,-85.94179604639847,1.201,2025,70,steel_lattice,0.8,83.1,3,69.23,254.27,0.87,0.823,0.997,0.64,0.0906,0,TLS-00442,electric,1.7,0.0,False,0,,,,,2025,0.0,0.0,0
transmission_span,31.65176927217562,-83.47896308998591,31.653248308246518,-83.4600014748544,1.799,1974,70,steel_lattice,0.8,62.1,3,51.16,189.55,0.852,0.809,0.839,0.648,0.0906,1,TLS-00443,electric,3.14,0.0,False,0,,,,,2025,0.0,0.0,0
transmission_span,30.031079516823553,-82.43853323671487,30.048795356736257,-82.404060455851,3.852,1944,70,steel_monopole,0.7,36.6,3,2.6,10.93,0.219,0.744,0.281,0.469,0.0906,8,TLS-00444,electric,1.72,0.0,False,0,,,,,2021,0.0,0.0,0
transmission_span,31.022545938876178,-85.07305440548275,31.027814105386593,-85.09822600954502,2.465,1970,70,steel_lattice,0.8,56.3,3,22.42,104.48,0.576,0.602,0.53,0.413,0.1092,0,TLS-00445,electric,1.87,0.0,False,0,,,,,2024,0.0,0.0,0
transmission_span,31.915615848233006,-85.07443449993963,31.919109797344692,-85.0802474846342,0.671,1950,70,steel_monopole,0.7,52.0,3,48.13,203.62,0.853,0.791,0.863,0.56,0.1145,0,TLS-00446,electric,2.22,0.0,False,0,,,,,2023,0.0,0.0,0
transmission_span,32.537190118683114,-85.98525974560238,32.516479582881935,-85.98207638950994,2.318,1983,70,steel_monopole,0.7,71.3,3,82.11,286.87,0.788,0.476,1.0,0.631,0.0906,0,TLS-00447,electric,1.73,1.0,False,0,,,,,2026,0.0,0.0,0
transmission_span,32.154287210420065,-82.618649761889,32.178240222443264,-82.613802054214,2.698,1949,70,steel_lattice,0.8,26.6,3,64.01,248.39,0.854,0.673,0.826,1.0,0.0906,3,TLS-00448,electric,4.17,0.0,False,0,,,,,2025,0.0,0.0,0
transmission_span,30.321231066370267,-85.56699895558464,30.326904390816296,-85.56189897432183,0.797,1995,70,concrete,0.95,79.2,3,7.7,32.66,0.211,0.727,0.302,0.0,0.0906,9,TLS-00449,electric,0.77,0.0,False,0,,,,,2022,0.0,0.0,0
transmission_span,30.353908876493257,-83.39744524361939,30.367075445694784,-83.40802289072668,1.778,1959,70,steel_lattice,0.8,43.5,2,11.38,46.5,0.318,0.558,0.297,0.515,0.0906,11,TLS-00450,electric,0.84,0.0,False,0,,,,,2020,0.0,0.0,0
transmission_span,32.66897764069125,-85.64299838611728,32.685688987524834,-85.65107233446528,2.003,1985,70,steel_monopole,0.7,84.9,3,85.46,294.62,0.841,0.687,1.0,0.377,0.0906,0,TLS-00451,electric,2.35,0.0,False,0,,,,,2025,0.0,0.0,0
transmission_span,30.40016189065889,-82.48437565518564,30.392211968789223,-82.48771543053529,0.939,1991,70,steel_lattice,0.8,66.3,3,10.57,52.43,0.377,0.717,0.409,0.551,0.0906,8,TLS-00452,electric,1.31,0.0,False,0,,,,,2025,0.0,0.0,0
transmission_span,32.44217276629105,-84.20828004415226,32.43687152092593,-84.21089477740014,0.637,1971,70,steel_lattice,0.8,46.1,3,72.45,266.24,0.843,0.577,0.996,0.582,0.2039,4,TLS-00453,electric,1.36,0.0,False,0,,,,,2018,0.0,0.0,0
transmission_span,30.338477142178274,-85.77770820708939,30.330611089963647,-85.78003279331263,0.901,1982,70,steel_lattice,0.8,61.1,3,4.45,38.53,0.221,0.644,0.29,0.106,0.0906,9,TLS-00454,electric,2.33,0.0,False,0,,,,,2024,0.0,0.0,0
transmission_span,30.094957725746664,-84.22426721447202,30.07499354478636,-84.2502937421945,3.34,2010,70,steel_lattice,0.8,91.9,3,0.3,5.48,0.324,0.531,0.234,0.287,0.0906,9,TLS-00455,electric,1.08,0.0,False,0,,,,,2025,0.0,0.0,0
transmission_span,32.783066437782594,-85.29495411781596,32.78836098900707,-85.26888982981555,2.502,1973,70,steel_lattice,0.8,64.3,2,90.88,301.91,0.849,0.704,1.0,0.331,0.0906,0,TLS-00456,electric,6.05,0.0,False,0,,,,,2022,0.0,0.0,0
transmission_span,30.578907486328855,-84.93517833045539,30.602399107771486,-84.96048955457043,3.557,1955,70,steel_lattice,0.8,34.5,3,12.68,54.64,0.437,0.819,0.333,0.2,0.0925,9,TLS-00457,electric,4.41,0.0,False,0,,,,,2025,0.0,0.0,0
transmission_span,32.66398693939937,-85.8723292327857,32.67768145566408,-85.8652951034144,1.656,1974,70,steel_lattice,0.8,66.0,3,90.72,298.59,0.88,0.724,1.0,0.504,0.0906,0,TLS-00458,electric,2.81,0.0,False,0,,,,,2020,0.0,0.0,0
transmission_span,31.64199250671598,-81.54003721210786,31.6161827031853,-81.51799919988835,3.542,1989,70,steel_lattice,0.8,62.1,3,33.95,173.09,0.739,0.802,0.734,0.728,0.0906,3,TLS-00459,electric,2.67,0.0,False,0,,,,,2020,0.0,0.0,0
transmission_span,32.32715013257896,-85.76917383022158,32.30677446529858,-85.7228801472153,4.896,1974,70,steel_lattice,0.8,68.7,2,68.26,259.1,0.674,0.607,0.933,0.571,0.0906,0,TLS-00460,electric,5.4,0.0,False,0,,,,,2023,0.0,0.0,0
transmission_span,31.925196685934868,-85.16503240765039,31.941321435903287,-85.16320588198191,1.798,1966,70,steel_lattice,0.8,65.6,2,46.99,205.36,0.841,0.801,0.735,0.478,0.1284,0,TLS-00461,electric,2.91,0.0,False,0,,,,,2024,0.0,0.0,0
transmission_span,30.083061927486664,-84.41124777231094,30.08699242472946,-84.40390922146159,0.829,1958,70,steel_lattice,0.8,40.2,2,0.3,1.89,0.137,0.774,0.122,0.226,0.0906,9,TLS-00462,electric,0.98,1.57,False,0,,,,,2025,0.0,0.0,0
transmission_span,29.956924165561876,-83.57661692900436,29.969508340512952,-83.60137284847971,2.76,1945,70,steel_monopole,0.7,10.3,3,9.92,0.09,0.18,0.645,0.172,0.465,0.0906,11,TLS-00463,electric,0.81,1.53,False,0,,,,,2024,0.0,0.0,0
transmission_span,31.18144208891359,-82.69496874778221,31.20282478054544,-82.718624292286,3.268,1995,70,steel_lattice,0.8,80.8,3,31.68,140.9,0.824,0.726,0.576,0.604,0.0906,10,TLS-00464,electric,2.54,0.0,False,0,,,,,2023,0.0,0.0,0
transmission_span,31.566474026498113,-83.44493170435416,31.56570362203541,-83.43470903632209,0.971,1981,70,steel_lattice,0.8,63.6,3,52.5,180.52,0.837,0.935,0.69,0.585,0.0906,6,TLS-00465,electric,1.65,1.72,False,0,,,,,2019,0.0,0.0,0
transmission_span,32.52214673628144,-84.90772001686864,32.529361803527344,-84.92314129291823,1.651,2004,70,steel_lattice,0.8,79.1,3,72.1,270.29,0.813,0.655,1.0,0.453,0.1202,4,TLS-00466,electric,1.29,0.0,False,0,,,,,2021,0.0,0.0,0
transmission_span,30.20896962670837,-85.20346434998801,30.183775420262183,-85.2077404643219,2.826,1973,70,steel_lattice,0.8,48.9,3,0.54,15.21,0.21,0.81,0.224,0.0,0.0906,9,TLS-00467,electric,2.15,0.0,False,0,,,,,2021,0.0,0.0,0
transmission_span,31.3889582080871,-83.28172704458382,31.412719098609074,-83.25815943315611,3.456,2010,70,steel_lattice,0.8,74.4,2,44.03,162.62,0.721,0.698,0.676,0.58,0.0906,6,TLS-00468,electric,2.72,0.0,False,0,,,,,2022,0.0,0.0,0
transmission_span,31.738974485802537,-82.18728142687874,31.736712230586683,-82.22152510762537,3.242,1958,70,concrete,0.95,39.1,2,40.53,196.8,0.833,0.512,0.669,0.807,0.0906,3,TLS-00469,electric,9.04,0.0,False,0,,,,,2022,0.0,0.0,0
transmission_span,32.01200199585352,-82.06492167124138,32.006011934296076,-82.06175184566543,0.729,1964,70,steel_lattice,0.8,63.7,3,46.46,224.89,0.885,0.746,0.862,0.895,0.105,3,TLS-00470,electric,0.21,0.0,False,0,,,,,2024,0.0,0.0,0
transmission_span,31.44972491375685,-83.79002005869492,31.468968990741313,-83.79831690929012,2.276,1978,70,steel_lattice,0.8,64.1,2,46.17,162.53,0.735,0.698,0.688,0.468,0.0906,6,TLS-00471,electric,3.13,0.0,False,0,,,,,2023,0.0,0.0,0
transmission_span,30.84520603921384,-81.9301877257989,30.84826813866049,-81.92543098656253,0.567,1973,70,steel_lattice,0.8,37.0,3,14.22,92.73,0.484,0.576,0.489,0.526,0.0906,8,TLS-00472,electric,0.65,0.0,False,0,,,,,2021,0.0,0.0,0
transmission_span,30.907166127071562,-84.53245171721231,30.89107822858561,-84.51188334877162,2.651,1976,70,steel_lattice,0.8,57.4,2,17.6,92.25,0.327,0.484,0.41,0.487,0.5514,7,TLS-00473,electric,2.87,0.0,False,0,,,,,2024,0.0,0.0,0
transmission_span,30.14976031792781,-81.7595477049593,30.169433635591215,-81.77204508797797,2.492,1960,70,steel_monopole,0.7,68.1,3,0.3,12.0,0.146,0.611,0.168,0.249,0.0906,8,TLS-00474,electric,4.57,0.0,False,0,,,,,2022,0.0,0.0,0
transmission_span,32.81073655940831,-82.56534450968665,32.80840414221608,-82.51865478825025,4.363,1971,70,steel_monopole,0.7,34.5,3,90.76,320.81,0.997,0.672,1.0,0.864,0.0909,5,TLS-00475,electric,2.85,0.0,False,0,,,,,2020,0.0,0.0,0
transmission_span,31.35601835026568,-82.48536212590868,31.33610349759914,-82.50409901291708,2.836,1991,70,steel_lattice,0.8,67.5,3,29.19,158.54,0.777,0.677,0.641,0.695,0.0906,10,TLS-00476,electric,1.88,0.0,False,0,,,,,2022,0.0,0.0,0
transmission_span,30.091725656816706,-85.21958806057185,30.100938005100275,-85.19997799530577,2.143,2015,70,steel_lattice,0.8,93.5,3,2.72,2.35,0.347,0.766,0.101,0.017,0.0906,9,TLS-00477,electric,0.82,0.0,False,0,,,,,2024,0.0,0.0,0
transmission_span,31.55153330487766,-84.79560346382303,31.559901714310055,-84.80895638867425,1.568,1963,70,steel_lattice,0.8,47.6,3,40.59,162.53,0.656,0.697,0.761,0.503,0.0972,0,TLS-00478,electric,3.32,0.0,False,0,,,,,2021,0.0,0.0,0
transmission_span,32.55096344064772,-82.3000246880545,32.54593435368067,-82.34526894756522,4.27,1948,70,steel_lattice,0.8,37.5,3,73.86,288.75,0.94,0.6,1.0,0.869,0.1147,5,TLS-00479,electric,2.47,0.0,False,0,,,,,2025,0.0,0.0,0
transmission_span,31.05268427845124,-85.81309706164204,31.076472140219085,-85.79689793174789,3.057,1982,70,steel_monopole,0.7,49.5,2,30.59,118.52,0.602,0.624,0.545,0.322,0.1068,0,TLS-00480,electric,7.54,0.0,False,0,,,,,2025,0.0,0.0,0
transmission_span,32.36421920523998,-85.08844513601493,32.37383360497077,-85.09604921862054,1.283,1976,70,steel_lattice,0.8,39.2,3,66.25,253.51,1.0,0.704,0.96,0.459,0.0912,0,TLS-00481,electric,2.11,0.0,False,0,,,,,2024,0.0,0.0,0
transmission_span,32.821291196131654,-85.33791997630338,32.79256417378302,-85.34390856297166,3.237,1987,70,steel_lattice,0.8,76.9,3,86.06,306.68,0.818,0.679,1.0,0.286,0.0906,0,TLS-00482,electric,4.65,0.0,False,0,,,,,2018,0.0,0.0,0
transmission_span,30.13331015671164,-83.87540207602868,30.108923780871805,-83.87768820153937,2.716,1981,70,steel_lattice,0.8,57.4,2,5.52,15.05,0.303,0.852,0.174,0.449,0.0906,11,TLS-00483,electric,1.52,1.26,False,0,,,,,2024,0.0,0.0,0
transmission_span,30.720633066715795,-83.86549585782147,30.748084306038656,-83.88187096805248,3.424,1975,70,steel_lattice,0.8,61.4,3,17.85,80.4,0.345,0.723,0.367,0.565,0.1219,7,TLS-00484,electric,2.93,0.0,False,0,,,,,2023,0.0,0.0,0
transmission_span,31.83320043670809,-81.5564590339616,31.82808870402682,-81.52547630275164,2.976,1992,70,steel_monopole,0.7,81.1,3,38.92,194.64,0.911,0.718,0.806,0.849,0.0931,3,TLS-00485,electric,2.45,0.0,False,0,,,,,2018,0.0,0.0,0
transmission_span,30.777169094902796,-82.47156307047955,30.76082371899112,-82.50806570026278,3.926,1981,70,steel_lattice,0.8,55.8,3,14.71,94.13,0.411,0.542,0.5,0.46,0.0906,8,TLS-00486,electric,1.76,0.0,False,0,,,,,2021,0.0,0.0,0
transmission_span,30.02746730476739,-84.08370816721234,30.00987954031122,-84.09432776587049,2.203,2001,70,steel_lattice,0.8,83.8,3,2.39,0.02,0.176,0.691,0.129,0.302,0.0906,11,TLS-00487,electric,0.33,0.72,False,0,,,,,2023,0.0,0.0,0
transmission_span,30.568455351690254,-83.19644156104131,30.57156969613887,-83.20154418433754,0.598,1962,70,steel_lattice,0.8,71.4,3,20.21,72.27,0.52,0.696,0.337,0.635,0.0906,10,TLS-00488,electric,1.48,0.0,False,0,,,,,2020,0.0,0.0,0
transmission_span,30.345741946381025,-81.673189247589,30.356068797041765,-81.65634687247739,1.979,1955,70,steel_lattice,0.8,53.1,3,0.3,31.94,0.274,0.671,0.221,0.261,0.0906,8,TLS-00489,electric,0.65,0.0,False,0,,,,,2023,0.0,0.0,0
transmission_span,31.965558664437072,-82.64286659005491,31.98582039793262,-82.66069798787935,2.807,1979,70,steel_lattice,0.8,62.8,3,58.03,227.61,0.872,0.665,0.88,1.0,0.0906,3,TLS-00490,electric,0.35,0.0,False,0,,,,,2023,0.0,0.0,0
transmission_span,30.444779146242013,-81.64714833333986,30.435914407218213,-81.64058136405819,1.168,1979,70,concrete,0.95,71.2,3,4.15,42.39,0.239,0.701,0.229,0.348,0.0906,8,TLS-00491,electric,1.63,0.0,False,0,,,,,2025,0.0,0.0,0
transmission_span,31.394539397181724,-83.18072791633806,31.40193933463029,-83.16549509892067,1.661,1966,70,steel_lattice,0.8,51.3,3,46.38,164.08,0.823,0.596,0.632,0.637,0.0906,10,TLS-00492,electric,2.78,0.0,False,0,,,,,2020,0.0,0.0,0
transmission_span,30.754199280633205,-83.68039100112175,30.75044063344788,-83.68386078182907,0.533,1976,70,steel_lattice,0.8,50.9,3,27.38,87.05,0.647,0.731,0.545,0.562,0.0916,7,TLS-00493,electric,5.1,0.0,False,0,,,,,2024,0.0,0.0,0
transmission_span,30.100962167988868,-83.60605875719881,30.11714769272317,-83.58715262042264,2.554,1972,70,concrete,0.95,39.1,3,9.87,15.65,0.107,0.553,0.151,0.478,0.0906,11,TLS-00494,electric,0.88,2.04,False,0,,,,,2021,0.0,0.0,0
transmission_span,30.755728310078666,-82.28386785766968,30.766209187072185,-82.24988466400637,3.444,1987,70,steel_monopole,0.7,71.7,3,17.56,89.23,0.458,0.605,0.384,0.37,0.0906,8,TLS-00495,electric,1.81,2.21,False,0,,,,,2021,0.0,0.0,0
transmission_span,31.787675872090944,-82.5315126874778,31.79855900027604,-82.54242445135917,1.587,1935,70,steel_monopole,0.7,28.5,3,43.61,206.93,0.911,0.643,0.877,0.911,0.0906,3,TLS-00496,electric,1.22,0.0,False,0,,,,,2024,0.0,0.0,0
transmission_span,31.143887598216708,-81.74318618812657,31.13161643714998,-81.75715376181961,1.902,1982,70,steel_monopole,0.7,77.9,3,20.73,122.0,0.437,0.619,0.502,0.667,0.0906,8,TLS-00497,electric,0.5,0.0,False,0,,,,,2024,0.0,0.0,0
transmission_span,31.019846960870623,-83.20542864180338,30.97678204228198,-83.24222526332127,5.925,1979,70,steel_lattice,0.8,46.3,2,32.49,122.3,0.742,0.592,0.519,0.487,0.0906,10,TLS-00498,electric,2.03,0.0,False,0,,,,,2024,0.0,0.0,0
transmission_span,31.76199065495527,-84.61799446451111,31.771433239262617,-84.63092171407891,1.608,1932,70,steel_monopole,0.7,28.2,2,46.75,186.54,0.742,0.814,0.805,0.436,0.1723,4,TLS-00499,electric,1.94,0.0,False,0,,,,,2021,0.0,0.0,0
transmission_span,30.337259567205255,-82.11640210317066,30.34455876683739,-82.12707440099534,1.305,1983,70,steel_lattice,0.8,77.5,3,5.58,39.95,0.441,0.734,0.194,0.397,0.0906,8,TLS-00500,electric,1.17,0.0,False,0,,,,,2025,0.0,0.0,0
transmission_span,32.29213080470101,-81.96561918765141,32.276305453765005,-81.9592005028312,1.857,1998,70,steel_monopole,0.7,88.5,2,52.29,254.05,0.738,0.592,1.0,0.806,0.4471,3,TLS-00501,electric,7.13,0.0,False,0,,,,,2022,0.0,0.0,0
transmission_span,31.86371323307562,-83.39280309011616,31.885130162461707,-83.390787480765,2.385,1971,70,steel_lattice,0.8,54.7,3,62.14,214.14,0.851,0.73,0.802,0.725,0.0906,1,TLS-00502,electric,1.29,0.0,False,0,,,,,2023,0.0,0.0,0
transmission_span,30.751296210892455,-83.7546027426322,30.732506515645913,-83.73221414619135,2.985,1949,70,steel_lattice,0.8,43.5,3,20.53,85.57,0.522,0.742,0.383,0.533,0.0954,7,TLS-00503,electric,2.22,0.0,False,0,,,,,2021,0.0,0.0,0
transmission_span,31.408851599252895,-83.38561698309638,31.450614522322084,-83.40105701849261,4.861,1961,70,steel_monopole,0.7,62.8,2,44.58,163.74,0.849,0.572,0.684,0.589,0.0906,6,TLS-00504,electric,2.35,0.0,False,0,,,,,2018,0.0,0.0,0
transmission_span,31.009094146767914,-85.22237383611865,31.007642303807682,-85.19905513214827,2.224,1993,70,steel_lattice,0.8,76.3,3,25.36,104.21,0.511,0.752,0.473,0.359,0.1057,0,TLS-00505,electric,2.29,0.0,False,0,,,,,2024,0.0,0.0,0
transmission_span,31.2954294285416,-83.08984332634017,31.284154500978854,-83.11931238984266,3.063,1943,70,concrete,0.95,2.0,3,31.96,153.63,0.677,0.678,0.569,0.582,0.0906,10,TLS-00506,electric,2.47,0.0,False,0,,,,,2018,0.0,0.0,0
transmission_span,31.937133073224622,-85.4742176132165,31.929237301435045,-85.48295437213689,1.202,2000,70,steel_monopole,0.7,70.7,3,53.92,210.49,0.962,0.743,1.0,0.562,0.1143,0,TLS-00507,electric,2.2,1.72,False,0,,,,,2024,0.0,0.0,0
transmission_span,30.76579482456316,-83.78906681286519,30.753603216912133,-83.80789569364204,2.249,1983,70,steel_lattice,0.8,77.5,3,23.9,86.63,0.391,0.661,0.411,0.387,0.1004,7,TLS-00508,electric,1.38,0.0,False,0,,,,,2024,0.0,0.0,0
transmission_span,31.36210663062468,-83.4570522939463,31.358021076252626,-83.45907562261452,0.492,1982,70,steel_lattice,0.8,72.7,3,42.82,157.68,0.711,0.628,0.592,0.632,0.0906,6,TLS-00509,electric,3.96,0.0,False,0,,,,,2025,0.0,0.0,0
transmission_span,30.83658792065142,-81.76907274388711,30.83818106131079,-81.74625298189885,2.182,1994,70,concrete,0.95,79.9,2,6.44,88.43,0.556,0.705,0.436,0.498,0.0906,8,TLS-00510,electric,1.6,0.0,False,0,,,,,2023,0.0,0.0,0
transmission_span,31.66360489694926,-85.99381871016689,31.680542981613357,-86.02592234561699,3.569,2022,70,steel_monopole,0.7,99.4,3,51.33,190.08,0.943,0.672,0.81,0.495,0.0908,0,TLS-00511,electric,0.81,0.0,False,0,,,,,2019,0.0,0.0,0
transmission_span,30.039858170083786,-83.17854752393251,30.030071822827722,-83.177328656805,1.093,1944,70,concrete,0.95,42.2,2,6.28,13.73,0.281,0.684,0.122,0.623,0.0906,11,TLS-00512,electric,1.99,1.09,False,0,,,,,2025,0.0,0.0,0
transmission_span,30.200878098000096,-84.23724160970635,30.212911095122426,-84.20723811042109,3.173,1956,70,steel_lattice,0.8,31.5,3,6.05,17.06,0.199,0.772,0.202,0.237,0.091,9,TLS-00513,electric,0.65,0.0,False,0,,,,,2024,0.0,0.0,0
transmission_span,30.37492173805283,-82.32993845138654,30.39989635981919,-82.33971936081527,2.926,1974,70,concrete,0.95,59.0,2,8.19,47.65,0.33,0.581,0.304,0.359,0.0906,8,TLS-00514,electric,2.33,0.0,False,0,,,,,2024,0.0,0.0,0
transmission_span,31.632888174413964,-82.43505952286864,31.59842770651037,-82.42991997720696,3.856,2003,70,steel_monopole,0.7,100.0,3,41.11,188.69,0.93,0.764,0.803,0.896,0.0906,3,TLS-00515,electric,1.37,0.0,False,0,,,,,2026,0.0,0.0,0
transmission_span,31.56612220132204,-85.84436824555827,31.562389207858562,-85.86813936519845,2.286,1985,70,steel_lattice,0.8,88.4,2,49.67,176.15,0.833,0.718,0.725,0.531,0.0997,0,TLS-00516,electric,1.46,0.0,False,0,,,,,2024,0.0,0.0,0
transmission_span,30.327648791313223,-83.90913630211928,30.32896957224763,-83.91829361795672,0.89,1966,70,steel_lattice,0.8,48.1,3,12.97,36.08,0.311,0.594,0.303,0.461,0.0911,11,TLS-00517,electric,2.71,0.0,False,0,,,,,2024,0.0,0.0,0
transmission_span,30.170396858574406,-81.98980911425231,30.19781128402856,-81.97312696234471,3.438,1984,70,steel_lattice,0.8,62.7,3,0.3,19.02,0.211,0.62,0.24,0.303,0.0906,8,TLS-00518,electric,0.7,0.0,False,0,,,,,2024,0.0,0.0,0
transmission_span,31.071720664192938,-84.13061150823043,31.07710031346413,-84.14178161103392,1.218,1973,70,concrete,0.95,46.9,1,31.54,115.23,0.531,0.553,0.65,0.509,0.325,7,TLS-00519,electric,1.22,0.0,False,0,,,,,2021,0.0,0.0,0
transmission_span,31.272390101737578,-84.84960085897865,31.2643363332005,-84.85635571436082,1.1,1963,70,steel_lattice,0.8,63.5,3,27.02,131.51,0.64,0.715,0.549,0.512,0.1617,0,TLS-00520,electric,5.37,0.0,False,0,,,,,2025,0.0,0.0,0
transmission_span,31.012767929046476,-84.89069048145853,30.986486495119564,-84.88700264816691,2.938,2006,70,steel_monopole,0.7,89.7,3,23.68,102.72,0.561,0.622,0.387,0.489,0.246,7,TLS-00521,electric,1.81,0.0,False,0,,,,,2024,0.0,0.0,0
transmission_span,32.10454887464183,-82.9045110533859,32.09555246727923,-82.90571222626035,1.005,2003,70,steel_lattice,0.8,100.0,1,62.58,243.93,0.854,0.791,0.938,0.956,0.0906,2,TLS-00522,electric,2.79,0.0,False,0,,,,,2025,0.0,0.0,0
transmission_span,30.23749362261418,-85.4554908007901,30.24829246508846,-85.4361616066639,2.207,1983,70,steel_monopole,0.7,62.9,2,0.94,21.54,0.295,0.651,0.217,0.0,0.0906,9,TLS-00523,electric,0.88,0.0,False,0,,,,,2018,0.0,0.0,0
transmission_span,30.679620120888266,-81.59242765018452,30.702889889894625,-81.56866278001482,3.438,1971,70,steel_lattice,0.8,57.6,3,5.78,67.33,0.432,0.63,0.389,0.487,0.0906,8,TLS-00524,electric,1.43,0.0,False,0,,,,,2023,0.0,0.0,0
transmission_span,32.979254660582626,-85.58848592473498,32.97332404769808,-85.61575844473904,2.623,1988,70,steel_lattice,0.8,77.1,3,95.07,328.07,0.921,0.639,1.0,0.298,0.0906,0,TLS-00525,electric,1.19,0.0,False,0,,,,,2018,0.0,0.0,0
transmission_span,30.722864326576985,-84.87334899082477,30.708390579089638,-84.78769147823814,8.33,1983,70,steel_monopole,0.7,85.8,3,12.32,70.52,0.386,0.854,0.264,0.292,0.1193,9,TLS-00526,electric,0.29,0.0,False,0,,,,,2025,0.0,0.0,0
transmission_span,31.819253079615066,-85.57421551222477,31.830227767000718,-85.5899979241842,1.923,2007,70,steel_lattice,0.8,68.5,2,53.17,199.06,0.791,0.682,0.812,0.583,0.1202,0,TLS-00527,electric,3.45,0.0,False,0,,,,,2022,0.0,0.0,0
transmission_span,31.283544226274532,-84.76424804147415,31.323597347571997,-84.72274160876279,5.939,1965,70,steel_lattice,0.8,23.3,3,30.05,132.84,0.594,0.76,0.624,0.495,0.1917,7,TLS-00528,electric,4.86,0.0,False,0,,,,,2022,0.0,0.0,0
transmission_span,31.115225308028386,-85.94721294858081,31.063821537789572,-85.93281135674417,5.868,1986,70,steel_monopole,0.7,55.2,3,34.9,128.23,0.623,0.761,0.645,0.294,0.0944,0,TLS-00529,electric,2.61,0.0,False,0,,,,,2025,0.0,0.0,0
transmission_span,30.830067190221,-81.79764702881724,30.846017035139784,-81.79667449108263,1.773,1980,70,steel_monopole,0.7,67.7,3,6.76,88.31,0.447,0.596,0.422,0.548,0.0906,8,TLS-00530,electric,2.7,1.67,False,0,,,,,2025,0.0,0.0,0
transmission_span,30.194109788313753,-83.11767569763582,30.2013460732547,-83.09084920146972,2.696,1978,70,steel_lattice,0.8,58.3,2,11.25,31.24,0.329,0.649,0.256,0.62,0.0906,11,TLS-00531,electric,0.76,2.2,False,0,,,,,2023,0.0,0.0,0
transmission_span,30.896196408700636,-85.50485244916551,30.845114677851438,-85.47410599488907,6.382,1988,70,steel_monopole,0.7,67.6,2,21.04,95.44,0.588,0.719,0.535,0.273,0.1051,0,TLS-00532,electric,1.89,0.0,False,0,,,,,2019,0.0,0.0,0
transmission_span,32.423599841986864,-82.14720003969907,32.418419307409984,-82.10847302807186,3.674,1970,70,steel_monopole,0.7,63.3,2,67.07,272.09,0.792,0.774,1.0,0.832,0.1612,3,TLS-00533,electric,3.09,0.0,False,0,,,,,2020,0.0,0.0,0
transmission_span,30.74366334577968,-83.64800830680822,30.748541271512966,-83.64795793683501,0.541,1993,70,steel_lattice,0.8,65.4,3,26.14,86.37,0.464,0.694,0.473,0.659,0.091,7,TLS-00534,electric,1.01,0.0,False,0,,,,,2019,0.0,0.0,0
transmission_span,30.548559090346323,-83.32579702720734,30.5489030434567,-83.29026584030115,3.397,1974,70,steel_monopole,0.7,65.2,3,20.8,68.9,0.359,0.61,0.436,0.46,0.0906,10,TLS-00535,electric,4.36,1.39,False,0,,,,,2024,0.0,0.0,0
transmission_span,30.372998886074924,-84.34542648777406,30.380185630125453,-84.32322486885948,2.271,1970,70,steel_lattice,0.8,51.5,3,8.46,34.81,0.131,0.576,0.215,0.27,0.1043,9,TLS-00536,electric,1.89,0.0,False,0,,,,,2024,0.0,0.0,0
transmission_span,29.93800781451409,-83.35199578272837,29.926600201391036,-83.37205858618282,2.308,1988,70,steel_monopole,0.7,65.6,2,5.0,0.85,0.19,0.671,0.231,0.49,0.0906,11,TLS-00537,electric,1.04,2.05,False,0,,,,,2024,0.0,0.0,0
transmission_span,31.70812027740958,-82.34330008465537,31.696591373661526,-82.34853814360483,1.372,1966,70,concrete,0.95,47.4,3,47.86,195.83,0.742,0.914,0.772,0.918,0.0906,3,TLS-00538,electric,2.19,0.0,False,0,,,,,2022,0.0,0.0,0
transmission_span,32.556123405672125,-83.9991155070259,32.59108963689865,-83.98077465621049,4.244,1976,70,steel_monopole,0.7,66.6,3,79.08,282.01,0.831,0.631,0.957,0.712,0.0953,4,TLS-00539,electric,0.63,0.0,False,0,,,,,2023,0.0,0.0,0
transmission_span,31.06496708720529,-83.48664260745821,31.059152068282497,-83.4878922015,0.656,1987,70,steel_lattice,0.8,58.4,2,32.25,124.32,0.587,0.673,0.576,0.442,0.0906,6,TLS-00540,electric,2.93,0.0,False,0,,,,,2023,0.0,0.0,0
transmission_span,32.66500267895644,-84.9060769242979,32.66297074586804,-84.91314735653766,0.698,1967,70,steel_monopole,0.7,50.5,3,76.9,286.14,0.73,0.698,1.0,0.423,0.1109,4,TLS-00541,electric,1.94,0.0,False,0,,,,,2022,0.0,0.0,0
transmission_span,31.784049072665013,-83.54446753860236,31.804414446353917,-83.53102475422335,2.592,1991,70,steel_monopole,0.7,71.0,2,58.15,203.35,0.777,0.428,0.721,0.673,0.0906,1,TLS-00542,electric,0.66,0.0,False,0,,,,,2022,0.0,0.0,0
transmission_span,30.048978654079285,-83.89109456219407,30.070577601587576,-83.88642429794331,2.439,1972,70,steel_monopole,0.7,56.6,3,8.15,5.43,0.2,0.714,0.172,0.361,0.0906,11,TLS-00543,electric,1.51,0.0,False,0,,,,,2019,0.0,0.0,0
transmission_span,30.1554655947512,-84.79089923373978,30.160915711000094,-84.79586222653965,0.77,1967,70,steel_lattice,0.8,44.2,3,0.3,7.57,0.139,0.663,0.161,0.086,0.0906,9,TLS-00544,electric,0.84,0.0,False,0,,,,,2023,0.0,0.0,0
transmission_span,31.12853074276904,-85.28791593248617,31.12244508022912,-85.29196994263268,0.778,1976,70,steel_monopole,0.7,74.6,2,21.53,118.18,0.429,0.488,0.478,0.377,0.1697,0,TLS-00545,electric,2.24,0.0,False,0,,,,,2024,0.0,0.0,0
transmission_span,32.15277158867154,-83.7964465064846,32.17050482226552,-83.78692779210643,2.162,1980,70,concrete,0.95,73.8,3,64.79,240.47,0.955,0.727,0.954,0.772,0.0906,2,TLS-00546,electric,1.18,0.0,False,0,,,,,2025,0.0,0.0,0
transmission_span,32.377358724200576,-85.7524226123335,32.386073920044566,-85.76241303280808,1.346,1959,70,steel_lattice,0.8,56.5,3,72.91,264.34,0.759,0.777,0.949,0.44,0.0906,0,TLS-00547,electric,1.2,0.0,False,0,,,,,2025,0.0,0.0,0
transmission_span,32.32857006512959,-82.52108772233701,32.32987707933343,-82.52644919615156,0.523,1965,70,steel_lattice,0.8,66.0,3,65.56,266.87,0.852,0.591,0.885,0.988,0.0906,3,TLS-00548,electric,3.77,0.0,False,0,,,,,2022,0.0,0.0,0
transmission_span,31.64419515824193,-83.05344496774896,31.659325790672263,-83.10995547841739,5.598,1976,70,steel_lattice,0.8,71.6,3,50.3,192.51,0.924,0.687,0.733,0.692,0.0906,1,TLS-00549,electric,3.13,0.0,False,0,,,,,2018,0.0,0.0,0
transmission_span,30.555136793078397,-83.49947304868184,30.55635120674561,-83.51052003651424,1.065,2004,70,steel_lattice,0.8,93.2,3,18.26,67.56,0.436,0.747,0.32,0.507,0.0906,7,TLS-00550,electric,4.75,1.9,False,0,,,,,2023,0.0,0.0,0
transmission_span,30.269874916311217,-83.79054849093865,30.2726353750201,-83.78598680611385,0.534,1976,70,steel_monopole,0.7,73.6,3,13.43,31.56,0.359,0.71,0.263,0.434,0.0906,11,TLS-00551,electric,2.27,0.0,False,0,,,,,2017,0.0,0.0,0
transmission_span,30.406187952393022,-85.56764996054147,30.437956055431126,-85.52993487027467,5.047,1989,70,steel_lattice,0.8,66.6,3,7.33,42.1,0.2,0.58,0.333,0.0,0.0906,9,TLS-00552,electric,3.43,0.0,False,0,,,,,2016,0.0,0.0,0
transmission_span,30.567356513466517,-85.81265009913001,30.57716363003183,-85.82381599891946,1.524,1942,70,steel_lattice,0.8,32.1,3,15.03,64.64,0.43,0.711,0.4,0.13,0.0906,0,TLS-00553,electric,0.85,0.0,False,0,,,,,2023,0.0,0.0,0
transmission_span,32.90223564850408,-85.96645717462826,32.89227183946683,-85.98046760185657,1.711,1959,70,steel_lattice,0.8,54.2,3,98.0,326.99,0.926,0.603,1.0,0.402,0.0906,0,TLS-00554,electric,4.61,0.0,False,0,,,,,2020,0.0,0.0,0
transmission_span,30.95039284256759,-83.1741470707192,30.94448182657297,-83.15919305613028,1.567,1983,70,steel_lattice,0.8,79.5,3,27.68,114.83,0.624,0.793,0.426,0.528,0.0906,10,TLS-00555,electric,1.51,0.0,False,0,,,,,2018,0.0,0.0,0
transmission_span,30.82180424009124,-82.56945157722855,30.833086164353205,-82.55073039800851,2.18,1963,70,steel_lattice,0.8,67.9,3,18.78,100.08,0.479,0.667,0.532,0.415,0.0906,8,TLS-00556,electric,2.09,0.0,False,0,,,,,2025,0.0,0.0,0
transmission_span,30.09964083054407,-82.96817164110915,30.084733559771788,-82.91523578668327,5.346,1975,70,steel_lattice,0.8,52.8,3,7.96,21.32,0.437,0.761,0.309,0.532,0.0906,11,TLS-00557,electric,1.21,0.0,False,0,,,,,2020,0.0,0.0,0
transmission_span,30.217955446177186,-85.16853818514657,30.249132879889306,-85.17039190787231,3.465,2003,70,steel_monopole,0.7,77.1,3,2.1,15.89,0.373,0.616,0.232,0.0,0.0906,9,TLS-00558,electric,3.13,0.95,False,0,,,,,2022,0.0,0.0,0
transmission_span,31.626956127175898,-85.73100814405447,31.63994666194405,-85.70100436895534,3.181,1979,70,steel_lattice,0.8,50.8,3,48.39,180.63,0.73,0.655,0.713,0.608,0.1109,0,TLS-00559,electric,0.75,0.0,False,0,,,,,2021,0.0,0.0,0
transmission_span,31.59663403425703,-84.26300083525129,31.609556251570343,-84.28057280314968,2.195,1951,70,steel_lattice,0.8,46.0,3,46.04,171.65,0.8,0.755,0.706,0.52,0.1012,7,TLS-00560,electric,0.74,0.0,False,0,,,,,2024,0.0,0.0,0
transmission_span,31.585819894774502,-82.27773070298181,31.576183926327552,-82.26292768878906,1.762,1955,70,steel_lattice,0.8,45.4,3,37.95,181.28,0.763,0.716,0.609,0.85,0.0906,3,TLS-00561,electric,4.03,0.0,False,0,,,,,2024,0.0,0.0,0
transmission_span,30.469814115691165,-84.42683321300196,30.455056868104148,-84.42260888020587,1.687,1981,70,steel_lattice,0.8,66.3,3,6.21,44.66,0.366,0.599,0.282,0.473,0.1366,9,TLS-00562,electric,0.39,0.0,False,0,,,,,2023,0.0,0.0,0
transmission_span,31.910529826356893,-83.74961124360618,31.928179741489448,-83.75363889155436,1.996,1978,70,steel_monopole,0.7,66.3,3,58.29,214.32,0.901,0.56,0.776,0.612,0.0906,1,TLS-00563,electric,1.71,0.0,False,0,,,,,2023,0.0,0.0,0
transmission_span,31.098830423027376,-82.51793144610927,31.107812125076077,-82.5396067613584,2.289,1976,70,steel_monopole,0.7,69.1,3,26.83,130.34,0.561,0.676,0.558,0.506,0.0906,8,TLS-00564,electric,1.96,0.0,False,0,,,,,2023,0.0,0.0,0
transmission_span,30.993677987839316,-82.61112264778154,30.990270600210067,-82.60838502342288,0.459,1969,70,steel_monopole,0.7,56.9,3,25.31,119.5,0.556,0.657,0.539,0.59,0.0906,10,TLS-00565,electric,1.36,0.0,False,0,,,,,2024,0.0,0.0,0
transmission_span,30.58501507804515,-85.9615116770425,30.5586720223459,-85.95569089766671,2.977,1980,70,steel_lattice,0.8,52.2,3,19.45,69.68,0.391,0.625,0.378,0.021,0.0906,0,TLS-00566,electric,2.23,0.0,False,0,,,,,2015,0.0,0.0,0
transmission_span,31.672944330381842,-84.88522332885795,31.660503086529516,-84.87897713630376,1.502,1958,70,steel_lattice,0.8,55.2,3,46.26,175.99,0.975,0.56,0.683,0.38,0.107,0,TLS-00567,electric,4.68,0.0,False,0,,,,,2024,0.0,0.0,0
transmission_span,32.32346791519743,-83.49189698766217,32.31080917096946,-83.48027379834114,1.778,1967,70,steel_lattice,0.8,49.1,3,76.21,263.94,0.889,0.636,1.0,0.842,0.0906,2,TLS-00568,electric,3.0,0.0,False,0,,,,,2023,0.0,0.0,0
transmission_span,30.37353155146151,-83.4731128916307,30.390847367141703,-83.48479486773115,2.224,1990,70,steel_lattice,0.8,69.6,3,12.8,47.75,0.43,0.831,0.302,0.454,0.0906,11,TLS-00569,electric,2.82,0.0,False,0,,,,,2025,0.0,0.0,0
transmission_span,30.556384755920426,-81.82653405379143,30.532759525472695,-81.83137314933784,2.663,1956,70,steel_lattice,0.8,45.6,3,6.93,58.53,0.429,0.564,0.324,0.365,0.0906,8,TLS-00570,electric,1.15,0.0,False,0,,,,,2017,0.0,0.0,0
transmission_span,30.06258648402725,-83.95523966693779,30.072262760662124,-83.98973399308186,3.484,1941,70,steel_lattice,0.8,22.2,1,0.91,5.92,0.278,0.606,0.108,0.428,0.0906,11,TLS-00571,electric,1.71,0.0,False,0,,,,,2024,0.0,0.0,0
transmission_span,32.8830964441703,-85.13906916914868,32.86742387221075,-85.14033518156054,1.744,1985,70,steel_monopole,0.7,69.2,3,86.22,311.47,0.924,0.59,1.0,0.391,0.0906,4,TLS-00572,electric,1.45,1.01,False,0,,,,,2026,0.0,0.0,0
transmission_span,30.578260207326462,-83.33332621316619,30.587314124127253,-83.3053813663211,2.853,1971,70,steel_monopole,0.7,77.4,3,23.21,72.11,0.4,0.632,0.38,0.614,0.0906,10,TLS-00573,electric,7.99,1.09,False,0,,,,,2022,0.0,0.0,0
transmission_span,30.60320799190223,-83.89889572276894,30.612695713172574,-83.90731363761242,1.325,1950,70,steel_lattice,0.8,31.9,3,19.78,66.83,0.481,0.655,0.416,0.52,0.1139,7,TLS-00574,electric,2.31,0.0,False,0,,,,,2023,0.0,0.0,0
transmission_span,32.46947863855809,-83.43743763494386,32.471862758059444,-83.46338984322138,2.445,1976,70,steel_lattice,0.8,76.5,2,83.12,280.85,0.868,0.645,1.0,0.855,0.0906,2,TLS-00575,electric,0.57,0.0,False,0,,,,,2023,0.0,0.0,0
transmission_span,31.479248109775604,-85.67733478109255,31.47913402878525,-85.68987471224047,1.187,1972,70,steel_lattice,0.8,68.5,3,40.71,163.2,0.68,0.536,0.714,0.436,0.1958,0,TLS-00576,electric,0.4,0.0,False,0,,,,,2024,0.0,0.0,0
transmission_span,31.49703081588609,-84.20023141865384,31.472200411720497,-84.18881670598668,2.96,1951,70,steel_lattice,0.8,53.5,3,42.99,161.44,0.739,0.776,0.618,0.549,0.0921,7,TLS-00577,electric,1.68,0.0,False,0,,,,,2022,0.0,0.0,0
transmission_span,30.979037397735297,-84.25795370927548,30.989461489266656,-84.28226579418028,2.587,1985,70,steel_lattice,0.8,66.9,3,23.78,103.16,0.265,0.382,0.493,0.554,0.7831,7,TLS-00578,electric,2.6,0.0,False,0,,,,,2025,0.0,0.0,0
transmission_span,30.22706436008899,-83.01337489900817,30.206892816459934,-83.0060780515765,2.346,2000,70,steel_lattice,0.8,71.3,1,12.28,35.35,0.316,0.632,0.215,0.572,0.0906,11,TLS-00579,electric,2.03,0.0,False,0,,,,,2024,0.0,0.0,0
transmission_span,30.33230825426276,-81.94247696708781,30.33599878067244,-81.95149792833884,0.956,1982,70,steel_monopole,0.7,64.0,3,0.3,36.04,0.158,0.674,0.258,0.314,0.0906,8,TLS-00580,electric,2.39,0.0,False,0,,,,,2022,0.0,0.0,0
transmission_span,31.278851047811965,-85.58877691643178,31.27206699668646,-85.59593496838531,1.014,1951,70,concrete,0.95,25.7,1,36.55,139.33,0.603,0.621,0.572,0.416,0.3828,0,TLS-00581,electric,2.01,0.0,False,0,,,,,2018,0.0,0.0,0
transmission_span,30.654366605348546,-84.03581624650471,30.63911443823776,-84.00356017842982,3.515,1963,70,steel_lattice,0.8,46.2,2,17.37,70.34,0.374,0.528,0.437,0.531,0.2701,7,TLS-00582,electric,0.19,0.0,False,0,,,,,2023,0.0,0.0,0
transmission_span,31.471596913495574,-82.67941343312428,31.460021803302116,-82.67679966628316,1.308,1978,70,steel_lattice,0.8,70.4,2,41.81,173.02,0.717,0.824,0.741,0.761,0.0906,10,TLS-00583,electric,1.51,0.0,False,0,,,,,2016,0.0,0.0,0
transmission_span,30.503804793901296,-82.36493967668069,30.51482982403784,-82.36590795335984,1.227,1954,70,steel_lattice,0.8,62.4,3,10.13,62.45,0.473,0.685,0.372,0.348,0.0906,8,TLS-00584,electric,2.18,0.0,False,0,,,,,2025,0.0,0.0,0
transmission_span,30.051003471949894,-85.84430713367486,30.017978479856385,-85.82027040428264,4.333,1984,70,steel_monopole,0.7,68.0,2,3.9,7.97,0.199,0.683,0.215,0.0,0.0906,9,TLS-00585,electric,1.59,1.05,False,0,,,,,2023,0.0,0.0,0
transmission_span,30.981249324049863,-83.71426663061452,31.003589098424296,-83.71150754791964,2.494,1975,70,steel_lattice,0.8,57.0,3,29.98,111.73,0.678,0.724,0.439,0.56,0.0922,7,TLS-00586,electric,3.93,0.0,False,0,,,,,2024,0.0,0.0,0
transmission_span,31.275887538509622,-85.14691969486647,31.290423424947555,-85.16324425046672,2.236,1962,70,steel_lattice,0.8,41.7,3,30.87,133.13,0.65,0.619,0.51,0.476,0.1375,0,TLS-00587,electric,3.55,1.41,False,0,,,,,2022,0.0,0.0,0
transmission_span,31.732956242509147,-81.75436174732423,31.717246389246352,-81.75537248048921,1.746,1967,70,concrete,0.95,56.0,2,37.26,187.62,0.877,0.63,0.712,0.897,0.0912,3,TLS-00588,electric,0.97,0.0,False,0,,,,,2023,0.0,0.0,0
transmission_span,31.14114468420719,-83.2759251156196,31.141150195601416,-83.30521180577195,2.782,1931,70,concrete,0.95,9.9,3,41.55,135.16,0.681,0.673,0.539,0.534,0.0906,10,TLS-00589,electric,2.32,0.0,False,0,,,,,2022,0.0,0.0,0
transmission_span,31.006523379840147,-82.58899075359362,31.00223636747173,-82.59320694941515,0.622,1993,70,steel_lattice,0.8,68.7,2,22.12,120.75,0.678,0.614,0.53,0.543,0.0906,10,TLS-00590,electric,0.29,0.0,False,0,,,,,2022,0.0,0.0,0
transmission_span,30.984272236877366,-81.83023111479062,30.986929150303315,-81.81064433515628,1.887,2004,70,steel_lattice,0.8,94.5,3,11.35,106.11,0.44,0.643,0.395,0.598,0.0906,8,TLS-00591,electric,1.03,1.41,False,0,,,,,2023,0.0,0.0,0
transmission_span,32.30323540136498,-84.83003835950616,32.289238993513294,-84.82581317150283,1.603,1996,70,steel_monopole,0.7,76.3,3,59.06,245.94,0.888,0.54,0.848,0.462,0.1275,4,TLS-00592,electric,5.23,1.69,False,0,,,,,2023,0.0,0.0,0
transmission_span,30.832365689827714,-85.65296006569515,30.840291067154205,-85.63414090915211,1.998,1969,70,steel_lattice,0.8,48.3,3,18.46,90.94,0.562,0.653,0.362,0.063,0.0938,0,TLS-00593,electric,1.1,0.0,False,0,,,,,2025,0.0,0.0,0
transmission_span,32.07628388414573,-85.9138346654895,32.0633283010817,-85.87484492798171,3.939,1980,70,steel_lattice,0.8,66.0,3,64.67,234.21,0.895,0.818,0.798,0.604,0.0906,0,TLS-00594,electric,2.81,0.0,False,0,,,,,2026,0.0,0.0,0
transmission_span,30.598404748816336,-81.66097771824059,30.63828434920372,-81.6403308702666,4.846,1966,70,steel_lattice,0.8,44.6,3,6.43,59.73,0.22,0.788,0.292,0.368,0.0906,8,TLS-00595,electric,3.69,0.0,False,0,,,,,2022,0.0,0.0,0
transmission_span,31.550336936763426,-81.91154739468803,31.54502784327109,-81.90466294704581,0.878,1975,70,steel_monopole,0.7,37.8,2,28.78,170.62,0.778,0.548,0.617,0.831,0.0906,3,TLS-00596,electric,3.4,0.0,False,0,,,,,2022,0.0,0.0,0
transmission_span,31.12822563833441,-85.51584554939373,31.144033337834077,-85.51436783999574,1.76,1975,70,steel_lattice,0.8,71.9,3,32.34,121.37,0.706,0.677,0.609,0.242,0.2823,0,TLS-00597,electric,2.47,0.0,False,0,,,,,2020,0.0,0.0,0
transmission_span,31.464468839941002,-82.24910452013293,31.46113458911145,-82.2587417674902,0.985,1963,70,steel_lattice,0.8,48.2,2,34.15,167.36,0.765,0.636,0.579,0.828,0.0906,3,TLS-00598,electric,1.37,0.0,False,0,,,,,2021,0.0,0.0,0
transmission_span,30.618307520567196,-83.48026302617795,30.617250788567965,-83.46864274169386,1.116,1997,70,concrete,0.95,90.3,3,18.17,74.82,0.482,0.587,0.317,0.512,0.0906,7,TLS-00599,electric,2.97,0.83,False,0,,,,,2023,0.0,0.0,0
transmission_span,30.305790286757173,-82.7052373455652,30.263538716246057,-82.63497363094909,8.206,1994,70,steel_monopole,0.7,87.0,3,10.13,43.76,0.308,0.558,0.234,0.542,0.0906,8,TLS-00600,electric,0.75,0.0,False,0,,,,,2024,0.0,0.0,0
transmission_span,31.79771565040296,-83.70867851542859,31.810139855897354,-83.75005027016292,4.14,1961,70,steel_lattice,0.8,61.8,3,57.84,202.44,0.807,0.713,0.802,0.691,0.0906,1,TLS-00601,electric,1.58,0.0,False,0,,,,,2025,0.0,0.0,0
transmission_span,32.95090577553377,-84.47971204792506,32.94208799204923,-84.44701395443379,3.199,1957,70,steel_monopole,0.7,53.4,3,91.55,319.55,0.755,0.792,1.0,0.51,0.1096,4,TLS-00602,electric,2.69,0.0,False,0,,,,,2025,0.0,0.0,0
transmission_span,32.311931236282234,-84.18896348449402,32.31806817183869,-84.1846099600281,0.794,1948,70,steel_lattice,0.8,30.1,3,70.32,252.05,0.798,0.749,0.953,0.561,0.1376,4,TLS-00603,electric,7.07,0.0,False,0,,,,,2018,0.0,0.0,0
transmission_span,31.547696436182733,-82.20833386780113,31.554921869174922,-82.24549177899141,3.605,1981,70,steel_lattice,0.8,58.4,2,35.03,175.92,0.873,0.782,0.656,0.849,0.0906,3,TLS-00604,electric,1.67,0.0,False,0,,,,,2022,0.0,0.0,0
transmission_span,32.20051721258392,-82.24938063066006,32.21796652946459,-82.26955575750405,2.71,1961,70,steel_lattice,0.8,65.9,3,55.81,249.06,0.899,0.769,0.922,0.927,0.0954,3,TLS-00605,electric,3.25,1.59,False,0,,,,,2024,0.0,0.0,0
transmission_span,30.825083027993607,-81.95152746291998,30.81340465968497,-81.9819170579642,3.174,1958,70,steel_monopole,0.7,52.9,3,13.28,90.92,0.484,0.742,0.432,0.561,0.0906,8,TLS-00606,electric,1.34,0.0,False,0,,,,,2024,0.0,0.0,0
transmission_span,30.22964015582531,-83.66038395589588,30.199549922837534,-83.66504072728117,3.37,1987,70,steel_monopole,0.7,66.5,2,11.88,29.13,0.303,0.75,0.285,0.53,0.0906,11,TLS-00607,electric,2.13,0.0,False,0,,,,,2022,0.0,0.0,0
transmission_span,30.13249502158516,-83.01373535858282,30.130114726028985,-83.00600200729566,0.788,1990,70,steel_lattice,0.8,93.7,2,8.8,24.86,0.286,0.627,0.218,0.626,0.0906,11,TLS-00608,electric,1.43,0.0,False,0,,,,,2018,0.0,0.0,0
transmission_span,31.38715477079661,-83.81718850334391,31.38023528925804,-83.83027508477362,1.459,1986,70,steel_monopole,0.7,62.9,3,41.76,155.16,0.548,0.701,0.79,0.603,0.0906,6,TLS-00609,electric,2.1,0.0,False,0,,,,,2022,0.0,0.0,0
transmission_span,30.50122565818333,-84.39588493053527,30.496041436707795,-84.3997846898408,0.686,1990,70,steel_lattice,0.8,39.6,2,9.62,48.47,0.335,0.542,0.326,0.467,0.1743,7,TLS-00610,electric,2.17,1.33,False,0,,,,,2023,0.0,0.0,0
transmission_span,31.600023102576483,-85.57258563313212,31.594998567253427,-85.55959284915006,1.349,1990,70,concrete,0.95,66.7,3,45.91,174.7,0.778,0.552,0.807,0.551,0.1909,0,TLS-00611,electric,4.17,0.0,False,0,,,,,2024,0.0,0.0,0
transmission_span,31.998920477707838,-85.91957882546406,31.985516564834327,-86.0130166372828,8.921,1967,70,steel_monopole,0.7,54.0,3,58.82,225.75,0.81,0.756,0.824,0.728,0.0906,0,TLS-00612,electric,0.85,0.0,False,0,,,,,2022,0.0,0.0,0
transmission_span,31.778060808588037,-81.87436843076918,31.769776444266565,-81.86580461596239,1.224,2005,70,steel_lattice,0.8,100.0,2,35.64,195.13,1.0,0.635,0.738,0.867,0.0918,3,TLS-00613,electric,1.87,0.0,False,0,,,,,2024,0.0,0.0,0
transmission_span,31.041479391219546,-83.32600877451546,31.043099003830854,-83.33352569378576,0.737,1953,70,steel_lattice,0.8,57.5,3,28.43,123.61,0.567,0.692,0.618,0.434,0.0906,10,TLS-00614,electric,1.46,1.97,False,0,,,,,2024,0.0,0.0,0
transmission_span,31.698449650382734,-82.2929535098285,31.709218414733495,-82.30479187061715,1.637,1957,70,steel_lattice,0.8,42.4,3,41.12,194.02,0.834,0.71,0.767,0.865,0.0906,3,TLS-00615,electric,1.47,0.0,False,0,,,,,2023,0.0,0.0,0
transmission_span,31.45201585859731,-84.19285211319685,31.45899815788699,-84.21039300305847,1.833,2001,70,steel_monopole,0.7,79.8,3,41.41,156.55,0.804,0.693,0.655,0.512,0.0918,7,TLS-00616,electric,2.97,0.0,False,0,,,,,2023,0.0,0.0,0
transmission_span,30.061504642436176,-85.50042024144636,30.063052771951863,-85.56368754110117,6.08,1980,70,steel_monopole,0.7,67.2,3,4.58,2.71,0.256,0.644,0.231,0.0,0.0906,9,TLS-00617,electric,1.02,1.91,False,0,,,,,2023,0.0,0.0,0
transmission_span,30.25218479234185,-85.23775147370492,30.252362186709835,-85.25523237390128,1.676,1950,70,steel_lattice,0.8,38.2,3,1.19,20.35,0.266,0.64,0.275,0.0,0.0906,9,TLS-00618,electric,1.31,0.0,False,0,,,,,2025,0.0,0.0,0
transmission_span,31.31211762971202,-85.53838917149442,31.320068875181207,-85.53323227730299,1.009,1964,70,steel_lattice,0.8,62.3,3,37.94,142.16,0.446,0.541,0.658,0.549,0.4248,0,TLS-00619,electric,1.22,0.0,False,0,,,,,2022,0.0,0.0,0
transmission_span,30.87886076285666,-82.6284886823088,30.873335015083313,-82.6226497520412,0.828,1975,70,steel_lattice,0.8,65.6,3,20.31,106.89,0.417,0.75,0.473,0.456,0.0906,10,TLS-00620,electric,2.88,0.0,False,0,,,,,2023,0.0,0.0,0
transmission_span,31.794159277924432,-83.8131989229854,31.768856868932684,-83.79286258027267,3.401,1962,70,steel_monopole,0.7,50.3,3,56.56,200.4,0.865,0.692,0.923,0.641,0.0906,1,TLS-00621,electric,4.57,1.64,False,0,,,,,2026,0.0,0.0,0
transmission_span,30.284682444241387,-83.7649923368021,30.275676896770456,-83.75686207078326,1.267,1980,70,steel_lattice,0.8,81.9,3,11.31,33.61,0.366,0.491,0.323,0.566,0.0906,11,TLS-00622,electric,2.01,0.0,False,0,,,,,2025,0.0,0.0,0
transmission_span,32.53428638336268,-81.93811443651484,32.5424932967805,-81.94897252954155,1.365,1995,70,steel_lattice,0.8,78.7,2,67.12,280.38,0.56,0.538,1.0,0.766,0.5719,5,TLS-00623,electric,1.52,0.0,False,0,,,,,2024,0.0,0.0,0
transmission_span,31.517992153967317,-85.56001825675982,31.537586835715146,-85.56720280886385,2.279,1972,70,steel_lattice,0.8,41.9,2,42.76,165.38,0.602,0.643,0.775,0.532,0.2551,0,TLS-00624,electric,0.68,0.0,False,0,,,,,2020,0.0,0.0,0
transmission_span,30.731942762610537,-81.78327505630894,30.74354979673039,-81.76687604764193,2.027,1985,70,steel_monopole,0.7,73.2,2,12.31,77.12,0.47,0.662,0.475,0.433,0.0906,8,TLS-00625,electric,1.05,1.82,False,0,,,,,2022,0.0,0.0,0
transmission_span,32.61972247492674,-81.88837740747968,32.61036222543471,-81.89220916727083,1.099,2007,70,steel_monopole,0.7,77.3,3,70.13,288.84,0.51,0.634,1.0,0.78,0.6603,5,TLS-00626,electric,1.43,1.94,False,0,,,,,2021,0.0,0.0,0
transmission_span,30.765642156805804,-85.23186951721814,30.792670159577472,-85.26806828794649,4.574,1960,70,steel_lattice,0.8,43.9,3,15.58,77.28,0.411,0.732,0.402,0.254,0.0911,9,TLS-00627,electric,1.13,0.0,False,0,,,,,2021,0.0,0.0,0
transmission_span,29.93865350005234,-82.98653538313029,29.950865173036522,-82.92805953530682,5.786,1940,70,steel_lattice,0.8,15.4,2,3.15,3.41,0.226,0.786,0.137,0.624,0.0906,11,TLS-00628,electric,0.5,1.94,False,0,,,,,2025,0.0,0.0,0
transmission_span,32.004530306733045,-82.94600985128857,32.02166809451444,-82.95752617993078,2.189,1928,70,steel_monopole,0.7,50.7,3,59.52,232.8,0.773,0.705,0.93,0.948,0.0906,1,TLS-00629,electric,3.75,0.0,False,0,,,,,2025,0.0,0.0,0
transmission_span,30.080214005450923,-83.56723106889275,30.08863710019857,-83.55818302091836,1.276,2007,70,steel_monopole,0.7,75.8,2,12.38,13.91,0.368,0.667,0.082,0.522,0.0906,11,TLS-00630,electric,1.6,1.94,False,0,,,,,2026,0.0,0.0,0
transmission_span,31.540380773738374,-84.93865559476266,31.508049590036592,-84.92259121793889,3.897,1978,70,concrete,0.95,48.7,3,41.02,161.38,0.652,0.702,0.689,0.592,0.1198,0,TLS-00631,electric,4.07,0.0,False,0,,,,,2023,0.0,0.0,0
transmission_span,31.251141353275205,-81.77712806769462,31.254012392614012,-81.76668991516112,1.041,1972,70,steel_lattice,0.8,51.1,3,23.77,134.62,0.683,0.758,0.609,0.731,0.0906,8,TLS-00632,electric,2.74,0.0,False,0,,,,,2022,0.0,0.0,0
transmission_span,30.648617754400615,-84.68906994975934,30.686017351122615,-84.67850346912697,4.272,1993,70,steel_monopole,0.7,84.7,2,9.47,62.6,0.326,0.679,0.355,0.235,0.131,9,TLS-00633,electric,6.22,0.0,False,0,,,,,2024,0.0,0.0,0
transmission_span,30.394227460819756,-84.29456710265565,30.423850554932393,-84.29316968962452,3.291,1993,70,concrete,0.95,85.5,1,8.19,37.78,0.268,0.646,0.175,0.374,0.1126,9,TLS-00634,electric,2.32,0.0,False,0,,,,,2022,0.0,0.0,0
transmission_span,30.31043194933786,-82.09052062532781,30.30874908006857,-82.11260105515757,2.124,1966,70,steel_lattice,0.8,62.7,3,1.32,36.5,0.377,0.809,0.191,0.375,0.0906,8,TLS-00635,electric,0.41,0.0,False,0,,,,,2023,0.0,0.0,0
transmission_span,31.609529278785843,-84.0491603174324,31.606622596196157,-84.03802278827781,1.101,1974,70,steel_lattice,0.8,79.8,3,48.73,176.16,0.855,0.659,0.675,0.572,0.0916,6,TLS-00636,electric,0.35,0.0,False,0,,,,,2018,0.0,0.0,0
transmission_span,31.963854472585403,-83.70489336172209,31.96831101856363,-83.68071927650061,2.33,1947,70,steel_monopole,0.7,48.6,3,60.72,220.94,0.791,0.719,0.806,0.663,0.0906,1,TLS-00637,electric,4.8,0.0,False,0,,,,,2023,0.0,0.0,0
transmission_span,32.54241540849994,-84.71208722473914,32.54665724783548,-84.73012811109732,1.753,1958,70,steel_lattice,0.8,49.7,3,66.38,272.72,0.677,0.577,1.0,0.395,0.3934,4,TLS-00638,electric,3.86,0.9,False,0,,,,,2021,0.0,0.0,0
transmission_span,31.656287163714943,-82.09172837069318,31.67150941245768,-82.09918994055703,1.831,1972,70,steel_monopole,0.7,46.2,2,38.41,185.91,0.73,0.576,0.669,0.838,0.0906,3,TLS-00639,electric,1.73,0.0,False,0,,,,,2014,0.0,0.0,0
transmission_span,31.971311570776138,-84.28648196874123,31.964730200744974,-84.27189070505767,1.556,1988,70,steel_lattice,0.8,63.2,2,59.72,212.94,0.778,0.602,0.795,0.583,0.2227,4,TLS-00640,electric,1.22,0.0,False,0,,,,,2025,0.0,0.0,0
transmission_span,30.603359278044195,-85.55451321554582,30.630433335150983,-85.5613801945519,3.076,1958,70,steel_monopole,0.7,61.7,2,12.06,63.76,0.427,0.779,0.301,0.0,0.0906,9,TLS-00641,electric,3.39,1.27,False,0,,,,,2025,0.0,0.0,0
transmission_span,31.391659420375625,-83.65496069026807,31.396462869844903,-83.62771148804626,2.636,1969,70,steel_lattice,0.8,64.5,3,44.88,158.19,0.732,0.611,0.652,0.589,0.0906,6,TLS-00642,electric,2.04,0.0,False,0,,,,,2024,0.0,0.0,0
transmission_span,30.81848748479044,-85.3014468104835,30.85194620531194,-85.32374369287214,4.279,1987,70,steel_lattice,0.8,72.3,3,11.54,83.92,0.457,0.807,0.408,0.167,0.0924,0,TLS-00643,electric,1.33,0.0,False,0,,,,,2023,0.0,0.0,0
transmission_span,31.031353880962055,-85.47912172378405,31.060039491942415,-85.53084948949729,5.86,1970,70,steel_monopole,0.7,65.4,2,22.97,110.03,0.568,0.706,0.418,0.304,0.1739,0,TLS-00644,electric,1.96,0.0,False,0,,,,,2024,0.0,0.0,0
transmission_span,32.22850235782668,-84.40922082322072,32.25014187334252,-84.3673220761711,4.61,1981,70,steel_lattice,0.8,71.6,3,63.15,240.06,0.736,0.649,0.867,0.592,0.2502,4,TLS-00645,electric,1.88,0.0,False,0,,,,,2025,0.0,0.0,0
transmission_span,30.73001288446831,-84.41040493183121,30.73504510967843,-84.4036620565743,0.852,1975,70,steel_lattice,0.8,57.0,3,15.38,73.71,0.333,0.468,0.239,0.466,0.6661,7,TLS-00646,electric,1.22,0.0,False,0,,,,,2023,0.0,0.0,0
transmission_span,30.777512331096506,-82.79391583844253,30.764610098665074,-82.79264862771147,1.437,1957,70,steel_monopole,0.7,50.4,3,22.0,96.48,0.442,0.801,0.383,0.492,0.0906,10,TLS-00647,electric,3.18,0.0,False,0,,,,,2020,0.0,0.0,0
transmission_span,30.254079796919655,-83.40090199929291,30.24713826480758,-83.37773990429159,2.351,1956,70,steel_monopole,0.7,47.4,3,7.75,35.38,0.36,0.659,0.25,0.52,0.0906,11,TLS-00648,electric,1.23,0.0,False,0,,,,,2025,0.0,0.0,0
transmission_span,30.39681879743232,-82.6629849491886,30.403811244858915,-82.66306937638187,0.776,1971,70,concrete,0.95,50.8,1,9.51,53.62,0.511,0.725,0.291,0.5,0.0906,8,TLS-00649,electric,1.61,1.68,False,0,,,,,2021,0.0,0.0,0
transmission_span,30.831282315048195,-83.20226472066864,30.85633262798576,-83.19051367972986,2.998,1959,70,steel_lattice,0.8,38.1,3,23.48,101.4,0.565,0.624,0.491,0.513,0.0906,10,TLS-00650,electric,2.59,1.94,False,0,,,,,2023,0.0,0.0,0
transmission_span,31.601861732885574,-83.25903326564041,31.601871704371742,-83.26280884262013,0.357,1972,70,steel_lattice,0.8,47.7,3,48.54,186.46,0.772,0.784,0.824,0.608,0.0906,1,TLS-00651,electric,2.97,0.0,False,0,,,,,2020,0.0,0.0,0
transmission_span,30.467273380728045,-82.63744335794904,30.489202226380034,-82.63920508663679,2.44,1978,70,concrete,0.95,61.3,3,13.87,61.26,0.264,0.68,0.341,0.574,0.0906,8,TLS-00652,electric,4.52,0.0,False,0,,,,,2025,0.0,0.0,0
transmission_span,30.854038314539952,-81.8650079020441,30.836850613962937,-81.84784474648588,2.513,1972,70,steel_lattice,0.8,42.9,3,11.3,92.37,0.479,0.764,0.381,0.469,0.0906,8,TLS-00653,electric,1.64,0.0,False,0,,,,,2026,0.0,0.0,0
transmission_span,32.22660206675429,-82.72278211478769,32.220833426905294,-82.70333629924022,1.935,1959,70,steel_lattice,0.8,48.9,2,66.52,257.06,0.84,0.688,0.931,1.0,0.0906,3,TLS-00654,electric,3.32,0.0,False,0,,,,,2025,0.0,0.0,0
transmission_span,32.887906505657035,-85.22683147541584,32.91372980676953,-85.22324076962897,2.886,1993,70,steel_monopole,0.7,90.4,2,88.61,312.8,0.782,0.671,1.0,0.328,0.0906,0,TLS-00655,electric,4.78,0.95,False,0,,,,,2023,0.0,0.0,0
transmission_span,30.863623214405187,-83.41261798255262,30.85928490927669,-83.4206729555607,0.906,1974,70,steel_lattice,0.8,67.1,3,23.51,102.9,0.526,0.668,0.445,0.554,0.0906,10,TLS-00656,electric,1.66,0.0,False,0,,,,,2022,0.0,0.0,0
transmission_span,31.992019560312347,-84.32585652445292,31.9837103052919,-84.31832234082445,1.164,1959,70,steel_lattice,0.8,40.5,3,58.08,214.75,0.757,0.542,0.93,0.448,0.2548,4,TLS-00657,electric,1.3,0.0,False,0,,,,,2025,0.0,0.0,0
transmission_span,31.42962339851204,-82.65786934168588,31.436045587587657,-82.68689579842598,2.84,1967,70,steel_lattice,0.8,52.8,3,34.9,168.22,0.809,0.661,0.567,0.789,0.0906,10,TLS-00658,electric,0.49,0.0,False,0,,,,,2025,0.0,0.0,0
transmission_span,30.160610701628695,-85.92161420338908,30.176459784721775,-85.92465785395947,1.783,1986,70,steel_lattice,0.8,70.3,1,6.17,21.74,0.237,0.544,0.153,0.051,0.0906,9,TLS-00659,electric,0.45,0.0,False,0,,,,,2023,0.0,0.0,0
transmission_span,31.115750103788333,-83.68815309416026,31.11371547220717,-83.69897503374611,1.053,1951,70,steel_lattice,0.8,41.4,3,34.25,127.06,0.617,0.733,0.657,0.519,0.0909,6,TLS-00660,electric,3.35,0.0,False,0,,,,,2026,0.0,0.0,0
transmission_span,30.837686079128364,-83.39023397289274,30.82966133356676,-83.4114868071876,2.213,1955,70,steel_lattice,0.8,41.7,3,27.48,100.28,0.519,0.577,0.384,0.532,0.0906,10,TLS-00661,electric,4.52,0.0,False,0,,,,,2023,0.0,0.0,0
transmission_span,30.883064549074987,-84.41142020664691,30.88280944552575,-84.44272033957114,2.982,1976,70,steel_lattice,0.8,83.2,2,22.59,90.69,0.29,0.567,0.47,0.351,0.8279,7,TLS-00662,electric,2.74,0.0,False,0,,,,,2022,0.0,0.0,0
transmission_span,31.124517356672108,-85.2667671635166,31.12026136306493,-85.26461554078563,0.515,1970,70,steel_lattice,0.8,78.4,2,23.09,117.49,0.601,0.665,0.527,0.407,0.1549,0,TLS-00663,electric,7.36,0.0,False,0,,,,,2023,0.0,0.0,0
transmission_span,32.35840992969311,-82.12041771247102,32.34000036985807,-82.12694563215472,2.133,1965,70,steel_lattice,0.8,45.3,3,65.66,264.37,0.797,0.528,0.812,0.929,0.169,3,TLS-00664,electric,1.02,0.0,False,0,,,,,2023,0.0,0.0,0
transmission_span,30.757382982788716,-83.26950226367094,30.77653413723639,-83.25278327614109,2.657,1995,70,steel_monopole,0.7,78.5,2,23.64,92.63,0.464,0.748,0.434,0.506,0.0906,10,TLS-00665,electric,1.85,1.13,False,0,,,,,2022,0.0,0.0,0
transmission_span,32.5757013455915,-82.01023540356735,32.56534869403977,-82.034823245274,2.571,1954,70,steel_lattice,0.8,39.0,2,72.61,286.41,0.715,0.652,0.967,0.914,0.4895,5,TLS-00666,electric,0.64,1.45,False,0,,,,,2019,0.0,0.0,0
transmission_span,31.299596053210887,-81.69206085682282,31.32633813232634,-81.67796797319131,3.255,1972,70,steel_lattice,0.8,61.3,3,25.73,138.21,0.735,0.733,0.517,0.711,0.0906,8,TLS-00667,electric,1.87,0.0,False,0,,,,,2022,0.0,0.0,0
transmission_span,31.421737584814338,-84.92795155373555,31.427028298182428,-84.910594122966,1.746,1980,70,steel_lattice,0.8,52.2,3,37.39,148.18,0.766,0.665,0.621,0.469,0.1103,0,TLS-00668,electric,2.4,0.0,False,0,,,,,2024,0.0,0.0,0
transmission_span,31.844040162995892,-81.66833478572848,31.83193066875997,-81.67866443181163,1.66,1972,70,steel_monopole,0.7,65.9,3,42.02,198.15,0.859,0.738,0.8,0.879,0.0963,3,TLS-00669,electric,1.42,0.0,False,0,,,,,2023,0.0,0.0,0
transmission_span,32.15514089639477,-81.88671761482753,32.16056457155563,-81.90455897879842,1.781,1958,70,steel_lattice,0.8,51.9,3,50.4,237.24,0.699,0.438,0.902,0.909,0.3982,3,TLS-00670,electric,1.24,0.0,False,0,,,,,2020,0.0,0.0,0
transmission_span,30.09692784067713,-84.67964755480538,30.088136977963146,-84.67183848559144,1.231,1963,70,steel_monopole,0.7,70.4,3,0.3,1.4,0.219,0.688,0.126,0.056,0.0906,9,TLS-00671,electric,1.6,2.19,False,0,,,,,2024,0.0,0.0,0
transmission_span,31.570344433191273,-84.88476121602791,31.664577326726587,-84.89711708708273,10.525,1994,70,steel_monopole,0.7,60.0,2,42.21,164.61,0.796,0.797,0.606,0.56,0.1067,0,TLS-00672,electric,1.35,0.0,False,0,,,,,2022,0.0,0.0,0
transmission_span,30.179397212404265,-85.35834377079085,30.180374873167864,-85.36482058336496,0.631,1978,70,steel_lattice,0.8,56.7,3,1.67,13.7,0.297,0.551,0.145,0.0,0.0906,9,TLS-00673,electric,0.64,0.0,False,0,,,,,2018,0.0,0.0,0
transmission_span,32.18175395502944,-81.5770947541485,32.19735044341318,-81.59262623131204,2.264,1951,70,steel_lattice,0.8,47.1,3,52.74,233.75,0.812,0.585,0.945,0.673,0.3924,3,TLS-00674,electric,2.3,0.0,False,0,,,,,2024,0.0,0.0,0
transmission_span,30.66077438960189,-83.80124625289993,30.656762256688836,-83.80182717470068,0.449,1976,70,steel_monopole,0.7,46.3,3,18.46,74.78,0.493,0.699,0.357,0.585,0.098,7,TLS-00675,electric,1.63,1.63,False,0,,,,,2020,0.0,0.0,0
transmission_span,30.77579320319392,-84.11444659033904,30.765007121791957,-84.09211992047558,2.443,2010,70,steel_lattice,0.8,66.4,2,19.77,82.62,0.349,0.464,0.478,0.508,0.6734,7,TLS-00676,electric,2.2,0.0,False,0,,,,,2023,0.0,0.0,0
transmission_span,30.15716316249387,-83.8349699578344,30.141011194158235,-83.83148555092934,1.824,1949,70,steel_monopole,0.7,65.3,3,5.76,18.34,0.257,0.843,0.25,0.428,0.0906,11,TLS-00677,electric,0.73,1.1,False,0,,,,,2025,0.0,0.0,0
transmission_span,32.34695344133789,-82.39354537878907,32.34952124568537,-82.39750478073805,0.468,2003,70,steel_lattice,0.8,81.4,3,65.95,267.43,0.901,0.639,1.0,1.0,0.0913,3,TLS-00678,electric,0.63,0.0,False,0,,,,,2024,0.0,0.0,0
transmission_span,30.47564138182637,-82.91596739954961,30.459499252138905,-82.95326176382115,3.992,1984,70,steel_monopole,0.7,77.4,3,13.92,63.12,0.511,0.79,0.357,0.472,0.0906,10,TLS-00679,electric,1.84,0.0,False,0,,,,,2024,0.0,0.0,0
transmission_span,31.307281537990253,-81.77519905697983,31.312664315975255,-81.8006800438215,2.489,1993,70,steel_lattice,0.8,62.6,3,22.87,140.81,0.563,0.499,0.554,0.702,0.0906,8,TLS-00680,electric,1.7,0.0,False,0,,,,,2025,0.0,0.0,0
transmission_span,30.088024612134117,-83.24231998552455,30.07784334624882,-83.24731092619412,1.228,1928,70,steel_monopole,0.7,24.4,3,8.22,18.57,0.257,0.686,0.243,0.561,0.0906,11,TLS-00681,electric,1.3,0.0,False,0,,,,,2025,0.0,0.0,0
transmission_span,31.284058354417645,-83.36201961406896,31.26409402187581,-83.35784277490907,2.251,1992,70,steel_monopole,0.7,65.2,3,39.34,150.15,0.743,0.653,0.604,0.613,0.0906,6,TLS-00682,electric,1.67,0.0,False,0,,,,,2023,0.0,0.0,0
transmission_span,32.064539174487976,-83.57458473701281,32.04538014913403,-83.57761523031336,2.146,1977,70,steel_monopole,0.7,66.8,3,68.8,234.06,0.933,0.659,0.89,0.736,0.0906,1,TLS-00683,electric,1.51,0.0,False,0,,,,,2021,0.0,0.0,0
transmission_span,30.571073097781312,-83.091243100157,30.583732441843463,-83.10828504665078,2.151,1961,70,steel_lattice,0.8,48.2,3,18.03,73.22,0.304,0.694,0.334,0.477,0.0906,10,TLS-00684,electric,1.51,0.0,False,0,,,,,2022,0.0,0.0,0
transmission_span,30.904323959423085,-83.73730057892455,30.902458115671,-83.75058382558453,1.282,1972,70,steel_monopole,0.7,73.9,3,31.07,102.83,0.551,0.791,0.45,0.427,0.0941,7,TLS-00685,electric,1.96,0.0,False,0,,,,,2025,0.0,0.0,0
transmission_span,31.027029471799256,-85.91381297263149,31.034631543180865,-85.91404311664282,0.844,1976,70,concrete,0.95,52.0,3,29.24,117.75,0.524,0.594,0.614,0.182,0.0936,0,TLS-00686,electric,2.32,0.0,False,0,,,,,2023,0.0,0.0,0
transmission_span,30.301205941843286,-83.87479177631542,30.28681035785822,-83.8617986417175,2.026,1977,70,steel_lattice,0.8,67.2,2,11.36,33.69,0.256,0.711,0.264,0.494,0.0908,11,TLS-00687,electric,1.48,0.0,False,0,,,,,2023,0.0,0.0,0
transmission_span,30.390310138552035,-84.35969602562263,30.37869973914203,-84.36129425485977,1.298,1967,70,steel_lattice,0.8,48.9,3,11.28,36.56,0.293,0.764,0.352,0.311,0.1085,9,TLS-00688,electric,3.6,0.0,False,0,,,,,2025,0.0,0.0,0
transmission_span,30.91758750587986,-83.1504972552789,30.92179891519394,-83.17003164690803,1.918,1996,70,steel_lattice,0.8,88.6,3,29.0,111.34,0.602,0.544,0.468,0.56,0.0906,10,TLS-00689,electric,1.48,0.0,False,0,,,,,2024,0.0,0.0,0
transmission_span,31.660859831137703,-84.9098868144201,31.64824107705595,-84.9150306527299,1.483,1984,70,steel_lattice,0.8,63.6,3,38.99,174.69,0.713,0.762,0.726,0.496,0.1125,0,TLS-00690,electric,1.8,0.0,False,0,,,,,2020,0.0,0.0,0
transmission_span,30.274943402172855,-83.90242943386042,30.299562636103378,-83.94421708990832,4.849,2001,70,steel_lattice,0.8,81.5,3,9.08,30.33,0.117,0.637,0.313,0.506,0.0907,11,TLS-00691,electric,1.57,2.12,False,0,,,,,2023,0.0,0.0,0
transmission_span,30.537224256447054,-85.27124200108976,30.535147049299326,-85.24517135195443,2.503,1975,70,steel_lattice,0.8,54.6,3,8.95,52.35,0.326,0.553,0.332,0.087,0.0906,9,TLS-00692,electric,1.69,0.0,False,0,,,,,2023,0.0,0.0,0
transmission_span,31.732436852202866,-83.26595500675053,31.753637094854675,-83.25977204419655,2.425,1972,70,steel_lattice,0.8,44.9,3,51.86,200.89,0.849,0.636,0.863,0.689,0.0906,1,TLS-00693,electric,2.99,0.0,False,0,,,,,2016,0.0,0.0,0
transmission_span,31.826755718642072,-85.14077811547281,31.842132368557948,-85.15607565600351,2.235,1965,70,steel_monopole,0.7,65.4,3,49.43,194.23,0.833,0.683,0.847,0.438,0.1747,0,TLS-00694,electric,1.11,2.43,False,0,,,,,2025,0.0,0.0,0
transmission_span,30.606178467510766,-82.25053528637461,30.546253218900823,-82.24453108359802,6.676,1999,70,steel_monopole,0.7,83.4,3,10.96,72.11,0.434,0.701,0.316,0.382,0.0906,8,TLS-00695,electric,1.01,0.0,False,0,,,,,2022,0.0,0.0,0
transmission_span,32.10004999965036,-84.14060567424443,32.090032559601916,-84.07165993818874,6.578,1959,70,concrete,0.95,28.0,3,64.13,229.23,0.8,0.694,0.897,0.56,0.1121,4,TLS-00696,electric,2.53,0.0,False,0,,,,,2025,0.0,0.0,0
transmission_span,31.412817326601676,-82.5250040753504,31.435237352736518,-82.54609379341498,3.191,1962,70,steel_monopole,0.7,66.8,3,36.67,165.26,0.691,0.731,0.585,0.708,0.0906,10,TLS-00697,electric,2.42,0.0,False,0,,,,,2023,0.0,0.0,0
transmission_span,30.002114774284085,-83.55632430438514,29.984475670453318,-83.5727959280497,2.518,1993,70,steel_monopole,0.7,92.7,3,5.75,5.39,0.143,0.717,0.242,0.471,0.0906,11,TLS-00698,electric,0.35,2.29,False,0,,,,,2023,0.0,0.0,0
transmission_span,31.608033353435008,-84.31687146592797,31.638000921547484,-84.3129504756132,3.347,1970,70,concrete,0.95,76.5,3,40.53,172.24,0.874,0.677,0.689,0.478,0.1084,4,TLS-00699,electric,2.93,0.0,False,0,,,,,2022,0.0,0.0,0
transmission_span,30.195877026544974,-82.36343148497345,30.221952724912903,-82.37003975042938,2.963,1973,70,steel_lattice,0.8,62.0,2,1.34,28.25,0.336,0.574,0.267,0.38,0.0906,8,TLS-00700,electric,0.63,0.0,False,0,,,,,2023,0.0,0.0,0
transmission_span,30.47159209192436,-82.13401551219799,30.472436035134383,-82.12854178751058,0.532,1960,70,steel_lattice,0.8,40.9,1,10.72,55.18,0.313,0.61,0.298,0.364,0.0906,8,TLS-00701,electric,7.12,0.0,False,0,,,,,2024,0.0,0.0,0
transmission_span,31.73566324943281,-85.66985260235545,31.73255619300432,-85.67436492861926,0.548,1995,70,steel_monopole,0.7,79.6,3,50.24,191.52,0.975,0.726,0.724,0.572,0.108,0,TLS-00702,electric,2.39,1.44,False,0,,,,,2021,0.0,0.0,0
transmission_span,32.363421660762434,-82.4936514927895,32.351739615401726,-82.50951867898688,1.973,1954,70,steel_monopole,0.7,48.5,3,67.87,270.45,0.804,0.688,1.0,0.957,0.0907,3,TLS-00703,electric,2.59,0.0,False,0,,,,,2025,0.0,0.0,0
transmission_span,31.36933263316096,-82.7435609243008,31.363413202510607,-82.77502690671142,3.054,1977,70,steel_monopole,0.7,67.3,2,38.17,161.99,0.748,0.728,0.672,0.735,0.0906,10,TLS-00704,electric,0.67,0.0,False,0,,,,,2023,0.0,0.0,0
transmission_span,32.95964985756791,-83.13544794086609,32.975445734237134,-83.14868411099737,2.143,1988,70,steel_monopole,0.7,56.2,3,104.95,338.11,0.962,0.533,1.0,0.91,0.0906,2,TLS-00705,electric,1.11,2.0,False,0,,,,,2022,0.0,0.0,0
transmission_span,32.553912873590086,-82.20264410761558,32.54669281719449,-82.24051376204912,3.633,1944,70,steel_lattice,0.8,32.9,1,74.44,287.52,0.733,0.752,1.0,0.912,0.1743,5,TLS-00706,electric,2.54,0.0,False,0,,,,,2023,0.0,0.0,0
transmission_span,30.87265850470054,-85.72556035007999,30.860477002159293,-85.70938986355159,2.05,1985,70,concrete,0.95,58.5,2,24.49,96.8,0.503,0.802,0.438,0.168,0.0944,0,TLS-00707,electric,1.31,0.0,False,0,,,,,2021,0.0,0.0,0
transmission_span,30.44735076292969,-82.31419947665059,30.44586834222189,-82.30181165195661,1.197,2007,70,steel_lattice,0.8,91.5,3,10.09,55.46,0.363,0.722,0.342,0.415,0.0906,8,TLS-00708,electric,2.49,0.0,False,0,,,,,2025,0.0,0.0,0
transmission_span,30.809619034909712,-83.56233624584006,30.79646880278854,-83.56429010055707,1.472,1978,70,steel_lattice,0.8,60.4,1,24.87,94.94,0.618,0.656,0.425,0.453,0.0907,7,TLS-00709,electric,2.2,0.0,False,0,,,,,2023,0.0,0.0,0
transmission_span,31.19580423674124,-83.68997237993308,31.22331519339647,-83.71708229178137,3.994,1998,70,concrete,0.95,74.7,3,38.37,135.92,0.641,0.724,0.614,0.548,0.0907,6,TLS-00710,electric,1.34,0.0,False,0,,,,,2022,0.0,0.0,0
transmission_span,32.10856004327951,-82.2251441331269,32.090004401961686,-82.21566270429287,2.244,1971,70,steel_monopole,0.7,69.0,3,51.62,238.46,0.9,0.692,0.897,0.931,0.0942,3,TLS-00711,electric,5.28,0.0,False,0,,,,,2021,0.0,0.0,0
transmission_span,30.795255790774515,-84.11802861116445,30.770929154017704,-84.1449858116674,3.728,1941,70,steel_lattice,0.8,18.3,3,22.83,84.73,0.352,0.466,0.337,0.525,0.7097,7,TLS-00712,electric,3.45,0.0,False,0,,,,,2025,0.0,0.0,0
transmission_span,29.96736379899024,-82.20168613506115,29.9766683100843,-82.1958563419317,1.175,1953,70,steel_lattice,0.8,52.6,3,0.3,0.4,0.109,0.743,0.173,0.45,0.0906,8,TLS-00713,electric,0.48,1.98,False,0,,,,,2023,0.0,0.0,0
transmission_span,32.27741166603995,-84.5163555764276,32.26935421633507,-84.50044635505027,1.74,1948,70,steel_lattice,0.8,50.3,3,67.28,244.48,0.79,0.627,0.873,0.526,0.3389,4,TLS-00714,electric,3.62,0.0,False,0,,,,,2023,0.0,0.0,0
transmission_span,30.58298521264012,-85.49771031130065,30.58692123138337,-85.52646201574834,2.782,2002,70,steel_monopole,0.7,63.8,3,7.87,60.55,0.39,0.749,0.334,0.014,0.0906,9,TLS-00715,electric,1.93,1.21,False,0,,,,,2022,0.0,0.0,0
transmission_span,31.59411806652647,-85.68787796792874,31.590631205673088,-85.672494917168,1.505,1981,70,steel_lattice,0.8,69.1,3,42.97,176.15,0.783,0.642,0.662,0.449,0.1323,0,TLS-00716,electric,4.06,0.0,False,0,,,,,2021,0.0,0.0,0
transmission_span,32.33897985517494,-85.35782536012327,32.35058079529408,-85.33791506771372,2.268,1981,70,concrete,0.95,78.2,3,66.99,253.41,0.902,0.829,0.95,0.504,0.0906,0,TLS-00717,electric,3.86,0.0,False,0,,,,,2026,0.0,0.0,0
transmission_span,31.25152463345641,-82.93557985434012,31.286035612705952,-82.97015631954,5.044,1957,70,steel_lattice,0.8,35.0,3,33.54,149.23,0.774,0.713,0.628,0.58,0.0906,10,TLS-00718,electric,3.25,1.2,False,0,,,,,2023,0.0,0.0,0
transmission_span,32.606996557302466,-84.72586624412958,32.625702155402394,-84.72144115159189,2.117,2001,70,steel_lattice,0.8,85.3,3,78.7,279.84,0.748,0.5,1.0,0.444,0.3262,4,TLS-00719,electric,0.82,0.0,False,0,,,,,2016,0.0,0.0,0
transmission_span,30.51678525115387,-82.53901681280578,30.52181823536723,-82.54239803581406,0.645,1967,70,steel_monopole,0.7,52.5,3,11.1,65.94,0.33,0.812,0.39,0.363,0.0906,8,TLS-00720,electric,1.29,0.0,False,0,,,,,2024,0.0,0.0,0
transmission_span,30.786118473492785,-81.78061760167174,30.792757039980042,-81.79223158687556,1.33,1979,70,steel_lattice,0.8,77.5,2,11.19,83.07,0.5,0.675,0.438,0.552,0.0906,8,TLS-00721,electric,2.82,0.0,False,0,,,,,2020,0.0,0.0,0
transmission_span,30.088757978106617,-83.07269040478829,30.05367540832021,-83.09374169677919,4.388,2004,70,steel_lattice,0.8,82.4,3,4.91,19.78,0.217,0.82,0.237,0.591,0.0906,11,TLS-00722,electric,1.02,1.48,False,0,,,,,2022,0.0,0.0,0
transmission_span,30.139232214680558,-83.55408931964242,30.146989195432244,-83.55924215907649,0.993,1982,70,steel_lattice,0.8,67.1,3,11.39,20.65,0.381,0.784,0.178,0.402,0.0906,11,TLS-00723,electric,0.87,0.0,False,0,,,,,2024,0.0,0.0,0
transmission_span,31.581659649583198,-82.07709391963468,31.588830438917004,-82.08863676888163,1.351,1982,70,steel_lattice,0.8,78.1,3,35.26,177.35,0.844,0.717,0.765,0.89,0.0906,3,TLS-00724,electric,1.16,0.0,False,0,,,,,2025,0.0,0.0,0
transmission_span,31.873870291265778,-82.67647272858382,31.8872139558744,-82.68756064220419,1.813,1969,70,concrete,0.95,46.7,3,52.22,217.65,1.0,0.456,0.837,0.915,0.0906,3,TLS-00725,electric,1.56,0.0,False,0,,,,,2024,0.0,0.0,0
transmission_span,30.420544081725534,-84.82934914635463,30.40705745279957,-84.82452858046562,1.567,1972,70,steel_lattice,0.8,48.5,2,8.97,36.96,0.248,0.686,0.248,0.193,0.0908,9,TLS-00726,electric,0.86,2.39,False,0,,,,,2020,0.0,0.0,0
transmission_span,31.389814668799534,-84.01602281991686,31.38301580880721,-84.00947968354602,0.977,1962,70,steel_monopole,0.7,46.9,3,41.22,152.28,0.638,0.772,0.676,0.489,0.0913,7,TLS-00727,electric,0.75,0.0,False,0,,,,,2022,0.0,0.0,0
transmission_span,29.948805386340524,-82.66353189505877,29.94431759617691,-82.65061096751232,1.339,1997,70,steel_lattice,0.8,65.6,3,3.53,3.89,0.207,0.843,0.175,0.506,0.0906,8,TLS-00728,electric,0.62,0.0,False,0,,,,,2025,0.0,0.0,0
transmission_span,31.765171671527927,-85.72493722678072,31.750980206086474,-85.73947953440559,2.089,1952,70,steel_lattice,0.8,57.5,3,55.15,195.85,0.835,0.761,0.698,0.575,0.0972,0,TLS-00729,electric,2.18,0.0,False,0,,,,,2025,0.0,0.0,0
transmission_span,31.248176902633716,-84.94962126989682,31.23341290697364,-84.94888721497499,1.64,1956,70,steel_monopole,0.7,44.1,3,31.79,128.97,0.728,0.666,0.616,0.491,0.1291,0,TLS-00730,electric,0.7,0.0,False,0,,,,,2025,0.0,0.0,0
transmission_span,32.02102250864062,-81.60919958341168,32.040162076747386,-81.61557173730084,2.208,1956,70,steel_lattice,0.8,64.6,3,47.96,216.57,0.851,0.447,0.86,0.818,0.1684,3,TLS-00731,electric,1.89,0.0,False,0,,,,,2024,0.0,0.0,0
transmission_span,30.521014009522993,-83.7103578361927,30.522861509011005,-83.69385143001945,1.592,2017,70,steel_lattice,0.8,97.4,2,15.85,60.7,0.417,0.655,0.318,0.451,0.0909,7,TLS-00732,electric,1.38,0.0,False,0,,,,,2024,0.0,0.0,0
transmission_span,32.74683036261308,-84.99940609018768,32.72062896688763,-84.9831582305537,3.28,1969,70,steel_monopole,0.7,63.3,3,75.74,295.5,0.778,0.809,1.0,0.322,0.0928,4,TLS-00733,electric,1.47,0.0,False,0,,,,,2024,0.0,0.0,0
transmission_span,31.32358696365758,-81.63863403471066,31.329243888361276,-81.63300787815696,0.824,1972,70,steel_lattice,0.8,67.0,2,23.53,139.76,0.609,0.597,0.553,0.757,0.0906,8,TLS-00734,electric,1.31,0.0,False,0,,,,,2024,0.0,0.0,0
transmission_span,31.06908205106703,-84.20490008450672,31.085989986177193,-84.21762579580233,2.233,1939,70,steel_monopole,0.7,37.2,3,30.38,113.88,0.442,0.567,0.542,0.57,0.4191,7,TLS-00735,electric,4.14,0.0,False,0,,,,,2025,0.0,0.0,0
transmission_span,30.82957419158935,-83.66163098783176,30.828191472725546,-83.66691040312512,0.526,2013,70,steel_lattice,0.8,72.5,3,27.34,95.7,0.568,0.483,0.478,0.573,0.0913,7,TLS-00736,electric,5.23,0.0,False,0,,,,,2025,0.0,0.0,0
transmission_span,31.907560093112735,-83.56248390697667,31.91044544964232,-83.59569457078538,3.146,1984,70,steel_monopole,0.7,63.0,3,63.12,216.81,0.972,0.674,0.761,0.642,0.0906,1,TLS-00737,electric,0.89,0.0,False,0,,,,,2022,0.0,0.0,0
transmission_span,30.951920874364262,-85.36335298024707,30.95215668565177,-85.33256881148321,2.931,1959,70,steel_lattice,0.8,41.0,2,23.4,99.52,0.433,0.599,0.509,0.178,0.1128,0,TLS-00738,electric,2.45,0.0,False,0,,,,,2022,0.0,0.0,0
transmission_span,30.76248245282245,-83.87676471867044,30.757537035384377,-83.88973061376159,1.353,1978,70,steel_lattice,0.8,58.3,3,22.57,84.86,0.493,0.547,0.349,0.549,0.1341,7,TLS-00739,electric,1.96,0.0,False,0,,,,,2021,0.0,0.0,0
transmission_span,31.823782600089135,-85.10426070295277,31.830891683171846,-85.1104455176923,0.981,2002,70,steel_lattice,0.8,78.0,3,49.58,193.63,0.879,0.649,0.693,0.516,0.1596,0,TLS-00740,electric,2.48,0.0,False,0,,,,,2025,0.0,0.0,0
transmission_span,30.837066472807372,-82.20016146804905,30.85200225468429,-82.19170645433431,1.843,1973,70,steel_lattice,0.8,56.9,3,16.42,96.91,0.375,0.605,0.473,0.451,0.0906,8,TLS-00741,electric,3.91,0.0,False,0,,,,,2025,0.0,0.0,0
transmission_span,32.60759217720285,-83.17494973501398,32.63210362120993,-83.19746938952737,3.44,1953,70,steel_lattice,0.8,38.1,3,89.56,298.77,0.884,0.709,1.0,1.0,0.0906,2,TLS-00742,electric,2.15,0.0,False,0,,,,,2022,0.0,0.0,0
transmission_span,31.060084418799544,-81.80280796497064,31.10526387364134,-81.78636659321782,5.253,1975,70,steel_lattice,0.8,48.0,2,17.94,113.95,0.558,0.685,0.46,0.606,0.0906,8,TLS-00743,electric,2.97,0.0,False,0,,,,,2020,0.0,0.0,0
transmission_span,30.978306885071955,-85.16945420013847,30.99381576122291,-85.18413681935203,2.217,1976,70,steel_monopole,0.7,60.9,1,24.07,100.29,0.648,0.686,0.455,0.326,0.0986,0,TLS-00744,electric,2.39,0.0,False,0,,,,,2024,0.0,0.0,0
transmission_span,31.95582047928014,-82.00676096658684,31.943128246932165,-81.99805713624393,1.63,1967,70,steel_lattice,0.8,55.5,3,42.68,217.53,0.686,0.88,0.884,0.915,0.103,3,TLS-00745,electric,1.68,0.0,False,0,,,,,2024,0.0,0.0,0
transmission_span,32.68312408071971,-85.5356534491075,32.67823524294808,-85.50996998994444,2.46,2000,70,steel_lattice,0.8,100.0,3,83.42,294.29,0.791,0.764,1.0,0.44,0.0906,0,TLS-00746,electric,4.63,0.0,False,0,,,,,2024,0.0,0.0,0
transmission_span,32.65840147526501,-81.62238214396228,32.66983970096204,-81.61789867610794,1.337,2025,70,concrete,0.95,89.4,3,73.17,287.59,0.798,0.707,1.0,0.756,0.2661,5,TLS-00747,electric,2.24,0.0,False,0,,,,,2025,0.0,0.0,0
transmission_span,31.3776340122764,-82.57776246422776,31.3844889389816,-82.55014215213812,2.726,1954,70,steel_monopole,0.7,46.3,3,39.3,161.85,0.762,0.66,0.565,0.697,0.0906,10,TLS-00748,electric,2.44,0.0,False,0,,,,,2026,0.0,0.0,0
transmission_span,31.495419598163785,-85.8851484947273,31.465651961053556,-85.88188550940141,3.319,1977,70,steel_lattice,0.8,50.5,2,44.68,169.14,0.647,0.62,0.779,0.488,0.0999,0,TLS-00749,electric,0.65,0.0,False,0,,,,,2017,0.0,0.0,0
transmission_span,32.07767675848909,-83.58047749022475,32.09789519132534,-83.60032112654972,2.919,1962,70,steel_lattice,0.8,45.8,3,67.1,235.44,0.958,0.63,0.735,0.695,0.0906,1,TLS-00750,electric,4.13,0.0,False,0,,,,,2016,0.0,0.0,0
transmission_span,31.132231913904015,-85.43389126936792,31.133205210081286,-85.45184154894528,1.709,1975,70,steel_lattice,0.8,61.1,3,29.65,120.53,0.669,0.504,0.494,0.373,0.2703,0,TLS-00751,electric,4.58,2.04,False,0,,,,,2023,0.0,0.0,0
transmission_span,30.44992667987492,-83.69131349146524,30.482392816670963,-83.69528650560044,3.624,1952,70,steel_lattice,0.8,45.1,2,15.07,53.11,0.375,0.909,0.392,0.484,0.0907,11,TLS-00752,electric,1.78,1.95,False,0,,,,,2023,0.0,0.0,0
transmission_span,30.663753423667316,-85.54437158404814,30.67132746896457,-85.52789226130312,1.784,1950,70,concrete,0.95,43.2,3,11.92,70.29,0.283,0.691,0.361,0.212,0.0907,0,TLS-00753,electric,1.3,0.0,False,0,,,,,2025,0.0,0.0,0
transmission_span,30.483898730023235,-83.5879747106286,30.475049305534398,-83.61456944643639,2.727,1971,70,steel_lattice,0.8,81.8,3,17.29,58.42,0.395,0.711,0.325,0.502,0.0906,11,TLS-00754,electric,1.32,0.0,False,0,,,,,2024,0.0,0.0,0
transmission_span,31.502075934877872,-83.1289549317025,31.504686169777617,-83.11826489966123,1.052,1962,70,steel_lattice,0.8,19.6,3,50.67,176.36,0.714,0.722,0.674,0.712,0.0906,10,TLS-00755,electric,2.2,0.0,False,0,,,,,2023,0.0,0.0,0
transmission_span,32.42209775185391,-85.05176565499556,32.40980978154469,-85.01285480568866,3.893,1950,70,steel_monopole,0.7,33.9,3,71.22,259.71,0.906,0.696,0.929,0.403,0.0923,4,TLS-00756,electric,0.62,0.0,False,0,,,,,2024,0.0,0.0,0
transmission_span,30.944712687759885,-82.7684761259423,30.942199346499528,-82.77899184587146,1.039,1958,70,steel_lattice,0.8,46.9,3,24.76,114.96,0.729,0.521,0.473,0.47,0.0906,10,TLS-00757,electric,1.12,2.3,False,0,,,,,2025,0.0,0.0,0
transmission_span,32.7440850394835,-85.22285948922507,32.75736156523828,-85.24563114968674,2.587,1992,70,steel_lattice,0.8,56.5,2,79.11,296.8,0.855,0.757,1.0,0.412,0.0906,0,TLS-00758,electric,2.09,0.0,False,0,,,,,2023,0.0,0.0,0
transmission_span,32.201587813334974,-84.15269440015918,32.19575168647813,-84.13917008224371,1.426,1960,70,steel_lattice,0.8,41.0,1,64.76,240.32,0.756,0.689,0.882,0.594,0.1093,4,TLS-00759,electric,3.64,2.08,False,0,,,,,2021,0.0,0.0,0
transmission_span,30.545840676362833,-83.61279613406458,30.54117169850014,-83.58034769798839,3.145,1981,70,steel_monopole,0.7,73.2,3,17.78,64.93,0.392,0.625,0.353,0.537,0.0906,7,TLS-00760,electric,1.37,0.0,False,0,,,,,2023,0.0,0.0,0
transmission_span,30.19531489661482,-84.15085975782274,30.16714690762722,-84.15073402873695,3.127,1994,70,steel_lattice,0.8,80.2,3,2.37,17.65,0.244,0.681,0.185,0.348,0.0908,11,TLS-00761,electric,1.45,0.0,False,0,,,,,2023,0.0,0.0,0
transmission_span,32.017147421744085,-82.28509987883132,32.024946162577095,-82.24435646416255,3.931,1942,70,concrete,0.95,9.5,3,52.14,229.27,0.871,0.776,0.917,1.0,0.091,3,TLS-00762,electric,0.67,0.0,False,0,,,,,2026,0.0,0.0,0
transmission_span,32.47305004546907,-82.42906028503705,32.46790690866944,-82.44053787270325,1.217,1997,70,concrete,0.95,60.6,2,71.83,281.87,0.844,0.805,1.0,0.946,0.092,3,TLS-00763,electric,0.73,0.0,False,0,,,,,2025,0.0,0.0,0
transmission_span,29.98142171730256,-82.72938116437696,29.982098940106003,-82.72595354891608,0.338,1960,70,steel_lattice,0.8,50.6,3,2.21,7.87,0.254,0.761,0.17,0.604,0.0906,8,TLS-00764,electric,0.79,1.59,False,0,,,,,2018,0.0,0.0,0
transmission_span,32.2444920643847,-81.99371476552429,32.240266528343035,-82.00809783773701,1.429,1971,70,steel_lattice,0.8,75.5,3,57.95,249.32,0.683,0.583,0.876,0.842,0.3263,3,TLS-00765,electric,4.28,0.0,False,0,,,,,2015,0.0,0.0,0
transmission_span,31.969762064129036,-84.65024421737007,31.976682943802857,-84.62291457984273,2.686,1995,70,steel_lattice,0.8,87.2,3,54.95,209.43,0.776,0.739,0.751,0.523,0.2167,4,TLS-00766,electric,2.94,0.0,False,0,,,,,2026,0.0,0.0,0
transmission_span,30.486059282961246,-83.44887665854645,30.478098683006714,-83.44360658737529,1.017,1962,70,concrete,0.95,50.0,3,18.16,60.55,0.305,0.608,0.38,0.54,0.0906,11,TLS-00767,electric,1.04,0.0,False,0,,,,,2025,0.0,0.0,0
transmission_span,30.15482930147137,-85.34617172798951,30.148802604078174,-85.34834578537945,0.701,2021,70,steel_lattice,0.8,82.8,3,0.3,10.81,0.104,0.643,0.146,0.006,0.0906,9,TLS-00768,electric,0.48,0.0,False,0,,,,,2022,0.0,0.0,0
transmission_span,29.937704788639,-82.73837681861397,29.929774964796746,-82.7532913467345,1.683,1986,70,steel_lattice,0.8,66.1,3,0.71,3.06,0.096,0.734,0.111,0.586,0.0906,11,TLS-00769,electric,2.53,1.7,False,0,,,,,2024,0.0,0.0,0
transmission_span,32.74987244372297,-81.9697542492839,32.76562682921123,-81.99516737505733,2.947,1984,70,concrete,0.95,43.0,2,81.83,304.94,0.471,0.547,1.0,0.653,0.7177,5,TLS-00770,electric,1.34,0.0,False,0,,,,,2013,0.0,0.0,0
transmission_span,29.975382030938366,-82.77669467678639,29.969403732271026,-82.76920934253569,0.979,1987,70,steel_monopole,0.7,83.3,3,2.67,7.39,0.35,0.852,0.154,0.628,0.0906,11,TLS-00771,electric,0.45,1.4,False,0,,,,,2023,0.0,0.0,0
transmission_span,32.2394883512185,-82.51727370007028,32.20906460634573,-82.54715919696069,4.391,1960,70,steel_lattice,0.8,42.7,3,64.04,256.94,0.856,0.733,1.0,0.966,0.0906,3,TLS-00772,electric,1.11,1.69,False,0,,,,,2023,0.0,0.0,0
transmission_span,30.430972812535565,-85.3724070611328,30.40894525470486,-85.37432490119727,2.452,1973,70,steel_monopole,0.7,48.1,3,7.31,41.81,0.327,0.739,0.324,0.067,0.0906,9,TLS-00773,electric,2.16,0.0,False,0,,,,,2025,0.0,0.0,0
transmission_span,32.49853861120889,-84.24112873560102,32.50632575033399,-84.22269574541308,1.93,1970,70,steel_monopole,0.7,54.8,1,79.27,272.05,0.734,0.692,1.0,0.555,0.2714,4,TLS-00774,electric,6.37,0.0,False,0,,,,,2024,0.0,0.0,0
transmission_span,32.406585642529265,-81.78502099957046,32.411493066308076,-81.8150699530695,2.868,1990,70,steel_lattice,0.8,56.6,3,62.95,263.04,0.359,0.231,0.92,0.785,0.9706,5,TLS-00775,electric,3.08,0.0,False,0,,,,,2022,0.0,0.0,0
transmission_span,32.219187187517484,-84.52770353175046,32.24867484134888,-84.51421590807813,3.51,1987,70,steel_lattice,0.8,64.8,3,63.45,237.92,0.761,0.631,0.863,0.43,0.2612,4,TLS-00776,electric,4.47,0.0,False,0,,,,,2023,0.0,0.0,0
transmission_span,31.02769867614327,-81.90964109909984,31.022671605138655,-81.93209447591276,2.207,1945,70,steel_lattice,0.8,37.3,3,19.93,112.57,0.633,0.762,0.432,0.685,0.0906,8,TLS-00777,electric,2.01,0.0,False,0,,,,,2023,0.0,0.0,0
transmission_span,31.635214929794355,-81.9248933522741,31.585140819865043,-81.91831166076105,5.593,1973,70,steel_monopole,0.7,59.1,3,36.54,180.31,0.748,0.504,0.786,0.858,0.0906,3,TLS-00778,electric,0.14,0.0,False,0,,,,,2024,0.0,0.0,0
transmission_span,30.577679840124883,-85.9133439254779,30.566735184160954,-85.91933356726726,1.343,1976,70,steel_lattice,0.8,66.9,3,16.36,67.86,0.469,0.653,0.439,0.073,0.0906,0,TLS-00779,electric,2.17,0.0,False,0,,,,,2024,0.0,0.0,0
transmission_span,32.136677126978036,-85.41158131423103,32.12816536653454,-85.407015911074,1.038,1978,70,steel_lattice,0.8,58.6,3,59.92,231.7,0.811,0.787,0.924,0.502,0.0922,0,TLS-00780,electric,2.18,0.0,False,0,,,,,2026,0.0,0.0,0
transmission_span,30.156047631295,-81.69118702881066,30.18979047838426,-81.69567532780412,3.77,1934,70,steel_lattice,0.8,17.4,3,0.3,11.26,0.218,0.625,0.177,0.245,0.0906,8,TLS-00781,electric,2.9,0.0,False,0,,,,,2026,0.0,0.0,0
transmission_span,31.456077634502382,-83.07768710620442,31.43656519985474,-83.08811082708903,2.38,1960,70,steel_monopole,0.7,42.9,3,48.33,171.53,0.786,0.689,0.686,0.598,0.0906,10,TLS-00782,electric,3.44,0.0,False,0,,,,,2023,0.0,0.0,0
transmission_span,30.98467344103864,-81.79918166531745,31.02405093623938,-81.7988570464847,4.371,1963,70,steel_lattice,0.8,29.0,3,16.08,105.5,0.519,0.689,0.425,0.492,0.0906,8,TLS-00783,electric,1.3,0.0,False,0,,,,,2025,0.0,0.0,0
transmission_span,30.402717953323496,-83.61005615639795,30.39332832948685,-83.58222769006177,2.861,1984,70,steel_lattice,0.8,54.4,3,13.31,49.09,0.393,0.658,0.32,0.475,0.0906,11,TLS-00784,electric,0.77,0.0,False,0,,,,,2022,0.0,0.0,0
transmission_span,31.84572152286072,-82.049631364778,31.84421369097045,-82.03668666934428,1.232,1968,70,steel_lattice,0.8,63.9,2,41.94,206.14,0.999,0.597,0.789,0.965,0.0917,3,TLS-00785,electric,3.56,0.0,False,0,,,,,2024,0.0,0.0,0
transmission_span,31.065486752597863,-84.7227827123364,31.063485037557157,-84.74552660890878,2.174,1967,70,steel_lattice,0.8,64.0,2,23.74,108.75,0.423,0.65,0.477,0.423,0.4823,7,TLS-00786,electric,1.04,2.12,False,0,,,,,2024,0.0,0.0,0
transmission_span,31.440095138296883,-83.72996655001852,31.431335877554567,-83.70424345966111,2.623,1963,70,steel_lattice,0.8,62.9,3,47.45,162.41,0.715,0.603,0.747,0.486,0.0906,6,TLS-00787,electric,0.36,0.0,False,0,,,,,2022,0.0,0.0,0
transmission_span,32.0706255475343,-84.35013315183075,32.07981751436644,-84.36156496630946,1.482,1982,70,steel_lattice,0.8,54.2,3,56.48,223.19,0.751,0.651,0.87,0.469,0.2395,4,TLS-00788,electric,3.24,0.0,False,0,,,,,2020,0.0,0.0,0
transmission_span,31.916559410799994,-82.07931013275855,31.899107720185714,-82.06275331501477,2.487,1990,70,steel_lattice,0.8,92.6,3,44.0,214.57,0.816,0.73,0.689,0.913,0.0935,3,TLS-00789,electric,2.13,0.0,False,0,,,,,2025,0.0,0.0,0
transmission_span,30.3312170891002,-82.15647002861239,30.335869944234133,-82.15515956486936,0.532,1980,70,steel_lattice,0.8,41.8,3,6.34,40.0,0.329,0.549,0.335,0.286,0.0906,8,TLS-00790,electric,0.97,0.0,False,0,,,,,2025,0.0,0.0,0
transmission_span,30.079610040504107,-84.27371639264034,30.110230068674134,-84.2736108620586,3.399,1998,70,steel_lattice,0.8,79.2,3,2.35,3.12,0.191,0.725,0.141,0.276,0.0906,9,TLS-00791,electric,0.12,0.56,False,0,,,,,2024,0.0,0.0,0
transmission_span,30.26754363997333,-84.26957155478901,30.264796896235417,-84.26192300459219,0.794,1979,70,steel_monopole,0.7,61.9,3,4.6,24.04,0.38,0.567,0.0,0.285,0.0924,9,TLS-00792,electric,0.78,1.8,False,0,,,,,2024,0.0,0.0,0
transmission_span,30.29143931518013,-85.3635834694594,30.30030256432494,-85.35379627815196,1.359,1991,70,steel_lattice,0.8,62.7,3,4.92,26.21,0.215,0.813,0.193,0.0,0.0906,9,TLS-00793,electric,1.72,1.37,False,0,,,,,2023,0.0,0.0,0
transmission_span,30.516146971266476,-81.66293448112005,30.51333622632078,-81.68297383162177,1.941,1952,70,steel_lattice,0.8,27.4,3,6.1,50.64,0.313,0.525,0.254,0.425,0.0906,8,TLS-00794,electric,2.16,0.0,False,0,,,,,2022,0.0,0.0,0
transmission_span,32.7748609464905,-85.67187332828553,32.790970827972444,-85.66705138312753,1.844,2001,70,steel_monopole,0.7,74.8,3,90.61,306.91,0.832,0.619,1.0,0.472,0.0906,0,TLS-00795,electric,2.02,0.0,False,0,,,,,2023,0.0,0.0,0
transmission_span,30.638202818547153,-82.2701459958443,30.655731733125272,-82.26455911607272,2.018,2000,70,steel_monopole,0.7,74.0,3,10.27,75.98,0.445,0.529,0.403,0.456,0.0906,8,TLS-00796,electric,1.46,0.0,False,0,,,,,2022,0.0,0.0,0
transmission_span,30.4721800616418,-82.44975596040908,30.490473303214582,-82.47900013098592,3.457,1983,70,steel_lattice,0.8,63.9,3,8.66,60.03,0.435,0.702,0.295,0.317,0.0906,8,TLS-00797,electric,3.06,2.12,False,0,,,,,2024,0.0,0.0,0
transmission_span,30.26986051781705,-85.35717064297458,30.263545455581042,-85.33540705529244,2.201,1973,70,steel_monopole,0.7,50.8,3,1.78,23.73,0.276,0.605,0.179,0.107,0.0906,9,TLS-00798,electric,2.15,0.0,False,0,,,,,2020,0.0,0.0,0
transmission_span,30.27618496137702,-85.72811699645452,30.283150924607042,-85.74229422899452,1.564,1974,70,steel_lattice,0.8,43.7,2,11.04,30.64,0.338,0.589,0.244,0.055,0.0906,9,TLS-00799,electric,2.05,0.0,False,0,,,,,2023,0.0,0.0,0
transmission_span,32.58183960050139,-84.58278996400595,32.580429310298896,-84.57621356823388,0.635,1983,70,steel_lattice,0.8,69.3,2,77.61,277.77,0.438,0.534,1.0,0.42,0.6753,4,TLS-00800,electric,2.85,0.0,False,0,,,,,2026,0.0,0.0,0
transmission_span,29.996615233392927,-85.86508623705608,29.987746355043036,-85.86558832409828,0.986,1980,70,steel_lattice,0.8,50.8,3,0.61,2.36,0.195,0.753,0.113,0.16,0.0906,9,TLS-00801,electric,1.81,0.0,False,0,,,,,2024,0.0,0.0,0
transmission_span,30.34835455787123,-85.19852600468698,30.35379535655198,-85.17124963212916,2.682,1959,70,concrete,0.95,47.4,3,5.88,30.63,0.277,0.509,0.196,0.082,0.0906,9,TLS-00802,electric,1.93,2.39,False,0,,,,,2024,0.0,0.0,0
transmission_span,29.971776973543346,-82.68757316238585,29.925783456805206,-82.70904075125834,5.507,1981,70,steel_monopole,0.7,73.4,3,0.99,6.59,0.267,0.618,0.178,0.564,0.0906,8,TLS-00803,electric,2.58,0.0,False,0,,,,,2025,0.0,0.0,0
transmission_span,30.096104053558285,-82.54462040353766,30.095832611933478,-82.53019665821023,1.386,1975,70,concrete,0.95,61.5,3,4.97,19.29,0.353,0.822,0.2,0.424,0.0906,8,TLS-00804,electric,0.69,0.0,False,0,,,,,2016,0.0,0.0,0
transmission_span,30.219008945740043,-85.76556151218227,30.21715633978706,-85.80551512384079,3.838,1989,70,steel_monopole,0.7,73.1,3,4.33,25.03,0.35,0.528,0.181,0.033,0.0906,9,TLS-00805,electric,1.11,0.0,False,0,,,,,2022,0.0,0.0,0
transmission_span,30.961395302546375,-83.07466204173934,30.978676921772966,-83.06536701372877,2.112,1983,70,concrete,0.95,72.2,3,27.59,116.63,0.504,0.84,0.543,0.565,0.0906,10,TLS-00806,electric,0.97,0.0,False,0,,,,,2022,0.0,0.0,0
transmission_span,31.78921629466347,-85.75385484327037,31.793573869762525,-85.73436837391539,1.901,1983,70,steel_monopole,0.7,66.7,3,54.27,199.09,0.762,0.69,0.773,0.598,0.0941,0,TLS-00807,electric,1.67,0.0,False,0,,,,,2023,0.0,0.0,0
transmission_span,32.07626608919179,-85.24646256813182,32.06684733160841,-85.27016935711815,2.463,1961,70,concrete,0.95,33.0,2,59.1,222.91,0.871,0.646,0.863,0.554,0.0965,0,TLS-00808,electric,1.98,0.0,False,0,,,,,2023,0.0,0.0,0
transmission_span,32.756628999377135,-85.43936908260729,32.75289454051814,-85.46821521496986,2.724,1962,70,steel_lattice,0.8,40.7,3,82.64,300.92,0.926,0.718,1.0,0.278,0.0906,0,TLS-00809,electric,1.41,0.0,False,0,,,,,2025,0.0,0.0,0
transmission_span,30.023633697496493,-83.49667710979229,30.020575713895685,-83.51079973074539,1.399,1975,70,steel_monopole,0.7,56.0,3,5.2,8.6,0.216,0.545,0.215,0.521,0.0906,11,TLS-00810,electric,0.91,0.81,False,0,,,,,2024,0.0,0.0,0
transmission_span,31.36225658523292,-82.43577980718129,31.41315977052638,-82.4232741795688,5.773,1987,70,steel_lattice,0.8,70.4,2,30.97,158.66,0.818,0.718,0.655,0.657,0.0906,10,TLS-00811,electric,1.72,0.0,False,0,,,,,2021,0.0,0.0,0
transmission_span,31.889330538668396,-84.61657629346051,31.86107870209313,-84.63152542277913,3.438,1934,70,concrete,0.95,14.3,3,52.65,200.68,0.822,0.714,0.79,0.412,0.2395,4,TLS-00812,electric,0.68,0.0,False,0,,,,,2018,0.0,0.0,0
transmission_span,30.038098782221248,-83.57055011851969,30.029464132922776,-83.5550049685243,1.775,2000,70,steel_monopole,0.7,57.6,3,9.4,9.19,0.201,0.642,0.157,0.514,0.0906,11,TLS-00813,electric,1.66,0.0,False,0,,,,,2024,0.0,0.0,0
transmission_span,30.609937176368266,-81.75752543553354,30.626496347108553,-81.73483315447804,2.842,1979,70,steel_monopole,0.7,66.0,3,7.69,63.03,0.405,0.781,0.388,0.435,0.0906,8,TLS-00814,electric,0.89,1.74,False,0,,,,,2022,0.0,0.0,0
transmission_span,30.537130835213095,-83.88536871477623,30.505849349932006,-83.90497030260642,3.946,1966,70,concrete,0.95,40.8,3,17.11,59.71,0.317,0.763,0.446,0.517,0.1002,7,TLS-00815,electric,1.36,0.0,False,0,,,,,2024,0.0,0.0,0
transmission_span,31.41026272892191,-84.3077113341217,31.41021765751986,-84.29669664205336,1.043,1948,70,steel_lattice,0.8,42.6,1,38.8,150.4,0.752,0.713,0.576,0.486,0.0949,7,TLS-00816,electric,0.99,0.0,False,0,,,,,2021,0.0,0.0,0
transmission_span,32.27787968221008,-84.72295753811805,32.240257575703254,-84.73346926544433,4.291,1982,70,steel_lattice,0.8,49.9,1,64.41,243.32,0.789,0.63,0.881,0.467,0.1861,4,TLS-00817,electric,2.17,0.0,False,0,,,,,2020,0.0,0.0,0
transmission_span,30.80393977478322,-84.10251678743658,30.784002629168953,-84.04425811453197,5.979,1972,70,steel_lattice,0.8,48.0,3,24.1,85.92,0.318,0.325,0.393,0.567,0.6592,7,TLS-00818,electric,1.25,0.0,False,0,,,,,2024,0.0,0.0,0
transmission_span,31.072768835673862,-83.18033071349484,31.08551710283456,-83.15120976470037,3.109,2003,70,steel_monopole,0.7,83.5,3,35.37,128.37,0.574,0.673,0.632,0.527,0.0906,10,TLS-00819,electric,1.44,0.0,False,0,,,,,2022,0.0,0.0,0
transmission_span,30.80132489665002,-84.93260792531439,30.801946144522674,-84.90504184919367,2.629,1989,70,steel_monopole,0.7,63.2,3,16.54,79.33,0.452,0.482,0.325,0.287,0.1278,7,TLS-00820,electric,1.62,0.0,False,0,,,,,2026,0.0,0.0,0
transmission_span,31.35782619456058,-84.81228201049993,31.36979301552955,-84.83916563608047,2.874,1993,70,steel_lattice,0.8,73.8,3,31.59,141.01,0.769,0.784,0.549,0.482,0.1268,0,TLS-00821,electric,3.19,1.14,False,0,,,,,2025,0.0,0.0,0
transmission_span,32.117768134995224,-84.74862963686418,32.13751209797354,-84.72496967120826,3.123,1994,70,steel_lattice,0.8,77.4,3,59.79,225.47,0.82,0.746,0.87,0.416,0.1284,4,TLS-00822,electric,3.13,0.0,False,0,,,,,2025,0.0,0.0,0
transmission_span,31.326535373300544,-82.85345357524518,31.310676592456794,-82.85533682915766,1.769,1987,70,steel_lattice,0.8,70.1,3,36.81,157.54,0.697,0.611,0.755,0.647,0.0906,10,TLS-00823,electric,3.16,0.0,False,0,,,,,2020,0.0,0.0,0
transmission_span,29.98402185705324,-82.14091424208488,29.969031316130522,-82.13440048163591,1.778,1996,70,concrete,0.95,85.3,3,2.92,1.19,0.146,0.898,0.134,0.355,0.0906,8,TLS-00824,electric,0.47,0.0,False,0,,,,,2023,0.0,0.0,0
transmission_span,31.043233608482776,-83.69804373473977,31.04437764594845,-83.69452513739762,0.358,1973,70,steel_lattice,0.8,59.7,3,33.47,118.86,0.748,0.54,0.523,0.531,0.0913,7,TLS-00825,electric,1.15,0.0,False,0,,,,,2025,0.0,0.0,0
transmission_span,31.215816516225278,-85.27675916893395,31.197949320605627,-85.32332573038687,4.845,1939,70,concrete,0.95,27.8,3,27.64,127.74,0.64,0.548,0.555,0.303,0.2069,0,TLS-00826,electric,2.96,0.0,False,0,,,,,2025,0.0,0.0,0
transmission_span,31.013802311205072,-82.40285178030332,31.021477370315473,-82.40862854973753,1.014,1975,70,steel_lattice,0.8,48.4,3,22.43,119.57,0.511,0.754,0.593,0.477,0.0906,8,TLS-00827,electric,3.09,0.0,False,0,,,,,2020,0.0,0.0,0
transmission_span,31.166866492642455,-84.53199427482105,31.152744028969924,-84.55522104573942,2.706,1954,70,concrete,0.95,41.4,3,22.78,121.08,0.536,0.608,0.557,0.483,0.3293,7,TLS-00828,electric,5.23,0.0,False,0,,,,,2023,0.0,0.0,0
transmission_span,32.06350219681673,-84.19173081651222,32.06742282918812,-84.20763764857784,1.558,1985,70,steel_lattice,0.8,65.6,3,63.91,224.44,0.833,0.664,0.865,0.541,0.1362,4,TLS-00829,electric,2.43,0.0,False,0,,,,,2015,0.0,0.0,0
transmission_span,31.716685413202644,-84.56708189827607,31.7345763399718,-84.57051893852294,2.012,2001,70,steel_lattice,0.8,83.9,2,45.92,181.84,0.762,0.43,0.699,0.407,0.1639,4,TLS-00830,electric,3.07,0.0,False,0,,,,,2025,0.0,0.0,0
transmission_span,30.238466248835152,-82.46739783380477,30.244127301583404,-82.459909411209,0.954,1991,70,steel_lattice,0.8,73.3,1,5.85,34.29,0.294,0.593,0.317,0.475,0.0906,8,TLS-00831,electric,0.58,0.0,False,0,,,,,2022,0.0,0.0,0
transmission_span,31.852552805086574,-82.57369862640299,31.846946853556847,-82.57284538840409,0.627,1965,70,steel_lattice,0.8,36.2,2,49.13,214.53,0.823,0.681,0.746,0.9,0.0906,3,TLS-00832,electric,2.16,0.0,False,0,,,,,2023,0.0,0.0,0
transmission_span,30.454285537915307,-85.6524359537923,30.488208717605207,-85.66715251797424,4.02,1988,70,steel_lattice,0.8,94.4,3,11.49,48.96,0.362,0.616,0.369,0.0,0.0906,9,TLS-00833,electric,1.49,0.0,False,0,,,,,2018,0.0,0.0,0
transmission_span,30.16616034262322,-84.8748177964207,30.16189170497696,-84.86670344736393,0.912,1966,70,steel_lattice,0.8,59.5,2,0.3,8.73,0.049,0.687,0.119,0.11,0.0906,9,TLS-00834,electric,0.73,0.93,False,0,,,,,2023,0.0,0.0,0
transmission_span,31.27874609401102,-84.8003443428793,31.259536772766175,-84.8440286418989,4.661,1958,70,steel_lattice,0.8,58.0,2,31.39,132.24,0.738,0.535,0.507,0.446,0.1807,7,TLS-00835,electric,3.66,2.31,False,0,,,,,2025,0.0,0.0,0
transmission_span,30.612825731056493,-84.31093433963838,30.62497909904068,-84.29839081078126,1.804,1986,70,steel_lattice,0.8,70.4,3,13.92,61.84,0.357,0.577,0.312,0.491,0.4615,7,TLS-00836,electric,2.86,0.0,False,0,,,,,2024,0.0,0.0,0
transmission_span,30.483828346804785,-84.72415606539023,30.488485347770705,-84.69473373691355,2.862,2005,70,steel_lattice,0.8,97.5,3,8.03,44.18,0.432,0.593,0.315,0.159,0.0933,9,TLS-00837,electric,1.2,0.0,False,0,,,,,2024,0.0,0.0,0
transmission_span,31.50626579373773,-83.47679658182551,31.51704484691746,-83.44019755287368,3.664,1952,70,steel_lattice,0.8,31.0,2,45.33,173.43,0.815,0.804,0.774,0.494,0.0906,6,TLS-00838,electric,0.44,0.0,False,0,,,,,2024,0.0,0.0,0
transmission_span,30.349232694899726,-82.85663727539263,30.343904730492206,-82.8513754128999,0.777,1996,70,steel_lattice,0.8,79.5,3,9.33,49.07,0.348,0.549,0.242,0.494,0.0906,8,TLS-00839,electric,1.06,1.08,False,0,,,,,2025,0.0,0.0,0
transmission_span,31.44466981072885,-83.62545760128852,31.44395748555094,-83.59187368831911,3.181,2006,70,concrete,0.95,87.1,3,46.65,164.52,0.681,0.762,0.565,0.577,0.0906,6,TLS-00840,electric,2.98,0.0,False,0,,,,,2023,0.0,0.0,0
transmission_span,31.557250768265845,-85.34338597135289,31.55883636838716,-85.3369881933124,0.63,1980,70,steel_lattice,0.8,56.8,3,38.13,166.45,0.518,0.522,0.635,0.573,0.3509,0,TLS-00841,electric,3.39,0.0,False,0,,,,,2021,0.0,0.0,0
transmission_span,31.06712927251841,-85.77199911865347,31.070530327710518,-85.75749233536179,1.43,1994,70,steel_lattice,0.8,60.2,3,29.45,119.3,0.523,0.657,0.497,0.248,0.12,0,TLS-00842,electric,5.03,0.0,False,0,,,,,2020,0.0,0.0,0
transmission_span,30.91092244981927,-82.97885461124002,30.919733747709998,-82.99114215708221,1.525,1972,70,steel_monopole,0.7,65.3,3,27.1,111.35,0.6,0.822,0.541,0.378,0.0906,10,TLS-00843,electric,6.77,0.0,False,0,,,,,2015,0.0,0.0,0
transmission_span,31.072562231137123,-83.47578947924778,31.075546064876466,-83.49690021177986,2.034,1950,70,steel_monopole,0.7,37.7,3,36.35,125.3,0.666,0.716,0.508,0.495,0.0906,6,TLS-00844,electric,3.75,0.0,False,0,,,,,2023,0.0,0.0,0
transmission_span,32.129549809541814,-85.25322298530716,32.12060690481926,-85.23720935789201,1.803,1994,70,steel_lattice,0.8,50.6,2,63.18,228.9,0.756,0.606,0.83,0.67,0.0929,0,TLS-00845,electric,0.99,0.0,False,0,,,,,2019,0.0,0.0,0
transmission_span,30.838832388860318,-82.28768291510082,30.805683863741347,-82.25463911465984,4.843,1955,70,steel_lattice,0.8,62.5,3,16.74,98.52,0.582,0.871,0.401,0.421,0.0906,8,TLS-00846,electric,1.81,0.0,False,0,,,,,2022,0.0,0.0,0
transmission_span,31.803343196421366,-85.12782289899226,31.827734395590827,-85.1226969417389,2.75,1988,70,steel_monopole,0.7,69.8,3,47.3,191.53,0.839,0.499,0.735,0.477,0.183,0,TLS-00847,electric,0.52,0.0,False,0,,,,,2023,0.0,0.0,0
transmission_span,30.31682070243488,-84.98991385963339,30.324665554485424,-84.98050840735145,1.253,1960,70,steel_monopole,0.7,53.4,3,0.3,25.73,0.249,0.617,0.16,0.071,0.0906,9,TLS-00848,electric,1.62,1.77,False,0,,,,,2025,0.0,0.0,0
transmission_span,32.70632354283705,-82.38304643784656,32.72942377246076,-82.39530476990228,2.808,1950,70,steel_monopole,0.7,59.1,3,84.37,307.18,0.93,0.556,1.0,0.778,0.1038,5,TLS-00849,electric,0.88,0.0,False,0,,,,,2024,0.0,0.0,0
transmission_span,30.526000543550037,-81.96925171431513,30.505145144892193,-81.96707234849575,2.324,1928,70,steel_lattice,0.8,29.8,3,9.13,58.08,0.269,0.808,0.317,0.391,0.0906,8,TLS-00850,electric,1.02,0.0,False,0,,,,,2022,0.0,0.0,0
transmission_span,31.553829915470068,-82.25087894732148,31.560670965295145,-82.29537426642092,4.277,1950,70,steel_lattice,0.8,53.7,2,35.67,177.3,0.703,0.658,0.704,0.859,0.0906,3,TLS-00851,electric,0.56,0.0,False,0,,,,,2024,0.0,0.0,0
transmission_span,32.759492952717856,-82.22753132303521,32.76498875103222,-82.20845145874505,1.883,1989,70,concrete,0.95,65.2,3,81.78,310.75,0.79,0.622,1.0,0.805,0.2162,5,TLS-00852,electric,0.42,0.62,False,0,,,,,2025,0.0,0.0,0
transmission_span,31.680705429279836,-83.51165924175254,31.68979890057706,-83.47585966918062,3.529,1959,70,concrete,0.95,38.5,3,49.28,192.33,0.985,0.791,0.786,0.658,0.0906,1,TLS-00853,electric,3.73,0.0,False,0,,,,,2023,0.0,0.0,0
transmission_span,30.548962114066615,-84.71879672350516,30.539295052567116,-84.70990995139907,1.369,1969,70,steel_monopole,0.7,43.3,2,10.46,51.43,0.346,0.584,0.383,0.254,0.0988,9,TLS-00854,electric,2.87,0.0,False,0,,,,,2020,0.0,0.0,0
transmission_span,30.113246526013647,-82.28039693360678,30.09223306562457,-82.29137513677992,2.56,1989,70,concrete,0.95,80.2,2,3.34,17.86,0.268,0.707,0.224,0.487,0.0906,8,TLS-00855,electric,1.21,1.95,False,0,,,,,2022,0.0,0.0,0
transmission_span,31.691256752608112,-84.0169444342397,31.704701330849794,-84.00447277523277,1.901,1989,70,steel_lattice,0.8,68.5,3,50.58,185.73,0.868,0.778,0.754,0.489,0.092,6,TLS-00856,electric,2.82,0.0,False,0,,,,,2024,0.0,0.0,0
transmission_span,32.02926577794071,-84.64291403534644,32.02219884761269,-84.67633371742951,3.241,1975,70,steel_monopole,0.7,58.9,2,58.91,216.07,0.722,0.575,0.759,0.488,0.2106,4,TLS-00857,electric,2.85,0.0,False,0,,,,,2022,0.0,0.0,0
transmission_span,32.26492147055855,-83.45812848067726,32.25453196556673,-83.45180919363304,1.297,1942,70,steel_lattice,0.8,41.6,2,74.61,257.88,0.971,0.803,0.955,0.856,0.0906,2,TLS-00858,electric,1.76,0.0,False,0,,,,,2023,0.0,0.0,0
transmission_span,32.8466987819605,-84.82353291485232,32.83150329985979,-84.81804059528628,1.763,1987,70,steel_lattice,0.8,76.0,2,80.79,306.27,0.903,0.566,1.0,0.501,0.1028,4,TLS-00859,electric,3.15,0.0,False,0,,,,,2013,0.0,0.0,0
transmission_span,31.001096095150892,-82.06420889727939,30.99072361683139,-82.09175654817942,2.863,1960,70,steel_monopole,0.7,50.2,3,19.66,112.67,0.567,0.634,0.665,0.688,0.0906,8,TLS-00860,electric,3.23,0.0,False,0,,,,,2022,0.0,0.0,0
transmission_span,30.179554954864194,-82.73475282731033,30.179706370884432,-82.74165565844085,0.663,1968,70,steel_monopole,0.7,62.9,2,7.45,29.89,0.246,0.792,0.185,0.44,0.0906,8,TLS-00861,electric,1.24,1.62,False,0,,,,,2024,0.0,0.0,0
transmission_span,30.30484225189542,-82.7554048159074,30.27465658897315,-82.77599286540124,3.888,1987,70,concrete,0.95,62.8,3,10.87,43.88,0.36,0.771,0.406,0.482,0.0906,8,TLS-00862,electric,2.23,2.09,False,0,,,,,2026,0.0,0.0,0
transmission_span,31.40246895554372,-84.46275533292608,31.42698421866607,-84.43879168342924,3.544,1967,70,steel_lattice,0.8,68.2,3,38.08,147.83,0.742,0.579,0.554,0.459,0.1051,7,TLS-00863,electric,1.75,0.0,False,0,,,,,2020,0.0,0.0,0
transmission_span,30.877780847863765,-83.40008597579552,30.89624241089935,-83.40174513199561,2.055,1991,70,steel_monopole,0.7,71.2,3,25.4,104.62,0.411,0.729,0.444,0.521,0.0906,10,TLS-00864,electric,2.41,0.0,False,0,,,,,2022,0.0,0.0,0
transmission_span,31.172138027585973,-83.05812901234009,31.18115206051084,-83.0710047625927,1.58,1992,70,steel_lattice,0.8,82.2,3,36.37,140.1,0.676,0.684,0.546,0.6,0.0906,10,TLS-00865,electric,1.23,0.0,False,0,,,,,2022,0.0,0.0,0
transmission_span,31.867811932286767,-82.93081892462376,31.891056484147178,-82.96486425309448,4.118,1972,70,steel_lattice,0.8,56.8,3,55.87,217.64,0.846,0.635,0.843,0.901,0.0906,1,TLS-00866,electric,0.85,0.0,False,0,,,,,2019,0.0,0.0,0
transmission_span,32.16718320833604,-84.58821152415204,32.1680994970574,-84.57789363103124,0.975,2007,70,steel_lattice,0.8,88.5,3,63.93,231.7,0.87,0.549,0.871,0.448,0.2139,4,TLS-00867,electric,0.31,0.0,False,0,,,,,2025,0.0,0.0,0
transmission_span,32.88482071717919,-82.30024463702678,32.91633919691236,-82.2833766892031,3.836,1999,70,steel_lattice,0.8,85.8,3,91.33,325.81,0.754,0.779,1.0,0.708,0.126,5,TLS-00868,electric,4.32,2.3,False,0,,,,,2025,0.0,0.0,0
transmission_span,31.0333729479849,-83.35703485721051,31.052034984080613,-83.337531795584,2.781,1963,70,steel_lattice,0.8,18.8,2,35.8,122.38,0.598,0.807,0.57,0.48,0.0906,10,TLS-00869,electric,1.83,0.0,False,0,,,,,2021,0.0,0.0,0
transmission_span,30.75483073535182,-83.68213626805233,30.766531565453914,-83.69228443039358,1.62,1964,70,steel_lattice,0.8,67.8,2,25.32,87.09,0.262,0.704,0.46,0.552,0.0916,7,TLS-00870,electric,2.45,0.0,False,0,,,,,2023,0.0,0.0,0
transmission_span,31.36353380997852,-85.27287155195889,31.365795995378484,-85.26093545240398,1.159,1970,70,steel_lattice,0.8,58.4,3,31.62,144.09,0.552,0.643,0.567,0.441,0.2616,0,TLS-00871,electric,1.56,0.0,False,0,,,,,2024,0.0,0.0,0
transmission_span,31.105247556942448,-82.94675556512139,31.106371275819853,-82.963005228503,1.549,1998,70,concrete,0.95,55.7,3,34.59,132.98,0.606,0.648,0.577,0.543,0.0906,10,TLS-00872,electric,1.63,0.0,False,0,,,,,2025,0.0,0.0,0
transmission_span,30.207490418969257,-81.8120313820654,30.247233273303074,-81.84095348522398,5.211,1944,70,steel_lattice,0.8,22.4,3,0.64,19.5,0.222,0.692,0.192,0.335,0.0906,8,TLS-00873,electric,0.5,1.83,False,0,,,,,2023,0.0,0.0,0
transmission_span,30.290455492043698,-82.18263038440215,30.29882342896506,-82.1920479780054,1.295,1963,70,steel_monopole,0.7,57.4,3,1.45,35.93,0.357,0.697,0.23,0.466,0.0906,8,TLS-00874,electric,1.33,1.86,False,0,,,,,2022,0.0,0.0,0
transmission_span,31.558242215333664,-81.66728987745162,31.536630210737545,-81.64604883414886,3.129,1981,70,concrete,0.95,52.8,3,30.47,166.4,0.722,0.54,0.691,0.755,0.0906,3,TLS-00875,electric,3.64,0.0,False,0,,,,,2021,0.0,0.0,0
transmission_span,31.41831454152856,-85.07454391795815,31.436717074590888,-85.03461114716286,4.299,1990,70,steel_lattice,0.8,67.0,3,36.5,148.42,0.739,0.875,0.605,0.526,0.1522,0,TLS-00876,electric,1.79,0.0,False,0,,,,,2025,0.0,0.0,0
transmission_span,32.37859150184407,-83.41636478185355,32.35855951681653,-83.41242384665505,2.254,2006,70,steel_lattice,0.8,78.5,3,80.1,271.02,0.93,0.782,1.0,0.874,0.0906,2,TLS-00877,electric,2.19,0.0,False,0,,,,,2019,0.0,0.0,0
transmission_span,30.63743683740097,-84.70466747966402,30.61847997365152,-84.71571222188604,2.354,1976,70,steel_lattice,0.8,62.0,3,9.34,61.3,0.393,0.767,0.383,0.315,0.1221,9,TLS-00878,electric,3.86,0.0,False,0,,,,,2023,0.0,0.0,0
transmission_span,30.851516461768966,-84.69942620791277,30.863362343625393,-84.67617573548202,2.576,2025,70,steel_lattice,0.8,98.3,3,15.27,85.08,0.33,0.611,0.377,0.349,0.3362,7,TLS-00879,electric,2.61,0.0,False,0,,,,,2018,0.0,0.0,0
transmission_span,31.113819545368337,-82.08669712684869,31.09890715400647,-82.09011181318606,1.687,1975,70,steel_monopole,0.7,55.5,2,19.45,125.6,0.665,0.737,0.513,0.712,0.0906,8,TLS-00880,electric,1.93,0.0,False,0,,,,,2025,0.0,0.0,0
transmission_span,30.182487934654255,-84.65293177759634,30.150025850524248,-84.67486916740683,4.173,1954,70,steel_lattice,0.8,43.1,3,0.39,11.02,0.209,0.681,0.236,0.132,0.0906,9,TLS-00881,electric,0.24,0.0,False,0,,,,,2015,0.0,0.0,0
transmission_span,31.97508303128248,-82.51403367505154,32.06012864067927,-82.50422845146946,9.485,1983,70,steel_monopole,0.7,89.4,3,58.87,227.56,0.855,0.627,0.899,0.967,0.0906,3,TLS-00882,electric,4.27,1.75,False,0,,,,,2024,0.0,0.0,0
transmission_span,30.62690408189068,-82.68753923148188,30.62981162552168,-82.69277926353807,0.596,2006,70,steel_monopole,0.7,85.2,3,15.68,79.31,0.526,0.682,0.351,0.562,0.0906,8,TLS-00883,electric,6.42,0.0,False,0,,,,,2025,0.0,0.0,0
transmission_span,32.69020016516004,-83.59958267832604,32.68357140584986,-83.61455358133782,1.58,1969,70,steel_lattice,0.8,47.3,3,90.46,303.15,0.962,0.815,1.0,0.875,0.0906,2,TLS-00884,electric,2.24,0.0,False,0,,,,,2025,0.0,0.0,0
transmission_span,31.818037711796663,-84.39366572582348,31.812206185986597,-84.38791564637737,0.844,1978,70,steel_monopole,0.7,59.0,3,49.1,194.66,0.845,0.573,0.762,0.534,0.2548,4,TLS-00885,electric,4.99,0.0,False,0,,,,,2024,0.0,0.0,0
transmission_span,31.718931532279726,-83.17319201314614,31.701402294980177,-83.19043672855726,2.537,1964,70,steel_lattice,0.8,44.8,3,53.87,200.14,0.936,0.687,0.767,0.774,0.0906,1,TLS-00886,electric,0.79,0.0,False,0,,,,,2022,0.0,0.0,0
transmission_span,32.68037677911782,-83.60872471944431,32.71496786334068,-83.59812917259555,3.965,2025,70,steel_lattice,0.8,96.8,3,90.58,301.93,0.913,0.642,0.911,0.841,0.0906,2,TLS-00887,electric,3.27,0.0,False,0,,,,,2024,0.0,0.0,0
transmission_span,30.36265940889629,-84.54569834682468,30.348608898436677,-84.53751719245662,1.745,1973,70,steel_monopole,0.7,71.5,3,7.89,31.71,0.326,0.655,0.148,0.308,0.0936,9,TLS-00888,electric,3.85,1.04,False,0,,,,,2019,0.0,0.0,0
transmission_span,30.087056417653457,-83.52662620731897,30.090910415139877,-83.52367688625235,0.513,1969,70,steel_monopole,0.7,62.0,3,10.19,15.23,0.214,0.692,0.199,0.475,0.0906,11,TLS-00889,electric,0.69,0.0,False,0,,,,,2024,0.0,0.0,0
transmission_span,30.92647593353042,-82.88333139652342,30.91523600753054,-82.87291710839708,1.594,2014,70,steel_lattice,0.8,74.0,3,27.6,113.16,0.503,0.628,0.578,0.509,0.0906,10,TLS-00890,electric,4.76,0.0,False,0,,,,,2025,0.0,0.0,0
transmission_span,32.15626483826887,-81.98116359413984,32.166903971159975,-81.965583238187,1.881,1976,70,steel_lattice,0.8,65.2,3,56.54,239.28,0.697,0.568,0.891,0.833,0.2476,3,TLS-00891,electric,1.5,0.0,False,0,,,,,2025,0.0,0.0,0
transmission_span,30.650411500369493,-84.35250398202528,30.668882447194537,-84.34232702988406,2.269,1959,70,steel_lattice,0.8,71.9,3,19.95,65.52,0.279,0.586,0.309,0.434,0.5469,7,TLS-00892,electric,7.63,0.0,False,0,,,,,2025,0.0,0.0,0
transmission_span,32.36072013404674,-84.92908404112707,32.371975576955556,-84.90526133061587,2.559,1972,70,steel_lattice,0.8,92.7,2,67.3,252.41,0.862,0.738,1.0,0.449,0.1034,4,TLS-00893,electric,3.06,0.0,False,0,,,,,2024,0.0,0.0,0
transmission_span,31.590148641889904,-83.94247673760522,31.604306526934,-83.94445058473683,1.583,1971,70,concrete,0.95,37.4,2,48.88,175.68,0.764,0.746,0.74,0.479,0.0907,6,TLS-00894,electric,1.67,0.0,False,0,,,,,2025,0.0,0.0,0
transmission_span,30.772589964375943,-84.18035949239928,30.782583480671438,-84.20148654225619,2.3,2006,70,steel_monopole,0.7,84.2,3,20.96,81.31,0.148,0.557,0.259,0.493,0.8868,7,TLS-00895,electric,1.56,1.83,False,0,,,,,2025,0.0,0.0,0
transmission_span,30.913567480292812,-81.57983479505143,30.926333297488206,-81.5931824975263,1.904,1966,70,steel_lattice,0.8,35.0,3,15.65,93.04,0.64,0.63,0.468,0.503,0.0906,8,TLS-00896,electric,3.32,0.0,False,0,,,,,2019,0.0,0.0,0
transmission_span,30.515562157365114,-83.52411988280434,30.54033678247463,-83.48932162766799,4.317,1999,70,steel_monopole,0.7,93.4,3,16.55,62.83,0.447,0.715,0.309,0.65,0.0906,7,TLS-00897,electric,1.52,0.0,False,0,,,,,2021,0.0,0.0,0
transmission_span,31.4715438399814,-82.59989477657633,31.484594479279238,-82.60929277177462,1.7,1940,70,steel_monopole,0.7,41.4,1,34.44,172.45,0.758,0.736,0.708,0.801,0.0906,10,TLS-00898,electric,1.54,0.0,False,0,,,,,2025,0.0,0.0,0
transmission_span,30.526347518162048,-85.29501102357555,30.518726526073944,-85.28934273197201,1.005,1965,70,concrete,0.95,34.8,3,10.53,51.42,0.292,0.74,0.282,0.085,0.0906,9,TLS-00899,electric,4.24,0.0,False,0,,,,,2025,0.0,0.0,0
transmission_span,31.515550753287435,-81.51793990325159,31.541057220916805,-81.5415141141533,3.604,1999,70,steel_monopole,0.7,74.9,3,26.76,158.61,0.731,0.701,0.711,0.805,0.0906,3,TLS-00900,electric,1.72,0.0,False,0,,,,,2024,0.0,0.0,0
transmission_span,29.921983372892665,-82.67121506062763,29.90980620898413,-82.68953638692021,2.221,1966,70,steel_lattice,0.8,66.4,2,4.28,0.96,0.158,0.469,0.134,0.495,0.0906,8,TLS-00901,electric,1.61,2.04,False,0,,,,,2024,0.0,0.0,0
transmission_span,31.050610629571484,-82.54050289605478,31.058275897111223,-82.54398869200715,0.913,1987,70,steel_lattice,0.8,59.8,3,23.28,125.21,0.578,0.837,0.473,0.545,0.0906,8,TLS-00902,electric,1.55,0.0,False,0,,,,,2024,0.0,0.0,0
transmission_span,30.239270347062135,-85.84746698112313,30.20057772426157,-85.84696895118454,4.295,1976,70,steel_lattice,0.8,63.2,3,6.38,28.93,0.226,0.598,0.227,0.016,0.0906,9,TLS-00903,electric,1.27,0.0,False,0,,,,,2024,0.0,0.0,0
transmission_span,31.48078354951536,-85.37317181579076,31.479939219300103,-85.36326804155674,0.942,1960,70,steel_lattice,0.8,47.3,3,42.89,158.35,0.615,0.71,0.667,0.458,0.3476,0,TLS-00904,electric,1.75,0.0,False,0,,,,,2025,0.0,0.0,0
transmission_span,32.04196557105209,-84.44861505056889,32.035687345204586,-84.43607387962962,1.37,1946,70,steel_lattice,0.8,30.3,3,61.46,218.95,0.709,0.604,0.858,0.487,0.3028,4,TLS-00905,electric,2.02,0.0,False,0,,,,,2025,0.0,0.0,0
transmission_span,31.164811977836248,-83.04970413909524,31.110511391846856,-83.04005778387302,6.097,1984,70,steel_monopole,0.7,81.1,3,36.93,139.32,0.733,0.726,0.592,0.554,0.0906,10,TLS-00906,electric,4.71,0.0,False,0,,,,,2025,0.0,0.0,0
transmission_span,31.10988863482904,-82.97721092192981,31.11163463435742,-82.95004534832833,2.589,1972,70,steel_lattice,0.8,88.1,2,32.15,133.44,0.615,0.798,0.621,0.596,0.0906,10,TLS-00907,electric,3.25,0.0,False,0,,,,,2025,0.0,0.0,0
transmission_span,30.3597296935074,-84.23623501209903,30.377351180653605,-84.24991221945645,2.354,1991,70,steel_lattice,0.8,59.5,3,6.03,34.71,0.386,0.582,0.204,0.391,0.1023,9,TLS-00908,electric,1.21,0.0,False,0,,,,,2023,0.0,0.0,0
transmission_span,32.93871525475482,-82.2312296695752,32.931948967137444,-82.23058914860668,0.753,2002,70,steel_lattice,0.8,79.5,3,89.69,330.71,0.741,0.604,1.0,0.702,0.1511,5,TLS-00909,electric,0.75,0.0,False,0,,,,,2024,0.0,0.0,0
transmission_span,32.26762340911382,-84.07084970411424,32.30383817029915,-84.08802441830579,4.331,1964,70,steel_lattice,0.8,46.0,1,70.43,248.87,0.857,0.739,0.935,0.622,0.0973,4,TLS-00910,electric,3.07,0.0,False,0,,,,,2023,0.0,0.0,0
transmission_span,30.47146625604008,-82.41423804484236,30.47768502349733,-82.41689514166312,0.736,1984,70,steel_lattice,0.8,74.4,3,10.97,59.51,0.468,0.569,0.343,0.358,0.0906,8,TLS-00911,electric,0.64,0.0,False,0,,,,,2019,0.0,0.0,0
transmission_span,30.23027527754563,-81.55813695194355,30.222958280075837,-81.57410235789933,1.733,1962,70,steel_lattice,0.8,49.1,1,0.47,16.75,0.106,0.619,0.237,0.208,0.0906,8,TLS-00912,electric,1.06,2.26,False,0,,,,,2025,0.0,0.0,0
transmission_span,32.338248000833154,-81.63484243048538,32.32675938219904,-81.64140231001493,1.416,1985,70,concrete,0.95,68.3,3,59.57,252.31,0.49,0.439,0.909,0.798,0.8089,5,TLS-00913,electric,4.28,0.0,False,0,,,,,2023,0.0,0.0,0
transmission_span,30.976697781244713,-85.03029411776411,30.968734842844405,-85.01501734668386,1.701,1970,70,steel_monopole,0.7,65.0,3,21.5,99.15,0.474,0.764,0.449,0.323,0.1207,0,TLS-00914,electric,1.87,0.0,False,0,,,,,2022,0.0,0.0,0
transmission_span,32.286971440543525,-82.16348195750521,32.28333178415306,-82.14741253554344,1.561,1971,70,steel_lattice,0.8,27.7,1,63.04,257.21,0.88,0.689,0.867,0.89,0.124,3,TLS-00915,electric,0.68,0.0,False,0,,,,,2021,0.0,0.0,0
transmission_span,31.239673692090253,-82.17688876786637,31.24328687232377,-82.18587583015524,0.943,1959,70,steel_monopole,0.7,48.5,3,25.59,141.2,0.701,0.585,0.543,0.745,0.0906,8,TLS-00916,electric,1.71,0.0,False,0,,,,,2025,0.0,0.0,0
transmission_span,32.0204594314119,-83.8742083333712,32.03275654505801,-83.90143304697317,2.903,1986,70,steel_lattice,0.8,91.1,3,65.88,224.54,0.772,0.734,0.859,0.625,0.0908,1,TLS-00917,electric,1.77,2.03,False,0,,,,,2022,0.0,0.0,0
transmission_span,30.724324546230342,-82.28207381875393,30.71553722656591,-82.31013251213255,2.849,1975,70,steel_lattice,0.8,79.7,3,14.04,85.72,0.53,0.573,0.366,0.502,0.0906,8,TLS-00918,electric,1.05,0.0,False,0,,,,,2025,0.0,0.0,0
transmission_span,31.61660068843605,-82.07931690792263,31.591469802667646,-82.07405759916593,2.833,1969,70,steel_lattice,0.8,47.7,3,35.78,181.27,0.785,0.649,0.518,0.966,0.0906,3,TLS-00919,electric,1.39,0.0,False,0,,,,,2023,0.0,0.0,0
transmission_span,30.361585690108384,-84.21191839342627,30.34938960826325,-84.21296570288399,1.357,1981,70,steel_monopole,0.7,68.5,3,6.09,35.25,0.347,0.643,0.234,0.403,0.1022,9,TLS-00920,electric,1.21,0.0,False,0,,,,,2024,0.0,0.0,0
transmission_span,32.270391151736604,-84.47462696469255,32.2736322215024,-84.47093616313374,0.499,2015,70,steel_lattice,0.8,92.9,2,67.91,244.06,0.885,0.66,0.88,0.453,0.3254,4,TLS-00921,electric,2.92,0.0,False,0,,,,,2024,0.0,0.0,0
transmission_span,31.284848539346868,-81.53787920864671,31.32801104674423,-81.56875790532648,5.616,1987,70,steel_lattice,0.8,69.5,3,20.1,133.4,0.607,0.756,0.64,0.65,0.0906,8,TLS-00922,electric,3.99,0.0,False,0,,,,,2022,0.0,0.0,0
transmission_span,32.40446487335716,-82.30757067102705,32.427094888339965,-82.32382105424387,2.938,1968,70,steel_lattice,0.8,55.0,3,69.65,272.6,0.953,0.788,0.938,0.994,0.0969,3,TLS-00923,electric,2.38,0.0,False,0,,,,,2024,0.0,0.0,0
transmission_span,30.268243074823154,-85.97177030500076,30.264407944214902,-85.97335693090406,0.452,1978,70,steel_lattice,0.8,68.1,3,11.24,34.73,0.392,0.645,0.24,0.037,0.0906,9,TLS-00924,electric,2.02,0.0,False,0,,,,,2021,0.0,0.0,0
transmission_span,32.003553499333776,-82.53622837399242,31.980407129816495,-82.62937875177025,9.137,1964,70,steel_lattice,0.8,56.5,2,55.08,230.94,0.811,0.662,0.795,1.0,0.0906,3,TLS-00925,electric,3.87,0.0,False,0,,,,,2021,0.0,0.0,0
transmission_span,30.100644113224792,-83.85940716765874,30.08527906817958,-83.84701394900017,2.08,1956,70,steel_monopole,0.7,55.1,3,9.61,11.68,0.117,0.7,0.211,0.391,0.0906,11,TLS-00926,electric,0.88,1.3,False,0,,,,,2021,0.0,0.0,0
transmission_span,30.164913963550976,-82.77222355123467,30.168366106560104,-82.7956037157418,2.276,1963,70,steel_monopole,0.7,71.2,3,6.43,28.41,0.21,0.614,0.284,0.603,0.0906,8,TLS-00927,electric,2.12,0.0,False,0,,,,,2023,0.0,0.0,0
transmission_span,29.949310626441694,-82.30719765946888,29.940882644814348,-82.32405060913477,1.871,2008,70,steel_lattice,0.8,79.2,3,0.3,0.08,0.241,0.778,0.143,0.389,0.0906,8,TLS-00928,electric,1.3,0.74,False,0,,,,,2025,0.0,0.0,0
transmission_span,31.143583776036092,-85.72891519525817,31.122598552092988,-85.70262267242944,3.415,1933,70,steel_monopole,0.7,27.8,2,33.03,126.93,0.548,0.797,0.548,0.37,0.1695,0,TLS-00929,electric,1.44,0.0,False,0,,,,,2021,0.0,0.0,0
transmission_span,31.36489339802162,-83.91760386458374,31.35734712616242,-83.91547651937148,0.862,1972,70,concrete,0.95,60.1,3,43.22,151.08,0.632,0.638,0.637,0.487,0.091,6,TLS-00930,electric,0.85,0.0,False,0,,,,,2024,0.0,0.0,0
transmission_span,30.442190679249883,-81.54839054935964,30.43584300650161,-81.548839374702,0.706,1956,70,steel_monopole,0.7,57.0,3,4.78,40.08,0.444,0.658,0.305,0.328,0.0906,8,TLS-00931,electric,1.13,0.55,False,0,,,,,2021,0.0,0.0,0
transmission_span,30.825997731549283,-85.34403193979692,30.820666252138643,-85.32644832837765,1.777,1969,70,steel_monopole,0.7,75.0,3,19.66,85.29,0.542,0.785,0.444,0.148,0.0933,0,TLS-00932,electric,0.7,0.0,False,0,,,,,2021,0.0,0.0,0
transmission_span,32.58365818419919,-82.55925074177213,32.60699794523794,-82.5596264575097,2.591,1997,70,steel_lattice,0.8,63.2,3,81.7,295.55,0.899,0.623,0.997,0.887,0.0908,3,TLS-00933,electric,2.86,0.0,False,0,,,,,2024,0.0,0.0,0
transmission_span,32.798095122850405,-82.98879525632064,32.75256509074031,-82.9933124311751,5.071,1970,70,steel_lattice,0.8,72.8,3,97.16,320.81,0.912,0.783,1.0,0.868,0.0906,2,TLS-00934,electric,3.63,0.0,False,0,,,,,2023,0.0,0.0,0
transmission_span,31.304369933652826,-84.60878167032317,31.284099412807954,-84.68803327084824,7.846,1970,70,steel_monopole,0.7,39.8,3,29.22,135.8,0.552,0.631,0.653,0.556,0.1844,7,TLS-00935,electric,2.71,0.0,False,0,,,,,2025,0.0,0.0,0
transmission_span,30.758387253903535,-83.29967356279714,30.79599204583801,-83.33392001559254,5.3,1971,70,steel_lattice,0.8,64.7,3,23.88,92.45,0.519,0.76,0.505,0.513,0.0906,10,TLS-00936,electric,3.15,0.0,False,0,,,,,2026,0.0,0.0,0
transmission_span,32.0958847493747,-82.44735486025932,32.08757327884259,-82.4625057932292,1.697,1976,70,steel_monopole,0.7,65.7,2,60.62,240.23,0.817,0.654,0.939,1.0,0.0906,3,TLS-00937,electric,0.41,0.0,False,0,,,,,2023,0.0,0.0,0
transmission_span,31.69662993108137,-82.63749947324693,31.676805431695538,-82.61178265200844,3.277,1985,70,steel_lattice,0.8,51.7,3,43.63,197.72,0.743,0.75,0.741,0.755,0.0906,3,TLS-00938,electric,1.15,0.0,False,0,,,,,2022,0.0,0.0,0
transmission_span,30.230460672524163,-82.42253602217426,30.22850493525051,-82.40815478490305,1.396,1975,70,concrete,0.95,41.5,3,1.9,32.87,0.361,0.678,0.251,0.457,0.0906,8,TLS-00939,electric,2.31,0.0,False,0,,,,,2023,0.0,0.0,0
transmission_span,31.560015759664523,-82.10088877630606,31.564795319874552,-82.0907931632925,1.092,1986,70,steel_lattice,0.8,78.0,3,32.98,175.39,0.615,0.696,0.672,0.871,0.0906,3,TLS-00940,electric,1.87,0.0,False,0,,,,,2023,0.0,0.0,0
transmission_span,31.178227602457554,-82.70729218842666,31.16947743975652,-82.73211779468679,2.55,1945,70,steel_lattice,0.8,62.1,3,30.59,140.61,0.718,0.703,0.665,0.495,0.0906,10,TLS-00941,electric,2.01,0.0,False,0,,,,,2022,0.0,0.0,0
transmission_span,31.13953114255658,-85.74634820827178,31.131709320447097,-85.7495478700737,0.92,1970,70,steel_monopole,0.7,37.7,3,29.58,126.83,0.62,0.551,0.525,0.342,0.1563,0,TLS-00942,electric,5.44,0.0,False,0,,,,,2024,0.0,0.0,0
transmission_span,31.3864964944617,-83.95666211270996,31.341259827590626,-83.97752719795267,5.396,1979,70,concrete,0.95,56.2,3,43.13,152.85,0.781,0.707,0.717,0.534,0.091,7,TLS-00943,electric,7.26,0.0,False,0,,,,,2025,0.0,0.0,0
transmission_span,32.75100664036748,-82.4549286611259,32.75062356283665,-82.4606439080183,0.535,1996,70,steel_monopole,0.7,87.1,3,83.08,313.04,0.86,0.675,1.0,0.855,0.0942,5,TLS-00944,electric,1.8,0.0,False,0,,,,,2022,0.0,0.0,0
transmission_span,30.30566798853586,-85.58842153817109,30.30188937293099,-85.56501838261462,2.282,1957,70,concrete,0.95,57.9,3,8.95,31.31,0.362,0.899,0.152,0.1,0.0906,9,TLS-00945,electric,2.26,2.2,False,0,,,,,2025,0.0,0.0,0
transmission_span,30.447503492349643,-85.54838669832289,30.423940198539235,-85.56677315458835,3.152,2003,70,steel_lattice,0.8,100.0,1,11.33,46.35,0.357,0.659,0.232,0.026,0.0906,9,TLS-00946,electric,1.64,0.0,False,0,,,,,2024,0.0,0.0,0
transmission_span,31.48792990033327,-83.95016792498211,31.496928838998922,-83.94378559554984,1.167,1969,70,steel_lattice,0.8,59.0,3,41.38,164.21,0.749,0.671,0.745,0.525,0.0907,6,TLS-00947,electric,0.29,0.0,False,0,,,,,2025,0.0,0.0,0
transmission_span,30.5058752680264,-82.16627518225793,30.515296359897143,-82.1138775839304,5.119,1994,70,steel_lattice,0.8,85.5,1,5.85,59.56,0.555,0.665,0.291,0.496,0.0906,8,TLS-00948,electric,1.74,0.0,False,0,,,,,2024,0.0,0.0,0
transmission_span,31.780495885094528,-83.48521350787793,31.757954729353507,-83.48277573804903,2.513,1972,70,concrete,0.95,57.0,3,58.9,203.76,0.83,0.545,0.764,0.643,0.0906,1,TLS-00949,electric,2.55,0.0,False,0,,,,,2020,0.0,0.0,0
transmission_span,31.033340357120203,-83.06264969681368,31.03914969431252,-83.07049857309148,0.986,1949,70,steel_lattice,0.8,49.4,3,31.5,124.67,0.777,0.688,0.492,0.519,0.0906,10,TLS-00950,electric,4.34,2.47,False,0,,,,,2025,0.0,0.0,0
transmission_span,30.95306582977043,-84.64370430857316,30.97328382201146,-84.6463289099877,2.258,1986,70,steel_lattice,0.8,72.3,2,22.66,96.61,0.337,0.527,0.358,0.374,0.5104,7,TLS-00951,electric,0.58,0.0,False,0,,,,,2024,0.0,0.0,0
transmission_span,32.561873920458,-85.92745529887911,32.58436570284074,-85.93652370493479,2.637,1985,70,steel_monopole,0.7,67.8,3,81.2,288.4,0.966,0.688,1.0,0.534,0.0906,0,TLS-00952,electric,6.32,0.0,False,0,,,,,2023,0.0,0.0,0
transmission_span,32.05558089172207,-84.89794685642312,32.0442636659887,-84.8929282965634,1.342,1956,70,steel_lattice,0.8,48.0,3,55.13,218.48,0.704,0.755,0.839,0.463,0.0965,4,TLS-00953,electric,0.56,0.0,False,0,,,,,2025,0.0,0.0,0
transmission_span,30.998671574831008,-85.95731496825947,30.989599575005624,-85.96179634553953,1.094,1979,70,steel_lattice,0.8,65.7,3,26.29,115.51,0.713,0.839,0.455,0.23,0.0917,0,TLS-00954,electric,3.5,0.0,False,0,,,,,2025,0.0,0.0,0
transmission_span,31.57830486663774,-85.96690023734614,31.585857321086113,-85.97817381740526,1.356,1984,70,steel_monopole,0.7,66.9,3,48.04,180.05,0.845,0.688,0.713,0.544,0.0917,0,TLS-00955,electric,1.37,0.0,False,0,,,,,2024,0.0,0.0,0
transmission_span,31.229321951706105,-85.2419862727769,31.209299972056453,-85.24071095003038,2.226,1978,70,steel_lattice,0.8,63.3,2,30.12,128.85,0.563,0.598,0.426,0.414,0.1821,0,TLS-00956,electric,3.37,0.0,False,0,,,,,2026,0.0,0.0,0
transmission_span,30.612440058488545,-84.43299272591845,30.642542926326314,-84.42803261285162,3.375,1976,70,steel_lattice,0.8,52.9,3,12.91,60.43,0.265,0.609,0.241,0.303,0.3233,7,TLS-00957,electric,2.87,0.55,False,0,,,,,2024,0.0,0.0,0
transmission_span,32.229046747815325,-84.00101419339218,32.238433947198565,-83.988921011753,1.541,1998,70,steel_monopole,0.7,71.6,3,69.82,245.67,0.836,0.695,0.885,0.593,0.0923,4,TLS-00958,electric,9.24,0.0,False,0,,,,,2024,0.0,0.0,0
transmission_span,30.97770504546179,-85.63904975728228,31.000598579570177,-85.65106722902763,2.787,1979,70,steel_monopole,0.7,61.7,2,23.81,106.81,0.589,0.73,0.558,0.231,0.1226,0,TLS-00959,electric,3.59,0.0,False,0,,,,,2024,0.0,0.0,0
transmission_span,32.416626301165444,-84.60613661794626,32.41038309785993,-84.58981266634105,1.679,1993,70,steel_lattice,0.8,60.7,3,68.65,259.28,0.476,0.591,0.93,0.442,0.5605,4,TLS-00960,electric,1.83,0.0,False,0,,,,,2023,0.0,0.0,0
transmission_span,30.40080179296642,-82.979054739099,30.405079503950198,-82.98887802575534,1.054,1988,70,steel_lattice,0.8,59.7,3,19.84,54.73,0.347,0.654,0.294,0.546,0.0906,10,TLS-00961,electric,1.61,0.79,False,0,,,,,2025,0.0,0.0,0
transmission_span,31.255318796799614,-83.16685745381368,31.21989037535184,-83.10223246070477,7.285,1969,70,steel_monopole,0.7,40.9,3,39.23,148.72,0.738,0.624,0.628,0.543,0.0906,10,TLS-00962,electric,1.28,0.0,False,0,,,,,2023,0.0,0.0,0
transmission_span,30.9106804943626,-82.27751757419247,30.901501783266607,-82.22938273674191,4.696,1958,70,steel_lattice,0.8,59.8,3,18.73,106.34,0.491,0.598,0.509,0.514,0.0906,8,TLS-00963,electric,3.2,0.0,False,0,,,,,2020,0.0,0.0,0
transmission_span,30.103188458244123,-83.44749228286359,30.119650085724714,-83.41780361635485,3.386,1986,70,concrete,0.95,69.7,3,8.71,18.06,0.206,0.862,0.267,0.469,0.0906,11,TLS-00964,electric,0.88,0.95,False,0,,,,,2021,0.0,0.0,0
transmission_span,31.331061492408615,-81.73414591888837,31.305150055215222,-81.74935058355415,3.217,2015,70,concrete,0.95,96.9,3,24.07,142.59,0.684,0.587,0.576,0.75,0.0906,8,TLS-00965,electric,2.48,0.0,False,0,,,,,2025,0.0,0.0,0
transmission_span,31.83949582222601,-82.7155054356228,31.865664537201045,-82.65299280171611,6.572,1983,70,steel_lattice,0.8,56.8,3,52.17,214.05,0.841,0.72,0.865,0.812,0.0906,3,TLS-00966,electric,2.09,0.0,False,0,,,,,2023,0.0,0.0,0
transmission_span,32.239709537139085,-82.06021966869442,32.25552486192348,-82.0507534534445,1.968,1957,70,concrete,0.95,68.0,3,60.39,250.08,0.874,0.744,0.887,0.862,0.2037,3,TLS-00967,electric,0.54,0.68,False,0,,,,,2025,0.0,0.0,0
transmission_span,32.544648109909055,-85.80534973735833,32.54792104233131,-85.81148123505673,0.679,1984,70,steel_lattice,0.8,79.9,3,78.31,283.97,0.927,0.672,1.0,0.524,0.0906,0,TLS-00968,electric,2.41,0.0,False,0,,,,,2021,0.0,0.0,0
transmission_span,31.1826973684632,-83.89259794782879,31.194667280756438,-83.87764689345127,1.945,1969,70,steel_lattice,0.8,58.0,3,33.91,131.25,0.712,0.687,0.59,0.612,0.0965,7,TLS-00969,electric,1.7,1.61,False,0,,,,,2022,0.0,0.0,0
transmission_span,31.386021328322826,-85.61923864282036,31.391525031105637,-85.6189692527309,0.611,1965,70,concrete,0.95,26.8,2,34.21,151.78,0.482,0.701,0.654,0.426,0.32,0,TLS-00970,electric,1.59,0.0,False,0,,,,,2025,0.0,0.0,0
transmission_span,32.328417066793335,-84.06088748999915,32.289964074840874,-84.10901700177831,6.213,1990,70,steel_lattice,0.8,82.3,3,75.24,255.77,0.826,0.666,0.931,0.536,0.0985,4,TLS-00971,electric,3.05,0.0,False,0,,,,,2023,0.0,0.0,0
transmission_span,30.358503804089104,-84.28264812081892,30.35654984299427,-84.32067465139627,3.649,1981,70,steel_lattice,0.8,82.8,3,2.58,33.97,0.332,0.657,0.177,0.325,0.1023,9,TLS-00972,electric,0.98,0.0,False,0,,,,,2025,0.0,0.0,0
transmission_span,30.996232084448927,-83.05480038915738,31.016897178951044,-83.05773918463599,2.311,1945,70,steel_lattice,0.8,21.7,3,32.69,120.58,0.59,0.585,0.579,0.455,0.0906,10,TLS-00973,electric,2.02,0.0,False,0,,,,,2022,0.0,0.0,0
transmission_span,31.060208085026524,-81.79170282212823,31.016086233660868,-81.75380225758254,6.081,1990,70,steel_lattice,0.8,66.9,1,17.64,113.73,0.483,0.625,0.583,0.582,0.0906,8,TLS-00974,electric,0.67,0.0,False,0,,,,,2021,0.0,0.0,0
transmission_span,31.595104339990222,-85.639874001518,31.615617989384216,-85.6226020583064,2.802,1962,70,steel_monopole,0.7,68.2,3,43.71,175.36,0.79,0.698,0.641,0.449,0.1534,0,TLS-00975,electric,3.57,0.0,False,0,,,,,2020,0.0,0.0,0
transmission_span,31.273101462009894,-81.57091030878232,31.28711636985163,-81.56287533876585,1.732,1962,70,steel_lattice,0.8,40.6,3,20.11,132.76,0.66,0.632,0.528,0.747,0.0906,8,TLS-00976,electric,0.83,0.0,False,0,,,,,2023,0.0,0.0,0
transmission_span,31.560243290542683,-84.29170926787036,31.585530712111918,-84.29967090816852,2.906,1993,70,steel_lattice,0.8,63.7,2,40.4,167.24,0.677,0.602,0.634,0.476,0.0985,7,TLS-00977,electric,2.47,0.0,False,0,,,,,2024,0.0,0.0,0
transmission_span,30.594183620839093,-84.88197191698308,30.5753560985986,-84.87264702511165,2.272,1989,70,steel_lattice,0.8,63.6,3,8.7,56.25,0.484,0.616,0.285,0.349,0.0948,9,TLS-00978,electric,1.34,0.0,False,0,,,,,2024,0.0,0.0,0
transmission_span,32.332617326214766,-81.78378911394253,32.333428985764684,-81.79194280986619,0.77,1959,70,steel_monopole,0.7,62.9,2,61.27,254.8,0.251,0.295,0.963,0.801,1.0,5,TLS-00979,electric,4.15,0.0,False,0,,,,,2020,0.0,0.0,0
transmission_span,30.224151561065604,-82.9861293052079,30.229553734450704,-82.99779645114592,1.27,1958,70,steel_monopole,0.7,51.8,2,9.26,35.1,0.229,0.649,0.202,0.593,0.0906,11,TLS-00980,electric,1.02,0.0,False,0,,,,,2023,0.0,0.0,0
transmission_span,31.70064686730209,-83.20957034334896,31.686111138577896,-83.16034204200163,4.921,1995,70,steel_lattice,0.8,80.4,3,54.57,197.84,0.908,0.73,0.857,0.757,0.0906,1,TLS-00981,electric,1.45,0.0,False,0,,,,,2021,0.0,0.0,0
transmission_span,32.17856182928065,-81.64049375411611,32.19056326956755,-81.62915298130024,1.706,1956,70,steel_lattice,0.8,35.6,3,51.49,234.7,0.565,0.374,0.978,0.839,0.5087,3,TLS-00982,electric,4.65,0.0,False,0,,,,,2019,0.0,0.0,0
transmission_span,31.893350557877113,-85.81540926889829,31.874156807279657,-85.8135911880474,2.137,1964,70,steel_lattice,0.8,70.1,3,57.52,211.88,0.889,0.747,0.762,0.605,0.091,0,TLS-00983,electric,1.82,0.0,False,0,,,,,2023,0.0,0.0,0
transmission_span,30.06587618825773,-82.1912589859741,30.076301820046382,-82.2084378959516,2.016,1973,70,steel_monopole,0.7,57.5,2,2.0,11.15,0.113,0.608,0.26,0.45,0.0906,8,TLS-00984,electric,1.61,0.0,False,0,,,,,2024,0.0,0.0,0
transmission_span,30.3254097878406,-85.121918880003,30.331215290347373,-85.11070176887907,1.253,1965,70,steel_monopole,0.7,46.7,3,5.08,27.44,0.083,0.645,0.172,0.093,0.0906,9,TLS-00985,electric,0.52,2.15,False,0,,,,,2025,0.0,0.0,0
transmission_span,30.05677072791457,-82.80860977881851,30.07248420464255,-82.79121909359328,2.415,1948,70,steel_monopole,0.7,61.8,3,2.5,16.52,0.285,0.696,0.252,0.708,0.0906,11,TLS-00986,electric,1.13,0.0,False,0,,,,,2023,0.0,0.0,0
transmission_span,30.72224723042424,-85.65760802353734,30.72386114614661,-85.63976600981928,1.712,1976,70,steel_lattice,0.8,43.7,3,18.73,78.8,0.45,0.643,0.321,0.161,0.0909,0,TLS-00987,electric,1.07,0.0,False,0,,,,,2021,0.0,0.0,0
transmission_span,30.237322143343814,-84.8878240797436,30.249382759979923,-84.87989934463249,1.539,1990,70,steel_lattice,0.8,64.4,3,0.3,16.64,0.241,0.799,0.202,0.08,0.0906,9,TLS-00988,electric,1.27,0.0,False,0,,,,,2021,0.0,0.0,0
transmission_span,31.322673204367337,-85.11291935056477,31.319971149811845,-85.12727914299622,1.394,1957,70,steel_lattice,0.8,44.2,3,32.89,138.07,0.682,0.617,0.549,0.466,0.1363,0,TLS-00989,electric,2.0,0.0,False,0,,,,,2020,0.0,0.0,0
transmission_span,30.84163661872839,-82.61897127534625,30.86997438524321,-82.63545118589177,3.516,1982,70,steel_lattice,0.8,59.4,3,17.36,102.68,0.443,0.936,0.374,0.517,0.0906,8,TLS-00990,electric,3.24,0.0,False,0,,,,,2022,0.0,0.0,0
transmission_span,31.842560300446795,-85.70711484020815,31.827191865189114,-85.69877728083198,1.878,2019,70,steel_lattice,0.8,77.9,3,51.97,204.1,0.781,0.708,0.792,0.616,0.0951,0,TLS-00991,electric,1.97,0.0,False,0,,,,,2019,0.0,0.0,0
transmission_span,32.27924915465833,-85.17306183369955,32.28857011759981,-85.15688503913285,1.837,1963,70,concrete,0.95,30.8,3,60.98,244.73,0.881,0.616,0.937,0.5,0.0907,0,TLS-00992,electric,1.17,0.0,False,0,,,,,2026,0.0,0.0,0
transmission_span,30.090929197723554,-83.45305747061549,30.090884397249553,-83.44042506392758,1.213,2012,70,steel_lattice,0.8,92.9,2,6.01,16.63,0.244,0.596,0.125,0.471,0.0906,11,TLS-00993,electric,1.03,0.0,False,0,,,,,2020,0.0,0.0,0
transmission_span,32.33395866998906,-82.8850491893656,32.32143457018262,-82.87481322141346,1.689,1992,70,steel_lattice,0.8,75.8,3,70.74,269.39,1.0,0.672,0.933,1.0,0.0906,2,TLS-00994,electric,0.55,1.06,False,0,,,,,2023,0.0,0.0,0
transmission_span,31.836497007894515,-83.50247146671641,31.83377085463647,-83.4632215209024,3.714,1989,70,steel_lattice,0.8,65.3,3,60.05,209.75,0.868,0.49,0.753,0.725,0.0906,1,TLS-00995,electric,4.54,0.0,False,0,,,,,2018,0.0,0.0,0
transmission_span,30.273569439106833,-83.27111305526734,30.27762209917953,-83.3251097501538,5.196,1972,70,steel_lattice,0.8,64.5,3,10.86,38.91,0.244,0.703,0.353,0.524,0.0906,11,TLS-00996,electric,1.82,0.0,False,0,,,,,2025,0.0,0.0,0
transmission_span,32.559705574854,-82.4126852598239,32.57171363917944,-82.48037349036737,6.471,1960,70,steel_lattice,0.8,57.6,3,79.5,291.29,0.816,0.708,1.0,0.906,0.0946,3,TLS-00997,electric,1.32,0.0,False,0,,,,,2025,0.0,0.0,0
transmission_span,31.762653345909168,-83.87910039517628,31.73029553495642,-83.89483648529051,3.887,1982,70,steel_monopole,0.7,73.2,3,55.19,195.84,0.929,0.637,0.86,0.537,0.0908,6,TLS-00998,electric,2.59,0.0,False,0,,,,,2023,0.0,0.0,0
transmission_span,31.8110785497373,-84.88389697280903,31.80609539804927,-84.87843008883726,0.756,1997,70,steel_lattice,0.8,84.2,3,47.92,191.33,0.83,0.751,0.783,0.292,0.1034,0,TLS-00999,electric,2.61,0.0,False,0,,,,,2023,0.0,0.0,0
transmission_span,32.08594443808386,-82.41199501072515,32.09933977405845,-82.40116853403461,1.802,1997,70,steel_lattice,0.8,73.2,3,54.16,238.69,0.877,0.654,0.922,0.938,0.0906,3,TLS-01000,electric,4.88,1.09,False,0,,,,,2025,0.0,0.0,0
transmission_span,31.798396907722605,-84.21858085019828,31.80708787532435,-84.24297087546155,2.495,1952,70,steel_monopole,0.7,71.3,3,52.73,194.64,0.855,0.736,0.628,0.543,0.1406,4,TLS-01001,electric,3.88,0.0,False,0,,,,,2022,0.0,0.0,0
transmission_span,30.37647938634289,-85.41693581709166,30.384363878502544,-85.42125036123892,0.968,2008,70,steel_lattice,0.8,59.0,3,9.68,36.39,0.305,0.572,0.226,0.0,0.0906,9,TLS-01002,electric,0.72,1.06,False,0,,,,,2025,0.0,0.0,0
transmission_span,32.212177181864185,-83.44747279518094,32.215231906731255,-83.43754270300178,0.992,1987,70,steel_lattice,0.8,69.6,2,72.28,252.16,0.87,0.505,0.92,0.694,0.0906,2,TLS-01003,electric,1.5,0.0,False,0,,,,,2019,0.0,0.0,0
transmission_span,31.443765050248683,-85.55668276600542,31.43591440619314,-85.54311989232181,1.552,2001,70,steel_monopole,0.7,89.9,3,35.04,157.08,0.684,0.734,0.615,0.569,0.3268,0,TLS-01004,electric,0.66,0.0,False,0,,,,,2025,0.0,0.0,0
transmission_span,30.041629730841063,-84.11891246794679,30.049084117756053,-84.12551295029873,1.043,1990,70,steel_lattice,0.8,79.1,3,6.95,1.06,0.121,0.762,0.149,0.318,0.0906,11,TLS-01005,electric,0.8,1.13,False,0,,,,,2025,0.0,0.0,0
transmission_span,32.283507073207964,-85.60812023852284,32.25901151822615,-85.65161644996405,4.904,1990,70,steel_lattice,0.8,73.3,3,70.51,251.2,1.0,0.752,1.0,0.61,0.0906,0,TLS-01006,electric,3.12,0.0,False,0,,,,,2023,0.0,0.0,0
transmission_span,30.49561106821947,-85.86902962352565,30.479688280083785,-85.86999128719226,1.77,1985,70,steel_lattice,0.8,88.2,3,15.31,57.83,0.414,0.803,0.37,0.075,0.0906,9,TLS-01007,electric,1.19,0.0,False,0,,,,,2019,0.0,0.0,0
transmission_span,30.699570143312066,-85.88846271967559,30.690611218120704,-85.874266513189,1.681,1954,70,steel_lattice,0.8,48.9,3,18.78,80.87,0.422,0.587,0.354,0.063,0.0906,0,TLS-01008,electric,1.94,0.0,False,0,,,,,2024,0.0,0.0,0
transmission_span,31.75341122680478,-82.49901170160796,31.786493582286305,-82.4911022714415,3.747,1980,70,steel_lattice,0.8,53.2,3,43.99,202.8,0.95,0.667,0.753,0.943,0.0906,3,TLS-01009,electric,3.85,0.0,False,0,,,,,2021,0.0,0.0,0
transmission_span,30.867632405016803,-84.53866283576181,30.8590760180887,-84.55855181770504,2.12,1936,70,steel_lattice,0.8,33.9,3,20.59,87.81,0.406,0.576,0.408,0.444,0.5169,7,TLS-01010,electric,2.72,0.0,False,0,,,,,2024,0.0,0.0,0
transmission_span,32.73093444546139,-83.79919422627754,32.7221123496685,-83.77058693757684,2.845,1997,70,steel_lattice,0.8,85.1,3,88.6,304.6,0.983,0.646,1.0,0.761,0.0906,2,TLS-01011,electric,2.04,0.0,False,0,,,,,2025,0.0,0.0,0
transmission_span,32.7054255521201,-84.47769404539447,32.72763961813595,-84.48481128276669,2.554,1973,70,steel_monopole,0.7,56.2,3,84.67,292.32,0.719,0.624,1.0,0.618,0.45,4,TLS-01012,electric,3.42,0.0,False,0,,,,,2026,0.0,0.0,0
transmission_span,30.866355832743483,-81.75864705958884,30.880555323153267,-81.68177903762626,7.492,1972,70,steel_lattice,0.8,49.1,3,8.17,91.52,0.535,0.862,0.418,0.525,0.0906,8,TLS-01013,electric,2.57,0.0,False,0,,,,,2023,0.0,0.0,0
transmission_span,30.83889328510703,-81.72388027839285,30.79987390880873,-81.70944089697532,4.545,2014,70,steel_lattice,0.8,67.8,3,9.39,87.74,0.459,0.825,0.448,0.463,0.0906,8,TLS-01014,electric,1.73,0.0,False,0,,,,,2021,0.0,0.0,0
transmission_span,30.30915062818235,-85.10193239977171,30.308196740482654,-85.12197304582995,1.923,1957,70,steel_lattice,0.8,73.1,3,1.32,25.49,0.226,0.779,0.123,0.047,0.0906,9,TLS-01015,electric,1.5,2.0,False,0,,,,,2024,0.0,0.0,0
transmission_span,29.934433714107623,-83.33161567616408,29.930677325052823,-83.32339129782105,0.894,1989,70,concrete,0.95,72.5,3,4.5,0.67,0.29,0.729,0.139,0.472,0.0906,11,TLS-01016,electric,2.64,0.0,False,0,,,,,2019,0.0,0.0,0
transmission_span,31.964718459624216,-83.28476519153027,31.965272959832028,-83.27872679954187,0.572,1962,70,steel_monopole,0.7,44.9,3,67.16,226.5,0.806,0.795,0.852,0.823,0.0906,1,TLS-01017,electric,2.13,0.0,False,0,,,,,2025,0.0,0.0,0
transmission_span,32.1684215597476,-82.0943683772796,32.199253637854014,-82.10093494038753,3.478,1978,70,steel_lattice,0.8,50.2,3,57.87,242.81,0.788,0.823,0.987,1.0,0.1387,3,TLS-01018,electric,3.09,0.0,False,0,,,,,2025,0.0,0.0,0
transmission_span,30.12783477603675,-85.11661790108265,30.145035770545622,-85.10789687629516,2.085,2024,70,steel_lattice,0.8,100.0,3,0.3,5.47,0.164,0.638,0.126,0.034,0.0906,9,TLS-01019,electric,0.72,1.79,False,0,,,,,2019,0.0,0.0,0
transmission_span,30.761140127876732,-81.60323369525639,30.759701753650454,-81.59797772281608,0.526,1992,70,concrete,0.95,66.7,3,7.81,76.6,0.384,0.515,0.398,0.424,0.0906,8,TLS-01020,electric,1.68,0.0,False,0,,,,,2024,0.0,0.0,0
transmission_span,30.18452828843443,-82.56954016619594,30.155732710910698,-82.6362217064716,7.152,1974,70,steel_monopole,0.7,57.4,3,2.99,29.34,0.177,0.558,0.252,0.466,0.0906,8,TLS-01021,electric,2.54,0.0,False,0,,,,,2024,0.0,0.0,0
transmission_span,31.10439995064181,-84.82975249347169,31.098601935061364,-84.85643071933988,2.616,1966,70,steel_monopole,0.7,39.2,3,22.31,112.87,0.364,0.706,0.563,0.501,0.315,7,TLS-01022,electric,4.92,0.0,False,0,,,,,2022,0.0,0.0,0
transmission_span,31.103799508228345,-81.78925721005442,31.092966921868946,-81.79957532610237,1.552,1990,70,steel_lattice,0.8,71.4,3,18.36,118.52,0.578,0.697,0.551,0.582,0.0906,8,TLS-01023,electric,0.6,0.0,False,0,,,,,2025,0.0,0.0,0
transmission_span,30.977500261077527,-85.35374870772925,30.97369871064664,-85.3476401025047,0.718,1968,70,steel_monopole,0.7,46.5,3,20.92,102.23,0.612,0.661,0.476,0.351,0.1199,0,TLS-01024,electric,2.22,0.0,False,0,,,,,2023,0.0,0.0,0
transmission_span,30.862224241434994,-82.01148199266633,30.844024053883604,-82.01803757161716,2.115,1942,70,steel_lattice,0.8,35.8,3,11.92,96.24,0.456,0.693,0.484,0.538,0.0906,8,TLS-01025,electric,2.45,0.0,False,0,,,,,2018,0.0,0.0,0
transmission_span,30.78713045431129,-84.06146102486989,30.78315111636653,-84.06214407414367,0.446,1960,70,concrete,0.95,49.6,3,20.77,84.68,0.264,0.649,0.315,0.477,0.4991,7,TLS-01026,electric,2.98,0.0,False,0,,,,,2024,0.0,0.0,0
transmission_span,31.307624019828193,-84.27355933621641,31.32355582457935,-84.28913951380207,2.304,1996,70,concrete,0.95,74.8,3,35.77,139.43,0.758,0.632,0.496,0.468,0.1085,7,TLS-01027,electric,0.58,0.0,False,0,,,,,2024,0.0,0.0,0
transmission_span,32.48807441659485,-82.19517081245532,32.502061470780355,-82.16840087071425,2.948,1964,70,steel_lattice,0.8,51.9,3,70.83,280.08,0.817,0.523,1.0,0.884,0.1491,3,TLS-01028,electric,1.25,0.0,False,0,,,,,2025,0.0,0.0,0
transmission_span,31.267332864279624,-83.55585126233865,31.278291003790923,-83.54163427871019,1.816,2003,70,steel_lattice,0.8,75.0,3,41.71,145.84,0.674,0.676,0.574,0.615,0.0906,6,TLS-01029,electric,2.12,0.0,False,0,,,,,2024,0.0,0.0,0
transmission_span,31.1855689905403,-82.74846816245913,31.182844111660735,-82.75649238289829,0.82,1996,70,steel_lattice,0.8,83.0,3,33.29,141.62,0.665,0.724,0.542,0.62,0.0906,10,TLS-01030,electric,4.53,0.0,False,0,,,,,2018,0.0,0.0,0
transmission_span,30.024577069149785,-82.00304674502465,30.039694502344123,-82.03796159927036,3.752,1986,70,steel_lattice,0.8,85.2,3,0.3,3.09,0.159,0.713,0.202,0.487,0.0906,8,TLS-01031,electric,1.92,2.1,False,0,,,,,2025,0.0,0.0,0
transmission_span,31.328878813377898,-83.8383401151033,31.319341301598502,-83.87849723733979,3.952,2001,70,steel_lattice,0.8,79.1,2,39.36,148.35,0.631,0.824,0.611,0.456,0.0908,6,TLS-01032,electric,3.3,0.0,False,0,,,,,2023,0.0,0.0,0
transmission_span,31.462417689209783,-83.90661714513483,31.459741351287228,-83.93398999476908,2.609,1978,70,steel_monopole,0.7,81.7,3,42.53,162.08,0.745,0.684,0.742,0.586,0.0906,6,TLS-01033,electric,1.1,0.0,False,0,,,,,2026,0.0,0.0,0
transmission_span,31.455443238508497,-84.22929946698311,31.438767463293072,-84.22480987031743,1.899,1979,70,steel_monopole,0.7,65.7,3,39.41,156.43,0.768,0.648,0.542,0.433,0.0922,7,TLS-01034,electric,3.48,0.0,False,0,,,,,2023,0.0,0.0,0
transmission_span,30.51220861953462,-84.00252323697664,30.50876247764904,-84.00627774460418,0.525,1989,70,steel_lattice,0.8,73.5,1,13.4,55.08,0.338,0.578,0.357,0.472,0.1223,7,TLS-01035,electric,2.03,0.0,False,0,,,,,2022,0.0,0.0,0
transmission_span,30.48339738874647,-82.51769442812711,30.506053486953242,-82.51759433581239,2.515,1966,70,steel_lattice,0.8,63.8,3,13.05,62.02,0.385,0.647,0.345,0.4,0.0906,8,TLS-01036,electric,2.18,0.0,False,0,,,,,2021,0.0,0.0,0
transmission_span,30.220144499827256,-83.53307778782705,30.2047455231799,-83.53736122141679,1.758,1997,70,steel_lattice,0.8,86.9,1,9.75,29.92,0.234,0.627,0.216,0.481,0.0906,11,TLS-01037,electric,0.71,0.0,False,0,,,,,2026,0.0,0.0,0
transmission_span,31.235104079223287,-83.4413862936923,31.223976405063453,-83.42827728861008,1.753,1994,70,steel_lattice,0.8,85.5,3,38.56,143.78,0.571,0.691,0.53,0.625,0.0906,6,TLS-01038,electric,6.75,0.0,False,0,,,,,2022,0.0,0.0,0
transmission_span,30.514320896381843,-82.74394489743518,30.49526787193292,-82.75294285623978,2.283,1998,70,steel_lattice,0.8,85.7,3,11.08,67.09,0.385,0.529,0.346,0.491,0.0906,8,TLS-01039,electric,1.11,0.0,False,0,,,,,2020,0.0,0.0,0
transmission_span,30.80915207271837,-83.6268789194332,30.789887872870242,-83.57296511990059,5.567,1997,70,steel_lattice,0.8,87.3,3,24.09,93.95,0.568,0.712,0.344,0.521,0.0909,7,TLS-01040,electric,1.39,0.0,False,0,,,,,2024,0.0,0.0,0
transmission_span,30.19968019895223,-83.45304788903377,30.214784620358152,-83.45772518268492,1.736,1990,70,steel_monopole,0.7,79.7,1,11.25,28.7,0.165,0.636,0.304,0.57,0.0906,11,TLS-01041,electric,1.7,0.0,False,0,,,,,2021,0.0,0.0,0
transmission_span,31.214679334574598,-84.19545368112581,31.213854739626537,-84.18077508335593,1.396,1968,70,steel_lattice,0.8,76.0,2,33.92,130.17,0.552,0.69,0.501,0.495,0.1487,7,TLS-01042,electric,0.93,0.0,False,0,,,,,2019,0.0,0.0,0
transmission_span,31.162414743695557,-83.31287393602514,31.17543995144431,-83.30684406595225,1.555,2004,70,steel_lattice,0.8,100.0,3,34.36,137.17,0.654,0.655,0.574,0.543,0.0906,10,TLS-01043,electric,1.7,0.0,False,0,,,,,2025,0.0,0.0,0
transmission_span,32.25055534010849,-83.08749563183817,32.23722591034473,-83.07015901283802,2.2,2004,70,concrete,0.95,100.0,3,77.09,259.66,0.86,0.63,1.0,0.915,0.0906,2,TLS-01044,electric,1.03,0.0,False,0,,,,,2024,0.0,0.0,0
transmission_span,32.32666385407227,-83.507086314824,32.32943295456768,-83.50043768505071,0.695,1981,70,steel_monopole,0.7,71.0,3,82.27,264.1,0.802,0.734,0.932,0.859,0.0906,2,TLS-01045,electric,3.81,0.0,False,0,,,,,2025,0.0,0.0,0
transmission_span,30.667686253311167,-83.22765150333659,30.664412107022066,-83.23534229674821,0.819,1968,70,steel_monopole,0.7,41.9,3,21.07,83.03,0.463,0.719,0.386,0.527,0.0906,10,TLS-01046,electric,2.57,0.0,False,0,,,,,2026,0.0,0.0,0
transmission_span,30.336772639931038,-84.14890744067262,30.316603418476774,-84.14218627505146,2.33,1976,70,steel_monopole,0.7,71.4,3,7.43,33.38,0.374,0.517,0.248,0.39,0.0964,11,TLS-01047,electric,0.82,2.06,False,0,,,,,2024,0.0,0.0,0
transmission_span,32.3564689000703,-84.27326642775972,32.34397284164461,-84.25717059594398,2.05,1948,70,steel_monopole,0.7,64.7,3,71.34,255.86,0.674,0.598,0.872,0.522,0.2415,4,TLS-01048,electric,0.96,0.0,False,0,,,,,2019,0.0,0.0,0
transmission_span,30.18094568943942,-85.67145261534733,30.178276357198953,-85.68192420714041,1.048,1965,70,steel_lattice,0.8,63.9,3,3.63,18.98,0.137,0.515,0.321,0.0,0.0906,9,TLS-01049,electric,2.86,0.0,False,0,,,,,2019,0.0,0.0,0
transmission_span,32.4429438668326,-85.86258897838641,32.44544245485407,-85.87226075965323,0.948,1965,70,steel_monopole,0.7,34.6,3,72.98,273.85,0.79,0.642,1.0,0.572,0.0906,0,TLS-01050,electric,1.93,1.05,False,0,,,,,2022,0.0,0.0,0
transmission_span,30.44449761130579,-84.65135833399916,30.431910113333974,-84.63820282813275,1.881,1949,70,steel_lattice,0.8,40.1,2,5.6,40.12,0.365,0.731,0.246,0.26,0.0941,9,TLS-01051,electric,2.27,0.0,False,0,,,,,2024,0.0,0.0,0
transmission_span,31.223954801070626,-82.80438072305766,31.219176538254224,-82.81867685593629,1.457,1961,70,steel_lattice,0.8,49.1,3,35.41,146.06,0.64,0.712,0.595,0.519,0.0906,10,TLS-01052,electric,3.47,0.0,False,0,,,,,2023,0.0,0.0,0
transmission_span,31.497406954417016,-83.73104146664528,31.510184580310145,-83.72597028297783,1.497,1999,70,steel_monopole,0.7,68.6,2,43.41,168.76,0.846,0.701,0.827,0.536,0.0906,6,TLS-01053,electric,1.5,0.0,False,0,,,,,2023,0.0,0.0,0
transmission_span,31.366948425629246,-81.6280109817663,31.36162781572106,-81.64822879079522,2.005,1999,70,steel_lattice,0.8,78.6,3,23.6,144.35,0.555,0.575,0.56,0.751,0.0906,8,TLS-01054,electric,5.08,0.0,False,0,,,,,2024,0.0,0.0,0
transmission_span,31.32466255175201,-82.16891138937204,31.331296527918997,-82.16880791810804,0.736,1951,70,steel_lattice,0.8,18.2,3,27.19,150.49,0.759,0.77,0.607,0.771,0.0906,8,TLS-01055,electric,1.6,1.58,False,0,,,,,2025,0.0,0.0,0
transmission_span,30.774737565783358,-84.05001156866447,30.746971335809548,-84.08865418977962,4.804,1977,70,steel_lattice,0.8,35.5,1,22.88,83.48,0.323,0.525,0.439,0.444,0.4517,7,TLS-01056,electric,1.04,0.0,False,0,,,,,2022,0.0,0.0,0
transmission_span,31.774772193851042,-82.97315378295367,31.781006981528023,-82.98817482619967,1.577,1970,70,steel_lattice,0.8,46.5,3,51.87,207.25,0.968,0.821,0.799,0.82,0.0906,1,TLS-01057,electric,0.92,0.0,False,0,,,,,2024,0.0,0.0,0
transmission_span,32.10606270080547,-83.7221646223958,32.08936939403302,-83.72227449384351,1.853,1976,70,steel_lattice,0.8,50.2,3,66.48,236.46,0.751,0.686,0.964,0.683,0.0906,1,TLS-01058,electric,2.03,0.0,False,0,,,,,2024,0.0,0.0,0
transmission_span,30.471632908166207,-82.77116804008058,30.413483425425603,-82.73830932641077,7.179,1990,70,steel_lattice,0.8,59.7,2,16.53,62.46,0.36,0.8,0.379,0.512,0.0906,8,TLS-01059,electric,3.15,0.0,False,0,,,,,2023,0.0,0.0,0
transmission_span,32.98874282968707,-83.56035014948937,32.96045010740843,-83.5583725220533,3.146,1987,70,concrete,0.95,60.3,3,103.4,336.85,0.978,0.693,1.0,0.911,0.0906,2,TLS-01060,electric,1.27,0.62,False,0,,,,,2023,0.0,0.0,0
transmission_span,30.158663809024507,-83.78550678723468,30.1595425967885,-83.77565945691451,0.95,2010,70,steel_monopole,0.7,87.2,3,10.02,19.3,0.255,0.692,0.196,0.549,0.0906,11,TLS-01061,electric,0.99,0.0,False,0,,,,,2020,0.0,0.0,0
transmission_span,31.407772784252078,-82.64197711996178,31.416847028234184,-82.64321892184572,1.014,2001,70,steel_lattice,0.8,94.3,1,37.96,165.69,0.791,0.6,0.712,0.757,0.0906,10,TLS-01062,electric,0.93,0.0,False,0,,,,,2022,0.0,0.0,0
transmission_span,30.645566397323392,-83.72876326024388,30.670730346642557,-83.75199495445278,3.567,1943,70,concrete,0.95,24.5,1,19.63,74.24,0.388,0.61,0.358,0.449,0.0922,7,TLS-01063,electric,3.16,1.76,False,0,,,,,2020,0.0,0.0,0
transmission_span,32.08943904586448,-83.96987739110962,32.080749348947,-83.94705927570068,2.353,1972,70,concrete,0.95,66.1,3,65.68,230.67,0.821,0.666,0.902,0.564,0.092,4,TLS-01064,electric,1.61,0.0,False,0,,,,,2023,0.0,0.0,0
transmission_span,31.549995294948502,-82.28396691638002,31.5718808363986,-82.25972860598776,3.34,1989,70,steel_monopole,0.7,78.9,3,38.79,177.4,0.739,0.647,0.558,0.921,0.0906,3,TLS-01065,electric,0.71,0.0,False,0,,,,,2021,0.0,0.0,0
transmission_span,30.70591760044754,-84.83357896095941,30.709722798229343,-84.85887764902382,2.451,1959,70,steel_lattice,0.8,26.7,1,14.95,68.63,0.524,0.535,0.403,0.346,0.1225,9,TLS-01066,electric,3.5,0.0,False,0,,,,,2024,0.0,0.0,0
transmission_span,32.97918256662279,-85.09239922523251,32.95684494176853,-85.10277929411241,2.661,1984,70,steel_lattice,0.8,70.2,3,93.4,321.79,0.952,0.811,1.0,0.343,0.0906,4,TLS-01067,electric,1.39,0.0,False,0,,,,,2022,0.0,0.0,0
transmission_span,31.614553710612498,-81.62941269803808,31.603497395388754,-81.6525168444865,2.505,1951,70,steel_lattice,0.8,53.1,3,29.61,171.87,0.803,0.707,0.734,0.847,0.0906,3,TLS-01068,electric,1.51,2.18,False,0,,,,,2025,0.0,0.0,0
transmission_span,31.68139819860134,-85.4976862986283,31.71238930275116,-85.44310002808272,6.198,1976,70,steel_lattice,0.8,68.7,2,42.89,182.48,0.786,0.586,0.733,0.555,0.211,0,TLS-01069,electric,1.51,0.0,False,0,,,,,2022,0.0,0.0,0
transmission_span,30.12681282937683,-82.08732622708499,30.132740351232616,-82.077161354353,1.177,1954,70,steel_lattice,0.8,43.0,3,0.3,16.06,0.166,0.607,0.248,0.395,0.0906,8,TLS-01070,electric,1.07,0.0,False,0,,,,,2023,0.0,0.0,0
transmission_span,30.966439286917023,-82.59525294901069,30.967006549007436,-82.54204997724096,5.064,1958,70,steel_monopole,0.7,39.0,3,23.11,116.35,0.553,0.638,0.539,0.51,0.0906,10,TLS-01071,electric,4.74,0.0,False,0,,,,,2025,0.0,0.0,0
transmission_span,31.966483966593003,-83.1536744261829,31.955891238340147,-83.14154169228902,1.639,2015,70,steel_monopole,0.7,78.2,3,59.93,227.75,0.835,0.714,0.853,0.835,0.0906,1,TLS-01072,electric,4.07,0.0,False,0,,,,,2020,0.0,0.0,0
transmission_span,30.326289521846938,-84.84388067024253,30.318693098422507,-84.84561313984919,0.859,1966,70,steel_lattice,0.8,63.5,3,5.64,26.49,0.225,0.712,0.162,0.052,0.0906,9,TLS-01073,electric,3.49,0.0,False,0,,,,,2023,0.0,0.0,0
transmission_span,31.746810628767125,-84.95505251418693,31.739673310511023,-84.94328675583786,1.364,1988,70,steel_lattice,0.8,68.2,3,48.25,184.34,0.743,0.766,0.775,0.573,0.1192,0,TLS-01074,electric,1.31,0.0,False,0,,,,,2017,0.0,0.0,0
transmission_span,30.449393661092053,-82.25871221127578,30.45351327050603,-82.25331432970795,0.69,1959,70,steel_lattice,0.8,44.2,3,7.28,54.84,0.433,0.746,0.255,0.392,0.0906,8,TLS-01075,electric,2.04,0.0,False,0,,,,,2022,0.0,0.0,0
transmission_span,31.731198574795272,-84.15039053279176,31.72763830614574,-84.1511997316835,0.403,1963,70,concrete,0.95,55.5,2,50.21,188.14,0.884,0.65,0.748,0.427,0.1054,4,TLS-01076,electric,2.12,0.0,False,0,,,,,2022,0.0,0.0,0
transmission_span,32.661207584407435,-81.6718481161375,32.65574962312675,-81.6602577633715,1.241,1958,70,steel_lattice,0.8,43.1,3,67.84,288.93,0.697,0.548,1.0,0.637,0.3408,5,TLS-01077,electric,4.91,0.0,False,0,,,,,2021,0.0,0.0,0
transmission_span,30.88388140745361,-84.78914591882356,30.85441123781434,-84.82168092324682,4.506,1983,70,steel_monopole,0.7,84.5,3,21.84,88.43,0.371,0.542,0.403,0.229,0.299,7,TLS-01078,electric,1.85,1.35,False,0,,,,,2021,0.0,0.0,0
transmission_span,30.313611909607502,-85.75327474744877,30.315898360961263,-85.7045775606045,4.673,1979,70,steel_monopole,0.7,81.3,3,11.43,35.29,0.243,0.637,0.41,0.023,0.0906,9,TLS-01079,electric,1.57,0.0,False,0,,,,,2024,0.0,0.0,0
transmission_span,31.05467246722944,-82.54785711347732,31.0238169183967,-82.54408912257504,3.444,1968,70,concrete,0.95,75.9,2,21.91,125.73,0.528,0.682,0.507,0.595,0.0906,10,TLS-01080,electric,1.24,0.0,False,0,,,,,2024,0.0,0.0,0
transmission_span,30.448177826882635,-84.81546769591596,30.45748234302948,-84.81631401674738,1.036,1964,70,steel_lattice,0.8,78.7,3,8.34,40.04,0.294,0.737,0.324,0.252,0.0911,9,TLS-01081,electric,1.21,0.55,False,0,,,,,2024,0.0,0.0,0
transmission_span,30.245639137268608,-81.65927941951468,30.23667593858203,-81.66129485877805,1.014,1980,70,concrete,0.95,51.7,2,0.3,20.54,0.23,0.767,0.275,0.309,0.0906,8,TLS-01082,electric,1.3,0.51,False,0,,,,,2023,0.0,0.0,0
transmission_span,30.55639312107219,-84.45242224376098,30.54255153671449,-84.39751946164347,5.468,2011,70,steel_monopole,0.7,100.0,3,12.25,54.02,0.472,0.636,0.331,0.426,0.208,7,TLS-01083,electric,1.01,0.0,False,0,,,,,2026,0.0,0.0,0
transmission_span,30.389741536859983,-85.61011235842398,30.36947225017828,-85.618406966745,2.386,2008,70,steel_monopole,0.7,89.9,3,9.66,41.02,0.229,0.754,0.279,0.0,0.0906,9,TLS-01084,electric,1.69,0.59,False,0,,,,,2025,0.0,0.0,0
transmission_span,30.152809150582037,-84.66951927574391,30.14570743209248,-84.66178759926612,1.083,1961,70,concrete,0.95,49.6,3,0.3,7.65,0.238,0.792,0.249,0.154,0.0906,9,TLS-01085,electric,0.48,1.42,False,0,,,,,2024,0.0,0.0,0
transmission_span,31.628040581135892,-81.85110904220164,31.648457237463035,-81.86898148898453,2.827,1938,70,concrete,0.95,26.9,3,33.22,178.0,0.839,0.516,0.684,0.956,0.0906,3,TLS-01086,electric,2.41,0.0,False,0,,,,,2025,0.0,0.0,0
transmission_span,32.04884354559434,-81.87017924167971,32.06330567776207,-81.86046066156271,1.847,1971,70,steel_lattice,0.8,60.9,3,47.65,225.1,0.914,0.792,0.876,0.845,0.2107,3,TLS-01087,electric,1.48,0.0,False,0,,,,,2024,0.0,0.0,0
transmission_span,31.847530057443635,-81.97828860862113,31.865721078260886,-81.99225072047903,2.41,1995,70,steel_lattice,0.8,93.3,2,40.92,204.95,0.869,0.763,0.762,0.941,0.0931,3,TLS-01088,electric,3.1,0.0,False,0,,,,,2024,0.0,0.0,0
transmission_span,30.36379930409105,-83.13896795369801,30.423562028833768,-83.13354311222118,6.654,1954,70,steel_lattice,0.8,36.3,3,14.57,49.95,0.43,0.762,0.396,0.545,0.0906,10,TLS-01089,electric,2.06,0.0,False,0,,,,,2021,0.0,0.0,0
transmission_span,30.935100687598162,-82.79567573728589,30.97573712641885,-82.81264936990269,4.791,1973,70,steel_lattice,0.8,46.7,3,26.85,113.98,0.54,0.668,0.538,0.542,0.0906,10,TLS-01090,electric,1.38,0.0,False,0,,,,,2025,0.0,0.0,0
transmission_span,31.559983032000268,-85.68363523296988,31.556769652577472,-85.71053522691652,2.569,1980,70,concrete,0.95,66.9,3,44.88,172.28,0.783,0.569,0.663,0.556,0.1473,0,TLS-01091,electric,2.4,0.0,False,0,,,,,2024,0.0,0.0,0
transmission_span,31.467909920825697,-81.56644570896223,31.509013191854198,-81.57992857838634,4.738,1973,70,steel_lattice,0.8,52.1,2,26.24,154.3,0.805,0.888,0.698,0.799,0.0906,8,TLS-01092,electric,5.07,0.0,False,0,,,,,2026,0.0,0.0,0
transmission_span,32.59685462961437,-81.82303424238265,32.57992396787575,-81.85657990554883,3.657,1972,70,steel_lattice,0.8,53.6,3,66.04,284.95,0.537,0.292,0.896,0.748,0.6359,5,TLS-01093,electric,0.75,0.0,False,0,,,,,2025,0.0,0.0,0
transmission_span,30.383268809862173,-82.13479619913575,30.38185684413888,-82.12869923365884,0.604,1970,70,steel_monopole,0.7,60.0,1,6.14,45.39,0.383,0.833,0.325,0.4,0.0906,8,TLS-01094,electric,1.57,0.0,False,0,,,,,2022,0.0,0.0,0
transmission_span,30.50776514609086,-81.52212949645674,30.478777349171626,-81.5266998198742,3.247,1977,70,steel_lattice,0.8,58.2,2,9.65,46.83,0.264,0.741,0.265,0.392,0.0906,8,TLS-01095,electric,1.74,0.0,False,0,,,,,2021,0.0,0.0,0
transmission_span,32.06112210633703,-82.93183670708822,32.064528598795135,-82.94698428372749,1.474,2006,70,steel_lattice,0.8,78.3,3,66.26,239.1,0.786,0.737,0.938,1.0,0.0906,2,TLS-01096,electric,2.12,0.0,False,0,,,,,2026,0.0,0.0,0
transmission_span,32.184595874600426,-84.8875614541432,32.17975436639628,-84.90307792198185,1.554,1983,70,steel_monopole,0.7,74.6,3,58.46,232.79,0.917,0.621,0.893,0.402,0.0975,4,TLS-01097,electric,2.01,1.45,False,0,,,,,2025,0.0,0.0,0
transmission_span,30.938284675149763,-85.30358002060838,30.93537492911612,-85.31722468511015,1.339,1968,70,steel_monopole,0.7,67.2,3,23.43,97.24,0.525,0.639,0.47,0.277,0.1031,0,TLS-01098,electric,5.44,0.0,False,0,,,,,2025,0.0,0.0,0
transmission_span,30.78046699588117,-85.10724213701755,30.77745339401773,-85.11809455410184,1.088,1951,70,steel_lattice,0.8,31.5,3,18.31,77.84,0.334,0.784,0.33,0.182,0.0934,9,TLS-01099,electric,3.04,0.0,False,0,,,,,2025,0.0,0.0,0
transmission_span,30.943075899679027,-82.73787815024494,30.954497822235883,-82.73927892994637,1.275,1961,70,steel_lattice,0.8,55.5,3,21.52,114.66,0.593,0.728,0.497,0.515,0.0906,10,TLS-01100,electric,3.24,0.0,False,0,,,,,2023,0.0,0.0,0
transmission_span,30.61980157179775,-84.40256969659897,30.65671613495443,-84.3890553260606,4.296,2008,70,concrete,0.95,83.0,1,18.38,61.56,0.216,0.654,0.423,0.447,0.3836,7,TLS-01101,electric,4.83,1.82,False,0,,,,,2025,0.0,0.0,0
transmission_span,31.86600077167203,-81.6155411560132,31.880256676879366,-81.6226199050453,1.717,1977,70,steel_monopole,0.7,60.6,3,40.48,199.49,0.782,0.737,0.851,0.841,0.0975,3,TLS-01102,electric,2.33,0.0,False,0,,,,,2022,0.0,0.0,0
transmission_span,32.529591706547265,-84.39504735777216,32.51749601144061,-84.4047277804248,1.62,2004,70,steel_lattice,0.8,82.8,3,74.59,273.63,0.58,0.571,0.913,0.546,0.65,4,TLS-01103,electric,3.07,0.0,False,0,,,,,2022,0.0,0.0,0
transmission_span,30.68611622244646,-84.51743587157087,30.692999736221694,-84.5118054189922,0.934,1996,70,steel_lattice,0.8,84.3,2,13.37,67.83,0.288,0.707,0.377,0.452,0.3164,7,TLS-01104,electric,0.97,0.0,False,0,,,,,2021,0.0,0.0,0
transmission_span,30.233230440873157,-82.63692831587062,30.226304998694854,-82.64960777083631,1.439,2016,70,steel_lattice,0.8,100.0,3,7.09,35.28,0.365,0.593,0.159,0.461,0.0906,8,TLS-01105,electric,2.2,0.0,False,0,,,,,2024,0.0,0.0,0
transmission_span,31.213705619494704,-81.63932078291656,31.24104116301583,-81.69836525319896,6.374,1990,70,steel_lattice,0.8,63.7,3,16.51,127.58,0.58,0.645,0.614,0.655,0.0906,8,TLS-01106,electric,2.87,0.0,False,0,,,,,2024,0.0,0.0,0
transmission_span,31.059601646088478,-85.8250626850292,31.042042843066675,-85.81176811068494,2.323,2025,70,steel_lattice,0.8,100.0,3,30.74,119.53,0.604,0.613,0.549,0.349,0.1055,0,TLS-01107,electric,1.63,0.0,False,0,,,,,2022,0.0,0.0,0
transmission_span,32.12633359997471,-84.3277699364357,32.13868646557312,-84.34292222213091,1.977,1954,70,steel_lattice,0.8,35.8,2,63.04,229.64,0.798,0.492,0.988,0.568,0.1989,4,TLS-01108,electric,3.6,0.0,False,0,,,,,2025,0.0,0.0,0
transmission_span,30.04717020728659,-83.56740970872202,30.034590370617167,-83.55133736330673,2.082,2023,70,steel_monopole,0.7,99.9,3,7.6,10.24,0.18,0.653,0.171,0.504,0.0906,11,TLS-01109,electric,0.44,0.0,False,0,,,,,2021,0.0,0.0,0
transmission_span,29.95292933163933,-82.79643676323549,29.935851373392484,-82.80391975380896,2.028,1948,70,steel_monopole,0.7,34.0,3,1.17,4.96,0.218,0.841,0.222,0.602,0.0906,11,TLS-01110,electric,1.97,0.89,False,0,,,,,2022,0.0,0.0,0
transmission_span,30.932884732989606,-81.92182185694935,30.936981996629385,-81.94928436160797,2.654,2014,70,steel_monopole,0.7,99.0,1,15.69,102.29,0.627,0.599,0.487,0.595,0.0906,8,TLS-01111,electric,0.81,0.0,False,0,,,,,2023,0.0,0.0,0
transmission_span,32.33453084463711,-82.3222880324149,32.30459830451762,-82.32237752856913,3.323,1945,70,steel_lattice,0.8,46.9,3,63.56,265.06,0.868,0.701,1.0,1.0,0.0933,3,TLS-01112,electric,2.04,0.0,False,0,,,,,2025,0.0,0.0,0
transmission_span,32.593691402251956,-84.32742185839035,32.58124359988158,-84.3607951724823,3.413,1975,70,steel_lattice,0.8,49.4,3,76.98,281.52,0.614,0.619,1.0,0.584,0.4365,4,TLS-01113,electric,3.58,0.0,False,0,,,,,2023,0.0,0.0,0
transmission_span,30.349410307980364,-84.00701625728705,30.34542786622393,-84.02060910871622,1.375,1960,70,steel_lattice,0.8,47.4,3,12.54,36.94,0.286,0.717,0.194,0.437,0.0931,11,TLS-01114,electric,1.18,0.0,False,0,,,,,2023,0.0,0.0,0
transmission_span,31.342831756008035,-83.68111467803492,31.34120394003192,-83.67200126936329,0.883,1981,70,steel_monopole,0.7,71.6,3,38.0,152.37,0.774,0.744,0.75,0.563,0.0906,6,TLS-01115,electric,2.2,0.0,False,0,,,,,2025,0.0,0.0,0
transmission_span,31.542150353382606,-85.50650990785871,31.532534937705815,-85.49290012892371,1.672,1963,70,steel_lattice,0.8,41.0,3,40.07,167.16,0.663,0.852,0.586,0.471,0.2741,0,TLS-01116,electric,3.33,0.0,False,0,,,,,2022,0.0,0.0,0
transmission_span,31.311994283083745,-85.16615777471436,31.31703597863918,-85.17627256166946,1.111,1965,70,concrete,0.95,37.8,3,29.16,137.3,0.697,0.752,0.575,0.488,0.1575,0,TLS-01117,electric,2.13,0.0,False,0,,,,,2025,0.0,0.0,0
transmission_span,31.313799423705948,-82.77327707014217,31.317223381281956,-82.78066842925645,0.797,1972,70,steel_lattice,0.8,53.4,3,38.01,155.94,0.724,0.568,0.596,0.602,0.0906,10,TLS-01118,electric,2.41,1.62,False,0,,,,,2026,0.0,0.0,0
transmission_span,31.856469329520824,-82.21271864725395,31.880535681820795,-82.21251205795691,2.671,1961,70,steel_lattice,0.8,37.1,3,43.74,210.27,0.867,0.666,0.821,0.884,0.0907,3,TLS-01119,electric,1.24,0.0,False,0,,,,,2025,0.0,0.0,0
transmission_span,32.482553643707035,-82.22554492630155,32.46475556980863,-82.22099793640228,2.021,1972,70,steel_monopole,0.7,66.4,2,70.86,279.98,0.908,0.531,1.0,0.837,0.1296,3,TLS-01120,electric,0.36,0.0,False,0,,,,,2024,0.0,0.0,0
transmission_span,30.52850305831204,-84.12406210868745,30.497418000042174,-84.11482965427192,3.562,1965,70,steel_lattice,0.8,56.2,3,15.67,55.03,0.316,0.645,0.229,0.399,0.1947,7,TLS-01121,electric,1.47,0.96,False,0,,,,,2021,0.0,0.0,0
transmission_span,30.30919380194937,-82.57767680219608,30.31539752705632,-82.56436875473331,1.449,1968,70,steel_lattice,0.8,61.7,3,6.04,43.25,0.182,0.762,0.297,0.441,0.0906,8,TLS-01122,electric,1.48,1.41,False,0,,,,,2022,0.0,0.0,0
transmission_span,30.513701691548192,-84.00840409791469,30.500483744515208,-84.03612467511105,3.03,1971,70,steel_monopole,0.7,57.8,3,14.04,55.15,0.308,0.574,0.293,0.455,0.125,7,TLS-01123,electric,4.44,0.0,False,0,,,,,2025,0.0,0.0,0
transmission_span,31.81445953759081,-85.72396134013286,31.810071177906128,-85.79491061922694,6.71,1970,70,steel_lattice,0.8,40.6,3,47.82,201.3,0.928,0.481,0.802,0.621,0.095,0,TLS-01124,electric,0.29,2.24,False,0,,,,,2023,0.0,0.0,0
transmission_span,31.24930926009939,-85.69918593005247,31.239521232111343,-85.69731224030097,1.101,1959,70,steel_monopole,0.7,52.3,2,34.16,138.09,0.564,0.801,0.532,0.243,0.2434,0,TLS-01125,electric,0.29,0.0,False,0,,,,,2024,0.0,0.0,0
transmission_span,31.69472467921286,-85.08722667519855,31.72012665804071,-85.07646287979811,2.997,1953,70,steel_monopole,0.7,41.5,3,43.61,179.19,0.705,0.574,0.66,0.557,0.2088,0,TLS-01126,electric,0.69,0.0,False,0,,,,,2024,0.0,0.0,0
transmission_span,32.8699301907687,-84.31323153720679,32.867400895014654,-84.32479509344853,1.114,1994,70,steel_monopole,0.7,71.9,3,86.66,312.35,0.823,0.721,1.0,0.583,0.1227,4,TLS-01127,electric,1.31,0.0,False,0,,,,,2023,0.0,0.0,0
transmission_span,31.71796362303291,-83.52885482934752,31.70339085404382,-83.54723285083247,2.372,1959,70,steel_lattice,0.8,38.1,3,53.89,196.23,0.787,0.562,0.661,0.646,0.0906,1,TLS-01128,electric,3.09,0.0,False,0,,,,,2022,0.0,0.0,0
transmission_span,30.25163977338937,-82.2491560656907,30.273647008394448,-82.23818759363606,2.66,1989,70,steel_lattice,0.8,77.1,3,2.91,32.73,0.414,0.689,0.223,0.446,0.0906,8,TLS-01129,electric,1.06,0.0,False,0,,,,,2023,0.0,0.0,0
transmission_span,32.105899042242804,-85.68779545411792,32.08540117965017,-85.68413990976093,2.301,1979,70,steel_lattice,0.8,66.3,3,62.79,232.96,0.917,0.583,0.81,0.443,0.0908,0,TLS-01130,electric,3.54,0.0,False,0,,,,,2024,0.0,0.0,0
transmission_span,30.388216828917155,-84.644123807764,30.402870876533733,-84.65896750064962,2.16,1984,70,steel_lattice,0.8,68.2,3,7.21,33.91,0.331,0.767,0.137,0.261,0.0921,9,TLS-01131,electric,2.32,0.0,False,0,,,,,2019,0.0,0.0,0
transmission_span,30.249957650682695,-85.10950079202168,30.151347643175338,-85.08670494841957,11.162,1955,70,steel_lattice,0.8,53.6,2,0.3,18.97,0.28,0.759,0.171,0.023,0.0906,9,TLS-01132,electric,0.23,0.0,False,0,,,,,2024,0.0,0.0,0
transmission_span,32.083053680589416,-83.81863901767692,32.08600911731606,-83.81317947936091,0.609,1972,70,steel_lattice,0.8,72.2,2,64.44,232.38,0.88,0.487,0.868,0.688,0.0906,1,TLS-01133,electric,1.16,0.0,False,0,,,,,2024,0.0,0.0,0
transmission_span,32.50288642058547,-82.50722673888045,32.50142991162741,-82.51215577351383,0.489,1974,70,steel_monopole,0.7,72.7,3,75.78,286.08,0.75,0.656,1.0,0.921,0.091,3,TLS-01134,electric,2.5,0.0,False,0,,,,,2024,0.0,0.0,0
transmission_span,30.16007112677937,-85.98837434569492,30.10965324244307,-86.02714438738161,6.72,1958,70,steel_monopole,0.7,53.6,1,6.21,23.07,0.157,0.746,0.247,0.125,0.0906,9,TLS-01135,electric,0.56,0.0,False,0,,,,,2024,0.0,0.0,0
transmission_span,30.471540724138404,-84.00833356656801,30.464726910305103,-84.02666483872497,1.91,1986,70,steel_lattice,0.8,80.6,3,12.71,50.47,0.421,0.644,0.276,0.475,0.1101,7,TLS-01136,electric,1.47,1.02,False,0,,,,,2022,0.0,0.0,0
transmission_span,31.434524707361007,-82.04921278840837,31.444443826839418,-82.06457599252553,1.825,2000,70,steel_lattice,0.8,78.9,3,31.17,160.49,0.805,0.665,0.641,0.814,0.0906,8,TLS-01137,electric,3.4,0.0,False,0,,,,,2021,0.0,0.0,0
transmission_span,30.98217122784196,-85.68026549378753,30.98640654952837,-85.67785652292342,0.523,1976,70,steel_monopole,0.7,69.1,3,25.36,108.08,0.506,0.566,0.513,0.243,0.117,0,TLS-01138,electric,1.94,0.0,False,0,,,,,2022,0.0,0.0,0
transmission_span,31.636728711276003,-85.30608704919472,31.655432228250774,-85.33681595023474,3.57,1994,70,steel_lattice,0.8,82.5,3,46.52,174.8,0.611,0.646,0.646,0.587,0.3552,0,TLS-01139,electric,4.27,1.03,False,0,,,,,2026,0.0,0.0,0
transmission_span,30.2483284847239,-85.27443089012972,30.232647375245676,-85.28105763765842,1.853,1999,70,steel_monopole,0.7,60.1,3,2.54,20.32,0.155,0.681,0.208,0.044,0.0906,9,TLS-01140,electric,2.12,0.0,False,0,,,,,2022,0.0,0.0,0
transmission_span,32.568863850397996,-81.67366824897955,32.56589953263701,-81.66674130635347,0.727,1959,70,steel_monopole,0.7,38.3,1,67.15,278.72,0.744,0.504,1.0,0.724,0.4906,5,TLS-01141,electric,3.19,0.0,False,0,,,,,2023,0.0,0.0,0
transmission_span,30.99509482855406,-81.77830136383608,30.990629139492494,-81.78485262931957,0.796,1979,70,steel_lattice,0.8,53.3,3,11.36,106.22,0.564,0.724,0.452,0.541,0.0906,8,TLS-01142,electric,3.21,0.0,False,0,,,,,2017,0.0,0.0,0
transmission_span,31.517145165214867,-81.9073327251184,31.520678579949408,-81.90200747460253,0.639,1997,70,steel_monopole,0.7,92.6,3,32.74,166.85,0.828,0.595,0.652,0.807,0.0906,3,TLS-01143,electric,3.59,0.0,False,0,,,,,2025,0.0,0.0,0
transmission_span,32.281469703058605,-81.99319852275424,32.289145269970945,-82.0195826615492,2.618,1960,70,steel_lattice,0.8,41.8,3,59.54,253.41,0.581,0.737,0.846,0.84,0.362,3,TLS-01144,electric,5.63,0.0,False,0,,,,,2023,0.0,0.0,0
transmission_span,30.451011977611664,-83.0487115990752,30.454645691695966,-83.04262384451859,0.709,1982,70,steel_lattice,0.8,62.4,2,12.38,60.09,0.476,0.822,0.337,0.54,0.0906,10,TLS-01145,electric,1.55,0.0,False,0,,,,,2022,0.0,0.0,0
transmission_span,31.03424423252022,-83.2666176265786,31.006887326345975,-83.27771569420578,3.215,1995,70,steel_lattice,0.8,69.1,3,32.63,123.38,0.581,0.754,0.457,0.475,0.0906,10,TLS-01146,electric,0.78,0.0,False,0,,,,,2024,0.0,0.0,0
transmission_span,30.300340809407423,-82.11592538751307,30.291582226935063,-82.11855427006405,1.004,1998,70,steel_lattice,0.8,74.0,3,4.3,35.85,0.384,0.565,0.259,0.405,0.0906,8,TLS-01147,electric,0.51,0.0,False,0,,,,,2024,0.0,0.0,0
transmission_span,31.251152864998385,-81.95356115288634,31.30213025168327,-81.91409935668518,6.785,1990,70,steel_lattice,0.8,76.5,2,19.53,138.26,0.725,0.599,0.627,0.795,0.0906,8,TLS-01148,electric,0.35,0.0,False,0,,,,,2024,0.0,0.0,0
transmission_span,30.988774460446,-81.84507399787175,30.998495128907713,-81.86850215002755,2.477,1977,70,steel_lattice,0.8,73.6,2,18.85,106.91,0.695,0.644,0.598,0.573,0.0906,8,TLS-01149,electric,4.98,1.06,False,0,,,,,2021,0.0,0.0,0
transmission_span,30.739947759185956,-82.95614100873729,30.734610973844813,-82.96282793676208,0.871,1964,70,steel_lattice,0.8,33.9,3,21.61,92.42,0.626,0.735,0.468,0.527,0.0906,10,TLS-01150,electric,1.24,0.0,False,0,,,,,2019,0.0,0.0,0
transmission_span,31.82779354993711,-84.23699937282447,31.818044434205405,-84.21479966309529,2.357,1987,70,steel_lattice,0.8,75.0,3,54.97,197.65,0.797,0.563,0.798,0.478,0.1596,4,TLS-01151,electric,3.92,0.0,False,0,,,,,2022,0.0,0.0,0
transmission_span,30.324253458584415,-82.44312435948495,30.31993124224893,-82.42815467835862,1.512,1973,70,steel_lattice,0.8,45.7,3,4.62,43.53,0.356,0.701,0.206,0.568,0.0906,8,TLS-01152,electric,1.75,0.0,False,0,,,,,2023,0.0,0.0,0
transmission_span,30.928910726302604,-82.5549966513593,30.930645925848232,-82.62267789952854,6.447,1975,70,steel_lattice,0.8,57.9,2,20.71,111.83,0.719,0.677,0.382,0.522,0.0906,8,TLS-01153,electric,3.35,0.0,False,0,,,,,2026,0.0,0.0,0
transmission_span,31.33532350695316,-83.06396091211725,31.334608380266467,-82.99232789851227,6.792,2008,70,steel_lattice,0.8,92.0,2,41.2,158.18,0.862,0.68,0.639,0.569,0.0906,10,TLS-01154,electric,1.54,0.0,False,0,,,,,2022,0.0,0.0,0
transmission_span,30.049406260042964,-81.94747593437458,30.07804763804358,-81.98867158987312,5.077,1990,70,steel_lattice,0.8,45.0,3,0.3,4.74,0.189,0.809,0.158,0.381,0.0906,8,TLS-01155,electric,0.84,0.0,False,0,,,,,2020,0.0,0.0,0
transmission_span,30.815833690281156,-83.63011160678955,30.820415942049582,-83.62128961636876,0.983,2010,70,steel_monopole,0.7,75.5,2,29.15,94.65,0.448,0.681,0.549,0.496,0.0909,7,TLS-01156,electric,1.08,0.0,False,0,,,,,2025,0.0,0.0,0
transmission_span,31.3342749292629,-84.9228209926346,31.375581152478645,-84.93059601996454,4.644,1965,70,steel_lattice,0.8,32.7,3,30.69,138.46,0.661,0.732,0.576,0.565,0.1163,0,TLS-01157,electric,0.35,0.0,False,0,,,,,2024,0.0,0.0,0
transmission_span,31.9647233729261,-84.27349774711104,31.965172291004713,-84.29823475243832,2.33,1976,70,steel_lattice,0.8,55.6,2,56.59,212.37,0.804,0.686,0.895,0.536,0.2115,4,TLS-01158,electric,1.67,0.6,False,0,,,,,2022,0.0,0.0,0
transmission_span,30.9436584782891,-85.10674669802047,30.969034838496558,-85.13436972822073,3.854,1980,70,steel_lattice,0.8,72.4,3,16.26,95.95,0.55,0.863,0.449,0.295,0.1,0,TLS-01159,electric,1.37,0.0,False,0,,,,,2024,0.0,0.0,0
transmission_span,31.363205760344176,-82.72351372451612,31.354308088551036,-82.71284133510352,1.414,1987,70,steel_lattice,0.8,65.2,3,34.01,161.22,0.652,0.719,0.664,0.659,0.0906,10,TLS-01160,electric,6.4,0.0,False,0,,,,,2024,0.0,0.0,0
transmission_span,31.212100393048782,-83.13704740154,31.227468078454145,-83.13730709371185,1.706,1995,70,steel_lattice,0.8,82.9,2,33.87,144.12,0.663,0.669,0.669,0.623,0.0906,10,TLS-01161,electric,1.52,0.0,False,0,,,,,2024,0.0,0.0,0
transmission_span,31.705287773058593,-83.0161888996142,31.709883996167555,-82.99590886828223,1.982,1960,70,steel_monopole,0.7,57.0,3,51.34,199.43,0.881,0.749,0.731,0.732,0.0906,1,TLS-01162,electric,2.7,2.16,False,0,,,,,2022,0.0,0.0,0
transmission_span,30.749835970109164,-83.67290183519842,30.784129537817282,-83.66349991834444,3.911,1976,70,steel_monopole,0.7,33.7,3,20.39,86.68,0.439,0.936,0.322,0.543,0.0914,7,TLS-01163,electric,0.17,0.0,False,0,,,,,2022,0.0,0.0,0
transmission_span,32.625619152239494,-84.31145644296303,32.61197176728789,-84.33658167160829,2.795,1984,70,steel_monopole,0.7,78.4,3,79.94,285.25,0.757,0.624,0.98,0.474,0.3665,4,TLS-01164,electric,1.96,0.0,False,0,,,,,2024,0.0,0.0,0
transmission_span,30.3956520551378,-82.58924532426616,30.401573214000997,-82.58344709394817,0.86,1957,70,steel_monopole,0.7,50.8,2,8.05,52.94,0.362,0.567,0.402,0.538,0.0906,8,TLS-01165,electric,1.53,0.0,False,0,,,,,2022,0.0,0.0,0
transmission_span,32.528651524935725,-84.75254879242604,32.51441212619655,-84.76619607252995,2.032,1989,70,steel_lattice,0.8,71.3,2,69.06,271.07,0.693,0.699,1.0,0.407,0.3035,4,TLS-01166,electric,0.99,0.0,False,0,,,,,2023,0.0,0.0,0
transmission_span,30.55203720832934,-84.38446360808399,30.54851861115357,-84.42493679920163,3.888,2000,70,steel_monopole,0.7,100.0,3,13.71,54.24,0.365,0.582,0.288,0.357,0.2541,7,TLS-01167,electric,2.96,0.0,False,0,,,,,2024,0.0,0.0,0
transmission_span,31.305860195813118,-83.6364879845326,31.298744660193943,-83.62968468142687,1.02,1999,70,steel_monopole,0.7,72.2,3,43.19,148.95,0.676,0.724,0.651,0.558,0.0906,6,TLS-01168,electric,2.45,0.0,False,0,,,,,2026,0.0,0.0,0
transmission_span,32.46294089002786,-82.59604489694952,32.42789946543541,-82.59904715468426,3.9,1956,70,steel_monopole,0.7,50.0,3,71.87,282.47,0.799,0.553,1.0,0.935,0.0906,3,TLS-01169,electric,3.43,0.0,False,0,,,,,2019,0.0,0.0,0
transmission_span,30.542877965839924,-84.35778828432748,30.539796086139603,-84.38303090133083,2.437,2013,70,steel_lattice,0.8,100.0,3,11.14,53.52,0.403,0.66,0.215,0.348,0.2538,7,TLS-01170,electric,0.74,2.44,False,0,,,,,2022,0.0,0.0,0
transmission_span,32.33522758965013,-84.02761487392281,32.318341528475045,-84.04431845451157,2.443,1978,70,steel_monopole,0.7,68.4,3,73.79,257.04,0.841,0.492,1.0,0.64,0.0951,4,TLS-01171,electric,2.46,0.0,False,0,,,,,2024,0.0,0.0,0
transmission_span,30.527129184987135,-83.35975578562557,30.50744282157725,-83.38328494245685,3.136,1986,70,steel_lattice,0.8,71.5,3,18.46,66.15,0.402,0.649,0.289,0.557,0.0906,10,TLS-01172,electric,2.89,0.0,False,0,,,,,2023,0.0,0.0,0
transmission_span,30.216360574618726,-84.3870009276563,30.211086382542565,-84.38737919920955,0.587,1981,70,steel_monopole,0.7,71.6,3,4.8,16.95,0.19,0.734,0.079,0.216,0.091,9,TLS-01173,electric,0.47,0.0,False,0,,,,,2022,0.0,0.0,0
transmission_span,30.58103262694268,-83.70619837237888,30.56687653964111,-83.69222226445828,2.062,2007,70,steel_lattice,0.8,85.8,3,19.21,67.43,0.414,0.571,0.341,0.438,0.0912,7,TLS-01174,electric,0.45,0.0,False,0,,,,,2023,0.0,0.0,0
transmission_span,29.922081797120217,-83.03092852767732,29.893166095977406,-83.04203298304381,3.383,1997,70,steel_monopole,0.7,84.2,2,1.98,1.44,0.091,0.651,0.148,0.582,0.0906,11,TLS-01175,electric,1.25,2.32,False,0,,,,,2025,0.0,0.0,0
transmission_span,31.285068141554312,-84.1643317453674,31.272224919762767,-84.1487285673473,2.055,1969,70,concrete,0.95,61.4,2,34.09,138.42,0.593,0.533,0.446,0.484,0.1073,7,TLS-01176,electric,4.39,0.0,False,0,,,,,2020,0.0,0.0,0
transmission_span,31.998407985245844,-84.69429053680402,31.98794268270709,-84.70889213514289,1.8,1983,70,steel_monopole,0.7,72.4,3,56.99,212.4,0.715,0.781,0.801,0.436,0.1759,4,TLS-01177,electric,1.04,0.0,False,0,,,,,2024,0.0,0.0,0
transmission_span,30.05372422359541,-85.67832746906367,30.049243048547176,-85.68118754904077,0.568,2013,70,concrete,0.95,83.1,3,0.3,4.99,0.14,0.709,0.113,0.0,0.0906,9,TLS-01178,electric,0.48,0.0,False,0,,,,,2025,0.0,0.0,0
transmission_span,30.580571397334346,-82.69908016262478,30.584650662244815,-82.71105901850392,1.231,2023,70,concrete,0.95,88.2,2,16.81,74.23,0.418,0.824,0.377,0.557,0.0906,8,TLS-01179,electric,2.77,0.0,False,0,,,,,2024,0.0,0.0,0
transmission_span,32.688313129834135,-84.97642082313985,32.6747796969615,-84.98240950442396,1.603,1996,70,steel_monopole,0.7,80.0,2,79.63,288.91,0.845,0.707,1.0,0.352,0.0959,4,TLS-01180,electric,2.11,0.0,False,0,,,,,2025,0.0,0.0,0
transmission_span,31.41826171041815,-84.22677050005765,31.435848458564763,-84.18430065810028,4.472,1974,70,steel_lattice,0.8,50.5,2,37.67,152.33,0.655,0.792,0.591,0.559,0.0928,7,TLS-01181,electric,2.61,1.0,False,0,,,,,2020,0.0,0.0,0
transmission_span,31.28823456516116,-83.64791663376725,31.302763910176473,-83.67128179484443,2.741,1997,70,steel_lattice,0.8,54.5,3,40.44,146.82,0.734,0.77,0.544,0.544,0.0906,6,TLS-01182,electric,2.97,0.0,False,0,,,,,2024,0.0,0.0,0
transmission_span,32.22900814144316,-83.22183176753701,32.259933127718355,-83.26427369016466,5.26,1990,70,concrete,0.95,73.9,3,72.48,256.39,0.907,0.633,0.927,0.885,0.0906,2,TLS-01183,electric,2.18,0.0,False,0,,,,,2019,0.0,0.0,0
transmission_span,30.418423504511892,-82.67685849311131,30.397294839867833,-82.67122513423827,2.406,1971,70,steel_lattice,0.8,58.2,3,12.32,56.1,0.332,0.752,0.334,0.486,0.0906,8,TLS-01184,electric,0.61,0.0,False,0,,,,,2024,0.0,0.0,0
transmission_span,31.06579339512586,-85.771303891651,31.07735103271331,-85.77191508420424,1.284,1951,70,steel_lattice,0.8,43.1,3,29.08,119.14,0.593,0.79,0.401,0.314,0.1199,0,TLS-01185,electric,1.25,0.0,False,0,,,,,2024,0.0,0.0,0
transmission_span,31.654834857064976,-84.72372956744674,31.646791326065518,-84.72306038313461,0.895,1963,70,steel_lattice,0.8,46.0,3,43.96,174.16,0.643,0.541,0.686,0.475,0.1047,4,TLS-01186,electric,2.32,0.0,False,0,,,,,2024,0.0,0.0,0
transmission_span,30.281414282461267,-82.44952996347216,30.257836207969834,-82.44508712436324,2.652,1959,70,steel_monopole,0.7,52.6,3,3.0,38.85,0.287,0.662,0.392,0.391,0.0906,8,TLS-01187,electric,0.49,0.0,False,0,,,,,2025,0.0,0.0,0
transmission_span,30.520534713153058,-81.87085996755658,30.51328749825635,-81.87967219819562,1.165,1954,70,steel_monopole,0.7,63.3,2,8.49,55.47,0.412,0.871,0.392,0.444,0.0906,8,TLS-01188,electric,1.77,0.0,False,0,,,,,2024,0.0,0.0,0
transmission_span,30.68349868271883,-85.11323693660084,30.686352667613967,-85.12363494964109,1.042,1975,70,steel_lattice,0.8,76.6,3,15.29,67.12,0.354,0.834,0.319,0.082,0.0914,9,TLS-01189,electric,2.11,0.0,False,0,,,,,2024,0.0,0.0,0
transmission_span,32.36665401378588,-84.93877992180063,32.35230723016127,-84.98313833764101,4.453,2002,70,steel_monopole,0.7,98.4,2,65.71,253.09,0.929,0.886,0.96,0.446,0.1019,4,TLS-01190,electric,0.7,0.0,False,0,,,,,2025,0.0,0.0,0
transmission_span,32.495855700542926,-85.41883883320544,32.48325793378782,-85.4115296492048,1.557,1985,70,steel_lattice,0.8,55.2,3,74.53,271.67,0.811,0.946,0.975,0.407,0.0906,0,TLS-01191,electric,0.94,0.0,False,0,,,,,2023,0.0,0.0,0
transmission_span,30.51592520110841,-85.95311879513048,30.50446958076444,-85.93908219750678,1.849,1994,70,concrete,0.95,80.2,3,16.57,61.83,0.257,0.734,0.354,0.025,0.0906,0,TLS-01192,electric,1.33,0.0,False,0,,,,,2022,0.0,0.0,0
transmission_span,30.970802240610894,-85.88454600997461,30.98848368675125,-85.87633140593192,2.113,1992,70,steel_monopole,0.7,94.0,3,29.32,110.9,0.587,0.596,0.589,0.128,0.0931,0,TLS-01193,electric,3.51,0.0,False,0,,,,,2014,0.0,0.0,0
transmission_span,30.942040783017276,-85.72218563949951,30.93257262311435,-85.7305696288469,1.32,1972,70,steel_lattice,0.8,64.3,2,26.08,104.43,0.617,0.683,0.502,0.255,0.1019,0,TLS-01194,electric,1.27,0.0,False,0,,,,,2024,0.0,0.0,0
transmission_span,32.62533062024532,-84.66279391469233,32.61747684906325,-84.6654698032304,0.907,1960,70,steel_lattice,0.8,25.3,1,79.02,282.13,0.689,0.713,0.954,0.418,0.4419,4,TLS-01195,electric,2.33,0.0,False,0,,,,,2014,0.0,0.0,0
transmission_span,30.2351158366745,-85.011897681827,30.239097992541666,-85.01604038009316,0.594,1980,70,steel_lattice,0.8,49.0,2,5.13,16.75,0.229,0.692,0.157,0.04,0.0906,9,TLS-01196,electric,1.45,0.0,False,0,,,,,2025,0.0,0.0,0
transmission_span,30.24226818309431,-81.91542687403589,30.282962796796543,-81.88413394883851,5.423,1928,70,steel_monopole,0.7,35.3,3,3.36,25.5,0.365,0.526,0.335,0.313,0.0906,8,TLS-01197,electric,0.85,0.71,False,0,,,,,2024,0.0,0.0,0
transmission_span,31.056526778038652,-84.17323732883179,31.041798991093543,-84.13870611963824,3.668,1957,70,steel_lattice,0.8,61.8,2,29.91,112.93,0.573,0.782,0.514,0.421,0.4194,7,TLS-01198,electric,4.19,0.0,False,0,,,,,2020,0.0,0.0,0
transmission_span,30.882229728221763,-81.55194519076798,30.87606161299082,-81.5656790750721,1.477,1964,70,steel_lattice,0.8,54.0,3,12.4,88.99,0.613,0.69,0.327,0.535,0.0906,8,TLS-01199,electric,1.45,0.0,False,0,,,,,2024,0.0,0.0,0
transmission_span,31.140958478667276,-82.17694665410757,31.13899916043268,-82.18641726350718,0.926,1972,70,steel_monopole,0.7,76.5,2,25.12,130.24,0.567,0.665,0.598,0.648,0.0906,8,TLS-01200,electric,1.48,0.0,False,0,,,,,2026,0.0,0.0,0
transmission_span,30.69712344107906,-85.3747267750091,30.706055415857215,-85.35713173115354,1.95,1971,70,steel_lattice,0.8,63.7,3,17.41,71.39,0.502,0.691,0.378,0.169,0.0908,9,TLS-01201,electric,3.68,0.0,False,0,,,,,2020,0.0,0.0,0
transmission_span,30.700280265481673,-83.5803949235807,30.693273361444824,-83.60835611112945,2.78,1981,70,steel_monopole,0.7,69.0,3,25.25,82.55,0.463,0.817,0.319,0.578,0.0907,7,TLS-01202,electric,2.39,0.0,False,0,,,,,2023,0.0,0.0,0
transmission_span,30.73909315784956,-85.16508981553133,30.731666816057537,-85.13326126768767,3.146,1982,70,steel_lattice,0.8,65.4,2,14.54,73.7,0.382,0.583,0.376,0.175,0.0913,9,TLS-01203,electric,7.56,0.0,False,0,,,,,2024,0.0,0.0,0
transmission_span,30.504518361214227,-81.88289396643034,30.51297935860977,-81.81594242080942,6.472,1955,70,steel_monopole,0.7,46.0,3,4.36,53.94,0.299,0.577,0.395,0.392,0.0906,8,TLS-01204,electric,1.43,0.0,False,0,,,,,2025,0.0,0.0,0
transmission_span,31.04809141837552,-82.38655418756211,31.05394505657794,-82.41337249472802,2.632,1971,70,steel_monopole,0.7,60.2,3,25.36,123.16,0.684,0.652,0.555,0.467,0.0906,8,TLS-01205,electric,1.51,0.0,False,0,,,,,2020,0.0,0.0,0
transmission_span,32.70682235288422,-83.33605963860457,32.70982424828344,-83.351004558699,1.435,2005,70,steel_lattice,0.8,87.4,3,91.05,308.36,0.807,0.711,1.0,0.91,0.0906,2,TLS-01206,electric,1.83,0.0,False,0,,,,,2025,0.0,0.0,0
transmission_span,32.48633159153949,-85.52841221766725,32.51136932959801,-85.52581509554884,2.79,1982,70,steel_lattice,0.8,70.6,3,77.03,272.33,0.85,0.857,1.0,0.507,0.0906,0,TLS-01207,electric,2.59,0.0,False,0,,,,,2023,0.0,0.0,0
transmission_span,31.290085223630875,-84.69737417258993,31.31132718459284,-84.7079334488117,2.562,1966,70,steel_lattice,0.8,55.0,2,34.64,133.77,0.687,0.73,0.603,0.528,0.2029,7,TLS-01208,electric,1.05,0.0,False,0,,,,,2024,0.0,0.0,0
transmission_span,31.56717491367178,-83.42528799926005,31.56313818410234,-83.4202969522854,0.651,1973,70,steel_lattice,0.8,74.1,3,45.76,180.84,0.9,0.704,0.766,0.623,0.0906,6,TLS-01209,electric,4.95,0.0,False,0,,,,,2026,0.0,0.0,0
transmission_span,31.53284682515016,-84.53152812335676,31.53445853818008,-84.5390531351007,0.734,1968,70,steel_monopole,0.7,47.3,1,41.75,161.71,0.737,0.686,0.744,0.456,0.1011,4,TLS-01210,electric,2.74,1.39,False,0,,,,,2024,0.0,0.0,0
transmission_span,30.58832390330662,-82.43831060421458,30.58835684241009,-82.44287780553358,0.436,1954,70,steel_monopole,0.7,40.0,3,8.2,72.78,0.444,0.686,0.41,0.476,0.0906,8,TLS-01211,electric,0.51,0.0,False,0,,,,,2022,0.0,0.0,0
transmission_span,29.985165978831002,-85.90427209621002,29.968896673301522,-85.88316306095237,2.717,1968,70,steel_monopole,0.7,53.4,3,4.49,1.9,0.31,0.76,0.23,0.131,0.0906,9,TLS-01212,electric,1.63,0.0,False,0,,,,,2022,0.0,0.0,0
transmission_span,30.635298946597057,-84.67947277962476,30.644412188897693,-84.67540676130345,1.084,2008,70,steel_lattice,0.8,91.8,2,12.1,61.16,0.441,0.74,0.391,0.356,0.1277,9,TLS-01213,electric,1.28,0.0,False,0,,,,,2021,0.0,0.0,0
transmission_span,31.942487776710202,-83.4428663667901,31.892105226998886,-83.4325847976462,5.676,1989,70,steel_monopole,0.7,73.7,3,66.04,222.28,0.858,0.833,0.943,0.739,0.0906,1,TLS-01214,electric,1.74,0.0,False,0,,,,,2025,0.0,0.0,0
transmission_span,31.403949946630398,-83.73315026473745,31.392350495106978,-83.7227881461428,1.619,1973,70,concrete,0.95,43.5,3,43.28,158.35,0.748,0.548,0.705,0.478,0.0906,6,TLS-01215,electric,1.88,0.0,False,0,,,,,2018,0.0,0.0,0
transmission_span,32.51768119958587,-83.16964713539845,32.52768123681201,-83.18945022996107,2.16,1975,70,steel_lattice,0.8,40.0,3,85.18,288.83,0.905,0.596,1.0,0.952,0.0906,2,TLS-01216,electric,0.76,0.0,False,0,,,,,2024,0.0,0.0,0
transmission_span,31.972325937265172,-84.133392103993,31.973247178124588,-84.13779748820151,0.427,1963,70,steel_lattice,0.8,57.3,3,61.77,215.16,0.738,0.602,0.803,0.507,0.1193,4,TLS-01217,electric,2.91,0.0,False,0,,,,,2022,0.0,0.0,0
transmission_span,30.371564246492746,-84.31086787578603,30.380758611303143,-84.3048008601494,1.174,1970,70,steel_lattice,0.8,46.8,3,10.14,35.06,0.306,0.556,0.235,0.311,0.105,9,TLS-01218,electric,1.84,0.0,False,0,,,,,2022,0.0,0.0,0
transmission_span,30.122977732672258,-84.47109134966713,30.087511527348475,-84.45769457577397,4.142,1950,70,steel_lattice,0.8,52.9,3,1.02,5.73,0.139,0.745,0.195,0.134,0.0906,9,TLS-01219,electric,0.32,0.0,False,0,,,,,2022,0.0,0.0,0
transmission_span,32.5568611825368,-84.06447405417562,32.55000667762989,-84.05787473753523,0.98,1957,70,steel_lattice,0.8,35.6,3,79.28,281.07,0.972,0.806,1.0,0.649,0.1063,4,TLS-01220,electric,6.03,0.0,False,0,,,,,2020,0.0,0.0,0
transmission_span,30.84752301420375,-85.0070866570092,30.88562571757946,-84.9949208235284,4.385,1992,70,steel_monopole,0.7,67.5,3,16.58,84.71,0.527,0.672,0.368,0.292,0.1129,7,TLS-01221,electric,6.36,0.0,False,0,,,,,2024,0.0,0.0,0
transmission_span,30.598582583677253,-83.70614140021871,30.6595841826764,-83.75781715023511,8.38,2004,70,steel_monopole,0.7,82.4,3,20.11,69.38,0.315,0.77,0.421,0.517,0.0913,7,TLS-01222,electric,0.75,0.0,False,0,,,,,2008,0.0,0.0,0
transmission_span,32.020620634349,-85.30437725846107,32.01293218939897,-85.31543700790887,1.346,1985,70,steel_lattice,0.8,43.8,3,56.17,217.39,0.838,0.675,0.89,0.577,0.1054,0,TLS-01223,electric,1.4,1.64,False,0,,,,,2020,0.0,0.0,0
transmission_span,31.365304111151186,-81.76230397139477,31.36143122367534,-81.73290538904646,2.819,1973,70,steel_lattice,0.8,49.3,3,27.39,146.98,0.796,0.629,0.585,0.793,0.0906,8,TLS-01224,electric,1.61,0.0,False,0,,,,,2023,0.0,0.0,0
transmission_span,31.717910243685445,-84.09285611365108,31.719148497903003,-84.08841541939974,0.441,1978,70,steel_lattice,0.8,74.0,3,47.36,187.52,0.867,0.809,0.797,0.52,0.0967,6,TLS-01225,electric,0.88,0.0,False,0,,,,,2026,0.0,0.0,0
transmission_span,31.937118717344543,-82.09796260297475,31.910678172980052,-82.14960855972545,5.682,1966,70,steel_lattice,0.8,27.2,3,51.31,217.2,0.799,0.608,0.805,0.89,0.0937,3,TLS-01226,electric,2.0,1.26,False,0,,,,,2023,0.0,0.0,0
transmission_span,31.247174213576933,-82.3051427635298,31.211672615247085,-82.37017709657037,7.322,1971,70,steel_lattice,0.8,63.0,3,31.23,144.11,0.587,0.663,0.583,0.685,0.0906,8,TLS-01227,electric,2.22,0.0,False,0,,,,,2022,0.0,0.0,0
transmission_span,32.24258990253512,-83.3072301878498,32.23363810908708,-83.29404570651049,1.587,1948,70,steel_monopole,0.7,58.3,3,74.44,257.12,0.784,0.843,0.924,0.827,0.0906,2,TLS-01228,electric,3.71,2.21,False,0,,,,,2025,0.0,0.0,0
transmission_span,30.412309731329046,-84.28077583520249,30.40281599684781,-84.27293277267897,1.294,1968,70,steel_monopole,0.7,50.2,3,7.65,39.96,0.279,0.638,0.246,0.49,0.1208,9,TLS-01229,electric,2.32,1.54,False,0,,,,,2023,0.0,0.0,0
transmission_span,31.609543515663162,-82.39343257503961,31.614190913008994,-82.39296175742807,0.518,1999,70,steel_monopole,0.7,97.9,3,43.2,185.57,0.948,0.751,0.792,0.959,0.0906,3,TLS-01230,electric,3.54,0.0,False,0,,,,,2023,0.0,0.0,0
transmission_span,30.92345319817913,-84.58449275288595,30.928163871604244,-84.58851100835923,0.648,1959,70,steel_lattice,0.8,36.2,3,19.58,93.68,0.393,0.416,0.461,0.459,0.5121,7,TLS-01231,electric,4.41,0.0,False,0,,,,,2025,0.0,0.0,0
transmission_span,31.74862684763997,-84.48785365394887,31.81508352530304,-84.4529968972587,8.077,1975,70,steel_lattice,0.8,56.5,3,45.05,186.03,0.814,0.699,0.842,0.472,0.2065,4,TLS-01232,electric,1.11,0.0,False,0,,,,,2023,0.0,0.0,0
transmission_span,30.762789486197935,-83.00502712615842,30.784894769238168,-83.00826467621272,2.473,1979,70,concrete,0.95,59.4,3,21.7,94.84,0.575,0.659,0.59,0.381,0.0906,10,TLS-01233,electric,1.01,0.0,False,0,,,,,2024,0.0,0.0,0
transmission_span,31.08198938575174,-85.78207789357965,31.10743106182641,-85.76568749703813,3.225,1980,70,steel_monopole,0.7,64.2,3,31.8,121.15,0.593,0.681,0.566,0.172,0.1206,0,TLS-01234,electric,4.0,0.82,False,0,,,,,2020,0.0,0.0,0
transmission_span,32.80057560540803,-84.66299288176131,32.80693271024158,-84.64343680530583,1.956,2017,70,steel_monopole,0.7,100.0,2,87.82,301.58,0.825,0.733,1.0,0.506,0.185,4,TLS-01235,electric,4.09,0.0,False,0,,,,,2024,0.0,0.0,0
transmission_span,30.080831758961676,-82.83488280814682,30.118080037694867,-82.81266352163364,4.653,1994,70,steel_lattice,0.8,76.7,2,7.12,19.24,0.18,0.711,0.292,0.59,0.0906,11,TLS-01236,electric,1.03,0.0,False,0,,,,,2022,0.0,0.0,0
transmission_span,31.616955709014704,-85.28440862018199,31.605080194434183,-85.31470430632588,3.153,1970,70,steel_lattice,0.8,59.4,3,43.92,172.35,0.737,0.647,0.764,0.561,0.3581,0,TLS-01237,electric,2.37,0.0,False,0,,,,,2026,0.0,0.0,0
transmission_span,31.32045702629078,-85.43867300032936,31.30056683228048,-85.4163055233709,3.062,2001,70,steel_lattice,0.8,93.3,2,33.62,141.49,0.586,0.573,0.69,0.483,0.4169,0,TLS-01238,electric,3.38,0.0,False,0,,,,,2017,0.0,0.0,0
transmission_span,31.6065709382151,-85.4856700927888,31.598817303768456,-85.50702382947253,2.194,1971,70,steel_lattice,0.8,58.3,3,39.68,173.98,0.651,0.666,0.77,0.482,0.2539,0,TLS-01239,electric,1.77,0.0,False,0,,,,,2022,0.0,0.0,0
transmission_span,30.595381150183748,-83.60650563172689,30.586140533740853,-83.60350528145636,1.065,1957,70,steel_monopole,0.7,47.6,2,21.29,70.53,0.401,0.818,0.259,0.512,0.0907,7,TLS-01240,electric,1.21,0.0,False,0,,,,,2025,0.0,0.0,0
transmission_span,31.19854750918046,-82.36376949464595,31.212561560050165,-82.36295068182578,1.558,1990,70,steel_lattice,0.8,84.5,3,24.57,139.55,0.767,0.704,0.589,0.627,0.0906,8,TLS-01241,electric,0.18,0.0,False,0,,,,,2022,0.0,0.0,0
transmission_span,30.823767684292015,-85.73430408112732,30.795183611262708,-85.71821839410342,3.524,1964,70,steel_lattice,0.8,47.5,3,25.3,91.54,0.523,0.777,0.46,0.186,0.0921,0,TLS-01242,electric,5.56,0.0,False,0,,,,,2013,0.0,0.0,0
transmission_span,30.150549216372685,-81.59886363219532,30.158171938476023,-81.61422256934186,1.7,1988,70,steel_lattice,0.8,53.2,3,0.3,8.73,0.17,0.52,0.254,0.313,0.0906,8,TLS-01243,electric,1.79,0.63,False,0,,,,,2023,0.0,0.0,0
transmission_span,32.43984673342455,-85.84350116431459,32.44668111087285,-85.82691216375,1.729,1985,70,steel_lattice,0.8,65.0,2,77.16,273.12,0.899,0.558,0.996,0.586,0.0906,0,TLS-01244,electric,2.49,0.0,False,0,,,,,2025,0.0,0.0,0
transmission_span,30.59670583694738,-84.3013232758258,30.60323956149707,-84.27830714227416,2.316,1982,70,steel_lattice,0.8,75.8,3,9.12,60.17,0.339,0.49,0.392,0.461,0.4152,7,TLS-01245,electric,0.63,1.25,False,0,,,,,2024,0.0,0.0,0
transmission_span,32.2316593235903,-81.80693187349937,32.2339825226142,-81.79011173832025,1.6,1999,70,steel_lattice,0.8,79.4,3,52.22,244.08,0.526,0.661,0.824,0.797,0.7551,3,TLS-01246,electric,6.15,0.0,False,0,,,,,2020,0.0,0.0,0
transmission_span,31.3879414822928,-83.15225769908298,31.403967449510674,-83.13911383217776,2.172,1972,70,steel_lattice,0.8,54.9,2,41.76,163.54,0.66,0.512,0.667,0.602,0.0906,10,TLS-01247,electric,1.13,0.0,False,0,,,,,2023,0.0,0.0,0
transmission_span,31.735033567669426,-84.56538359953659,31.733376014842356,-84.49475584177081,6.67,1952,70,steel_monopole,0.7,39.9,3,43.97,183.89,0.719,0.796,0.739,0.589,0.1769,4,TLS-01248,electric,3.42,0.0,False,0,,,,,2025,0.0,0.0,0
transmission_span,30.54372426355005,-85.69308233339214,30.554406585017414,-85.65762573154142,3.591,2008,70,steel_lattice,0.8,88.7,3,12.0,59.66,0.453,0.672,0.35,0.111,0.0906,9,TLS-01249,electric,2.27,1.99,False,0,,,,,2022,0.0,0.0,0
transmission_span,30.843984094805403,-85.50646958883488,30.841786127458672,-85.49005997092584,1.583,1960,70,steel_lattice,0.8,56.1,3,22.75,89.67,0.53,0.8,0.552,0.234,0.0967,0,TLS-01250,electric,3.47,0.0,False,0,,,,,2025,0.0,0.0,0
transmission_span,30.651705216460396,-83.6521102815752,30.62739855643155,-83.64332530926866,2.825,1976,70,steel_lattice,0.8,67.0,3,20.51,76.1,0.449,0.779,0.412,0.517,0.0909,7,TLS-01251,electric,3.61,1.67,False,0,,,,,2025,0.0,0.0,0
transmission_span,30.073090849621074,-82.16333155474678,30.08246959643412,-82.19329106392208,3.06,1951,70,steel_lattice,0.8,43.3,3,0.3,11.47,0.35,0.591,0.069,0.44,0.0906,8,TLS-01252,electric,0.19,0.0,False,0,,,,,2024,0.0,0.0,0
transmission_span,31.070424317637176,-82.4362051810869,31.09391060991221,-82.41910113953317,3.073,1958,70,steel_lattice,0.8,55.2,3,22.18,126.27,0.65,0.768,0.48,0.501,0.0906,8,TLS-01253,electric,3.3,2.17,False,0,,,,,2026,0.0,0.0,0
transmission_span,30.513456165429226,-85.93172724141327,30.523381574409125,-85.91545401204147,1.907,1946,70,steel_lattice,0.8,49.0,2,16.11,61.11,0.386,0.589,0.383,0.0,0.0906,0,TLS-01254,electric,4.43,1.78,False,0,,,,,2024,0.0,0.0,0
transmission_span,31.307837991385686,-85.43799407400837,31.304358989026042,-85.44146613662237,0.507,1941,70,steel_monopole,0.7,38.0,2,33.44,140.08,0.549,0.341,0.661,0.412,0.4158,0,TLS-01255,electric,2.24,0.0,False,0,,,,,2025,0.0,0.0,0
transmission_span,31.401808441372175,-85.08418233181995,31.41668304001375,-85.1366555337608,5.238,1998,70,concrete,0.95,86.2,3,31.15,146.65,0.74,0.641,0.553,0.513,0.1506,0,TLS-01256,electric,3.89,0.0,False,0,,,,,2023,0.0,0.0,0
transmission_span,31.04335232477025,-82.7297346691631,31.051329785412115,-82.69857126347897,3.093,1986,70,steel_lattice,0.8,70.5,2,28.07,125.75,0.645,0.609,0.532,0.549,0.0906,10,TLS-01257,electric,2.78,0.0,False,0,,,,,2018,0.0,0.0,0
transmission_span,32.50197182213166,-81.79472820166852,32.50715785901161,-81.7771242043453,1.746,1979,70,steel_lattice,0.8,53.3,3,62.65,273.83,0.535,0.616,0.978,0.819,0.7708,5,TLS-01258,electric,1.82,0.0,False,0,,,,,2025,0.0,0.0,0
transmission_span,30.626985457182318,-85.06693540900322,30.606983414569836,-85.07354652596159,2.308,1983,70,steel_lattice,0.8,73.6,3,12.67,60.54,0.296,0.717,0.259,0.135,0.0913,9,TLS-01259,electric,0.83,0.0,False,0,,,,,2025,0.0,0.0,0
transmission_span,30.712806603374204,-84.97002805534161,30.71397482782408,-84.97563973399609,0.551,1928,70,steel_lattice,0.8,8.2,3,18.3,69.61,0.512,0.779,0.328,0.296,0.1001,9,TLS-01260,electric,2.22,0.0,False,0,,,,,2023,0.0,0.0,0
transmission_span,31.704935623208705,-84.80663367542779,31.71820448569739,-84.85627522955386,4.914,1971,70,steel_lattice,0.8,67.5,2,44.71,179.54,0.804,0.733,0.716,0.498,0.1027,4,TLS-01261,electric,2.03,0.0,False,0,,,,,2025,0.0,0.0,0
transmission_span,30.375608518214694,-85.68182310761495,30.368955957441095,-85.72259572003911,3.974,1967,70,steel_lattice,0.8,70.8,2,9.91,40.78,0.234,0.825,0.292,0.0,0.0906,9,TLS-01262,electric,2.12,0.0,False,0,,,,,2024,0.0,0.0,0
transmission_span,31.536759495784246,-85.82756554592014,31.54115564034447,-85.82749451851332,0.488,1979,70,steel_monopole,0.7,63.8,3,43.73,172.55,0.691,0.599,0.663,0.551,0.1055,0,TLS-01263,electric,1.01,0.0,False,0,,,,,2023,0.0,0.0,0
transmission_span,29.98349561708349,-82.50299464360914,29.966279025064512,-82.47794665054391,3.074,1981,70,steel_monopole,0.7,78.9,3,0.3,6.38,0.271,0.577,0.12,0.472,0.0906,8,TLS-01264,electric,1.07,2.31,False,0,,,,,2025,0.0,0.0,0
transmission_span,30.794079220332527,-84.9759557724529,30.812479582133115,-84.96228730544779,2.423,1982,70,steel_lattice,0.8,60.2,2,18.23,78.65,0.384,0.711,0.362,0.226,0.1119,9,TLS-01265,electric,1.13,0.0,False,0,,,,,2025,0.0,0.0,0
transmission_span,30.64867810305039,-85.87229146785758,30.645140262519824,-85.8882475393036,1.574,1940,70,steel_monopole,0.7,35.4,3,17.38,74.89,0.531,0.644,0.374,0.065,0.0906,0,TLS-01266,electric,0.41,0.0,False,0,,,,,2023,0.0,0.0,0
transmission_span,30.38512396308295,-84.05065353603199,30.385857607323278,-84.06249626679462,1.137,1961,70,concrete,0.95,45.8,3,11.67,40.22,0.38,0.82,0.284,0.39,0.0979,11,TLS-01267,electric,1.85,1.91,False,0,,,,,2024,0.0,0.0,0
transmission_span,30.390510654152724,-84.60129445071559,30.385393462061195,-84.62291415971822,2.147,2002,70,steel_lattice,0.8,89.9,3,2.17,34.41,0.3,0.682,0.308,0.225,0.0932,9,TLS-01268,electric,3.74,0.95,False,0,,,,,2023,0.0,0.0,0
transmission_span,30.25688154557289,-85.78066564504984,30.242061420354723,-85.7472102303093,3.605,1972,70,steel_lattice,0.8,49.6,3,8.42,29.53,0.216,0.624,0.151,0.09,0.0906,9,TLS-01269,electric,0.79,0.0,False,0,,,,,2025,0.0,0.0,0
transmission_span,30.251824901703557,-83.98186720979619,30.255584622628025,-84.00314412515652,2.082,1979,70,steel_lattice,0.8,47.1,2,4.86,26.5,0.324,0.673,0.19,0.311,0.0908,11,TLS-01270,electric,1.46,0.52,False,0,,,,,2024,0.0,0.0,0
transmission_span,31.67544773067829,-84.38356616160205,31.672114981999737,-84.38878767562261,0.617,1997,70,concrete,0.95,64.7,3,42.11,178.94,0.88,0.663,0.683,0.503,0.1436,4,TLS-01271,electric,1.02,0.0,False,0,,,,,2021,0.0,0.0,0
transmission_span,30.52548903463457,-85.9031408334426,30.535731427806834,-85.91090378551812,1.358,1969,70,steel_lattice,0.8,60.8,3,14.28,61.85,0.406,0.437,0.308,0.008,0.0906,0,TLS-01272,electric,1.31,0.0,False,0,,,,,2021,0.0,0.0,0
transmission_span,32.5441915824067,-82.62468551239091,32.53540816877589,-82.60498406829859,2.085,1961,70,steel_monopole,0.7,55.1,3,75.88,291.71,0.82,0.753,1.0,0.995,0.0906,3,TLS-01273,electric,1.32,0.0,False,0,,,,,2023,0.0,0.0,0
transmission_span,32.07035532927684,-83.6006364781399,32.039230434445585,-83.58492171483498,3.758,1989,70,steel_monopole,0.7,63.7,3,70.39,234.33,0.809,0.681,0.848,0.721,0.0906,1,TLS-01274,electric,4.83,0.0,False,0,,,,,2017,0.0,0.0,0
transmission_span,31.904531883595116,-85.3801630344128,31.9095204684781,-85.36791210724165,1.28,1984,70,steel_monopole,0.7,53.2,3,51.69,205.49,0.86,0.696,0.748,0.471,0.1451,0,TLS-01275,electric,3.19,0.0,False,0,,,,,2025,0.0,0.0,0
transmission_span,31.678747715135927,-82.31811526629083,31.67720881656608,-82.32606804544216,0.77,1946,70,steel_lattice,0.8,27.1,3,41.09,192.21,0.879,0.842,0.84,0.857,0.0906,3,TLS-01276,electric,0.82,0.0,False,0,,,,,2023,0.0,0.0,0
transmission_span,31.529038363752427,-81.69804076058057,31.515251682583425,-81.69901738926697,1.533,1978,70,steel_lattice,0.8,58.1,3,29.15,163.81,0.671,0.764,0.625,0.702,0.0906,3,TLS-01277,electric,3.0,0.0,False,0,,,,,2022,0.0,0.0,0
transmission_span,32.04996948203327,-82.99078177757532,32.049769986571825,-82.970591281609,1.9,1977,70,concrete,0.95,64.4,2,65.41,237.76,0.887,0.585,0.876,0.912,0.0906,1,TLS-01278,electric,2.68,0.0,False,0,,,,,2024,0.0,0.0,0
transmission_span,30.21208486448047,-84.11947737053424,30.217684402051695,-84.14037915049144,2.099,1969,70,steel_lattice,0.8,52.5,3,5.38,19.98,0.201,0.704,0.227,0.386,0.0909,11,TLS-01279,electric,1.01,1.51,False,0,,,,,2025,0.0,0.0,0
transmission_span,31.93604709436197,-85.40164482792837,31.90267965028706,-85.40771404175304,3.748,2005,70,concrete,0.95,96.7,3,53.9,209.28,0.895,0.748,0.853,0.599,0.1264,0,TLS-01280,electric,2.8,0.0,False,0,,,,,2021,0.0,0.0,0
transmission_span,31.629068680883503,-82.44067060452782,31.622310465247224,-82.44061489384875,0.75,1977,70,steel_lattice,0.8,68.2,3,39.74,188.33,0.863,0.776,0.737,0.907,0.0906,3,TLS-01281,electric,0.77,0.0,False,0,,,,,2023,0.0,0.0,0
transmission_span,31.153853899003003,-85.00347528846329,31.183464685385317,-84.9974047003358,3.337,1933,70,steel_lattice,0.8,33.6,3,25.03,118.69,0.582,0.622,0.481,0.347,0.1272,0,TLS-01282,electric,1.72,2.37,False,0,,,,,2025,0.0,0.0,0
transmission_span,31.239984578259648,-84.52755168568966,31.23277852806926,-84.52286694518278,0.915,1994,70,steel_lattice,0.8,72.3,3,29.93,129.23,0.487,0.766,0.569,0.586,0.2261,7,TLS-01283,electric,2.44,0.0,False,0,,,,,2022,0.0,0.0,0
transmission_span,30.78016251111544,-85.03720968385076,30.793879339145978,-85.00092325674481,3.781,1969,70,steel_lattice,0.8,58.1,3,18.52,77.37,0.469,0.761,0.369,0.218,0.0989,9,TLS-01284,electric,2.1,0.0,False,0,,,,,2026,0.0,0.0,0
transmission_span,31.7231687673582,-81.92744779806307,31.730685510334688,-81.96829032869944,3.945,1986,70,steel_lattice,0.8,76.9,3,36.75,190.13,1.0,0.826,0.84,0.917,0.0908,3,TLS-01285,electric,4.98,0.0,False,0,,,,,2022,0.0,0.0,0
transmission_span,30.38402431749335,-84.44415691196625,30.331217942034876,-84.42081746088144,6.273,2005,70,steel_lattice,0.8,86.1,3,7.84,34.96,0.16,0.664,0.193,0.301,0.101,9,TLS-01286,electric,0.61,0.0,False,0,,,,,2024,0.0,0.0,0
transmission_span,32.42285559075203,-84.69463713008074,32.41622577293563,-84.68834799970337,0.943,1972,70,steel_lattice,0.8,66.7,3,70.71,259.52,0.742,0.471,1.0,0.497,0.3813,4,TLS-01287,electric,1.25,0.0,False,0,,,,,2026,0.0,0.0,0
transmission_span,29.935530550708926,-83.00498327320005,29.94773649288236,-83.01726362294096,1.798,1963,70,steel_lattice,0.8,40.6,3,2.37,3.02,0.167,0.642,0.267,0.581,0.0906,11,TLS-01288,electric,0.69,2.28,False,0,,,,,2023,0.0,0.0,0
transmission_span,31.463720502577115,-84.4769395612574,31.45245806193604,-84.42777190681883,4.82,1965,70,steel_lattice,0.8,56.2,3,38.58,154.5,0.82,0.806,0.657,0.483,0.099,7,TLS-01289,electric,0.66,0.0,False,0,,,,,2020,0.0,0.0,0
transmission_span,30.77600625227765,-85.59535649527355,30.764246608488033,-85.61164027663817,2.029,1953,70,steel_lattice,0.8,45.3,2,19.49,83.64,0.501,0.767,0.371,0.106,0.092,0,TLS-01290,electric,1.08,0.0,False,0,,,,,2018,0.0,0.0,0
transmission_span,32.02592243595504,-85.90413513577128,32.04881036096861,-85.91593792036552,2.773,1979,70,steel_lattice,0.8,67.1,2,64.03,228.42,0.836,0.735,0.863,0.629,0.0906,0,TLS-01291,electric,0.67,0.0,False,0,,,,,2019,0.0,0.0,0
transmission_span,31.65715282154039,-81.8155578232121,31.641993480365436,-81.83782225393277,2.694,2003,70,steel_monopole,0.7,92.4,3,33.04,180.49,0.914,0.689,0.748,0.839,0.0907,3,TLS-01292,electric,2.64,0.0,False,0,,,,,2026,0.0,0.0,0
transmission_span,30.968157143498825,-85.72847899669421,30.994476388112968,-85.71296935268911,3.273,1976,70,steel_lattice,0.8,52.9,2,21.38,107.45,0.495,0.497,0.42,0.318,0.1058,0,TLS-01293,electric,1.02,0.76,False,0,,,,,2019,0.0,0.0,0
transmission_span,31.349626171359297,-84.10631557769281,31.357065769224945,-84.11618940395749,1.248,1940,70,steel_lattice,0.8,43.9,3,39.34,146.44,0.735,0.688,0.73,0.496,0.0942,7,TLS-01294,electric,1.73,1.45,False,0,,,,,2026,0.0,0.0,0
transmission_span,31.836188514281346,-84.36365872115653,31.83310291192477,-84.34970032019201,1.36,1951,70,steel_lattice,0.8,53.3,3,53.21,197.01,0.829,0.537,0.755,0.471,0.252,4,TLS-01295,electric,5.75,0.0,False,0,,,,,2023,0.0,0.0,0
transmission_span,31.143725354068994,-81.60815923554249,31.147808070355495,-81.61970140493209,1.186,1982,70,concrete,0.95,68.3,2,18.96,119.17,0.641,0.687,0.597,0.701,0.0906,8,TLS-01296,electric,1.85,0.0,False,0,,,,,2021,0.0,0.0,0
transmission_span,31.632221901124492,-81.81374870812915,31.657461998077633,-81.80145970742572,3.033,2020,70,steel_lattice,0.8,100.0,2,34.35,177.68,0.739,0.645,0.735,0.901,0.0906,3,TLS-01297,electric,2.12,0.0,False,0,,,,,2025,0.0,0.0,0
transmission_span,30.64655608003764,-84.2309236194745,30.643982239882874,-84.24143855005866,1.044,1982,70,steel_monopole,0.7,86.1,3,17.23,66.62,0.29,0.459,0.363,0.423,0.5761,7,TLS-01298,electric,0.92,0.0,False,0,,,,,2024,0.0,0.0,0
transmission_span,30.3725605815745,-85.52509638936294,30.37480241293568,-85.49256766349949,3.125,1975,70,steel_lattice,0.8,43.4,3,9.47,37.64,0.373,0.859,0.413,0.013,0.0906,9,TLS-01299,electric,0.71,0.0,False,0,,,,,2019,0.0,0.0,0
transmission_span,30.99740883667194,-81.79068909661704,30.98942714865235,-81.7764018004164,1.623,1992,70,steel_lattice,0.8,72.0,3,12.85,106.74,0.546,0.655,0.56,0.501,0.0906,8,TLS-01300,electric,3.06,0.0,False,0,,,,,2025,0.0,0.0,0
transmission_span,30.78098671539312,-84.85118215309025,30.77380087354081,-84.89464041174423,4.22,1999,70,steel_lattice,0.8,83.8,1,11.23,76.97,0.441,0.624,0.35,0.348,0.1547,7,TLS-01301,electric,0.91,0.0,False,0,,,,,2020,0.0,0.0,0
transmission_span,31.969919036297018,-84.47979208994728,31.97485158590168,-84.4890669359804,1.031,1994,70,steel_lattice,0.8,89.3,3,54.23,210.66,0.71,0.563,0.828,0.445,0.3359,4,TLS-01302,electric,2.3,1.3,False,0,,,,,2023,0.0,0.0,0
transmission_span,30.46441164870288,-84.93253381732056,30.456399924943522,-84.89986527700722,3.25,1993,70,steel_lattice,0.8,75.9,2,10.81,41.93,0.274,0.614,0.208,0.105,0.0908,9,TLS-01303,electric,1.55,0.0,False,0,,,,,2025,0.0,0.0,0
transmission_span,30.738548833041015,-85.32064438836349,30.74118219655797,-85.32988759696836,0.929,1969,70,steel_lattice,0.8,45.8,3,12.9,75.28,0.359,0.68,0.393,0.155,0.091,9,TLS-01304,electric,1.2,0.0,False,0,,,,,2022,0.0,0.0,0
transmission_span,32.16616203774976,-83.62628670182447,32.163806366901355,-83.64861612308691,2.114,1989,70,steel_monopole,0.7,81.8,3,66.84,244.59,0.865,0.63,0.911,0.722,0.0906,2,TLS-01305,electric,0.67,0.0,False,0,,,,,2025,0.0,0.0,0
transmission_span,32.198380525144614,-84.14954812631748,32.18746087230914,-84.1567298623789,1.387,1967,70,concrete,0.95,66.6,3,67.79,240.01,0.911,0.586,0.926,0.547,0.1086,4,TLS-01306,electric,3.59,0.0,False,0,,,,,2021,0.0,0.0,0
transmission_span,31.81581308899266,-83.05098718522527,31.805094669847364,-83.0581352949879,1.368,1938,70,steel_lattice,0.8,40.0,3,58.05,211.57,0.94,0.745,0.72,0.842,0.0906,1,TLS-01307,electric,5.78,0.0,False,0,,,,,2020,0.0,0.0,0
transmission_span,30.106476978795218,-81.63710173765692,30.11401989564469,-81.68042554073399,4.244,1949,70,concrete,0.95,39.8,3,0.3,4.63,0.233,0.787,0.147,0.281,0.0906,8,TLS-01308,electric,2.8,0.0,False,0,,,,,2018,0.0,0.0,0
transmission_span,32.87296098790559,-84.89610760918576,32.86984621328641,-84.89687614447207,0.353,1997,70,steel_monopole,0.7,87.1,3,89.54,309.21,0.897,0.708,1.0,0.424,0.0938,4,TLS-01309,electric,1.38,0.0,False,0,,,,,2023,0.0,0.0,0
transmission_span,31.651063047076967,-82.84392497439265,31.66908316038827,-82.83330344596777,2.238,1971,70,concrete,0.95,47.7,3,45.62,193.55,0.955,0.82,0.791,0.828,0.0906,10,TLS-01310,electric,4.82,0.0,False,0,,,,,2017,0.0,0.0,0
distribution_feeder,31.020364978318035,-84.13355859431158,31.030413562778644,-84.16659788233811,3.335,1986,45,composite_pole,0.85,47.1,3,29.06,109.49,0.394,0.544,0.582,0.431,0.4098,7,DFR-01311,electric,1.47,1.2,False,0,,,,,2022,3588.0,0.0,1
distribution_feeder,32.7018211864257,-81.87505548488524,32.73980259494362,-81.91407105521704,5.573,1980,45,underground,0.25,66.5,2,73.3,297.68,0.655,0.518,1.0,0.639,0.628,5,DFR-01312,electric,3.58,0.0,False,0,,,,,2024,11496.0,0.0,0
distribution_feeder,31.4576786193696,-85.1290656445052,31.466737017706016,-85.11021135034937,2.049,1994,45,concrete_pole,0.9,61.6,2,38.33,153.17,0.684,0.594,0.651,0.39,0.1828,0,DFR-01313,electric,5.26,0.0,False,0,,,,,2022,1636.0,0.0,0
distribution_feeder,30.72371696122012,-84.45927950650282,30.725656447169072,-84.44337909777799,1.532,1996,45,underground,0.25,78.5,2,20.55,72.52,0.28,0.428,0.466,0.254,0.4663,7,DFR-01314,electric,1.87,0.0,False,0,,,,,2018,4191.0,0.0,2
distribution_feeder,32.84547449725734,-84.53693498187161,32.85233111046062,-84.54304037779944,0.95,1968,45,concrete_pole,0.9,17.4,3,83.34,307.37,0.829,0.741,1.0,0.491,0.1625,4,DFR-01315,electric,2.15,0.0,False,0,,,,,2024,2521.0,0.0,1
distribution_feeder,32.35548902922336,-81.5,32.370945961784784,-81.49563948422369,1.764,1993,45,concrete_pole,0.9,31.2,3,54.86,251.48,0.653,0.645,1.0,0.71,0.3317,5,DFR-01316,electric,0.84,0.0,False,0,,,,,2022,4070.0,0.0,1
distribution_feeder,31.104673283989076,-84.10654673279167,31.092792644252782,-84.13615154806315,3.107,1978,45,wood_pole,1.4,7.8,2,30.44,119.25,0.604,0.461,0.509,0.456,0.2148,7,DFR-01317,electric,0.27,0.0,False,0,,,,,2023,1805.0,0.0,0
distribution_feeder,30.866435306590606,-84.34285564347975,30.84035478514844,-84.36722522443416,3.711,1967,45,wood_pole,1.4,2.0,2,23.27,89.61,0.229,0.473,0.479,0.43,0.9249,7,DFR-01318,electric,0.49,0.0,False,0,,,,,2024,10132.0,0.0,3
distribution_feeder,32.50216496113873,-84.35603737127217,32.49600360968369,-84.36439902736969,1.039,1991,45,wood_pole,1.4,28.9,3,76.73,271.02,0.684,0.594,1.0,0.517,0.4959,4,DFR-01319,electric,1.77,0.0,False,0,,,,,2020,4405.0,0.0,0
distribution_feeder,32.02130870100429,-84.53118037099827,32.020207396470134,-84.54375221680488,1.189,1997,45,composite_pole,0.85,46.3,3,57.54,215.93,0.855,0.719,0.866,0.357,0.2701,4,DFR-01320,electric,3.5,0.0,False,0,,,,,2024,3196.0,0.0,0
distribution_feeder,32.16550228272656,-81.52325373117174,32.15432719269096,-81.49152973615587,3.229,1992,45,wood_pole,1.4,36.9,3,52.41,230.86,0.717,0.61,0.9,0.798,0.243,3,DFR-01321,electric,2.98,0.0,False,0,,,,,2024,4172.0,0.0,1
distribution_feeder,31.003458745650043,-84.61057164060064,31.000685795407108,-84.6004958708463,1.007,1977,45,wood_pole,1.4,10.5,3,25.37,102.39,0.491,0.662,0.451,0.379,0.4903,7,DFR-01322,electric,2.68,2.2,False,0,,,,,2019,6146.0,0.0,1
distribution_feeder,32.818635928777496,-81.7252453623557,32.82806258861676,-81.70414091365717,2.229,1997,45,underground,0.25,74.4,3,82.36,307.52,0.753,0.82,1.0,0.577,0.3001,5,DFR-01323,electric,3.17,1.29,False,0,,,,,2025,2048.0,0.0,0
distribution_feeder,32.231075478343655,-84.27096120191044,32.2460941481762,-84.27972722996812,1.859,1988,45,wood_pole,1.4,27.7,2,65.16,241.97,0.797,0.593,0.873,0.423,0.1463,4,DFR-01324,electric,4.4,0.0,False,0,,,,,2024,1261.0,0.0,0
distribution_feeder,32.755759275765605,-84.53531269275908,32.75806551379592,-84.55248735622295,1.624,2006,45,wood_pole,1.4,69.8,3,78.12,297.42,0.798,0.611,0.963,0.448,0.2967,4,DFR-01325,electric,4.21,0.0,False,0,,,,,2023,4187.0,0.0,0
distribution_feeder,32.178101717573604,-81.5,32.14961973524119,-81.46361142665282,4.656,2006,45,wood_pole,1.4,42.3,2,53.31,231.79,0.834,0.642,0.891,0.733,0.2236,3,DFR-01326,electric,4.39,0.0,False,0,,,,,2023,4473.0,0.0,0
distribution_feeder,31.692229392756115,-85.04727486880573,31.66740680920722,-85.04525886520578,2.762,1979,45,wood_pole,1.4,24.6,3,45.7,178.67,0.819,0.673,0.751,0.461,0.1609,0,DFR-01327,electric,3.22,0.0,False,0,,,,,2023,1851.0,0.0,0
distribution_feeder,32.186094323431504,-81.69611370604876,32.17345897557656,-81.68904896252783,1.552,1962,45,wood_pole,1.4,2.0,2,58.28,236.7,0.614,0.561,1.0,0.862,0.5557,3,DFR-01328,electric,1.86,0.0,False,0,,,,,2025,8649.0,0.0,1
distribution_feeder,31.444585380471928,-85.56291534537357,31.447704861697158,-85.50114590353091,5.86,2000,45,wood_pole,1.4,57.0,1,35.81,157.28,0.64,0.72,0.551,0.381,0.291,0,DFR-01329,electric,1.4,0.0,False,0,,,,,2021,3798.0,0.0,0
distribution_feeder,32.825555481297584,-84.60656564387546,32.80505046407696,-84.60811463439255,2.281,1993,45,wood_pole,1.4,39.8,3,88.98,304.67,0.812,0.454,1.0,0.551,0.1676,4,DFR-01330,electric,1.7,0.0,False,0,,,,,2025,2574.0,0.0,0
distribution_feeder,32.390477569371804,-81.87173837421739,32.40005748646739,-81.86560865470155,1.209,1980,45,wood_pole,1.4,21.0,3,61.61,263.05,0.555,0.455,1.0,0.79,0.7233,5,DFR-01331,electric,2.2,0.0,False,0,,,,,2024,14324.0,0.0,2
distribution_feeder,32.778058005288216,-81.79628976962414,32.771197345414585,-81.79802021341027,0.778,1989,45,wood_pole,1.4,47.5,3,80.34,304.51,0.528,0.705,1.0,0.7,0.4719,5,DFR-01332,electric,0.99,1.86,False,0,,,,,2023,8397.0,0.0,0
distribution_feeder,32.57691954729258,-81.6572063675867,32.56057086959037,-81.63694616169913,2.624,2018,45,concrete_pole,0.9,77.2,1,69.51,279.27,0.676,0.557,1.0,0.627,0.402,5,DFR-01333,electric,2.82,0.0,False,0,,,,,2024,4814.0,0.0,1
distribution_feeder,32.15837564451649,-84.85035136150945,32.16262829404593,-84.86000546407244,1.023,2001,45,wood_pole,1.4,62.8,3,61.82,229.86,0.834,0.707,0.81,0.381,0.0918,4,DFR-01334,electric,1.75,0.0,False,0,,,,,2025,693.0,0.0,0
distribution_feeder,31.669151780301657,-82.04126214940547,31.676237131107126,-82.05583970553342,1.586,1990,45,underground,0.25,79.4,3,39.2,186.38,0.913,0.601,0.747,0.932,0.082,3,DFR-01335,electric,2.96,0.0,False,0,,,,,2025,1543.0,0.0,1
distribution_feeder,32.24479836318352,-84.49752681378182,32.25898210020472,-84.5310506961144,3.519,1986,45,wood_pole,1.4,47.8,3,64.23,241.02,0.645,0.569,0.879,0.381,0.2639,4,DFR-01336,electric,1.1,0.0,False,0,,,,,2018,2105.0,0.0,1
distribution_feeder,31.549259343512635,-85.15091870951845,31.549709129239037,-85.13968833077405,1.063,2025,45,wood_pole,1.4,87.5,3,40.59,163.51,0.642,0.744,0.735,0.438,0.2403,0,DFR-01337,electric,1.09,0.0,False,0,,,,,2021,3927.0,0.0,0
distribution_feeder,30.77430086776124,-84.10472483316087,30.767928140206845,-84.10300229670929,0.726,1975,45,wood_pole,1.4,13.6,3,24.93,82.6,0.483,0.499,0.306,0.406,0.5764,7,DFR-01338,electric,0.56,0.0,False,0,,,,,2025,7465.0,0.0,0
distribution_feeder,32.12782623451038,-81.5549650399138,32.14322930552332,-81.53495742218719,2.542,1993,45,concrete_pole,0.9,57.2,1,47.87,227.31,0.887,0.674,0.854,0.77,0.2372,3,DFR-01339,electric,0.58,0.0,False,0,,,,,2022,2733.0,0.0,0
distribution_feeder,30.92666235296095,-84.06999282831018,30.977050541513773,-84.0739766959749,5.606,1996,45,composite_pole,0.85,42.3,3,25.52,100.04,0.542,0.655,0.545,0.374,0.4363,7,DFR-01340,electric,1.11,0.0,False,0,,,,,2023,3235.0,0.0,2
distribution_feeder,32.260874625557115,-84.33628410212967,32.24534303670251,-84.30703469233126,3.242,1987,45,concrete_pole,0.9,54.6,3,64.2,244.47,0.799,0.6,0.907,0.476,0.2032,4,DFR-01341,electric,3.97,0.0,False,0,,,,,2025,2330.0,0.0,0
distribution_feeder,32.78535681868848,-82.0811501995283,32.800208565980746,-82.05067481173778,3.287,1974,45,wood_pole,1.4,5.8,3,82.13,311.04,0.565,0.426,1.0,0.764,0.4596,5,DFR-01342,electric,1.26,0.0,False,0,,,,,2023,7942.0,0.0,0
distribution_feeder,32.314446658451615,-84.51135408985783,32.318461533485554,-84.4889377533528,2.15,1989,45,wood_pole,1.4,37.1,3,65.42,248.63,0.68,0.809,0.918,0.504,0.3749,4,DFR-01343,electric,3.48,0.0,False,0,,,,,2025,5595.0,0.0,0
distribution_feeder,32.073385025955844,-84.48771364853756,32.092339407432526,-84.48950884426687,2.111,2023,45,wood_pole,1.4,95.2,3,55.91,222.08,0.748,0.603,0.894,0.46,0.2551,4,DFR-01344,electric,1.84,0.0,False,0,,,,,2023,3732.0,0.0,1
distribution_feeder,32.98235833637803,-82.17853040865782,32.975576514036746,-82.1657968986448,1.404,1999,45,wood_pole,1.4,54.5,3,94.28,334.66,0.832,0.781,1.0,0.584,0.148,5,DFR-01345,electric,2.54,0.0,False,0,,,,,2025,2771.0,0.0,0
distribution_feeder,32.208760760695085,-81.95280318370189,32.23392741311388,-81.9536010746284,2.795,2005,45,wood_pole,1.4,59.3,3,57.2,244.54,0.653,0.634,0.897,0.932,0.3372,3,DFR-01346,electric,0.64,0.0,False,0,,,,,2023,3776.0,0.0,0
distribution_feeder,31.082656546922628,-84.7941444523709,31.09636830322218,-84.79108736126828,1.55,1960,45,composite_pole,0.85,22.5,3,22.06,110.49,0.611,0.661,0.561,0.321,0.345,7,DFR-01347,electric,2.61,0.0,False,0,,,,,2022,3945.0,0.0,1
distribution_feeder,30.719353023161553,-84.17749106978474,30.719774759854506,-84.16780416862974,0.926,1980,45,wood_pole,1.4,26.6,2,19.51,75.44,0.234,0.641,0.566,0.453,0.673,7,DFR-01348,electric,4.53,0.0,False,0,,,,,2022,10496.0,0.0,0
distribution_feeder,31.44917054693103,-85.22887200609364,31.443367838426756,-85.23837775066364,1.107,1997,45,wood_pole,1.4,40.1,3,34.84,153.12,0.619,0.581,0.621,0.477,0.2418,0,DFR-01349,electric,7.11,0.0,False,0,,,,,2020,1632.0,0.0,0
distribution_feeder,30.762992975149867,-84.63290394684206,30.802361200769624,-84.64406931060182,4.498,1980,45,wood_pole,1.4,30.3,3,19.88,75.57,0.375,0.587,0.369,0.374,0.2368,7,DFR-01350,electric,0.91,1.39,False,0,,,,,2026,2568.0,0.0,0
distribution_feeder,31.275717805830322,-85.61369977221287,31.26922290432717,-85.61100921744904,0.765,1965,45,wood_pole,1.4,2.0,3,33.98,139.43,0.547,0.6,0.503,0.273,0.3216,0,DFR-01351,electric,1.38,0.0,False,0,,,,,2025,3915.0,0.0,2
distribution_feeder,31.47358236370768,-85.68259046329429,31.479542074353667,-85.69135955995517,1.062,1964,45,composite_pole,0.85,22.0,2,40.55,162.67,0.649,0.656,0.608,0.465,0.1768,0,DFR-01352,electric,4.39,0.0,False,0,,,,,2025,1198.0,0.0,0
distribution_feeder,32.31384832755477,-81.71996177389921,32.31640295447709,-81.73289926933,1.246,1982,45,wood_pole,1.4,36.3,3,61.1,251.38,0.444,0.341,0.94,0.761,0.8905,5,DFR-01353,electric,3.49,0.0,False,0,,,,,2018,9762.0,0.0,1
distribution_feeder,30.84654927135436,-84.6004415847366,30.854286700659436,-84.60427249635806,0.933,1999,45,wood_pole,1.4,44.2,3,19.47,85.03,0.278,0.615,0.423,0.368,0.3709,7,DFR-01354,electric,0.28,0.0,False,0,,,,,2022,5401.0,0.0,0
distribution_feeder,32.247538393757466,-81.73472818139216,32.25083694814351,-81.74931203082772,1.417,2004,45,underground,0.25,73.9,3,55.04,244.33,0.43,0.337,0.931,0.853,0.7663,3,DFR-01355,electric,0.06,0.0,False,0,,,,,2023,14766.0,0.0,0
distribution_feeder,33.0,-81.56878332369088,32.99100083172263,-81.55970683664128,1.308,1992,45,wood_pole,1.4,34.0,3,88.91,324.41,0.871,0.621,1.0,0.479,0.0933,5,DFR-01356,electric,2.8,0.0,False,0,,,,,2019,772.0,0.0,0
distribution_feeder,30.84634185653598,-84.74718991871988,30.838309899360368,-84.75737383893828,1.318,1995,45,wood_pole,1.4,53.6,3,13.21,84.35,0.585,0.623,0.321,0.306,0.2635,7,DFR-01357,electric,0.78,0.0,False,0,,,,,2023,4001.0,0.0,1
distribution_feeder,30.912478811325826,-84.51941537189153,30.921829329985503,-84.53715417620442,1.983,1985,45,wood_pole,1.4,29.9,3,22.46,92.94,0.275,0.524,0.449,0.412,0.5169,7,DFR-01358,electric,2.72,0.0,False,0,,,,,2019,6533.0,0.0,2
distribution_feeder,31.07545428341319,-84.81548117614038,31.070868480528812,-84.81202794406525,0.606,1995,45,wood_pole,1.4,44.2,3,25.57,109.66,0.53,0.625,0.574,0.458,0.3191,7,DFR-01359,electric,3.71,0.0,False,0,,,,,2020,5708.0,0.0,0
distribution_feeder,31.043882351367326,-84.8311527025705,31.066199422979587,-84.83028233278763,2.479,1998,45,wood_pole,1.4,62.6,1,19.15,106.15,0.41,0.489,0.528,0.318,0.3048,7,DFR-01360,electric,4.15,0.0,False,0,,,,,2023,2429.0,0.0,2
distribution_feeder,31.730689602640684,-85.01971986059739,31.728555733934147,-85.01428722104825,0.565,2007,45,wood_pole,1.4,65.4,3,44.28,182.8,0.812,0.742,0.743,0.445,0.1361,0,DFR-01361,electric,1.68,0.0,False,0,,,,,2022,2525.0,0.0,0
distribution_feeder,31.67803985791489,-85.43300607931069,31.67811488493727,-85.45575086589601,2.149,1972,45,underground,0.25,53.6,3,48.15,181.1,0.726,0.611,0.688,0.515,0.242,0,DFR-01362,electric,3.42,2.19,False,0,,,,,2020,4349.0,0.0,0
distribution_feeder,30.95868007703766,-84.58633239413348,30.965546366100337,-84.54762229103171,3.763,1985,45,wood_pole,1.4,31.1,3,22.34,97.57,0.396,0.522,0.482,0.433,0.4828,7,DFR-01363,electric,1.08,0.0,False,0,,,,,2021,6953.0,0.0,0
distribution_feeder,30.762580833841415,-84.40576549715426,30.76859007125515,-84.42559637557086,2.006,1991,45,wood_pole,1.4,63.6,3,18.35,77.38,0.198,0.336,0.48,0.313,0.685,7,DFR-01364,electric,3.03,1.76,False,0,,,,,2023,11204.0,0.0,0
distribution_feeder,31.77516055915643,-85.09897874541414,31.781982776014537,-85.07969099301381,1.971,1988,45,wood_pole,1.4,46.6,3,50.53,188.19,0.846,0.512,0.778,0.485,0.1649,0,DFR-01365,electric,2.01,0.0,False,0,,,,,2022,1648.0,0.0,1
distribution_feeder,31.94870969336145,-85.03410675860204,31.960221763775404,-85.01042329615898,2.571,2002,45,wood_pole,1.4,46.7,2,54.1,207.07,0.87,0.515,0.834,0.33,0.0927,0,DFR-01366,electric,3.46,0.0,False,0,,,,,2025,1226.0,0.0,0
distribution_feeder,32.272108067245,-81.5,32.23459387203938,-81.51637340275428,4.439,1985,45,wood_pole,1.4,33.2,3,53.9,242.23,0.621,0.588,0.983,0.745,0.3048,5,DFR-01367,electric,2.61,0.0,False,0,,,,,2025,5861.0,0.0,1
distribution_feeder,30.99346506540675,-85.0692151244747,30.985656245625858,-85.07663007367967,1.118,1991,45,wood_pole,1.4,27.5,3,20.42,101.23,0.645,0.652,0.502,0.242,0.0987,0,DFR-01368,electric,3.75,0.0,False,0,,,,,2024,822.0,0.0,0
distribution_feeder,32.97538982902428,-82.0799607233815,32.98222374782626,-82.03419905880999,4.328,1983,45,wood_pole,1.4,54.3,3,92.03,332.11,0.837,0.682,1.0,0.671,0.2269,5,DFR-01369,electric,6.05,0.0,False,0,,,,,2026,2755.0,0.0,0
distribution_feeder,30.434234884207147,-83.90637338049926,30.426910391594372,-83.90574952200244,0.815,2013,45,wood_pole,1.4,72.2,3,13.27,47.95,0.289,0.769,0.313,0.426,0.0849,7,DFR-01370,electric,2.16,0.0,False,0,,,,,2020,1552.0,0.0,0
distribution_feeder,32.795478510685314,-84.44485187555821,32.78639729557814,-84.47006108972508,2.559,1995,45,underground,0.25,94.3,3,81.89,302.63,0.835,0.631,1.0,0.449,0.2194,4,DFR-01371,electric,1.46,0.0,False,0,,,,,2023,1769.0,0.0,1
distribution_feeder,31.50213161703333,-85.12760368904117,31.50453893337404,-85.11638922667777,1.094,1986,45,wood_pole,1.4,29.8,3,35.58,158.09,0.656,0.702,0.637,0.425,0.203,0,DFR-01372,electric,3.69,0.54,False,0,,,,,2019,2044.0,0.0,1
distribution_feeder,32.66581180664809,-81.96585852361214,32.63522818873095,-81.95921552013925,3.451,2019,45,composite_pole,0.85,94.9,3,77.76,295.53,0.457,0.429,1.0,0.682,0.6108,5,DFR-01373,electric,2.6,0.0,False,0,,,,,2022,6411.0,0.0,1
distribution_feeder,32.87734543300789,-81.98610231630775,32.86411824703699,-81.97888534036225,1.615,2000,45,wood_pole,1.4,56.5,3,84.5,319.42,0.704,0.561,1.0,0.664,0.4798,5,DFR-01374,electric,4.26,0.0,False,0,,,,,2023,6271.0,0.0,0
distribution_feeder,31.81801710642203,-84.62021267634526,31.805566217398706,-84.62202463809238,1.393,1973,45,wood_pole,1.4,24.6,2,49.05,192.75,0.786,0.534,0.854,0.482,0.1844,4,DFR-01375,electric,1.66,0.0,False,0,,,,,2022,1343.0,0.0,0
distribution_feeder,32.81774257535624,-81.6278621036587,32.812159844088235,-81.6197516227719,0.978,2002,45,wood_pole,1.4,55.5,3,77.26,305.39,0.833,0.54,0.996,0.497,0.1664,5,DFR-01376,electric,2.07,1.06,False,0,,,,,2022,3193.0,0.0,1
distribution_feeder,32.51114248251825,-82.1057765164405,32.52915695825745,-82.06856550988951,4.016,1979,45,wood_pole,1.4,17.8,3,68.93,281.06,0.801,0.69,0.986,0.854,0.231,5,DFR-01377,electric,2.68,0.0,False,0,,,,,2022,4608.0,0.0,1
distribution_feeder,32.35684177378554,-82.15239819113482,32.36277181708765,-82.14045320077338,1.299,1997,45,wood_pole,1.4,47.7,3,61.74,264.77,0.842,0.525,0.95,1.0,0.128,3,DFR-01378,electric,0.97,0.93,False,0,,,,,2021,1814.0,0.0,0
distribution_feeder,30.693217103700835,-84.38083604980531,30.69672247347059,-84.36477582703836,1.582,1991,45,concrete_pole,0.9,51.9,2,16.63,69.95,0.231,0.628,0.4,0.384,0.5758,7,DFR-01379,electric,1.15,0.0,False,0,,,,,2023,5258.0,0.0,0
distribution_feeder,31.40840805834977,-85.88376755724818,31.409380674013356,-85.8623702601507,2.03,1982,45,underground,0.25,74.1,3,44.21,159.46,0.763,0.6,0.626,0.233,0.0964,0,DFR-01380,electric,0.54,0.0,False,0,,,,,2026,1906.0,0.0,1
distribution_feeder,31.96429279173498,-84.60673711896516,31.98057866324166,-84.60160900941418,1.871,1988,45,wood_pole,1.4,51.6,3,55.41,209.06,0.797,0.667,0.774,0.391,0.2333,4,DFR-01381,electric,1.07,0.0,False,0,,,,,2023,1671.0,0.0,0
distribution_feeder,32.40662725062466,-81.90144629677003,32.42746168950475,-81.88077825226016,3.017,1987,45,underground,0.25,78.9,3,62.94,265.46,0.613,0.603,1.0,0.873,0.6319,5,DFR-01382,electric,1.58,0.54,False,0,,,,,2025,4565.0,0.0,0
distribution_feeder,32.274198879342734,-81.85991789735556,32.28624650040263,-81.82363633604572,3.658,2000,45,wood_pole,1.4,54.5,3,57.69,249.9,0.481,0.526,0.93,0.834,0.6776,3,DFR-01383,electric,0.57,0.0,False,0,,,,,2022,12301.0,0.0,1
distribution_feeder,32.32422188941659,-82.01208410317645,32.31206404816165,-82.0316141288566,2.275,1989,45,wood_pole,1.4,54.4,3,61.87,258.53,0.744,0.582,1.0,0.909,0.3099,3,DFR-01384,electric,3.81,0.0,False,0,,,,,2022,5395.0,0.0,0
distribution_feeder,32.12370369945762,-81.81116676644999,32.14823106405935,-81.81879116351226,2.815,2014,45,wood_pole,1.4,66.7,3,52.48,232.18,0.718,0.64,0.82,0.857,0.3712,3,DFR-01385,electric,1.22,0.0,False,0,,,,,2024,2895.0,0.0,1
distribution_feeder,31.893706341322417,-84.99047152646915,31.88650869043844,-85.00112480843586,1.283,1961,45,concrete_pole,0.9,18.3,2,51.05,200.76,1.0,0.609,0.693,0.51,0.0952,0,DFR-01386,electric,0.97,0.0,False,0,,,,,2024,1126.0,0.0,0
distribution_feeder,31.06420303565174,-84.228930528381,31.053666231872626,-84.23125010886186,1.19,1995,45,wood_pole,1.4,45.6,3,33.8,113.0,0.55,0.627,0.476,0.561,0.4116,7,DFR-01387,electric,2.51,0.0,False,0,,,,,2025,2780.0,0.0,0
distribution_feeder,31.796968261919915,-85.10360857869789,31.77210723980465,-85.13485860985307,4.038,2008,45,composite_pole,0.85,74.2,3,43.2,190.65,0.769,0.658,0.833,0.44,0.157,0,DFR-01388,electric,0.97,0.0,False,0,,,,,2025,2977.0,0.0,0
distribution_feeder,32.150771274481635,-84.26477828384421,32.154827661738416,-84.23372112023488,2.953,2006,45,wood_pole,1.4,48.2,3,64.79,233.14,0.903,0.56,0.835,0.453,0.1411,4,DFR-01389,electric,0.95,0.95,False,0,,,,,2024,2093.0,0.0,0
distribution_feeder,32.67207057882972,-81.69488914896063,32.688929747241616,-81.68561873799426,2.062,1987,45,wood_pole,1.4,38.4,3,72.79,290.62,0.703,0.761,1.0,0.677,0.3362,5,DFR-01390,electric,2.4,0.0,False,0,,,,,2020,6668.0,0.0,0
distribution_feeder,33.0,-82.33084143474719,32.998925699211284,-82.33933361096851,0.8,1992,45,wood_pole,1.4,50.5,3,97.09,339.05,0.719,0.605,1.0,0.738,0.0907,5,DFR-01391,electric,0.7,0.0,False,0,,,,,2023,1275.0,0.0,0
distribution_feeder,30.916033171144857,-84.02314653540415,30.869986497218104,-83.98190975482808,6.446,2003,45,wood_pole,1.4,74.2,3,25.7,99.58,0.476,0.698,0.477,0.505,0.3252,7,DFR-01392,electric,1.07,0.0,False,0,,,,,2017,3635.0,0.0,0
distribution_feeder,31.192730681044313,-84.72332714403296,31.152164419445047,-84.70090017306909,4.981,1988,45,wood_pole,1.4,39.0,3,27.57,122.87,0.617,0.585,0.565,0.421,0.298,7,DFR-01393,electric,2.74,2.16,False,0,,,,,2023,5340.0,0.0,1
distribution_feeder,32.402869325930865,-81.75687533583177,32.39384234423865,-81.74276878999784,1.659,2002,45,wood_pole,1.4,53.6,2,65.68,262.03,0.395,0.33,0.962,0.744,0.8967,5,DFR-01394,electric,2.07,0.0,False,0,,,,,2023,15798.0,0.0,1
distribution_feeder,30.58931839117065,-84.50947676623649,30.592140419403417,-84.52501533280572,1.517,1971,45,wood_pole,1.4,6.4,3,7.82,57.16,0.299,0.644,0.253,0.272,0.179,7,DFR-01395,electric,4.38,0.0,False,0,,,,,2023,3146.0,0.0,0
distribution_feeder,31.689572019899316,-85.35175599423795,31.68537870971008,-85.35620011422348,0.627,2008,45,wood_pole,1.4,72.6,3,45.86,181.24,0.816,0.471,0.836,0.528,0.2881,0,DFR-01396,electric,3.19,0.0,False,0,,,,,2025,2919.0,0.0,0
distribution_feeder,32.46277488374479,-82.05294719307176,32.477809941091536,-82.08178636662836,3.175,1966,45,wood_pole,1.4,3.0,3,70.9,274.7,0.687,0.783,1.0,0.915,0.2751,5,DFR-01397,electric,3.38,0.0,False,0,,,,,2022,5492.0,0.0,0
distribution_feeder,32.54119391442451,-81.66870878242402,32.54209236222698,-81.65949414975361,0.868,1985,45,underground,0.25,57.2,3,67.77,275.54,0.601,0.453,1.0,0.684,0.4944,5,DFR-01398,electric,2.96,0.0,False,0,,,,,2011,5793.0,0.0,1
distribution_feeder,32.878333383721916,-81.50622906188757,32.81493446259449,-81.50648662480764,7.037,1958,45,wood_pole,1.4,2.0,3,81.73,309.64,0.862,0.734,1.0,0.559,0.0933,5,DFR-01399,electric,3.03,0.0,False,0,,,,,2025,677.0,0.0,0
distribution_feeder,32.2709794829343,-84.10257758986951,32.26807469942653,-84.11638019485788,1.335,1979,45,underground,0.25,94.0,3,69.28,248.76,1.0,0.722,0.908,0.518,0.0922,4,DFR-01400,electric,2.37,0.0,False,0,,,,,2025,1608.0,0.0,0
distribution_feeder,31.62363721741865,-85.6581622844326,31.60592626683829,-85.68579008086515,3.269,1996,45,wood_pole,1.4,46.6,3,46.73,178.87,0.829,0.82,0.759,0.483,0.1216,0,DFR-01401,electric,6.49,0.0,False,0,,,,,2025,1141.0,0.0,0
distribution_feeder,32.515263476960314,-81.71736419979672,32.51819524241654,-81.6706408904496,4.385,1961,45,wood_pole,1.4,2.0,3,68.38,273.68,0.533,0.549,1.0,0.736,0.629,5,DFR-01402,electric,3.61,0.0,False,0,,,,,2024,6317.0,0.0,1
distribution_feeder,31.94827113730225,-84.24202604425534,31.947206752099703,-84.23311894902261,0.847,2007,45,wood_pole,1.4,81.5,2,57.63,210.96,0.851,0.578,0.889,0.382,0.1674,4,DFR-01403,electric,3.62,0.0,False,0,,,,,2025,1470.0,0.0,1
distribution_feeder,30.793263321204794,-84.10409478770232,30.794557970727826,-84.09627389970944,0.759,1981,45,composite_pole,0.85,57.4,2,23.22,84.72,0.236,0.552,0.321,0.408,0.594,7,DFR-01404,electric,3.66,0.0,False,0,,,,,2024,7771.0,0.0,1
distribution_feeder,32.89623006958068,-81.99814992612782,32.89448865315444,-81.95527569057485,4.001,1979,45,wood_pole,1.4,12.0,3,85.41,321.75,0.533,0.441,1.0,0.619,0.4331,5,DFR-01405,electric,0.91,0.0,False,0,,,,,2025,7958.0,0.0,0
distribution_feeder,32.42503862528743,-81.98447436353389,32.4119427434398,-81.95485753704946,3.133,2006,45,wood_pole,1.4,62.3,2,65.87,269.18,0.675,0.558,1.0,0.848,0.4018,5,DFR-01406,electric,2.65,0.0,False,0,,,,,2022,5462.0,0.0,0
distribution_feeder,32.50154243562122,-81.75976657700966,32.491151870104545,-81.70396286954062,5.35,2005,45,wood_pole,1.4,66.4,2,62.79,273.05,0.552,0.366,1.0,0.731,0.6968,5,DFR-01407,electric,1.19,0.0,False,0,,,,,2020,9581.0,0.0,0
distribution_feeder,32.18963689924389,-81.5,32.20733629653801,-81.53470286563817,3.806,1999,45,underground,0.25,73.8,3,50.54,233.07,0.741,0.94,0.907,0.729,0.2345,5,DFR-01408,electric,5.02,0.0,False,0,,,,,2025,2377.0,0.0,0
distribution_feeder,31.648515718367616,-85.18181069374862,31.689364447052757,-85.16678883840608,4.751,1988,45,wood_pole,1.4,25.8,3,45.06,174.8,0.973,0.689,0.664,0.481,0.276,0,DFR-01409,electric,0.21,0.0,False,0,,,,,2026,3525.0,0.0,0
distribution_feeder,32.323990889929775,-81.72802197744288,32.32079103232105,-81.69337859119187,3.269,2006,45,wood_pole,1.4,73.8,3,59.39,252.67,0.355,0.27,1.0,0.693,0.9077,5,DFR-01410,electric,3.56,0.0,False,0,,,,,2023,12060.0,0.0,2
distribution_feeder,30.655240686908886,-84.08856015767097,30.608750130851206,-84.11348987919791,5.683,1979,45,composite_pole,0.85,50.7,3,17.5,69.63,0.337,0.613,0.437,0.335,0.3336,7,DFR-01411,electric,2.3,0.0,False,0,,,,,2023,4513.0,0.0,0
distribution_feeder,31.28214710918605,-85.3358195211629,31.240809922814726,-85.3221249174194,4.769,2018,45,wood_pole,1.4,92.4,1,30.77,135.81,0.591,0.663,0.591,0.358,0.2749,0,DFR-01412,electric,2.45,2.19,False,0,,,,,2025,4210.0,0.0,0
distribution_feeder,31.12441149057178,-84.57778036241452,31.130806705880122,-84.55693299435234,2.104,1986,45,wood_pole,1.4,36.5,3,26.91,116.03,0.542,0.61,0.528,0.468,0.3869,7,DFR-01413,electric,2.22,0.0,False,0,,,,,2020,7308.0,0.0,0
distribution_feeder,32.17776051359925,-84.42546106672022,32.185586402392346,-84.43578490741803,1.302,2006,45,wood_pole,1.4,51.4,3,58.87,234.26,0.753,0.65,0.958,0.562,0.2139,4,DFR-01414,electric,2.06,0.0,False,0,,,,,2023,2509.0,0.0,0
distribution_feeder,31.97500766047762,-84.21650093606313,31.979277705019417,-84.19734812948852,1.865,1998,45,concrete_pole,0.9,68.6,3,55.24,214.27,0.762,0.654,0.868,0.566,0.1485,4,DFR-01415,electric,2.41,0.0,False,0,,,,,2024,2136.0,0.0,0
distribution_feeder,30.992065287767534,-85.47865197819745,30.98208508251976,-85.47033242504114,1.362,2007,45,wood_pole,1.4,59.8,3,25.14,105.66,0.588,0.553,0.501,0.143,0.1306,0,DFR-01416,electric,0.64,0.0,False,0,,,,,2024,2200.0,0.0,0
distribution_feeder,32.43388589144365,-84.58472593814223,32.441830413787486,-84.60614482451908,2.192,2022,45,wood_pole,1.4,100.0,3,69.48,261.33,0.468,0.569,0.892,0.3,0.571,4,DFR-01417,electric,0.72,0.0,False,0,,,,,2025,6438.0,0.0,0
distribution_feeder,30.604976578727136,-84.41575589054172,30.57549793237391,-84.44974705182337,4.61,1984,45,composite_pole,0.85,43.1,3,12.8,59.78,0.338,0.663,0.388,0.324,0.2994,7,DFR-01418,electric,3.43,0.0,False,0,,,,,2024,5431.0,0.0,0
distribution_feeder,32.47521860882815,-81.87805624110095,32.49796561558852,-81.85300601583197,3.446,2000,45,wood_pole,1.4,55.2,3,64.17,272.59,0.545,0.539,1.0,0.773,0.64,5,DFR-01419,electric,2.25,0.0,False,0,,,,,2023,5766.0,0.0,1
distribution_feeder,32.69767916412651,-82.03589235334518,32.707764892361155,-82.01000163130983,2.665,2005,45,wood_pole,1.4,65.4,1,76.26,300.45,0.68,0.516,1.0,0.666,0.5441,5,DFR-01420,electric,2.27,0.0,False,0,,,,,2021,8085.0,0.0,1
distribution_feeder,32.06085735620315,-81.5,32.06507272360921,-81.53038263271095,2.896,1972,45,wood_pole,1.4,17.0,3,47.13,218.78,0.738,0.722,0.894,0.771,0.1317,3,DFR-01421,electric,2.7,0.0,False,0,,,,,2020,2145.0,0.0,0
distribution_feeder,32.64598438938403,-84.9853361818666,32.65746069921949,-84.98577047772476,1.275,1996,45,wood_pole,1.4,61.7,3,79.27,284.25,0.855,0.768,1.0,0.326,0.0872,4,DFR-01422,electric,3.62,0.0,False,0,,,,,2021,1106.0,0.0,0
distribution_feeder,32.332716683640655,-81.74167903619062,32.36412848001962,-81.72200002367696,3.945,1972,45,wood_pole,1.4,28.0,3,54.46,253.93,0.33,0.276,0.883,0.808,0.9213,5,DFR-01423,electric,2.78,0.0,False,0,,,,,2018,17440.0,0.0,3
distribution_feeder,30.84308764713634,-84.45457131572586,30.85474794349205,-84.43576050178609,2.211,1987,45,wood_pole,1.4,7.8,3,21.3,85.82,0.261,0.87,0.39,0.345,0.6359,7,DFR-01424,electric,1.87,0.0,False,0,,,,,2024,7735.0,0.0,2
distribution_feeder,31.832786324559137,-84.25514619862477,31.82515382017115,-84.23005483803182,2.513,1982,45,wood_pole,1.4,18.9,2,51.41,197.97,0.951,0.83,0.724,0.506,0.1566,4,DFR-01425,electric,3.11,0.91,False,0,,,,,2023,1137.0,0.0,0
distribution_feeder,30.95083742991935,-84.34102937330422,30.950722357112753,-84.3515229840079,0.999,1974,45,wood_pole,1.4,2.0,3,22.19,99.0,0.34,0.361,0.503,0.397,0.7691,7,DFR-01426,electric,1.19,0.0,False,0,,,,,2023,12519.0,0.0,0
distribution_feeder,31.767869559561838,-85.70943264011963,31.80302435887726,-85.73292146753897,4.488,2022,45,wood_pole,1.4,100.0,2,48.35,195.85,0.856,0.781,0.821,0.471,0.0893,0,DFR-01427,electric,1.72,0.0,False,0,,,,,2025,983.0,0.0,0
distribution_feeder,31.0687359949876,-85.45417918152248,31.058939866835463,-85.45599768462394,1.101,1990,45,wood_pole,1.4,47.4,2,23.18,113.79,0.514,0.636,0.368,0.294,0.1864,0,DFR-01428,electric,2.69,0.0,False,0,,,,,2021,3424.0,0.0,0
distribution_feeder,31.955385765274627,-85.49975824833992,31.95434125521043,-85.51869101535232,1.787,2012,45,underground,0.25,78.4,3,59.72,212.92,0.697,0.669,0.838,0.503,0.0964,0,DFR-01429,electric,2.0,0.0,False,0,,,,,2020,1726.0,0.0,0
distribution_feeder,31.636789541770277,-85.49066030187456,31.628083664461446,-85.49472294607148,1.04,1983,45,wood_pole,1.4,42.1,3,41.95,177.41,0.675,0.667,0.722,0.576,0.2138,0,DFR-01430,electric,2.5,0.0,False,0,,,,,2022,2956.0,0.0,0
distribution_feeder,30.68338390181513,-84.26749333939726,30.704441833712703,-84.25527563604689,2.612,1999,45,wood_pole,1.4,43.1,2,15.28,70.22,0.319,0.524,0.292,0.339,0.6634,7,DFR-01431,electric,2.12,0.0,False,0,,,,,2023,7696.0,0.0,0
distribution_feeder,31.04075174417236,-85.77074834023563,31.042187602604635,-85.75633263708981,1.38,1994,45,wood_pole,1.4,41.3,3,25.32,116.34,0.629,0.621,0.511,0.189,0.103,0,DFR-01432,electric,1.72,0.0,False,0,,,,,2023,1753.0,0.0,0
distribution_feeder,32.293727317755604,-81.7372425591242,32.29013523965149,-81.73964123829099,0.458,1965,45,wood_pole,1.4,10.8,3,57.66,249.51,0.421,0.486,0.863,0.843,0.8725,5,DFR-01433,electric,4.61,0.0,False,0,,,,,2023,6399.0,0.0,0
distribution_feeder,31.539461983053517,-85.38441427269015,31.560046749582614,-85.37515413530853,2.447,1992,45,wood_pole,1.4,41.6,3,41.62,165.02,0.623,0.533,0.757,0.528,0.3086,0,DFR-01434,electric,3.64,0.0,False,0,,,,,2024,3474.0,0.0,0
distribution_feeder,32.3648247311564,-81.68839632513472,32.38020348494868,-81.66816814269097,2.552,1956,45,underground,0.25,59.3,3,61.88,256.38,0.556,0.401,0.963,0.813,0.8648,5,DFR-01435,electric,0.15,0.0,False,0,,,,,2021,14870.0,0.0,1
distribution_feeder,32.1056667962054,-81.84399061783716,32.11840797908109,-81.81072647539209,3.433,1980,45,concrete_pole,0.9,59.7,1,51.69,230.87,0.662,0.647,0.962,0.91,0.3038,3,DFR-01436,electric,0.9,0.0,False,0,,,,,2024,5828.0,0.0,1
distribution_feeder,32.44045390930352,-81.97032049155708,32.43153824176679,-81.9705022865271,0.99,1981,45,wood_pole,1.4,11.8,3,64.39,270.61,0.627,0.511,1.0,0.856,0.4376,5,DFR-01437,electric,3.44,0.0,False,0,,,,,2019,5818.0,0.0,0
distribution_feeder,32.4511801805148,-84.28030616667323,32.47376475258135,-84.2653837185693,2.87,1983,45,wood_pole,1.4,37.8,3,74.78,266.28,0.777,0.541,0.926,0.57,0.3008,4,DFR-01438,electric,2.9,0.0,False,0,,,,,2021,3296.0,0.0,1
distribution_feeder,32.32714589785082,-84.2214305444161,32.33069606687487,-84.18444641225625,3.491,1969,45,wood_pole,1.4,3.3,3,72.35,253.29,0.837,0.496,0.867,0.586,0.1502,4,DFR-01439,electric,2.32,0.0,False,0,,,,,2020,1859.0,0.0,1
distribution_feeder,31.352843490820938,-84.96089188613215,31.340766865495365,-84.95555954366367,1.433,1969,45,wood_pole,1.4,2.0,3,33.82,140.62,0.595,0.601,0.537,0.428,0.1022,0,DFR-01440,electric,1.3,0.0,False,0,,,,,2025,1736.0,0.0,0
distribution_feeder,32.77913406130652,-84.56484086632895,32.77453690761371,-84.56884271142727,0.632,1964,45,wood_pole,1.4,2.0,3,84.02,299.79,0.875,0.591,1.0,0.426,0.2447,4,DFR-01441,electric,2.02,0.0,False,0,,,,,2012,1669.0,0.0,2
distribution_feeder,32.532113879201454,-81.76690280323285,32.53696903980797,-81.77478678306372,0.914,2002,45,composite_pole,0.85,87.2,3,71.06,276.59,0.559,0.447,1.0,0.714,0.6331,5,DFR-01442,electric,1.68,0.0,False,0,,,,,2024,9926.0,0.0,1
distribution_feeder,30.586637997134144,-84.00385626920453,30.603877426422063,-84.02668247671792,2.902,1989,45,composite_pole,0.85,75.5,3,17.45,63.32,0.45,0.663,0.299,0.549,0.1491,7,DFR-01443,electric,4.17,0.0,False,0,,,,,2025,1029.0,0.0,1
distribution_feeder,31.06255910614129,-84.50283235187936,31.056067927093327,-84.47517031031414,2.727,1990,45,wood_pole,1.4,21.9,3,26.53,109.74,0.529,0.692,0.488,0.472,0.4222,7,DFR-01444,electric,1.13,0.0,False,0,,,,,2022,7525.0,0.0,0
distribution_feeder,32.33426504616774,-81.96032363951167,32.35386493560319,-81.93898126844343,2.956,1998,45,wood_pole,1.4,68.0,3,59.02,258.62,0.569,0.581,0.951,0.87,0.4482,3,DFR-01445,electric,0.48,0.0,False,0,,,,,2024,7346.0,0.0,0
distribution_feeder,32.16165151529312,-81.63057710481803,32.16415574279271,-81.6196035070117,1.068,1982,45,wood_pole,1.4,16.0,3,49.82,232.62,0.787,0.42,0.859,0.742,0.404,3,DFR-01446,electric,2.24,0.0,False,0,,,,,2024,3403.0,0.0,0
distribution_feeder,32.68220917105003,-84.47326929911642,32.67177931346067,-84.44729269591751,2.689,1998,45,concrete_pole,0.9,52.3,3,81.8,289.79,0.683,0.558,1.0,0.39,0.4607,4,DFR-01447,electric,0.39,0.0,False,0,,,,,2023,4749.0,0.0,0
distribution_feeder,32.02381905585976,-81.75404653528696,32.03622667410069,-81.74046308595952,1.879,2020,45,wood_pole,1.4,88.6,1,44.6,219.9,0.909,0.626,0.772,0.769,0.1888,3,DFR-01448,electric,1.62,0.0,False,0,,,,,2024,1608.0,0.0,0
distribution_feeder,30.931137806965754,-84.29397225684222,30.95144031587337,-84.28298379720158,2.485,1973,45,wood_pole,1.4,2.0,2,22.68,97.38,0.23,0.491,0.478,0.47,0.8634,7,DFR-01449,electric,0.94,0.0,False,0,,,,,2026,9334.0,0.0,0
distribution_feeder,32.29107268393286,-84.13427123468556,32.313167747992836,-84.09000060865489,4.824,2003,45,wood_pole,1.4,70.2,1,69.33,250.52,0.874,0.811,0.945,0.563,0.1002,4,DFR-01450,electric,3.57,0.0,False,0,,,,,2024,799.0,0.0,0
distribution_feeder,32.03133577315796,-81.7521885554984,32.03618604989763,-81.73727389357269,1.503,1977,45,wood_pole,1.4,24.0,2,47.73,220.7,0.781,0.704,0.802,0.9,0.1994,3,DFR-01451,electric,2.86,0.76,False,0,,,,,2022,2593.0,0.0,0
distribution_feeder,33.0,-84.62771355111408,33.00956579891882,-84.59777814935079,2.982,1995,45,wood_pole,1.4,44.6,3,91.8,323.9,0.731,0.74,1.0,0.426,0.0874,4,DFR-01452,electric,2.31,0.0,False,0,,,,,2020,751.0,0.0,0
distribution_feeder,32.633204687849904,-81.94281250151948,32.65041470368465,-81.94726153865979,1.955,1994,45,composite_pole,0.85,78.3,3,76.78,291.45,0.602,0.536,1.0,0.793,0.5929,5,DFR-01453,electric,4.69,0.0,False,0,,,,,2019,4723.0,0.0,1
distribution_feeder,32.269238797484235,-82.0409591546121,32.281663873914525,-82.04509246904651,1.433,2009,45,wood_pole,1.4,72.0,3,61.51,252.99,0.789,0.498,0.951,0.924,0.2266,3,DFR-01454,electric,0.55,0.0,False,0,,,,,2020,1965.0,0.0,0
distribution_feeder,30.671936983587212,-84.05835449318283,30.670667652148218,-84.06386415027266,0.545,1984,45,wood_pole,1.4,16.2,3,14.79,71.94,0.284,0.64,0.306,0.412,0.3049,7,DFR-01455,electric,1.22,0.0,False,0,,,,,2024,5320.0,0.0,0
distribution_feeder,30.978800848745603,-84.27081102983828,30.98206449637261,-84.26498084435121,0.663,1972,45,wood_pole,1.4,7.9,3,23.06,102.97,0.376,0.446,0.444,0.385,0.715,7,DFR-01456,electric,2.33,0.0,False,0,,,,,2023,7583.0,0.0,1
distribution_feeder,30.96622650944774,-84.41111683841045,30.958470077769555,-84.41454923413869,0.921,2014,45,composite_pole,0.85,89.5,3,20.84,99.92,0.254,0.459,0.477,0.417,0.6298,7,DFR-01457,electric,5.16,0.0,False,0,,,,,2021,7729.0,0.0,0
distribution_feeder,32.65767366049659,-82.30289213158186,32.68408950767543,-82.30469346590819,2.937,1983,45,wood_pole,1.4,17.1,3,80.96,300.64,0.878,0.558,1.0,0.797,0.1192,5,DFR-01458,electric,1.09,0.0,False,0,,,,,2023,1295.0,0.0,0
distribution_feeder,32.17956030208177,-81.81897850853824,32.19244804906974,-81.81299461322074,1.537,2016,45,wood_pole,1.4,76.4,3,55.68,238.55,0.623,0.498,0.864,0.879,0.5178,3,DFR-01459,electric,1.69,0.0,False,0,,,,,2023,9717.0,0.0,1
distribution_feeder,31.093314207213563,-84.17095927563095,31.106698307747674,-84.23358133438721,6.135,2000,45,composite_pole,0.85,74.3,3,31.98,117.04,0.603,0.515,0.477,0.428,0.2921,7,DFR-01460,electric,0.95,0.0,False,0,,,,,2023,2940.0,0.0,0
distribution_feeder,31.29836529110653,-84.4907107552952,31.29127439059109,-84.49435760123896,0.86,1993,45,wood_pole,1.4,37.2,3,34.17,136.02,0.504,0.524,0.529,0.46,0.1397,7,DFR-01461,electric,4.75,1.31,False,0,,,,,2023,1068.0,0.0,0
distribution_feeder,32.33561619439891,-81.5928950187809,32.34143682016515,-81.55782170029516,3.352,1952,45,wood_pole,1.4,2.0,3,55.98,251.15,0.565,0.495,0.828,0.687,0.6019,5,DFR-01462,electric,2.34,0.0,False,0,,,,,2024,7067.0,0.0,1
distribution_feeder,32.12606589993653,-84.30870099626439,32.122099423813424,-84.28762503071607,2.03,1983,45,underground,0.25,68.4,3,61.16,229.84,0.855,0.552,0.913,0.397,0.1696,4,DFR-01463,electric,2.66,0.0,False,0,,,,,2025,1280.0,0.0,0
distribution_feeder,32.93718033589157,-84.35969737061646,32.94189156649904,-84.35056858306389,0.998,1996,45,wood_pole,1.4,33.1,3,91.96,319.27,0.901,0.718,1.0,0.56,0.0965,4,DFR-01464,electric,2.76,0.0,False,0,,,,,2021,906.0,0.0,0
distribution_feeder,30.888054997406112,-84.79251896694785,30.88675308165041,-84.80056155718174,0.78,2003,45,wood_pole,1.4,23.7,3,17.54,88.89,0.409,0.55,0.471,0.271,0.2717,7,DFR-01465,electric,7.14,0.0,False,0,,,,,2021,2697.0,0.0,1
distribution_feeder,31.376008503799923,-85.88273569308845,31.378520393649197,-85.89513776707919,1.208,1986,45,wood_pole,1.4,41.9,3,40.03,155.84,0.675,0.778,0.6,0.38,0.0984,0,DFR-01466,electric,1.39,0.0,False,0,,,,,2025,1734.0,0.0,0
distribution_feeder,32.79776183663694,-81.68735049618412,32.78054314519533,-81.68614905899302,1.915,1981,45,wood_pole,1.4,15.9,3,79.3,304.41,0.693,0.583,1.0,0.507,0.2503,5,DFR-01467,electric,1.46,0.0,False,0,,,,,2020,2208.0,0.0,0
distribution_feeder,32.35386628581242,-84.46988588833942,32.34081128417416,-84.46359345573016,1.565,2009,45,wood_pole,1.4,58.0,3,69.3,253.37,0.499,0.529,0.994,0.632,0.453,4,DFR-01468,electric,2.11,0.0,False,0,,,,,2023,8933.0,0.0,0
distribution_feeder,30.97262457802109,-84.25281566710511,30.959888341046817,-84.25423656663186,1.42,1973,45,concrete_pole,0.9,12.5,3,22.03,102.52,0.293,0.319,0.494,0.395,0.7275,7,DFR-01469,electric,2.13,1.74,False,0,,,,,2026,7349.0,0.0,1
distribution_feeder,31.828711263730064,-84.68415792336872,31.82263648222597,-84.69509566118512,1.232,2025,45,wood_pole,1.4,100.0,3,51.2,193.61,0.781,0.675,0.706,0.436,0.1496,4,DFR-01470,electric,3.61,0.0,False,0,,,,,2023,2711.0,0.0,0
distribution_feeder,31.242208384281202,-84.54817340918741,31.235335670497125,-84.53918363934652,1.144,2017,45,wood_pole,1.4,84.8,3,32.2,129.32,0.538,0.735,0.543,0.536,0.2123,7,DFR-01471,electric,1.45,0.0,False,0,,,,,2025,2474.0,0.0,0
distribution_feeder,33.0,-84.61812863861344,32.98931176846131,-84.62405193391378,1.308,1955,45,wood_pole,1.4,2.0,3,93.52,323.96,0.954,0.492,1.0,0.436,0.0877,4,DFR-01472,electric,1.05,0.0,False,0,,,,,2023,1340.0,0.0,0
distribution_feeder,30.962020411177583,-84.23025647274119,31.012365828092854,-84.24094891426633,5.68,1983,45,wood_pole,1.4,26.7,3,25.84,101.64,0.302,0.583,0.524,0.417,0.7413,7,DFR-01473,electric,0.92,0.0,False,0,,,,,2026,6261.0,0.0,0
distribution_feeder,32.8156117449837,-84.18738415159397,32.80504176518052,-84.19097746904811,1.22,1990,45,wood_pole,1.4,34.5,3,92.0,307.98,0.958,0.779,1.0,0.701,0.0985,4,DFR-01474,electric,2.06,0.0,False,0,,,,,2017,908.0,0.0,0
distribution_feeder,31.13011738181659,-85.61383957550636,31.14887011069677,-85.61157663762206,2.093,2025,45,wood_pole,1.4,100.0,3,29.88,123.27,0.421,0.579,0.555,0.135,0.2212,0,DFR-01475,electric,1.41,0.0,False,0,,,,,2025,3655.0,0.0,0
distribution_feeder,32.277301931169134,-84.3427985175547,32.296245995469874,-84.34221775125751,2.103,1955,45,wood_pole,1.4,2.0,3,66.98,246.21,0.79,0.679,0.838,0.562,0.2216,4,DFR-01476,electric,1.48,0.0,False,0,,,,,2012,2922.0,0.0,0
distribution_feeder,32.376618591749,-81.69752109306273,32.39262487984227,-81.70113594395144,1.809,1969,45,wood_pole,1.4,2.0,3,57.98,257.88,0.392,0.366,0.974,0.758,0.8749,5,DFR-01477,electric,2.83,2.41,False,0,,,,,2023,8256.0,0.0,1
distribution_feeder,30.69885634192471,-84.28038393497798,30.71128828206421,-84.26147934786583,2.272,1991,45,wood_pole,1.4,48.8,3,17.04,71.77,0.186,0.423,0.428,0.292,0.7165,7,DFR-01478,electric,2.1,0.0,False,0,,,,,2025,8609.0,0.0,0
distribution_feeder,32.47472502606939,-84.37555557421372,32.48474521636484,-84.3754456893616,1.112,1986,45,underground,0.25,78.6,2,77.55,267.75,0.511,0.532,1.0,0.444,0.5266,4,DFR-01479,electric,2.34,0.0,False,0,,,,,2020,5614.0,0.0,2
distribution_feeder,32.37285787260709,-81.76412774927742,32.37698641935913,-81.76314616451029,0.467,1969,45,wood_pole,1.4,2.0,3,59.85,258.86,0.307,0.428,0.922,0.737,0.9228,5,DFR-01480,electric,4.84,0.0,False,0,,,,,2024,16860.0,0.0,2
distribution_feeder,31.878864339640174,-85.50773155174267,31.86557635454028,-85.49272623994229,2.044,1994,45,wood_pole,1.4,42.9,2,55.0,204.56,0.942,0.599,0.787,0.509,0.1124,0,DFR-01481,electric,0.85,0.0,False,0,,,,,2024,1605.0,0.0,0
distribution_feeder,30.951584984145974,-84.11910798845602,30.936266693470902,-84.1449478445826,2.99,1991,45,composite_pole,0.85,33.7,2,24.85,102.07,0.425,0.418,0.51,0.412,0.5324,7,DFR-01482,electric,4.97,0.0,False,0,,,,,2018,7537.0,0.0,0
distribution_feeder,30.764080630423003,-84.96672972585658,30.756219032568612,-84.95478960637581,1.435,1980,45,underground,0.25,95.9,3,12.53,75.29,0.496,0.602,0.504,0.19,0.0981,9,DFR-01483,electric,2.73,1.71,False,0,,,,,2023,1608.0,0.0,0
distribution_feeder,31.73413939354984,-84.21815499491719,31.7485800841386,-84.23843348546097,2.497,1993,45,concrete_pole,0.9,37.2,1,48.63,187.51,0.766,0.67,0.796,0.355,0.1108,4,DFR-01484,electric,3.33,0.0,False,0,,,,,2023,1032.0,0.0,1
distribution_feeder,30.546004868811305,-84.48911511072724,30.540936486253575,-84.49655702802397,0.907,2013,45,wood_pole,1.4,72.6,3,11.11,52.52,0.373,0.686,0.306,0.274,0.1539,7,DFR-01485,electric,3.12,0.0,False,0,,,,,2025,1037.0,0.0,0
distribution_feeder,33.0,-84.66123264061865,32.99728211132449,-84.66432415277852,0.417,1992,45,composite_pole,0.85,63.4,3,92.87,323.73,0.871,0.715,1.0,0.416,0.0865,4,DFR-01486,electric,4.7,0.0,False,0,,,,,2024,1670.0,0.0,0
distribution_feeder,30.858144312339473,-84.13801102241494,30.863510237727972,-84.13278613809132,0.776,1980,45,concrete_pole,0.9,48.3,2,25.43,91.42,0.242,0.701,0.423,0.405,0.7243,7,DFR-01487,electric,1.22,0.0,False,0,,,,,2025,13810.0,0.0,0
distribution_feeder,30.68592779212765,-84.8018096176473,30.66696679330512,-84.83670688767114,3.94,1970,45,wood_pole,1.4,20.0,3,11.96,66.44,0.346,0.636,0.352,0.215,0.11,9,DFR-01488,electric,3.04,0.0,False,0,,,,,2024,2095.0,0.0,1
distribution_feeder,30.77448301885161,-84.30492853351569,30.785851694558424,-84.31267372628102,1.462,1990,45,composite_pole,0.85,45.2,3,19.02,79.86,0.18,0.402,0.373,0.31,0.9214,7,DFR-01489,electric,3.81,0.0,False,0,,,,,2024,15080.0,0.0,1
distribution_feeder,31.800395183893407,-84.66196289661589,31.80744823209079,-84.67383413147674,1.366,2018,45,wood_pole,1.4,92.5,3,43.37,190.57,0.814,0.676,0.818,0.404,0.152,4,DFR-01490,electric,2.68,0.0,False,0,,,,,2022,1941.0,0.0,1
distribution_feeder,31.06546851159872,-83.93640257004786,30.983049758587637,-83.94251773897253,9.167,1985,45,wood_pole,1.4,39.0,2,32.46,117.54,0.64,0.671,0.713,0.539,0.1188,7,DFR-01491,electric,1.87,0.0,False,0,,,,,2024,1771.0,0.0,0
distribution_feeder,32.56498562200998,-81.81426101206905,32.48806073677463,-81.82024033584025,8.557,1999,45,wood_pole,1.4,47.9,3,72.72,281.23,0.414,0.463,1.0,0.665,0.598,5,DFR-01492,electric,0.89,0.0,False,0,,,,,2025,8228.0,0.0,1
distribution_feeder,31.730837610690337,-84.01809570585654,31.73716779300685,-84.00320780435754,1.571,1986,45,wood_pole,1.4,46.9,3,53.08,190.1,0.968,0.656,0.743,0.468,0.0839,6,DFR-01493,electric,3.28,0.0,False,0,,,,,2024,930.0,0.0,0
distribution_feeder,32.39847369496891,-81.5685094238244,32.39489436801838,-81.56290247185174,0.659,2008,45,wood_pole,1.4,49.6,3,63.09,257.63,0.682,0.565,1.0,0.614,0.5069,5,DFR-01494,electric,0.2,0.0,False,0,,,,,2024,7113.0,0.0,2
distribution_feeder,30.776134469871465,-84.84302498954142,30.755655612778835,-84.85912541650437,2.743,1967,45,wood_pole,1.4,6.5,2,16.13,76.43,0.505,0.632,0.438,0.261,0.1408,7,DFR-01495,electric,1.8,1.98,False,0,,,,,2025,1799.0,0.0,0
distribution_feeder,32.90527985509284,-82.24964193637025,32.896657689159944,-82.24490982889303,1.054,1984,45,wood_pole,1.4,23.6,3,87.78,327.3,0.873,0.654,1.0,0.701,0.1373,5,DFR-01496,electric,0.85,0.0,False,0,,,,,2024,1234.0,0.0,0
distribution_feeder,32.44108236496999,-81.77230283629657,32.42701802574796,-81.75022107077267,2.592,1975,45,composite_pole,0.85,52.1,3,60.35,266.6,0.343,0.339,1.0,0.803,0.8302,5,DFR-01497,electric,1.38,0.0,False,0,,,,,2023,14643.0,0.0,0
distribution_feeder,32.106311964473754,-81.86184275569143,32.100463977809625,-81.8205434969157,3.937,1980,45,wood_pole,1.4,28.5,3,49.27,231.31,0.679,0.716,0.999,0.841,0.2895,3,DFR-01498,electric,3.88,0.0,False,0,,,,,2020,2650.0,0.0,1
distribution_feeder,31.907500245998296,-85.35090886787397,31.918813182905563,-85.36965912262175,2.168,1975,45,composite_pole,0.85,39.9,3,56.79,205.42,0.846,0.556,0.838,0.446,0.134,0,DFR-01499,electric,2.68,0.0,False,0,,,,,2025,1922.0,0.0,0
distribution_feeder,31.296985459167054,-84.4395069084961,31.34436774722815,-84.4691290399338,5.963,1997,45,wood_pole,1.4,29.8,3,31.1,136.35,0.656,0.598,0.586,0.515,0.1258,7,DFR-01500,electric,2.54,0.0,False,0,,,,,2024,1778.0,0.0,0
distribution_feeder,32.07257989876451,-84.78071570165683,32.07925470132223,-84.75990953529937,2.093,2012,45,wood_pole,1.4,62.4,1,53.1,220.39,0.813,0.636,0.839,0.313,0.108,4,DFR-01501,electric,1.99,0.0,False,0,,,,,2023,1901.0,0.0,0
distribution_feeder,32.14209752512179,-81.73801205790991,32.15219947973907,-81.74036408935224,1.143,1970,45,wood_pole,1.4,26.9,3,54.63,232.69,0.763,0.608,0.785,0.841,0.4454,3,DFR-01502,electric,3.1,0.0,False,0,,,,,2025,3864.0,0.0,1
distribution_feeder,32.77479820611254,-81.5,32.780558816007016,-81.51427865123347,1.478,1993,45,wood_pole,1.4,23.3,2,78.86,298.03,0.84,0.664,1.0,0.611,0.1016,5,DFR-01503,electric,1.18,1.98,False,0,,,,,2024,1327.0,0.0,1
distribution_feeder,32.232507214703446,-81.51043957632359,32.24894804541266,-81.50974778895323,1.826,1994,45,concrete_pole,0.9,55.7,3,56.51,238.04,0.721,0.605,0.862,0.627,0.294,5,DFR-01504,electric,3.25,0.0,False,0,,,,,2020,4306.0,0.0,2
distribution_feeder,32.207123910029765,-81.68778940332349,32.22816702803516,-81.68357546767844,2.369,2016,45,wood_pole,1.4,88.0,2,53.08,238.86,0.545,0.484,0.869,0.788,0.6088,3,DFR-01505,electric,3.59,2.42,False,0,,,,,2024,6314.0,0.0,2
distribution_feeder,31.70422154318823,-84.49278727439948,31.7186875173151,-84.48957230482024,1.634,1973,45,composite_pole,0.85,47.9,3,44.32,181.05,0.834,0.556,0.725,0.526,0.1535,4,DFR-01506,electric,0.34,0.0,False,0,,,,,2023,3040.0,0.0,0
distribution_feeder,32.47519016434094,-82.21885045992884,32.46342390546968,-82.23183148753496,1.784,1967,45,wood_pole,1.4,2.0,3,67.02,279.05,0.948,0.703,1.0,0.885,0.1184,3,DFR-01507,electric,2.27,0.0,False,0,,,,,2025,2054.0,0.0,0
distribution_feeder,31.09622003049323,-85.37937425007549,31.104635042060163,-85.38290011788432,0.992,1993,45,wood_pole,1.4,45.0,1,28.14,115.75,0.445,0.641,0.522,0.285,0.1842,0,DFR-01508,electric,2.07,0.0,False,0,,,,,2024,3387.0,0.0,0
distribution_feeder,32.64397904775232,-84.03709777414751,32.63520426170678,-84.00356789176959,3.282,2001,45,wood_pole,1.4,50.1,1,77.64,291.17,0.79,0.919,1.0,0.596,0.0887,4,DFR-01509,electric,0.63,0.0,False,0,,,,,2025,810.0,0.0,0
distribution_feeder,32.4541266209109,-81.69265374571052,32.44381523877313,-81.70857275059174,1.88,2003,45,wood_pole,1.4,71.9,1,63.61,266.38,0.457,0.413,0.913,0.641,0.7436,5,DFR-01510,electric,1.04,0.0,False,0,,,,,2024,5231.0,0.0,0
distribution_feeder,32.466309165453836,-81.72703260964173,32.47309967300336,-81.72835998001142,0.764,1976,45,wood_pole,1.4,15.4,3,66.15,268.45,0.449,0.458,0.945,0.708,0.76,5,DFR-01511,electric,7.87,0.0,False,0,,,,,2024,13093.0,0.0,2
distribution_feeder,31.783322706775373,-84.79472120914286,31.7857963753494,-84.80292831634726,0.822,2000,45,wood_pole,1.4,56.9,3,43.46,188.26,0.799,0.702,0.722,0.398,0.1,4,DFR-01512,electric,3.8,0.72,False,0,,,,,2025,720.0,0.0,0
distribution_feeder,32.4205500175748,-84.62503989034161,32.41446246265552,-84.63192647153011,0.934,1992,45,wood_pole,1.4,24.8,2,68.61,259.6,0.668,0.489,0.9,0.327,0.48,4,DFR-01513,electric,5.75,0.0,False,0,,,,,2025,7925.0,0.0,0
distribution_feeder,32.54099445003207,-81.818862608858,32.57368051082929,-81.79797883107301,4.121,1946,45,wood_pole,1.4,2.0,3,66.31,278.66,0.558,0.401,1.0,0.772,0.6271,5,DFR-01514,electric,1.6,0.0,False,0,,,,,2024,12392.0,0.0,0
distribution_feeder,33.0,-84.88470804700343,32.99397526652992,-84.88210355372912,0.711,2002,45,composite_pole,0.85,83.9,3,91.03,323.3,0.832,0.698,1.0,0.325,0.0825,4,DFR-01515,electric,4.29,0.0,False,0,,,,,2016,670.0,0.0,1
distribution_feeder,31.14991644620524,-85.2915813831145,31.14394096934164,-85.28116040773041,1.192,1987,45,underground,0.25,81.3,3,29.43,120.59,0.666,0.794,0.439,0.324,0.1668,0,DFR-01516,electric,1.25,0.0,False,0,,,,,2020,1399.0,0.0,1
distribution_feeder,31.284055249302916,-85.18320386944923,31.28773065611347,-85.20968390095378,2.545,2001,45,wood_pole,1.4,45.0,3,30.25,134.35,0.658,0.595,0.654,0.463,0.1434,0,DFR-01517,electric,2.62,1.35,False,0,,,,,2025,1766.0,0.0,0
distribution_feeder,32.55334879220202,-81.66897331038017,32.550947800548585,-81.71296123211214,4.124,2004,45,wood_pole,1.4,67.1,3,68.36,276.9,0.767,0.599,1.0,0.624,0.4683,5,DFR-01518,electric,0.35,0.0,False,0,,,,,2024,3590.0,0.0,1
distribution_feeder,31.0925425663881,-84.45198647254362,31.111501448760443,-84.45439344811402,2.117,1969,45,concrete_pole,0.9,27.0,3,28.88,113.53,0.495,0.682,0.474,0.419,0.3609,7,DFR-01519,electric,1.95,0.0,False,0,,,,,2024,2498.0,0.0,0
distribution_feeder,31.7531468976829,-84.32405241986017,31.709551620952976,-84.30142384447,5.289,1963,45,wood_pole,1.4,15.2,2,49.52,188.26,0.888,0.744,0.781,0.357,0.1565,4,DFR-01520,electric,0.57,0.0,False,0,,,,,2022,1168.0,0.0,0
distribution_feeder,32.53342184512664,-81.70321064127488,32.50505516902455,-81.69592914628568,3.222,2007,45,wood_pole,1.4,66.9,3,70.25,275.4,0.703,0.724,1.0,0.59,0.5668,5,DFR-01521,electric,0.57,0.0,False,0,,,,,2024,5856.0,0.0,1
distribution_feeder,32.45002934275707,-81.9343568389533,32.4422671401939,-81.94261351044604,1.158,1992,45,wood_pole,1.4,46.9,3,66.09,270.95,0.647,0.559,1.0,0.8,0.5263,5,DFR-01522,electric,2.38,0.0,False,0,,,,,2025,6149.0,0.0,1
distribution_feeder,32.72355650290721,-84.62432699690339,32.74263261414721,-84.62945730095052,2.171,1953,45,underground,0.25,62.0,3,83.54,293.24,0.693,0.57,1.0,0.354,0.2996,4,DFR-01523,electric,2.23,0.0,False,0,,,,,2019,5288.0,0.0,0
distribution_feeder,31.11872471659522,-84.33861706763118,31.088373665900182,-84.3368825050576,3.373,2001,45,wood_pole,1.4,56.0,2,30.68,117.66,0.463,0.686,0.583,0.476,0.299,7,DFR-01524,electric,1.77,0.0,False,0,,,,,2021,4186.0,0.0,1
distribution_feeder,32.47701965914949,-84.59998931665109,32.50958817158955,-84.59975838662709,3.615,1991,45,wood_pole,1.4,52.1,2,68.96,266.02,0.56,0.595,1.0,0.39,0.5993,4,DFR-01525,electric,2.16,0.0,False,0,,,,,2019,11984.0,0.0,2
distribution_feeder,31.672372504836407,-84.2138105682478,31.66036813275078,-84.20923506246407,1.401,1972,45,composite_pole,0.85,35.3,3,50.08,180.72,0.77,0.67,0.766,0.445,0.0975,4,DFR-01526,electric,2.36,0.0,False,0,,,,,2025,859.0,0.0,0
distribution_feeder,32.81957849651794,-82.25051057809227,32.835094684330585,-82.24487858533828,1.801,2004,45,composite_pole,0.85,74.6,3,88.52,317.8,0.794,0.75,1.0,0.903,0.1614,5,DFR-01527,electric,3.8,0.0,False,0,,,,,2020,2916.0,0.0,0
distribution_feeder,30.764503477343982,-84.6029416996072,30.761743654709502,-84.58893299631647,1.371,1980,45,wood_pole,1.4,21.9,3,15.31,75.91,0.451,0.875,0.387,0.224,0.2657,7,DFR-01528,electric,1.65,0.0,False,0,,,,,2023,4517.0,0.0,0
distribution_feeder,32.27463345432494,-81.72907726350267,32.28135714456441,-81.74656609536147,1.803,1990,45,wood_pole,1.4,55.1,3,53.89,247.22,0.422,0.624,0.821,0.834,0.8306,3,DFR-01529,electric,1.51,1.67,False,0,,,,,2025,14517.0,0.0,1
distribution_feeder,30.877390163855154,-84.26334581941977,30.852429273543997,-84.2570431997364,2.835,1991,45,wood_pole,1.4,43.9,2,25.49,91.81,0.296,0.486,0.486,0.47,0.977,7,DFR-01530,electric,3.56,0.0,False,0,,,,,2024,10342.0,0.0,3
distribution_feeder,32.6267080516543,-81.62986473914427,32.64103722351511,-81.6559504778774,2.911,2018,45,wood_pole,1.4,91.6,3,70.61,284.23,0.707,0.608,0.957,0.639,0.2842,5,DFR-01531,electric,3.23,2.37,False,0,,,,,2024,3529.0,0.0,1
distribution_feeder,30.942532841563693,-84.73899247137729,30.919237590050965,-84.75608632641047,3.055,2024,45,underground,0.25,100.0,1,18.79,95.05,0.435,0.522,0.414,0.254,0.385,7,DFR-01532,electric,1.11,0.0,False,0,,,,,2024,4278.0,0.0,2
distribution_feeder,32.465352223661384,-84.3807964530659,32.47958600831467,-84.37055707245122,1.848,2002,45,wood_pole,1.4,63.7,2,73.58,266.65,0.627,0.565,1.0,0.529,0.53,4,DFR-01533,electric,3.32,1.09,False,0,,,,,2022,5257.0,0.0,0
distribution_feeder,30.964877066289937,-84.98546183654935,30.970500182930007,-84.99208255739434,0.887,1995,45,wood_pole,1.4,46.2,3,20.99,97.64,0.46,0.562,0.427,0.296,0.1295,7,DFR-01534,electric,3.98,0.0,False,0,,,,,2025,2384.0,0.0,0
distribution_feeder,31.253295740523267,-84.86959417646285,31.271112361657416,-84.86403539471696,2.047,1997,45,wood_pole,1.4,46.9,3,29.32,129.4,0.655,0.684,0.602,0.412,0.1478,0,DFR-01535,electric,1.09,0.0,False,0,,,,,2023,2282.0,0.0,0
distribution_feeder,32.495163948525644,-84.46695032148394,32.503450327939476,-84.45109130834906,1.747,1999,45,wood_pole,1.4,37.3,2,74.05,269.08,0.599,0.596,0.918,0.497,0.6978,4,DFR-01536,electric,1.74,0.0,False,0,,,,,2019,8530.0,0.0,0
distribution_feeder,32.225205521415354,-84.69358904757631,32.2394204494673,-84.69946909670044,1.672,1982,45,wood_pole,1.4,23.9,3,57.77,237.58,0.834,0.608,0.857,0.318,0.157,4,DFR-01537,electric,0.73,0.0,False,0,,,,,2023,2077.0,0.0,0
distribution_feeder,30.828079345396002,-84.55350176720566,30.823708606906006,-84.53127678689114,2.173,2000,45,underground,0.25,87.5,3,21.96,83.31,0.412,0.605,0.383,0.261,0.407,7,DFR-01538,electric,2.43,1.19,False,0,,,,,2024,3871.0,0.0,0
distribution_feeder,32.65938956998078,-84.4395023685422,32.660042116768096,-84.42302212931777,1.542,2004,45,wood_pole,1.4,62.2,3,76.0,287.58,0.616,0.403,1.0,0.426,0.4881,4,DFR-01539,electric,4.41,0.0,False,0,,,,,2025,6686.0,0.0,1
distribution_feeder,32.36316055079658,-84.69981374484888,32.36151769778628,-84.7080321972322,0.792,1987,45,concrete_pole,0.9,56.0,3,65.65,252.87,0.698,0.698,0.908,0.355,0.2716,4,DFR-01540,electric,0.54,0.0,False,0,,,,,2024,3998.0,0.0,1
distribution_feeder,31.714910691696623,-85.40574443840741,31.724069677483833,-85.40816103751803,1.042,1960,45,wood_pole,1.4,2.0,3,46.66,184.8,0.737,0.655,0.689,0.5,0.243,0,DFR-01541,electric,5.08,0.0,False,0,,,,,2025,3161.0,0.0,1
distribution_feeder,31.049633145055086,-84.20836912990706,31.05635121871359,-84.21819158243737,1.195,1961,45,wood_pole,1.4,2.0,3,26.05,111.67,0.494,0.498,0.452,0.4,0.4369,7,DFR-01542,electric,3.21,0.0,False,0,,,,,2022,4129.0,0.0,0
distribution_feeder,31.413942411649348,-85.81483098658043,31.429280609684024,-85.84988528160456,3.732,1999,45,composite_pole,0.85,70.7,3,44.05,158.66,0.616,0.689,0.552,0.34,0.1177,0,DFR-01543,electric,2.04,0.0,False,0,,,,,2022,2315.0,0.0,0
distribution_feeder,32.90857797665965,-84.64467669533934,32.88094194237155,-84.65848561665514,3.327,1989,45,wood_pole,1.4,29.1,3,87.34,313.66,0.794,0.763,1.0,0.405,0.1053,4,DFR-01544,electric,3.0,0.0,False,0,,,,,2022,927.0,0.0,0
distribution_feeder,31.545725551751406,-85.29904250765335,31.549216171310025,-85.30991693412335,1.099,1991,45,wood_pole,1.4,28.6,2,41.08,164.62,0.604,0.783,0.611,0.436,0.3159,0,DFR-01545,electric,2.09,0.0,False,0,,,,,2023,6322.0,0.0,0
distribution_feeder,30.788464249536688,-84.35390691441432,30.79238981194163,-84.3353616425606,1.821,2000,45,wood_pole,1.4,42.2,2,23.54,80.82,0.22,0.498,0.441,0.319,0.8662,7,DFR-01546,electric,2.1,1.81,False,0,,,,,2022,12776.0,0.0,0
distribution_feeder,32.46635560107988,-82.2800687150673,32.45426631095547,-82.25399378383628,2.786,1981,45,composite_pole,0.85,60.8,3,69.56,279.06,0.979,0.414,1.0,0.981,0.0968,3,DFR-01547,electric,3.32,0.0,False,0,,,,,2021,1873.0,0.0,1
distribution_feeder,32.837337632391176,-81.5809412190605,32.848888346287254,-81.57263266536212,1.498,1986,45,wood_pole,1.4,31.1,3,81.35,306.6,0.825,0.677,1.0,0.537,0.1251,5,DFR-01548,electric,2.9,0.0,False,0,,,,,2023,1179.0,0.0,0
distribution_feeder,31.765015338746206,-84.65111418645316,31.7685910900274,-84.6621282730082,1.113,1992,45,wood_pole,1.4,53.3,3,44.94,186.69,0.711,0.792,0.769,0.471,0.1428,4,DFR-01549,electric,1.57,0.88,False,0,,,,,2025,2630.0,0.0,0
distribution_feeder,32.498172671510325,-82.10720792435635,32.508719972543425,-82.1264306021898,2.147,1977,45,wood_pole,1.4,36.8,3,68.71,279.65,0.924,0.849,0.975,0.933,0.22,5,DFR-01550,electric,3.49,1.4,False,0,,,,,2025,3215.0,0.0,2
distribution_feeder,32.030596406381626,-82.20506791045179,32.012708282590765,-82.19708826231904,2.123,1972,45,wood_pole,1.4,4.3,3,51.41,229.47,0.891,0.88,0.946,1.0,0.084,3,DFR-01551,electric,1.51,0.0,False,0,,,,,2025,1522.0,0.0,0
distribution_feeder,32.25818799220761,-81.67423513172814,32.26279578719771,-81.60991115061559,6.06,1994,45,underground,0.25,83.9,3,53.53,244.24,0.502,0.477,0.9,0.744,0.7228,3,DFR-01552,electric,1.52,0.0,False,0,,,,,2024,11799.0,0.0,0
distribution_feeder,32.4714778461944,-81.51797845146322,32.44499940124864,-81.51451134383137,2.957,1976,45,wood_pole,1.4,11.8,3,65.47,264.72,0.723,0.575,1.0,0.71,0.3052,5,DFR-01553,electric,1.04,0.0,False,0,,,,,2023,2744.0,0.0,0
distribution_feeder,32.46150720642539,-81.80356482801399,32.471538740087595,-81.78677069921642,1.927,1999,45,wood_pole,1.4,59.9,3,67.98,269.52,0.333,0.397,1.0,0.797,0.7713,5,DFR-01554,electric,1.49,0.0,False,0,,,,,2023,8956.0,0.0,0
distribution_feeder,32.75368298506896,-84.54560443327719,32.75578066229542,-84.54256286479861,0.367,1976,45,wood_pole,1.4,2.7,3,84.23,297.11,0.734,0.579,0.968,0.507,0.2977,4,DFR-01555,electric,0.9,0.0,False,0,,,,,2022,3798.0,0.0,0
distribution_feeder,32.61825153601883,-84.31557967558055,32.61980760612022,-84.31111786176267,0.451,1999,45,concrete_pole,0.9,74.1,3,75.84,284.39,0.621,0.629,0.971,0.51,0.3472,4,DFR-01556,electric,0.66,0.0,False,0,,,,,2025,3010.0,0.0,0
distribution_feeder,32.31147411833792,-84.82141445240227,32.34206333920364,-84.83412173710079,3.599,1978,45,wood_pole,1.4,6.2,3,63.65,246.86,0.901,0.69,0.995,0.433,0.1216,4,DFR-01557,electric,3.15,0.0,False,0,,,,,2023,1208.0,0.0,0
distribution_feeder,32.51440524383757,-84.45247039312322,32.50460148219239,-84.44974012456028,1.118,1977,45,composite_pole,0.85,32.2,2,76.85,271.36,0.467,0.374,1.0,0.444,0.6896,4,DFR-01558,electric,3.24,0.9,False,0,,,,,2022,5365.0,0.0,1
distribution_feeder,32.51705847914387,-82.13236082061584,32.532147099853795,-82.14987039808376,2.343,1987,45,wood_pole,1.4,37.3,2,71.86,282.2,0.822,0.541,0.996,0.926,0.2036,5,DFR-01559,electric,4.45,0.0,False,0,,,,,2022,2531.0,0.0,1
distribution_feeder,31.26922800848851,-85.3319367003597,31.277098690535954,-85.33443698867397,0.905,1974,45,wood_pole,1.4,24.6,3,32.36,134.33,0.623,0.573,0.578,0.32,0.2657,0,DFR-01560,electric,4.75,0.0,False,0,,,,,2021,3514.0,0.0,0
distribution_feeder,30.794671533057112,-84.54987161774226,30.839660738107472,-84.56484066927597,5.194,1985,45,wood_pole,1.4,20.2,3,19.23,79.63,0.598,0.664,0.443,0.337,0.3738,7,DFR-01561,electric,3.19,0.0,False,0,,,,,2021,4391.0,0.0,0
distribution_feeder,30.608906199239645,-85.04586945385603,30.62441989948066,-85.05967738409525,2.169,1962,45,wood_pole,1.4,2.0,3,12.89,58.41,0.496,0.688,0.424,0.063,0.0827,9,DFR-01562,electric,0.96,0.0,False,0,,,,,2023,651.0,0.0,0
distribution_feeder,31.125922324884204,-85.35537427423455,31.11363243273794,-85.36830304091436,1.836,2004,45,wood_pole,1.4,82.5,3,27.81,118.73,0.496,0.59,0.59,0.377,0.1942,0,DFR-01563,electric,4.63,0.0,False,0,,,,,2024,3350.0,0.0,1
distribution_feeder,32.61034227817408,-81.60666176850185,32.6070345327517,-81.6203238861311,1.329,1985,45,wood_pole,1.4,20.1,3,69.3,281.93,0.708,0.717,0.946,0.712,0.2723,5,DFR-01564,electric,4.31,0.0,False,0,,,,,2023,2531.0,0.0,0
distribution_feeder,31.456235891785358,-85.6871388324194,31.469574522445072,-85.65520620538068,3.367,2003,45,wood_pole,1.4,67.0,1,42.06,160.83,0.603,0.644,0.685,0.355,0.1832,0,DFR-01565,electric,2.88,0.0,False,0,,,,,2023,2611.0,0.0,0
distribution_feeder,31.927636690068862,-81.90615327677219,31.96046331374294,-81.93321718089409,4.447,2000,45,wood_pole,1.4,63.3,3,46.5,212.39,0.757,0.877,0.782,0.968,0.0983,3,DFR-01566,electric,1.81,0.0,False,0,,,,,2025,1678.0,0.0,0
distribution_feeder,32.3624123272133,-84.3811071828612,32.37263025728492,-84.35704572086706,2.525,2001,45,wood_pole,1.4,57.0,1,72.85,255.22,0.69,0.547,0.994,0.502,0.3794,4,DFR-01567,electric,2.3,0.0,False,0,,,,,2020,7511.0,0.0,1
distribution_feeder,30.57970158884797,-84.38753889720793,30.590015278743376,-84.38813271356749,1.146,1999,45,wood_pole,1.4,37.7,3,12.65,57.27,0.434,0.608,0.37,0.283,0.2779,7,DFR-01568,electric,2.08,0.0,False,0,,,,,2025,4027.0,0.0,0
distribution_feeder,31.298446334483327,-84.62719062716846,31.304562321510844,-84.62282168902054,0.795,1999,45,wood_pole,1.4,46.3,3,29.25,135.03,0.474,0.693,0.443,0.402,0.1752,7,DFR-01569,electric,1.08,0.0,False,0,,,,,2019,3330.0,0.0,0
distribution_feeder,31.69184929378771,-85.30126162154721,31.665086803849128,-85.26215659167508,4.74,2019,45,wood_pole,1.4,84.6,3,47.69,180.86,0.602,0.659,0.746,0.491,0.3011,0,DFR-01570,electric,2.08,2.43,False,0,,,,,2023,4640.0,0.0,0
distribution_feeder,32.40587526448985,-81.75841832339982,32.40398074395693,-81.74532889407219,1.245,1977,45,wood_pole,1.4,9.2,3,59.87,262.4,0.39,0.5,0.975,0.729,0.8925,5,DFR-01571,electric,2.12,0.0,False,0,,,,,2022,12657.0,0.0,1
distribution_feeder,32.35589878586879,-81.55560002659367,32.35213414162442,-81.56621030770127,1.079,1987,45,wood_pole,1.4,43.1,3,58.92,252.64,0.607,0.711,0.885,0.599,0.4861,5,DFR-01572,electric,0.79,2.04,False,0,,,,,2020,4326.0,0.0,0
distribution_feeder,32.479271895175565,-81.77404903362688,32.46817168438964,-81.77042596613153,1.278,1954,45,concrete_pole,0.9,5.5,1,66.1,270.88,0.496,0.392,0.963,0.721,0.7495,5,DFR-01573,electric,4.16,0.0,False,0,,,,,2024,11335.0,0.0,1
distribution_feeder,32.290951247962674,-84.55138833656073,32.30359854525304,-84.56325024126338,1.792,1994,45,wood_pole,1.4,44.2,3,65.12,245.7,0.732,0.637,1.0,0.367,0.3188,4,DFR-01574,electric,5.38,0.0,False,0,,,,,2024,5930.0,0.0,0
distribution_feeder,31.104961084776225,-84.30285698926166,31.113346586579755,-84.3170555559411,1.639,1992,45,concrete_pole,0.9,49.7,3,31.25,116.57,0.576,0.67,0.571,0.4,0.3274,7,DFR-01575,electric,4.16,1.24,False,0,,,,,2018,6189.0,0.0,1
distribution_feeder,31.5001828508755,-84.2966224112518,31.488769036036686,-84.29477075607174,1.279,1962,45,concrete_pole,0.9,2.0,3,43.55,160.52,0.758,0.659,0.651,0.439,0.0853,7,DFR-01576,electric,4.9,0.0,False,0,,,,,2025,1018.0,0.0,0
distribution_feeder,30.806798579281175,-85.7136180643509,30.802875122547125,-85.69987670206027,1.381,2005,45,wood_pole,1.4,74.0,3,19.46,89.25,0.402,0.636,0.401,0.068,0.0832,0,DFR-01577,electric,2.79,0.0,False,0,,,,,2019,1121.0,0.0,0
distribution_feeder,32.42677237437163,-81.82845339438616,32.43907547103998,-81.81506841062011,1.854,2015,45,composite_pole,0.85,69.6,2,65.01,266.19,0.462,0.286,1.0,0.802,0.793,5,DFR-01578,electric,1.17,0.0,False,0,,,,,2021,9560.0,0.0,1
distribution_feeder,32.95815488221055,-82.0381096362395,32.9630868626424,-82.00936305099938,2.733,1962,45,wood_pole,1.4,3.6,3,88.97,329.4,0.711,0.641,1.0,0.717,0.2851,5,DFR-01579,electric,3.46,0.0,False,0,,,,,2020,2993.0,0.0,0
distribution_feeder,30.868874213064586,-84.46726489697174,30.86425605227806,-84.47946900490403,1.271,1968,45,concrete_pole,0.9,2.5,3,18.55,88.56,0.319,0.53,0.362,0.363,0.6103,7,DFR-01580,electric,1.39,0.0,False,0,,,,,2022,4221.0,0.0,0
distribution_feeder,32.134483380737485,-84.41605063400426,32.15750568917023,-84.4206665092279,2.592,1988,45,wood_pole,1.4,17.7,3,65.42,229.55,0.863,0.481,0.971,0.328,0.2175,4,DFR-01581,electric,3.27,0.0,False,0,,,,,2014,2655.0,0.0,0
distribution_feeder,32.703758193362326,-84.5877350303667,32.67635672211297,-84.60359593009693,3.383,2020,45,concrete_pole,0.9,99.0,3,81.05,291.27,0.756,0.683,1.0,0.456,0.3739,4,DFR-01582,electric,1.17,0.0,False,0,,,,,2021,6522.0,0.0,0
distribution_feeder,32.450836746314366,-81.73096727172224,32.46045979801781,-81.71548032802679,1.801,2010,45,wood_pole,1.4,73.5,2,61.98,266.82,0.445,0.429,0.976,0.63,0.7992,5,DFR-01583,electric,4.27,0.62,False,0,,,,,2024,8599.0,0.0,0
distribution_feeder,32.49744441386177,-84.16613518620865,32.503956888466966,-84.16038944166442,0.901,2013,45,concrete_pole,0.9,88.0,2,73.59,272.97,1.0,0.69,0.844,0.604,0.1498,4,DFR-01584,electric,0.44,0.0,False,0,,,,,2022,1824.0,0.0,0
distribution_feeder,32.534090309206036,-81.89300745168121,32.53502090080894,-81.88534032651017,0.725,1990,45,composite_pole,0.85,43.3,3,66.26,279.43,0.586,0.403,1.0,0.626,0.58,5,DFR-01585,electric,9.29,0.0,False,0,,,,,2024,4117.0,0.0,0
distribution_feeder,32.06381061351795,-81.91679463499564,32.039464515220864,-81.86920163498371,5.229,1990,45,wood_pole,1.4,53.3,3,52.64,227.72,0.902,0.715,0.817,0.941,0.1811,3,DFR-01586,electric,0.77,0.0,False,0,,,,,2024,1738.0,0.0,1
distribution_feeder,32.57730715348666,-82.16379431035618,32.56841558416656,-82.15842676673266,1.107,1979,45,underground,0.25,57.2,2,72.79,289.45,0.758,0.658,0.962,0.909,0.2109,5,DFR-01587,electric,1.37,0.0,False,0,,,,,2024,2615.0,0.0,0
distribution_feeder,32.46489307006999,-84.44393450303463,32.45942221840887,-84.45952493681075,1.581,2004,45,wood_pole,1.4,67.4,3,70.98,265.94,0.517,0.526,1.0,0.468,0.6438,4,DFR-01588,electric,6.78,2.09,False,0,,,,,2025,9315.0,0.0,0
distribution_feeder,32.43510282183157,-84.80644716825408,32.433352559869746,-84.86239775993704,5.245,1980,45,concrete_pole,0.9,53.5,3,67.0,260.59,0.921,0.488,1.0,0.398,0.1759,4,DFR-01589,electric,3.95,0.0,False,0,,,,,2023,2320.0,0.0,0
distribution_feeder,31.396421538831984,-85.5718490033625,31.402043393869704,-85.56062413280067,1.233,1991,45,wood_pole,1.4,26.4,3,38.92,152.09,0.601,0.672,0.518,0.397,0.3247,0,DFR-01590,electric,1.2,0.0,False,0,,,,,2022,2790.0,0.0,1
distribution_feeder,32.247626741456635,-84.57876339840048,32.259717513945624,-84.58814788389118,1.605,1980,45,composite_pole,0.85,54.5,3,62.95,240.7,0.795,0.592,0.768,0.367,0.2445,4,DFR-01591,electric,2.66,0.0,False,0,,,,,2025,2568.0,0.0,0
distribution_feeder,33.0,-81.85180556932549,32.99093544663257,-81.79049642064771,5.795,1981,45,wood_pole,1.4,30.3,3,89.71,330.3,0.675,0.691,1.0,0.513,0.2259,5,DFR-01592,electric,1.2,0.0,False,0,,,,,2024,1604.0,0.0,1
distribution_feeder,32.661786730570874,-84.47480960190771,32.662661078186076,-84.45667016652799,1.698,1977,45,wood_pole,1.4,10.4,3,77.27,287.5,0.645,0.545,1.0,0.466,0.51,4,DFR-01593,electric,1.31,0.0,False,0,,,,,2026,7881.0,0.0,0
distribution_feeder,30.800212858653808,-84.34322127266427,30.797473032299447,-84.37770911858087,3.302,1969,45,wood_pole,1.4,4.1,3,18.99,82.25,0.276,0.396,0.323,0.404,0.9063,7,DFR-01594,electric,1.23,0.0,False,0,,,,,2019,11056.0,0.0,1
distribution_feeder,30.43632853093024,-84.23519592791277,30.415126055689704,-84.26572831488029,3.752,1985,45,composite_pole,0.85,42.4,3,10.15,43.23,0.391,0.802,0.352,0.298,0.1213,7,DFR-01595,electric,1.82,0.0,False,0,,,,,2022,1034.0,0.0,0
distribution_feeder,31.224420926274753,-85.05564116185907,31.203172229961055,-85.0580860083371,2.37,2003,45,wood_pole,1.4,54.6,3,29.71,126.79,0.677,0.633,0.626,0.397,0.1016,0,DFR-01596,electric,0.96,0.0,False,0,,,,,2023,1735.0,0.0,0
distribution_feeder,32.889112550906454,-81.99172330789997,32.90856497016712,-81.97573994836182,2.623,1975,45,wood_pole,1.4,9.7,3,88.68,320.83,0.642,0.58,1.0,0.732,0.4522,5,DFR-01597,electric,5.34,0.0,False,0,,,,,2026,3612.0,0.0,0
distribution_feeder,32.181851414544205,-81.7637448506082,32.173767552594605,-81.76353096960004,0.898,2005,45,wood_pole,1.4,27.6,2,52.54,237.65,0.557,0.521,1.0,0.812,0.5667,3,DFR-01598,electric,0.96,0.0,False,0,,,,,2025,6705.0,0.0,1
distribution_feeder,32.7380421706576,-81.84890236063674,32.75828902703416,-81.85402980095648,2.298,2002,45,underground,0.25,62.3,1,75.33,301.16,0.595,0.584,1.0,0.677,0.5923,5,DFR-01599,electric,1.09,0.0,False,0,,,,,2023,5640.0,0.0,0
distribution_feeder,32.76237004144101,-82.02930030334426,32.76153335407238,-82.01766187114522,1.09,2004,45,wood_pole,1.4,69.8,3,82.63,307.5,0.688,0.443,1.0,0.716,0.5708,5,DFR-01600,electric,2.9,0.0,False,0,,,,,2025,7311.0,0.0,0
distribution_feeder,32.206048996298314,-81.86987705263287,32.20453061495238,-81.84752165208889,2.106,2004,45,wood_pole,1.4,64.8,2,56.55,242.54,0.609,0.649,0.836,0.934,0.5062,3,DFR-01601,electric,0.44,0.0,False,0,,,,,2020,4252.0,0.0,1
distribution_feeder,32.27261366107946,-81.67226415350271,32.29085574515889,-81.6125299794618,5.961,1992,45,wood_pole,1.4,60.3,3,54.85,245.8,0.487,0.614,0.857,0.684,0.7498,5,DFR-01602,electric,3.2,0.0,False,0,,,,,2022,5812.0,0.0,0
distribution_feeder,32.673352445149206,-84.93534402060989,32.66789932240075,-84.92338928644661,1.27,2003,45,concrete_pole,0.9,73.3,3,77.15,287.13,0.794,0.682,1.0,0.297,0.0929,4,DFR-01603,electric,2.07,0.0,False,0,,,,,2020,1245.0,0.0,0
distribution_feeder,32.95862520581953,-82.60596718639647,32.941197860543795,-82.65843976247486,5.256,2015,45,wood_pole,1.4,59.1,1,95.46,337.57,0.853,0.745,1.0,0.853,0.0821,5,DFR-01604,electric,1.5,0.0,False,0,,,,,2019,999.0,0.0,0
distribution_feeder,31.064752517960244,-84.47491304566017,31.085796765278722,-84.46349040756992,2.576,1970,45,wood_pole,1.4,11.1,3,24.97,110.23,0.408,0.445,0.354,0.275,0.4115,7,DFR-01605,electric,5.26,0.0,False,0,,,,,2018,6450.0,0.0,2
distribution_feeder,32.625115171425236,-82.04568530512036,32.61984265728319,-82.0643211124997,1.838,1991,45,wood_pole,1.4,45.1,3,73.73,292.58,0.589,0.393,1.0,0.806,0.4488,5,DFR-01606,electric,4.02,0.0,False,0,,,,,2024,5597.0,0.0,0
distribution_feeder,31.05184212628452,-84.58913350627535,31.033727926855704,-84.59626866289436,2.122,1978,45,composite_pole,0.85,26.3,3,25.23,107.9,0.556,0.551,0.445,0.38,0.4693,7,DFR-01607,electric,3.25,0.0,False,0,,,,,2025,3743.0,0.0,1
distribution_feeder,31.21430148150226,-85.66561068137652,31.218660345908393,-85.62706315577358,3.691,1985,45,wood_pole,1.4,37.1,2,34.97,133.57,0.523,0.64,0.507,0.27,0.2418,0,DFR-01608,electric,1.66,0.0,False,0,,,,,2023,3367.0,0.0,0
distribution_feeder,31.15141769815852,-84.75487659638735,31.17207410395155,-84.71068192121685,4.784,1968,45,underground,0.25,77.1,2,23.25,118.19,0.565,0.7,0.508,0.388,0.3292,7,DFR-01609,electric,1.55,0.0,False,0,,,,,2025,4555.0,0.0,1
distribution_feeder,30.770320410463928,-83.91407409715215,30.803546269300696,-83.90080825926805,3.899,1968,45,wood_pole,1.4,20.0,2,24.49,85.13,0.34,0.63,0.522,0.352,0.1516,7,DFR-01610,electric,0.76,0.0,False,0,,,,,2025,2470.0,0.0,0
distribution_feeder,32.607508878510686,-81.83630546217036,32.61615664140552,-81.84504636626227,1.261,1980,45,concrete_pole,0.9,36.2,3,68.88,286.41,0.561,0.433,1.0,0.712,0.5791,5,DFR-01611,electric,2.78,1.73,False,0,,,,,2026,6598.0,0.0,1
distribution_feeder,30.808131215882312,-84.65140425979766,30.817580483437343,-84.66890947662151,1.971,1995,45,wood_pole,1.4,47.2,3,16.77,80.48,0.446,0.772,0.379,0.329,0.2781,7,DFR-01612,electric,2.01,0.0,False,0,,,,,2023,2990.0,0.0,0
distribution_feeder,30.6847596588191,-84.35535129784695,30.69039649172212,-84.34346851261452,1.295,2001,45,wood_pole,1.4,63.8,2,17.97,69.3,0.171,0.442,0.308,0.392,0.5968,7,DFR-01613,electric,1.76,0.0,False,0,,,,,2025,4833.0,0.0,0
distribution_feeder,32.18263139605488,-81.54185413928992,32.13865730642296,-81.50722472499515,5.866,2011,45,wood_pole,1.4,84.2,3,53.77,233.13,0.699,0.638,0.964,0.697,0.2938,3,DFR-01614,electric,3.5,0.0,False,0,,,,,2025,5110.0,0.0,0
distribution_feeder,32.12593988431306,-81.76486413511496,32.11226977938014,-81.7396194959615,2.817,1982,45,wood_pole,1.4,30.8,3,46.98,231.46,0.624,0.632,0.886,0.784,0.3986,3,DFR-01615,electric,3.39,0.0,False,0,,,,,2025,3042.0,0.0,0
distribution_feeder,30.78803420280787,-84.00028809256396,30.78482577219438,-83.99228865393225,0.842,1963,45,underground,0.25,52.9,3,25.39,85.73,0.4,0.651,0.381,0.514,0.2906,7,DFR-01616,electric,4.92,0.0,False,0,,,,,2017,2826.0,0.0,0
distribution_feeder,31.27151032444168,-86.0,31.270038554006366,-85.97413169785193,2.46,1990,45,wood_pole,1.4,40.9,2,39.61,146.69,0.686,0.758,0.585,0.246,0.0845,0,DFR-01617,electric,1.49,0.0,False,0,,,,,2024,684.0,0.0,0
distribution_feeder,30.8633961016558,-84.31553094729422,30.882389493270875,-84.31123804371778,2.148,2001,45,underground,0.25,74.4,3,22.14,89.6,0.351,0.487,0.423,0.344,0.9706,7,DFR-01618,electric,1.52,0.0,False,0,,,,,2023,10727.0,0.0,1
distribution_feeder,31.225794213148824,-84.74346117131618,31.22807956895162,-84.7405860394421,0.373,2023,45,wood_pole,1.4,91.0,2,29.93,126.48,0.599,0.816,0.598,0.314,0.2445,7,DFR-01619,electric,0.49,2.13,False,0,,,,,2026,2176.0,0.0,1
distribution_feeder,32.407946065306184,-84.40332345148263,32.40769555995995,-84.39224407384057,1.039,1988,45,wood_pole,1.4,22.2,3,72.94,260.04,0.533,0.713,0.955,0.341,0.4936,4,DFR-01620,electric,3.26,0.0,False,0,,,,,2025,3447.0,0.0,0
distribution_feeder,31.016502588167008,-84.88573961578886,31.001417317114385,-84.8580290014639,3.123,1986,45,wood_pole,1.4,62.7,3,23.48,103.13,0.529,0.656,0.502,0.356,0.2293,7,DFR-01621,electric,2.65,0.0,False,0,,,,,2023,1834.0,0.0,1
distribution_feeder,31.43356175657965,-85.5086993681163,31.46499845145064,-85.48885134533683,3.964,1975,45,wood_pole,1.4,12.3,1,38.29,155.15,0.667,0.544,0.703,0.509,0.3295,0,DFR-01622,electric,2.94,0.0,False,0,,,,,2024,5354.0,0.0,0
distribution_feeder,30.991421478569688,-85.65572720765529,30.995255800807,-85.62992864061695,2.491,1998,45,wood_pole,1.4,67.5,3,25.77,108.65,0.493,0.714,0.499,0.127,0.1133,0,DFR-01623,electric,2.95,0.0,False,0,,,,,2025,1579.0,0.0,0
distribution_feeder,32.403912274595335,-81.80996717161563,32.40031986188872,-81.81948619843216,0.977,1985,45,composite_pole,0.85,43.8,3,58.83,263.26,0.289,0.479,0.923,0.805,0.8515,5,DFR-01624,electric,1.73,0.0,False,0,,,,,2024,7590.0,0.0,2
distribution_feeder,32.09025402223709,-84.78896980843456,32.078243486103794,-84.77279599237279,2.023,1967,45,wood_pole,1.4,9.1,3,55.88,222.34,0.864,0.783,0.894,0.414,0.1046,4,DFR-01625,electric,0.58,0.0,False,0,,,,,2024,1507.0,0.0,0
distribution_feeder,32.457948719838654,-82.05954438417155,32.42549250291796,-82.12602844657647,7.194,2003,45,wood_pole,1.4,75.4,3,69.69,274.29,0.703,0.613,1.0,0.91,0.2621,5,DFR-01626,electric,7.64,0.0,False,0,,,,,2019,3167.0,0.0,0
distribution_feeder,32.04043482688118,-81.60045944735587,32.024866308951985,-81.59271190687797,1.876,1973,45,wood_pole,1.4,6.2,3,41.42,218.54,0.723,0.644,0.844,0.865,0.1673,3,DFR-01627,electric,1.63,0.0,False,0,,,,,2025,2131.0,0.0,1
distribution_feeder,33.0,-82.10408605007814,33.000467119787466,-82.0960812280348,0.747,2025,45,wood_pole,1.4,100.0,1,91.2,335.29,0.807,0.652,1.0,0.631,0.1821,5,DFR-01628,electric,1.43,0.0,False,0,,,,,2025,3165.0,0.0,0
distribution_feeder,31.19598743512498,-85.20119490095009,31.244509897030255,-85.17165106726439,6.073,2010,45,wood_pole,1.4,65.3,3,31.17,124.74,0.687,0.689,0.614,0.43,0.13,0,DFR-01629,electric,3.51,0.0,False,0,,,,,2021,2260.0,0.0,0
distribution_feeder,32.730310087099774,-84.39144219075835,32.75010404345087,-84.40431863393239,2.505,1993,45,wood_pole,1.4,46.7,3,86.46,295.95,0.649,0.704,1.0,0.56,0.2943,4,DFR-01630,electric,1.41,0.0,False,0,,,,,2025,3703.0,0.0,1
distribution_feeder,32.29975912392557,-81.56035916758245,32.29975885023455,-81.54564140430318,1.381,1980,45,wood_pole,1.4,15.7,3,54.24,246.51,0.683,0.425,0.886,0.745,0.4814,5,DFR-01631,electric,1.36,0.0,False,0,,,,,2024,5814.0,0.0,3
distribution_feeder,30.75498394186513,-84.40046507885901,30.758525139533884,-84.40372851910159,0.501,2002,45,wood_pole,1.4,50.4,3,17.4,76.59,0.319,0.527,0.433,0.408,0.6843,7,DFR-01632,electric,3.51,0.0,False,0,,,,,2025,5800.0,0.0,0
distribution_feeder,32.27562470761419,-84.93321346298767,32.275981160323255,-84.98886440387216,5.223,1944,45,wood_pole,1.4,2.0,3,65.76,242.97,0.867,0.608,0.867,0.365,0.0879,4,DFR-01633,electric,5.13,0.0,False,0,,,,,2020,810.0,0.0,0
distribution_feeder,30.711761169715853,-84.701468452878,30.70170579758929,-84.73939904857134,3.788,2008,45,wood_pole,1.4,71.4,1,12.66,69.56,0.438,0.666,0.359,0.282,0.1504,7,DFR-01634,electric,1.57,0.0,False,0,,,,,2023,2381.0,0.0,0
distribution_feeder,31.924931787380853,-85.68675920370353,31.931555344776474,-85.75135517416297,6.13,2016,45,concrete_pole,0.9,81.5,3,53.52,212.85,0.749,0.83,0.874,0.629,0.0845,0,DFR-01635,electric,3.96,0.0,False,0,,,,,2025,978.0,0.0,1
distribution_feeder,31.152871093834655,-84.50004416439897,31.137232758805098,-84.54494749280381,4.605,1967,45,wood_pole,1.4,5.7,3,27.97,119.79,0.628,0.544,0.521,0.464,0.2953,7,DFR-01636,electric,1.56,0.0,False,0,,,,,2024,5003.0,0.0,0
distribution_feeder,32.234442587402356,-84.62292790623194,32.214159166551674,-84.61825196099825,2.294,2007,45,concrete_pole,0.9,87.3,2,63.14,238.95,0.692,0.67,0.927,0.438,0.2066,4,DFR-01637,electric,4.85,0.0,False,0,,,,,2022,3285.0,0.0,1
distribution_feeder,30.882645796997316,-84.605245363019,30.89258220085445,-84.6267001809487,2.322,1993,45,underground,0.25,94.2,3,22.51,89.01,0.312,0.637,0.449,0.289,0.4104,7,DFR-01638,electric,0.89,0.0,False,0,,,,,2024,8152.0,0.0,0
distribution_feeder,30.646782604061013,-84.96933808061384,30.66138354561698,-84.9721262016603,1.642,2003,45,wood_pole,1.4,52.2,3,11.23,62.28,0.368,0.836,0.358,0.124,0.0855,9,DFR-01639,electric,2.33,0.0,False,0,,,,,2025,1447.0,0.0,0
distribution_feeder,31.076071092192024,-84.45110765109902,31.07880811159764,-84.48925739227667,3.64,1971,45,wood_pole,1.4,15.7,2,27.04,111.71,0.418,0.631,0.596,0.534,0.389,7,DFR-01640,electric,2.48,0.0,False,0,,,,,2020,5668.0,0.0,0
distribution_feeder,30.808924236486817,-83.95470236981397,30.788692669404405,-83.94356829820225,2.484,2017,45,wood_pole,1.4,96.2,3,23.28,88.77,0.448,0.691,0.417,0.351,0.2095,7,DFR-01641,electric,0.11,1.56,False,0,,,,,2025,2609.0,0.0,1
distribution_feeder,31.09666311462979,-84.19651260551372,31.088755338690078,-84.1907473611714,1.035,1988,45,wood_pole,1.4,14.9,3,30.77,117.05,0.587,0.55,0.464,0.429,0.3052,7,DFR-01642,electric,2.8,0.0,False,0,,,,,2024,4282.0,0.0,1
distribution_feeder,32.39175226582376,-84.69164065397328,32.38271611241726,-84.68583915883615,1.141,1988,45,composite_pole,0.85,58.5,2,72.07,256.08,0.749,0.511,1.0,0.409,0.3171,4,DFR-01643,electric,6.3,0.0,False,0,,,,,2025,2344.0,0.0,0
distribution_feeder,32.42640294512695,-84.29016282938157,32.40837701991049,-84.29585823097966,2.071,1986,45,wood_pole,1.4,27.2,2,73.37,263.41,0.783,0.501,0.957,0.362,0.3024,4,DFR-01644,electric,1.21,0.0,False,0,,,,,2018,4747.0,0.0,0
distribution_feeder,31.09204369684035,-84.35567200301924,31.073732624573083,-84.34558867412977,2.247,1985,45,wood_pole,1.4,16.6,3,27.97,114.5,0.433,0.812,0.441,0.546,0.3582,7,DFR-01645,electric,0.6,0.0,False,0,,,,,2022,6272.0,0.0,0
distribution_feeder,31.71585607544148,-85.5623908712671,31.703954159293353,-85.57020117829354,1.513,2025,45,wood_pole,1.4,87.5,3,43.66,187.38,0.84,0.694,0.626,0.489,0.1384,0,DFR-01646,electric,4.14,0.0,False,0,,,,,2024,2461.0,0.0,0
distribution_feeder,32.63046351167652,-81.65945762271002,32.637651413707516,-81.67959401573935,2.044,1991,45,composite_pole,0.85,76.4,1,70.64,285.26,0.802,0.619,0.986,0.625,0.3229,5,DFR-01647,electric,3.52,0.0,False,0,,,,,2023,4310.0,0.0,1
distribution_feeder,32.901889082374815,-82.02829437012961,32.89764744276903,-82.0188051456891,1.002,2008,45,wood_pole,1.4,68.3,2,91.49,322.97,0.675,0.598,1.0,0.656,0.394,5,DFR-01648,electric,3.37,0.0,False,0,,,,,2025,3846.0,0.0,0
distribution_feeder,30.63479786817731,-84.28160049365378,30.614086865454535,-84.255763713588,3.373,1991,45,wood_pole,1.4,67.0,3,16.35,64.65,0.269,0.625,0.313,0.328,0.4964,7,DFR-01649,electric,2.05,0.0,False,0,,,,,2024,4810.0,0.0,1
distribution_feeder,31.936173475955446,-81.92138940210859,31.949397647145656,-81.9125907047803,1.686,2017,45,wood_pole,1.4,79.5,3,46.56,213.65,0.801,0.546,0.734,0.845,0.0989,3,DFR-01650,electric,1.93,0.0,False,0,,,,,2025,1165.0,0.0,0
distribution_feeder,30.502731600902305,-84.31599595577141,30.501394708418776,-84.33549945514197,1.871,1981,45,wood_pole,1.4,19.8,3,9.69,49.56,0.347,0.589,0.173,0.238,0.1824,7,DFR-01651,electric,0.7,1.91,False,0,,,,,2022,3239.0,0.0,1
distribution_feeder,32.84017689687647,-84.45265030595768,32.832524060493704,-84.47710459748987,2.434,2005,45,wood_pole,1.4,69.4,3,88.89,307.52,0.684,0.705,1.0,0.517,0.1653,4,DFR-01652,electric,3.2,1.72,False,0,,,,,2018,1980.0,0.0,0
distribution_feeder,30.862009124761997,-84.57895155402346,30.848253038992205,-84.54053718651726,3.966,1963,45,composite_pole,0.85,21.1,1,21.93,86.89,0.321,0.715,0.453,0.293,0.411,7,DFR-01653,electric,2.78,0.0,False,0,,,,,2024,3792.0,0.0,3
distribution_feeder,32.599204608510504,-81.7457688839497,32.60316727709405,-81.72392464523432,2.09,1969,45,wood_pole,1.4,4.2,3,75.56,283.59,0.544,0.609,1.0,0.684,0.4964,5,DFR-01654,electric,3.84,0.0,False,0,,,,,2018,8830.0,0.0,0
distribution_feeder,31.504899157484164,-85.29579073056092,31.48570487341759,-85.2990221132615,2.152,2019,45,composite_pole,0.85,100.0,3,37.88,160.05,0.553,0.626,0.59,0.478,0.302,0,DFR-01655,electric,3.49,0.0,False,0,,,,,2026,5899.0,0.0,1
distribution_feeder,30.692782192038134,-84.43399609975576,30.64837056044425,-84.43120259948022,4.937,1986,45,concrete_pole,0.9,49.4,3,16.16,69.34,0.203,0.525,0.386,0.4,0.4612,7,DFR-01656,electric,3.94,0.0,False,0,,,,,2024,5189.0,0.0,0
distribution_feeder,32.4990756749996,-81.97833913929736,32.491926378527886,-81.95676115921911,2.17,1990,45,wood_pole,1.4,29.5,2,68.32,277.27,0.579,0.443,1.0,0.791,0.4319,5,DFR-01657,electric,3.51,0.0,False,0,,,,,2023,2968.0,0.0,0
distribution_feeder,30.41488121408454,-84.27707631507825,30.41981882167054,-84.29626255670713,1.917,1990,45,wood_pole,1.4,34.0,1,7.95,40.29,0.206,0.669,0.328,0.385,0.1105,9,DFR-01658,electric,5.43,0.0,False,0,,,,,2025,2203.0,0.0,1
distribution_feeder,31.27519806533301,-85.36560059849113,31.329303301093994,-85.32746534261106,7.011,2006,45,composite_pole,0.85,63.0,3,32.97,135.43,0.505,0.595,0.574,0.28,0.3043,0,DFR-01659,electric,1.08,0.0,False,0,,,,,2024,5329.0,0.0,0
distribution_feeder,30.68884925701149,-84.59693064108326,30.695671804482057,-84.59660999351512,0.758,1975,45,composite_pole,0.85,38.6,2,17.34,67.55,0.199,0.716,0.437,0.34,0.1923,7,DFR-01660,electric,1.95,0.83,False,0,,,,,2023,3211.0,0.0,0
distribution_feeder,31.463681448577546,-85.36297942870937,31.46202006084798,-85.3558047858564,0.704,1985,45,wood_pole,1.4,29.8,3,41.51,156.32,0.542,0.604,0.533,0.486,0.3136,0,DFR-01661,electric,2.4,0.0,False,0,,,,,2025,5990.0,0.0,0
distribution_feeder,33.0,-81.77780099145136,32.9720435513549,-81.79207292444411,3.376,1992,45,underground,0.25,79.5,3,89.62,328.75,0.787,0.578,1.0,0.491,0.182,5,DFR-01662,electric,0.61,0.0,False,0,,,,,2015,3216.0,0.0,0
distribution_feeder,32.52668073314553,-81.91568410540629,32.499745333238224,-81.92398880164164,3.089,2009,45,wood_pole,1.4,85.6,3,67.99,279.08,0.593,0.524,0.971,0.705,0.5503,5,DFR-01663,electric,2.61,0.0,False,0,,,,,2025,7941.0,0.0,0
distribution_feeder,32.37567814240937,-82.01426127677684,32.385789053892886,-82.02763826923456,1.683,1955,45,wood_pole,1.4,2.0,3,64.5,264.28,0.843,0.773,0.99,0.864,0.3223,3,DFR-01664,electric,1.88,0.0,False,0,,,,,2022,3580.0,0.0,0
distribution_feeder,30.840574937444877,-84.40159883002755,30.790400254581726,-84.40823257271731,5.605,1993,45,wood_pole,1.4,27.2,3,20.15,86.08,0.242,0.542,0.329,0.412,0.7865,7,DFR-01665,electric,3.44,0.0,False,0,,,,,2021,12911.0,0.0,1
distribution_feeder,32.27192395979065,-81.84874637179608,32.288819258008765,-81.84959750091419,1.877,1980,45,wood_pole,1.4,28.0,3,55.76,249.42,0.632,0.508,0.897,0.853,0.7008,3,DFR-01666,electric,1.55,0.0,False,0,,,,,2024,6350.0,0.0,2
distribution_feeder,30.7816761480538,-84.30356685096802,30.771676483714714,-84.3256312830733,2.379,2019,45,wood_pole,1.4,73.7,2,22.06,80.67,0.26,0.417,0.467,0.269,0.937,7,DFR-01667,electric,1.74,0.0,False,0,,,,,2026,8818.0,0.0,1
distribution_feeder,31.756038960066167,-85.18765018411267,31.787708344529488,-85.18370771430726,3.535,2000,45,wood_pole,1.4,39.6,3,46.16,186.78,0.75,0.701,0.713,0.439,0.2276,0,DFR-01668,electric,2.97,0.0,False,0,,,,,2021,3559.0,0.0,0
distribution_feeder,30.75853175521875,-84.39906207651092,30.766829338304177,-84.3657237217236,3.311,2024,45,wood_pole,1.4,100.0,3,14.82,77.0,0.285,0.503,0.309,0.42,0.6954,7,DFR-01669,electric,2.5,0.0,False,0,,,,,2021,10542.0,0.0,1
distribution_feeder,32.08103284466777,-84.5301505800397,32.049368607986594,-84.51390711363378,3.832,1990,45,wood_pole,1.4,34.2,3,56.57,222.57,0.601,0.692,0.847,0.533,0.2397,4,DFR-01670,electric,0.88,0.0,False,0,,,,,2021,3422.0,0.0,0
distribution_feeder,30.77016029466396,-83.89171017987096,30.76499627766528,-83.87486677602539,1.706,1995,45,wood_pole,1.4,45.6,3,22.86,85.48,0.536,0.847,0.414,0.473,0.1325,7,DFR-01671,electric,5.69,0.0,False,0,,,,,2022,2072.0,0.0,0
distribution_feeder,32.556943768399826,-84.82349355389617,32.553734422384586,-84.81592841291688,0.792,2013,45,wood_pole,1.4,91.2,3,77.81,274.1,0.813,0.745,1.0,0.362,0.1678,4,DFR-01672,electric,1.62,0.0,False,0,,,,,2025,2392.0,0.0,1
distribution_feeder,30.898730235717114,-84.74997375156231,30.904830786999813,-84.77170009122139,2.177,1980,45,underground,0.25,74.1,3,22.45,90.16,0.403,0.634,0.37,0.328,0.3257,7,DFR-01673,electric,1.93,0.0,False,0,,,,,2020,4978.0,0.0,0
distribution_feeder,32.664556724544184,-81.8482642316669,32.66593885351004,-81.83921869489616,0.859,1991,45,wood_pole,1.4,20.9,3,73.23,292.99,0.526,0.71,0.994,0.65,0.5903,5,DFR-01674,electric,1.78,0.0,False,0,,,,,2019,5031.0,0.0,2
distribution_feeder,31.959637359067564,-81.80219028944325,31.97886776907737,-81.80896448590356,2.228,1973,45,wood_pole,1.4,13.5,3,43.8,213.79,0.814,0.647,0.836,0.881,0.1233,3,DFR-01675,electric,1.32,1.07,False,0,,,,,2023,888.0,0.0,0
distribution_feeder,30.961081057146806,-84.19337943106966,30.967072524435874,-84.17873679669009,1.544,1986,45,wood_pole,1.4,17.8,3,24.74,102.05,0.335,0.45,0.413,0.386,0.6866,7,DFR-01676,electric,2.45,0.0,False,0,,,,,2023,7481.0,0.0,1
distribution_feeder,30.961293736529882,-84.62212218004929,30.952680809272575,-84.57954285855138,4.164,1974,45,wood_pole,1.4,9.9,3,20.11,97.64,0.294,0.42,0.51,0.33,0.475,7,DFR-01677,electric,3.48,0.0,False,0,,,,,2019,7878.0,0.0,2
distribution_feeder,32.64903233532656,-81.77311959227364,32.65341020275245,-81.8011044926673,2.66,2004,45,wood_pole,1.4,69.5,3,70.16,289.7,0.413,0.477,1.0,0.662,0.4876,5,DFR-01678,electric,3.94,1.28,False,0,,,,,2023,9654.0,0.0,0
distribution_feeder,32.360926059890275,-81.77732768669145,32.3977260673024,-81.75871968854989,4.442,2019,45,composite_pole,0.85,100.0,2,59.86,257.81,0.416,0.27,0.882,0.723,0.919,5,DFR-01679,electric,1.04,0.0,False,0,,,,,2021,7924.0,0.0,0
distribution_feeder,32.753807362453195,-84.5567401590747,32.758704094860484,-84.54174179916784,1.502,1994,45,wood_pole,1.4,39.9,1,83.51,297.04,0.718,0.548,1.0,0.376,0.2931,4,DFR-01680,electric,2.96,1.02,False,0,,,,,2025,3887.0,0.0,0
distribution_feeder,32.840623539800454,-81.93708691446847,32.83434279799869,-81.94746477023415,1.193,1973,45,wood_pole,1.4,2.0,3,82.82,314.36,0.68,0.469,1.0,0.549,0.567,5,DFR-01681,electric,2.19,0.0,False,0,,,,,2025,10545.0,0.0,0
distribution_feeder,30.893243079603362,-84.5948923509055,30.882684661887996,-84.58975327988394,1.27,1966,45,underground,0.25,68.0,3,18.26,90.25,0.398,0.533,0.451,0.337,0.4298,7,DFR-01682,electric,3.0,0.0,False,0,,,,,2025,3124.0,0.0,1
distribution_feeder,31.859241567427773,-84.33842419591754,31.830403142862494,-84.34925062775788,3.36,2000,45,underground,0.25,83.3,3,51.97,199.86,0.734,0.596,0.779,0.487,0.2246,4,DFR-01683,electric,1.36,0.0,False,0,,,,,2024,2931.0,0.0,0
distribution_feeder,30.70912067690948,-84.10796083682877,30.71302887280012,-84.1044155604093,0.55,1994,45,underground,0.25,89.5,3,21.2,75.32,0.294,0.641,0.429,0.474,0.4787,7,DFR-01684,electric,3.49,0.0,False,0,,,,,2024,7215.0,0.0,0
distribution_feeder,31.43944312917225,-85.89362048524553,31.467507853911183,-85.92200728370007,4.115,2009,45,wood_pole,1.4,64.9,2,43.26,163.1,0.784,0.702,0.653,0.305,0.0927,0,DFR-01685,electric,2.73,0.0,False,0,,,,,2023,1048.0,0.0,0
distribution_feeder,32.80031941537421,-82.16592936667891,32.8014882194104,-82.13070158799778,3.289,1983,45,concrete_pole,0.9,43.0,3,84.23,314.24,0.768,0.631,1.0,0.729,0.2828,5,DFR-01686,electric,1.55,0.0,False,0,,,,,2022,5444.0,0.0,0
distribution_feeder,32.49493467628783,-81.71286251545516,32.47328385951917,-81.74556706684878,3.892,2025,45,wood_pole,1.4,100.0,3,64.92,271.33,0.468,0.553,0.988,0.647,0.674,5,DFR-01687,electric,2.6,0.0,False,0,,,,,2024,10602.0,0.0,0
distribution_feeder,32.97129828863389,-84.41508567298895,32.96026370605123,-84.39048871979394,2.597,1987,45,wood_pole,1.4,39.8,2,90.37,322.45,0.817,0.74,1.0,0.499,0.0925,4,DFR-01688,electric,5.81,0.0,False,0,,,,,2024,1323.0,0.0,0
distribution_feeder,31.309167416446225,-84.54174242069257,31.317378823039263,-84.53119951021066,1.353,1982,45,wood_pole,1.4,8.4,3,31.26,136.8,0.598,0.726,0.498,0.463,0.1474,7,DFR-01689,electric,1.82,0.0,False,0,,,,,2019,1049.0,0.0,0
distribution_feeder,31.1630808135544,-84.20056814155089,31.154700904328458,-84.11251684113677,8.415,2021,45,wood_pole,1.4,87.3,1,30.45,124.37,0.574,0.661,0.584,0.463,0.1892,7,DFR-01690,electric,1.18,0.0,False,0,,,,,2023,1473.0,0.0,0
distribution_feeder,32.66641584255476,-81.59560807291747,32.689832124252504,-81.58097769591247,2.937,1971,45,wood_pole,1.4,2.9,2,74.46,287.93,0.698,0.709,1.0,0.602,0.2027,5,DFR-01691,electric,6.05,0.0,False,0,,,,,2021,2487.0,0.0,1
distribution_feeder,32.59106837704393,-81.9532537575735,32.56755431076868,-81.94794033476049,2.657,1975,45,wood_pole,1.4,33.0,3,70.73,286.98,0.608,0.493,1.0,0.76,0.539,5,DFR-01692,electric,2.09,0.0,False,0,,,,,2019,7680.0,0.0,1
distribution_feeder,32.5317525314676,-81.89163513443152,32.54525488678831,-81.91529910038483,2.674,1990,45,wood_pole,1.4,60.8,1,70.15,279.15,0.483,0.542,1.0,0.774,0.5823,5,DFR-01693,electric,3.2,0.0,False,0,,,,,2023,10381.0,0.0,1
distribution_feeder,30.571027509685383,-84.14472696921305,30.579300055640893,-84.17161745043624,2.729,1993,45,composite_pole,0.85,57.6,3,14.85,59.45,0.358,0.565,0.375,0.303,0.2515,7,DFR-01694,electric,1.88,0.0,False,0,,,,,2025,2122.0,0.0,0
distribution_feeder,30.9177810969501,-84.06878551711593,30.90451809419675,-84.0452221841446,2.684,2005,45,concrete_pole,0.9,53.3,3,25.25,99.07,0.345,0.558,0.433,0.355,0.4435,7,DFR-01695,electric,2.91,0.0,False,0,,,,,2023,8376.0,0.0,2
distribution_feeder,32.43167808271202,-84.55809033799925,32.43399742600667,-84.4965617370581,5.77,2012,45,underground,0.25,91.6,3,73.1,261.27,0.422,0.346,1.0,0.371,0.6023,4,DFR-01696,electric,2.08,0.0,False,0,,,,,2021,7311.0,0.0,1
distribution_feeder,32.356495962978656,-81.55234889036055,32.346880013676845,-81.55472012692505,1.09,1945,45,wood_pole,1.4,2.0,3,58.56,252.64,0.593,0.488,0.89,0.73,0.4761,5,DFR-01697,electric,1.12,0.0,False,0,,,,,2023,4856.0,0.0,2
distribution_feeder,32.735221113115074,-84.40323249233282,32.744005014586314,-84.38477001337806,1.98,2018,45,wood_pole,1.4,78.1,3,85.16,296.37,0.711,0.662,1.0,0.491,0.2962,4,DFR-01698,electric,3.82,0.0,False,0,,,,,2021,3553.0,0.0,0
distribution_feeder,32.79111349348299,-81.78756155883185,32.766490995191155,-81.81096895252914,3.499,1984,45,underground,0.25,78.4,3,77.48,305.77,0.575,0.71,1.0,0.582,0.4437,5,DFR-01699,electric,3.11,0.0,False,0,,,,,2022,5825.0,0.0,0
distribution_feeder,30.722697420388727,-84.61111680947226,30.740238041492454,-84.60266382170556,2.107,1989,45,wood_pole,1.4,21.6,3,15.61,71.22,0.333,0.546,0.464,0.333,0.212,7,DFR-01700,electric,2.01,0.0,False,0,,,,,2020,1868.0,0.0,0
distribution_feeder,32.36344297385192,-81.5,32.36325751736345,-81.52989443162417,2.803,2012,45,wood_pole,1.4,68.4,2,55.07,252.37,0.775,0.621,0.856,0.647,0.331,5,DFR-01701,electric,1.64,0.0,False,0,,,,,2018,4965.0,0.0,0
distribution_feeder,32.677336262600456,-84.148264586019,32.67292215540777,-84.14170036440709,0.785,1996,45,wood_pole,1.4,33.0,3,83.9,293.2,0.955,0.74,1.0,0.596,0.1153,4,DFR-01702,electric,1.47,0.0,False,0,,,,,2025,1814.0,0.0,1
distribution_feeder,32.56208851690524,-84.73601556875745,32.55107672607449,-84.74308165167162,1.39,1980,45,wood_pole,1.4,23.3,3,75.96,274.83,0.579,0.632,0.964,0.403,0.3,4,DFR-01703,electric,1.46,0.0,False,0,,,,,2025,4546.0,0.0,1
distribution_feeder,32.72501122943325,-84.77955345635816,32.712686444804426,-84.78144245188986,1.379,1998,45,wood_pole,1.4,60.1,3,84.99,292.81,0.872,0.733,1.0,0.366,0.147,4,DFR-01704,electric,1.14,0.0,False,0,,,,,2019,2184.0,0.0,0
distribution_feeder,32.40459866392496,-84.94171137762567,32.401659343835675,-84.93116983381103,1.04,2009,45,concrete_pole,0.9,71.6,1,64.03,257.31,0.706,0.595,0.936,0.327,0.0938,4,DFR-01705,electric,0.93,0.0,False,0,,,,,2023,1344.0,0.0,0
distribution_feeder,30.76246073106627,-84.39203963212444,30.736938020157545,-84.39976378245711,2.927,2000,45,wood_pole,1.4,61.7,3,16.23,77.51,0.17,0.536,0.406,0.323,0.7224,7,DFR-01706,electric,3.26,0.0,False,0,,,,,2022,12841.0,0.0,0
distribution_feeder,31.229988146983104,-84.27506114595013,31.26577327039003,-84.2798088202324,3.998,1986,45,wood_pole,1.4,20.2,3,33.27,130.8,0.656,0.735,0.543,0.437,0.1353,7,DFR-01707,electric,1.99,0.0,False,0,,,,,2025,977.0,0.0,0
distribution_feeder,32.31752526688395,-84.53081615809414,32.32947787898947,-84.53303633968626,1.343,1975,45,concrete_pole,0.9,34.4,3,66.85,248.81,0.69,0.614,0.742,0.392,0.3771,4,DFR-01708,electric,2.19,0.0,False,0,,,,,2023,3668.0,0.0,0
distribution_feeder,32.665028699453444,-84.08543068772791,32.653426324234616,-84.12793234606208,4.175,2008,45,composite_pole,0.85,82.4,3,84.09,292.76,0.741,0.695,1.0,0.67,0.0958,4,DFR-01709,electric,1.91,0.0,False,0,,,,,2025,1084.0,0.0,0
distribution_feeder,32.1894764326045,-81.5,32.18896742188593,-81.49553746596825,0.423,1969,45,wood_pole,1.4,2.0,3,55.17,233.06,0.927,0.573,0.884,0.68,0.2344,5,DFR-01710,electric,2.43,0.0,False,0,,,,,2019,2994.0,0.0,0
distribution_feeder,30.990226603484405,-84.35918411177711,31.008363890205842,-84.35447723943376,2.062,1988,45,wood_pole,1.4,46.9,3,27.5,103.16,0.381,0.641,0.547,0.456,0.6363,7,DFR-01711,electric,3.06,0.0,False,0,,,,,2025,8083.0,0.0,0
distribution_feeder,32.85054101060417,-81.92188779449664,32.86043355535556,-81.95247433048635,3.056,2001,45,wood_pole,1.4,62.2,3,84.06,315.15,0.63,0.598,1.0,0.637,0.5462,5,DFR-01712,electric,4.35,0.0,False,0,,,,,2025,9692.0,0.0,1
distribution_feeder,32.42701795644925,-81.78177407228031,32.40873178474239,-81.78858883532658,2.128,2003,45,composite_pole,0.85,83.6,3,61.1,265.24,0.419,0.345,1.0,0.847,0.851,5,DFR-01713,electric,1.35,0.0,False,0,,,,,2013,15813.0,0.0,1
distribution_feeder,30.737012927331257,-84.32999261756191,30.72945094057366,-84.38811052414435,5.608,2004,45,wood_pole,1.4,56.5,2,20.73,75.39,0.245,0.359,0.342,0.267,0.7958,7,DFR-01714,electric,3.62,0.0,False,0,,,,,2023,14920.0,0.0,2
distribution_feeder,32.17107708767859,-84.40021181665445,32.1583320306461,-84.40699232406013,1.552,2000,45,composite_pole,0.85,73.7,3,64.23,233.78,0.684,0.551,0.823,0.499,0.2052,4,DFR-01715,electric,1.52,0.0,False,0,,,,,2022,2111.0,0.0,0
distribution_feeder,32.34089409400384,-84.31070942518076,32.344347130638724,-84.29877244533655,1.183,1982,45,wood_pole,1.4,15.0,2,67.85,253.66,0.917,0.623,0.922,0.534,0.2516,4,DFR-01716,electric,5.07,1.41,False,0,,,,,2025,3453.0,0.0,0
distribution_feeder,31.86546392900951,-84.64122877894864,31.861450112470223,-84.652638563966,1.164,1985,45,wood_pole,1.4,22.9,3,51.79,197.9,0.807,0.682,0.744,0.46,0.1901,4,DFR-01717,electric,2.27,0.0,False,0,,,,,2025,3470.0,0.0,0
distribution_feeder,32.10869260972805,-84.44783566362297,32.14593132978211,-84.45875283412114,4.259,2020,45,wood_pole,1.4,81.3,3,62.56,226.37,0.714,0.703,0.797,0.357,0.2354,4,DFR-01718,electric,1.37,0.0,False,0,,,,,2021,2126.0,0.0,0
distribution_feeder,31.295272808146514,-85.58425293717167,31.277074069882463,-85.5918318506555,2.144,1981,45,wood_pole,1.4,12.0,3,33.76,141.08,0.646,0.544,0.588,0.314,0.3531,0,DFR-01719,electric,0.79,0.0,False,0,,,,,2025,4720.0,0.0,1
distribution_feeder,30.553418470917794,-84.46348280310275,30.519688136740744,-84.47372753920128,3.87,1974,45,wood_pole,1.4,17.8,3,11.21,53.58,0.269,0.716,0.353,0.301,0.1772,7,DFR-01720,electric,0.97,0.0,False,0,,,,,2021,2744.0,0.0,1
distribution_feeder,31.61361441162382,-85.82400718496035,31.61563702562937,-85.83274200633663,0.856,1991,45,concrete_pole,0.9,50.0,3,51.31,181.01,0.864,0.775,0.755,0.514,0.0887,0,DFR-01721,electric,1.24,0.0,False,0,,,,,2023,1233.0,0.0,1
distribution_feeder,32.11573836743984,-85.62340257088663,32.10479300190675,-85.59738099593288,2.731,1976,45,wood_pole,1.4,13.4,3,60.57,232.85,0.97,0.822,0.908,0.584,0.0824,0,DFR-01722,electric,3.47,0.0,False,0,,,,,2023,1223.0,0.0,0
distribution_feeder,32.64151295433526,-84.35230670016405,32.64610633716085,-84.35429318488254,0.543,2004,45,wood_pole,1.4,53.2,3,81.11,286.53,0.695,0.53,0.991,0.55,0.3889,4,DFR-01723,electric,1.38,0.0,False,0,,,,,2019,6028.0,0.0,0
distribution_feeder,30.995094798491706,-84.11995932763469,31.0001279172066,-84.10782221752407,1.283,1988,45,wood_pole,1.4,38.8,3,25.96,106.88,0.435,0.449,0.485,0.423,0.441,7,DFR-01724,electric,2.34,0.0,False,0,,,,,2024,7272.0,0.0,0
distribution_feeder,32.27669554098931,-82.1223750642576,32.24070672869211,-82.09679756795434,4.66,2011,45,wood_pole,1.4,74.2,2,63.04,255.34,0.832,0.615,1.0,0.912,0.1352,3,DFR-01725,electric,3.47,0.0,False,0,,,,,2026,2199.0,0.0,0
distribution_feeder,30.79039621083065,-84.10900656636493,30.79020505414005,-84.11943016186005,0.994,1993,45,composite_pole,0.85,57.5,3,16.28,84.32,0.305,0.508,0.431,0.427,0.6078,7,DFR-01726,electric,0.68,0.77,False,0,,,,,2022,7535.0,0.0,1
distribution_feeder,31.298900151707926,-84.43635811131186,31.31875131408084,-84.4054616972425,3.666,1985,45,wood_pole,1.4,34.0,3,28.71,136.59,0.678,0.561,0.612,0.491,0.124,7,DFR-01727,electric,0.52,0.0,False,0,,,,,2023,1459.0,0.0,0
distribution_feeder,32.43370489612931,-84.09880452850699,32.42319258054396,-84.10630623927406,1.362,1929,45,wood_pole,1.4,2.0,2,74.99,266.88,0.723,0.644,0.968,0.592,0.1043,4,DFR-01728,electric,2.31,0.0,False,0,,,,,2024,1411.0,0.0,1
distribution_feeder,31.86577980064228,-85.55174426719182,31.857113090741176,-85.56096482843172,1.297,2010,45,wood_pole,1.4,53.2,3,52.0,203.84,0.817,0.831,0.735,0.585,0.1051,0,DFR-01729,electric,2.47,0.0,False,0,,,,,2022,1905.0,0.0,1
distribution_feeder,32.24495577510503,-84.27408570595064,32.26075129118755,-84.27831836293687,1.798,1974,45,wood_pole,1.4,9.6,3,64.86,243.47,0.884,0.563,0.879,0.447,0.1521,4,DFR-01730,electric,5.31,0.0,False,0,,,,,2025,1393.0,0.0,0
distribution_feeder,32.29336936435894,-84.55614784128433,32.317181613977915,-84.56217705278334,2.703,1961,45,wood_pole,1.4,2.0,3,62.8,245.94,0.773,0.66,0.945,0.418,0.3207,4,DFR-01731,electric,0.89,0.0,False,0,,,,,2022,2608.0,0.0,1
distribution_feeder,32.12789629307127,-81.5,32.11432522213051,-81.49749590243837,1.525,1987,45,wood_pole,1.4,31.4,3,49.11,226.22,0.822,0.785,0.851,0.732,0.1785,3,DFR-01732,electric,1.42,0.0,False,0,,,,,2025,1393.0,0.0,1
distribution_feeder,31.11932889636185,-85.06849468323682,31.116238518843403,-85.06697349099122,0.372,1971,45,underground,0.25,65.7,3,26.7,115.2,0.409,0.567,0.555,0.363,0.1007,0,DFR-01733,electric,2.19,0.0,False,0,,,,,2022,1441.0,0.0,0
distribution_feeder,32.99867966871725,-84.80353456264295,33.03804621678136,-84.77791701642278,4.978,1974,45,composite_pole,0.85,38.4,3,91.8,323.15,0.946,0.751,1.0,0.442,0.0833,4,DFR-01734,electric,0.65,0.0,False,0,,,,,2024,1027.0,0.0,0
distribution_feeder,30.870412512263414,-84.64123421750024,30.872355930992676,-84.61728226794547,2.292,1988,45,composite_pole,0.85,47.0,3,19.66,87.45,0.495,0.51,0.37,0.308,0.3695,7,DFR-01735,electric,1.35,0.0,False,0,,,,,2023,2650.0,0.0,1
distribution_feeder,30.781642149531205,-84.99876786910818,30.776502253875268,-84.99891064949018,0.571,2008,45,wood_pole,1.4,56.9,3,15.08,77.36,0.379,0.675,0.307,0.144,0.0949,9,DFR-01736,electric,2.36,1.64,False,0,,,,,2024,861.0,0.0,0
distribution_feeder,31.80017888865778,-84.92330680678553,31.806141589356756,-84.93197557413137,1.052,1981,45,wood_pole,1.4,54.4,3,45.59,190.18,0.86,0.563,0.677,0.429,0.0967,0,DFR-01737,electric,3.06,0.0,False,0,,,,,2024,1625.0,0.0,0
distribution_feeder,31.66272221641387,-85.50761088676902,31.66737224778536,-85.48164322603259,2.507,1992,45,wood_pole,1.4,58.7,3,47.0,180.56,0.827,0.713,0.681,0.56,0.1909,0,DFR-01738,electric,1.57,0.0,False,0,,,,,2023,3143.0,0.0,1
distribution_feeder,32.67379363888225,-84.16518875596202,32.67965000917822,-84.17729928975227,1.305,2007,45,wood_pole,1.4,75.7,3,80.04,292.56,0.843,0.667,1.0,0.675,0.1248,4,DFR-01739,electric,2.91,0.0,False,0,,,,,2022,1299.0,0.0,0
distribution_feeder,32.981114058595104,-81.69482398765771,32.99159328672007,-81.66129805428906,3.331,1971,45,underground,0.25,63.0,3,90.43,324.92,0.748,0.628,1.0,0.557,0.1436,5,DFR-01740,electric,1.92,0.0,False,0,,,,,2024,1698.0,0.0,0
distribution_feeder,31.94595909971844,-84.26308567197881,31.96193677811445,-84.25816322456093,1.833,1983,45,composite_pole,0.85,69.3,3,56.48,210.43,0.742,0.615,0.792,0.475,0.1837,4,DFR-01741,electric,5.64,0.0,False,0,,,,,2024,2728.0,0.0,0
distribution_feeder,30.771116749375974,-84.35171519706144,30.781202332732676,-84.36347889339095,1.585,1980,45,wood_pole,1.4,26.5,3,20.26,78.92,0.149,0.394,0.38,0.346,0.8393,7,DFR-01742,electric,5.79,0.0,False,0,,,,,2025,7501.0,0.0,0
distribution_feeder,32.12297720378084,-81.93470639178253,32.12974092184238,-81.94484450199494,1.213,2014,45,wood_pole,1.4,72.6,3,55.52,234.65,0.807,0.676,0.907,0.907,0.2401,3,DFR-01743,electric,0.94,0.0,False,0,,,,,2025,2232.0,0.0,0
distribution_feeder,32.80736986977033,-82.05574705401516,32.79737231456596,-82.0801457052527,2.532,1987,45,composite_pole,0.85,55.7,2,82.64,313.0,0.749,0.669,1.0,0.754,0.4938,5,DFR-01744,electric,2.32,0.0,False,0,,,,,2023,6645.0,0.0,0
distribution_feeder,30.564379961338915,-84.04186539435462,30.514946055424875,-84.04227386923958,5.487,2020,45,wood_pole,1.4,80.7,3,15.09,60.26,0.385,0.69,0.342,0.402,0.1593,7,DFR-01745,electric,4.03,0.0,False,0,,,,,2026,1645.0,0.0,0
distribution_feeder,30.999722626698585,-84.23322844860257,31.008109779191688,-84.25196957940625,2.012,2009,45,composite_pole,0.85,94.1,2,24.24,105.79,0.485,0.513,0.575,0.461,0.6201,7,DFR-01746,electric,1.0,0.0,False,0,,,,,2025,4376.0,0.0,2
distribution_feeder,32.23748517292157,-81.80462187210436,32.22741981325537,-81.77273593573035,3.195,2025,45,wood_pole,1.4,95.1,3,55.88,244.68,0.352,0.474,0.95,0.844,0.7028,3,DFR-01747,electric,8.55,0.0,False,0,,,,,2023,12922.0,0.0,1
distribution_feeder,30.66867768144108,-83.57251695104333,30.662937594497702,-83.56393203797064,1.038,1992,45,wood_pole,1.4,56.3,2,21.72,79.15,0.484,0.632,0.405,0.429,0.0821,7,DFR-01748,electric,2.04,0.0,False,0,,,,,2026,1255.0,0.0,0
distribution_feeder,30.992414239355984,-84.56703912657244,30.983184300155596,-84.58561874715052,2.043,1976,45,wood_pole,1.4,23.5,3,23.55,101.45,0.285,0.471,0.44,0.393,0.4896,7,DFR-01749,electric,2.24,0.0,False,0,,,,,2020,6905.0,0.0,0
distribution_feeder,32.27295624346366,-84.53749734513214,32.23073669794276,-84.53783621084585,4.686,1982,45,wood_pole,1.4,13.5,1,64.72,243.81,0.93,0.765,1.0,0.349,0.2951,4,DFR-01750,electric,2.54,0.0,False,0,,,,,2019,3192.0,0.0,0
distribution_feeder,32.16737383483409,-81.76678835046457,32.1173037247179,-81.84133418251706,8.942,1975,45,composite_pole,0.85,41.9,2,51.79,236.1,0.678,0.42,0.808,0.806,0.5204,3,DFR-01751,electric,1.16,0.0,False,0,,,,,2022,7132.0,0.0,1
distribution_feeder,31.031753611266623,-84.38105660051622,31.030703981341098,-84.40735972290808,2.505,2001,45,wood_pole,1.4,71.6,3,25.09,107.52,0.455,0.674,0.46,0.392,0.5031,7,DFR-01752,electric,1.32,0.0,False,0,,,,,2023,3368.0,0.0,0
distribution_feeder,31.612014790764782,-85.57782011797006,31.580333852734757,-85.57881549994755,3.518,1987,45,wood_pole,1.4,21.5,3,46.36,176.12,0.751,0.678,0.794,0.523,0.1644,0,DFR-01753,electric,3.87,0.0,False,0,,,,,2025,1988.0,0.0,1
distribution_feeder,31.447353712253832,-85.73067127596174,31.450402444770813,-85.72058765685954,1.013,1994,45,wood_pole,1.4,44.4,3,44.4,160.69,0.753,0.796,0.654,0.44,0.156,0,DFR-01754,electric,0.39,0.0,False,0,,,,,2023,1734.0,0.0,0
distribution_feeder,31.90650760312917,-84.554105647715,31.908122242736642,-84.48825516187863,6.208,2012,45,concrete_pole,0.9,83.1,2,50.52,203.01,0.765,0.758,0.866,0.461,0.2689,4,DFR-01755,electric,1.11,2.15,False,0,,,,,2022,3413.0,0.0,0
distribution_feeder,32.346254333042445,-81.5,32.36477175271624,-81.49261690742667,2.169,2002,45,wood_pole,1.4,46.7,2,53.13,250.46,0.688,0.74,0.994,0.676,0.3319,5,DFR-01756,electric,2.95,1.2,False,0,,,,,2025,2496.0,0.0,0
distribution_feeder,32.48097048670139,-81.54811454052414,32.47663058020421,-81.52989558146432,1.773,1957,45,composite_pole,0.85,2.0,2,70.49,266.38,0.73,0.61,1.0,0.643,0.3585,5,DFR-01757,electric,1.14,0.0,False,0,,,,,2025,4261.0,0.0,1
distribution_feeder,31.91641785232054,-81.822052696228,31.906669973250636,-81.80636258681072,1.832,1975,45,wood_pole,1.4,2.7,3,43.32,209.4,0.827,0.561,0.833,0.888,0.1017,3,DFR-01758,electric,4.96,0.0,False,0,,,,,2023,1889.0,0.0,0
distribution_feeder,32.26566508808798,-82.02251443688623,32.25118296161156,-82.02665949272654,1.654,1983,45,wood_pole,1.4,32.3,2,54.23,252.23,0.72,0.657,0.968,0.945,0.2563,3,DFR-01759,electric,2.62,0.0,False,0,,,,,2024,3464.0,0.0,0
distribution_feeder,30.949951960039723,-84.27056332050392,30.935424261275177,-84.27114198539346,1.614,1988,45,wood_pole,1.4,29.3,3,23.69,99.77,0.283,0.333,0.437,0.43,0.8093,7,DFR-01760,electric,3.57,0.0,False,0,,,,,2025,9914.0,0.0,0
distribution_feeder,31.05632456509806,-85.27140437062869,31.048958833871488,-85.26021185747118,1.342,2005,45,wood_pole,1.4,66.0,2,24.11,109.97,0.673,0.776,0.514,0.304,0.1166,0,DFR-01761,electric,1.69,0.0,False,0,,,,,2020,1801.0,0.0,0
distribution_feeder,32.51205960461627,-81.5,32.481614186289946,-81.469416116399,4.429,1996,45,wood_pole,1.4,54.0,3,63.98,268.86,0.747,0.655,0.934,0.59,0.2339,5,DFR-01762,electric,3.02,0.0,False,0,,,,,2024,3270.0,0.0,0
distribution_feeder,32.501199525825584,-82.09678435782511,32.48178822796993,-82.06293323718371,3.832,1967,45,wood_pole,1.4,2.0,3,68.91,279.79,0.89,0.689,1.0,0.86,0.2353,5,DFR-01763,electric,1.87,0.0,False,0,,,,,2024,3716.0,0.0,0
distribution_feeder,31.026370248172164,-84.3562555263688,31.01415255228362,-84.3607059971158,1.421,1989,45,wood_pole,1.4,40.4,3,25.76,107.2,0.443,0.545,0.51,0.475,0.5331,7,DFR-01764,electric,2.18,0.0,False,0,,,,,2025,10618.0,0.0,0
distribution_feeder,32.48924120170388,-84.17988862037438,32.48789608112667,-84.19005021849203,0.963,1999,45,concrete_pole,0.9,69.7,2,79.74,271.86,0.861,0.763,1.0,0.613,0.1623,4,DFR-01765,electric,1.22,0.0,False,0,,,,,2023,2785.0,0.0,0
distribution_feeder,31.29952312110949,-85.31100005616223,31.29514285018405,-85.27294681598312,3.642,1972,45,wood_pole,1.4,2.0,3,30.98,137.43,0.62,0.569,0.657,0.386,0.2543,0,DFR-01766,electric,0.24,0.0,False,0,,,,,2025,1925.0,0.0,0
distribution_feeder,32.362668771342015,-84.42209902808011,32.362354569228806,-84.43275851821176,1.0,1965,45,wood_pole,1.4,2.0,3,68.54,254.82,0.707,0.685,0.922,0.511,0.4328,4,DFR-01767,electric,3.35,0.0,False,0,,,,,2026,3112.0,0.0,0
distribution_feeder,32.45007509149963,-81.74822412807904,32.437144882207505,-81.6842529838977,6.162,1993,45,wood_pole,1.4,41.9,2,66.27,267.09,0.547,0.422,0.871,0.657,0.811,5,DFR-01768,electric,2.38,0.0,False,0,,,,,2024,13785.0,0.0,3
distribution_feeder,30.753158835470877,-84.23531635464903,30.758870648044223,-84.21438770667731,2.095,1955,45,wood_pole,1.4,2.0,3,17.0,78.39,0.29,0.413,0.44,0.388,0.8643,7,DFR-01769,electric,2.7,0.0,False,0,,,,,2024,9028.0,0.0,0
distribution_feeder,32.20336400929656,-81.59251835351449,32.21877856294187,-81.58421778434474,1.88,1981,45,wood_pole,1.4,31.5,3,54.64,236.47,0.726,0.469,0.882,0.738,0.4261,3,DFR-01770,electric,1.12,0.0,False,0,,,,,2024,4875.0,0.0,0
distribution_feeder,31.15999015772197,-85.70828258679994,31.174139204575695,-85.68373462232076,2.811,1993,45,wood_pole,1.4,46.1,3,30.71,128.35,0.54,0.704,0.513,0.202,0.1752,0,DFR-01771,electric,2.82,0.0,False,0,,,,,2023,1848.0,0.0,1
distribution_feeder,32.71242225074849,-84.41596985189108,32.686269723844326,-84.41510132445877,2.904,1972,45,wood_pole,1.4,9.1,3,78.82,293.7,0.565,0.631,1.0,0.502,0.351,4,DFR-01772,electric,1.06,0.0,False,0,,,,,2023,4869.0,0.0,1
distribution_feeder,31.10530836933634,-84.43528513449314,31.117229434568014,-84.44258360618929,1.494,1982,45,wood_pole,1.4,33.6,3,28.39,115.12,0.546,0.621,0.532,0.518,0.3348,7,DFR-01773,electric,3.16,0.0,False,0,,,,,2025,4928.0,0.0,0
distribution_feeder,30.91412065711008,-84.34631021084746,30.90789442051154,-84.38225323915779,3.492,1988,45,concrete_pole,0.9,52.8,3,21.84,94.86,0.218,0.434,0.386,0.387,0.8503,7,DFR-01774,electric,2.44,0.0,False,0,,,,,2019,16762.0,0.0,3
distribution_feeder,32.37769868342946,-84.26876497685535,32.38189322872141,-84.25255103261456,1.59,1998,45,concrete_pole,0.9,51.8,1,73.3,258.27,0.681,0.69,0.929,0.575,0.2294,4,DFR-01775,electric,1.87,0.0,False,0,,,,,2023,3374.0,0.0,0
distribution_feeder,32.206093380773176,-81.82097576910077,32.214962891685815,-81.78257403144197,3.739,1972,45,wood_pole,1.4,13.2,3,55.25,241.53,0.593,0.642,0.845,0.941,0.5917,3,DFR-01776,electric,4.52,0.0,False,0,,,,,2023,10375.0,0.0,0
distribution_feeder,31.093221688186695,-84.22211598340265,31.09001631773844,-84.20203426785709,1.942,1977,45,wood_pole,1.4,19.5,1,31.69,116.32,0.413,0.644,0.541,0.414,0.3302,7,DFR-01777,electric,9.49,0.0,False,0,,,,,2023,5260.0,0.0,1
distribution_feeder,32.6238806218884,-81.84847207749972,32.624163093730836,-81.87133767453297,2.138,1998,45,composite_pole,0.85,70.5,3,72.39,288.48,0.612,0.566,1.0,0.713,0.5849,5,DFR-01778,electric,2.64,0.0,False,0,,,,,2024,6698.0,0.0,1
distribution_feeder,31.526014149884407,-85.4144628740223,31.537307866832464,-85.40760356760431,1.412,1967,45,wood_pole,1.4,2.0,3,39.64,163.95,0.603,0.503,0.744,0.374,0.302,0,DFR-01779,electric,3.49,0.0,False,0,,,,,2023,5710.0,0.0,0
distribution_feeder,31.498446457934598,-85.27899111398858,31.47655490810587,-85.28921050826442,2.615,1987,45,wood_pole,1.4,40.6,3,39.62,159.13,0.747,0.562,0.65,0.485,0.2935,0,DFR-01780,electric,1.08,0.0,False,0,,,,,2023,3642.0,0.0,0
distribution_feeder,32.25717487087295,-81.71933275718652,32.273927336311196,-81.73963671764092,2.663,1974,45,wood_pole,1.4,21.5,3,53.67,245.08,0.559,0.394,0.959,0.721,0.7823,3,DFR-01781,electric,3.04,0.0,False,0,,,,,2025,9148.0,0.0,1
distribution_feeder,30.602777712263578,-83.92462924457097,30.60415254620354,-83.89851760760695,2.499,2023,45,wood_pole,1.4,89.3,3,20.07,66.37,0.447,0.655,0.338,0.364,0.1122,7,DFR-01782,electric,0.65,2.32,False,0,,,,,2021,762.0,0.0,0
distribution_feeder,31.402129837628667,-85.40467676654157,31.408285717552456,-85.39756619665023,0.96,1980,45,wood_pole,1.4,12.7,3,36.68,150.06,0.626,0.691,0.807,0.442,0.3413,0,DFR-01783,electric,1.88,0.0,False,0,,,,,2023,5205.0,0.0,1
distribution_feeder,32.24384377643701,-81.80301301219575,32.24902314211534,-81.79171672249207,1.206,1986,45,composite_pole,0.85,55.3,1,54.16,245.35,0.515,0.426,0.888,0.821,0.722,3,DFR-01784,electric,0.49,0.0,False,0,,,,,2022,4916.0,0.0,0
distribution_feeder,31.675072404175573,-85.11423986501389,31.685663585121613,-85.1421528624239,2.887,2004,45,underground,0.25,78.6,3,43.83,177.19,0.697,0.598,0.722,0.511,0.2159,0,DFR-01785,electric,5.52,0.0,False,0,,,,,2018,3706.0,0.0,0
distribution_feeder,30.96248888767403,-84.53245057938078,30.974417027823602,-84.55165729835915,2.257,2013,45,composite_pole,0.85,89.7,3,21.11,98.39,0.347,0.403,0.393,0.378,0.5034,7,DFR-01786,electric,0.32,0.0,False,0,,,,,2025,6722.0,0.0,1
distribution_feeder,30.889665346054613,-84.38130256011374,30.90242713722893,-84.43891404548877,5.668,1985,45,composite_pole,0.85,58.8,2,19.32,91.75,0.251,0.44,0.391,0.346,0.8184,7,DFR-01787,electric,2.58,0.0,False,0,,,,,2023,14729.0,0.0,0
distribution_feeder,31.067881775154824,-84.02476669093184,31.040018479673595,-84.0654978293663,4.956,1998,45,underground,0.25,85.9,3,31.17,116.41,0.454,0.564,0.436,0.408,0.1802,7,DFR-01788,electric,1.78,0.0,False,0,,,,,2019,3233.0,0.0,0
distribution_feeder,31.846404495025062,-81.67966646701078,31.85758027804949,-81.69010558169013,1.584,1974,45,wood_pole,1.4,7.9,2,37.8,198.65,0.824,0.747,0.855,0.825,0.0876,3,DFR-01789,electric,2.44,0.0,False,0,,,,,2025,1567.0,0.0,0
distribution_feeder,30.977331451657278,-84.94400177530187,30.987417320053414,-85.02595229824581,7.879,1983,45,concrete_pole,0.9,55.9,3,19.38,98.89,0.418,0.806,0.565,0.356,0.1612,7,DFR-01790,electric,1.55,0.0,False,0,,,,,2022,2869.0,0.0,0
distribution_feeder,32.84261091402651,-81.99632168107746,32.88312170839841,-81.9680896705571,5.211,2025,45,composite_pole,0.85,96.3,3,81.87,315.76,0.663,0.452,1.0,0.575,0.5347,5,DFR-01791,electric,2.4,0.0,False,0,,,,,2023,8705.0,0.0,0
distribution_feeder,30.65533481907021,-84.104562364668,30.684301574644525,-84.10775189961758,3.23,1998,45,wood_pole,1.4,63.1,3,19.5,69.4,0.352,0.438,0.426,0.49,0.3628,7,DFR-01792,electric,0.45,0.0,False,0,,,,,2021,3923.0,0.0,2
distribution_feeder,32.23181210056476,-81.81689973125984,32.25016605974709,-81.80834128016294,2.19,1994,45,wood_pole,1.4,38.4,3,56.66,244.3,0.472,0.503,0.921,0.819,0.6696,3,DFR-01793,electric,3.58,0.0,False,0,,,,,2022,9575.0,0.0,2
distribution_feeder,31.15770246143673,-84.75093919587506,31.172234240593863,-84.76463795877287,2.072,1980,45,concrete_pole,0.9,43.0,3,26.46,118.9,0.618,0.729,0.467,0.347,0.3252,7,DFR-01794,electric,1.63,0.0,False,0,,,,,2022,4546.0,0.0,0
distribution_feeder,31.14855494493696,-84.70931023871371,31.15863585824049,-84.71772093238381,1.375,2002,45,composite_pole,0.85,71.2,3,29.69,118.01,0.597,0.411,0.587,0.378,0.3656,7,DFR-01795,electric,2.19,0.0,False,0,,,,,2023,6615.0,0.0,0
distribution_feeder,30.874031964067143,-83.87289249969633,30.87475044960679,-83.93229827882944,5.66,2018,45,wood_pole,1.4,82.8,1,28.98,97.31,0.357,0.479,0.352,0.377,0.1222,7,DFR-01796,electric,2.86,0.0,False,0,,,,,2023,2323.0,0.0,0
distribution_feeder,30.772032878173068,-83.97904317905018,30.801562134632622,-83.99567040897942,3.641,1969,45,concrete_pole,0.9,17.2,1,17.87,84.29,0.467,0.65,0.459,0.492,0.2414,7,DFR-01797,electric,1.46,0.0,False,0,,,,,2022,2967.0,0.0,0
distribution_feeder,33.0,-82.09019272034953,33.00243272313697,-82.0403090443095,4.652,1968,45,wood_pole,1.4,7.7,3,92.29,335.03,0.791,0.528,1.0,0.646,0.191,5,DFR-01798,electric,2.83,0.0,False,0,,,,,2024,1888.0,0.0,0
distribution_feeder,32.60133826364212,-84.3742537498405,32.63550452621482,-84.39426357209409,4.229,2002,45,wood_pole,1.4,50.5,3,79.02,281.82,0.623,0.581,1.0,0.505,0.4876,4,DFR-01799,electric,1.91,0.0,False,0,,,,,2021,8751.0,0.0,0
distribution_feeder,31.24613983000359,-85.45015667786548,31.254154201842805,-85.47314178848022,2.356,1971,45,wood_pole,1.4,2.0,3,31.61,133.42,0.533,0.67,0.548,0.267,0.3605,0,DFR-01800,electric,3.8,0.0,False,0,,,,,2022,2628.0,0.0,0
distribution_feeder,32.339637704156075,-84.44186143101024,32.32832609315983,-84.42857107312855,1.769,1999,45,wood_pole,1.4,46.5,3,70.43,252.06,0.636,0.734,0.993,0.47,0.4045,4,DFR-01801,electric,2.51,0.0,False,0,,,,,2023,6809.0,0.0,0
distribution_feeder,32.707835778030926,-84.43753756503584,32.70057183349491,-84.43009798023314,1.064,1973,45,wood_pole,1.4,8.0,3,79.55,292.97,0.754,0.622,1.0,0.525,0.3791,4,DFR-01802,electric,3.85,0.0,False,0,,,,,2022,4095.0,0.0,0
distribution_feeder,32.54278518766164,-81.96094495976374,32.541297452063546,-81.93398189395354,2.528,1987,45,underground,0.25,80.4,3,68.71,281.78,0.537,0.517,1.0,0.787,0.4869,5,DFR-01803,electric,2.89,0.0,False,0,,,,,2023,9480.0,0.0,0
distribution_feeder,30.69715319925331,-84.14488882607188,30.691259888918808,-84.13287663124594,1.32,2009,45,wood_pole,1.4,82.7,2,17.85,73.44,0.169,0.542,0.355,0.416,0.5415,7,DFR-01804,electric,1.48,2.17,False,0,,,,,2024,4530.0,0.0,0
distribution_feeder,32.73560075935634,-82.34517306193014,32.720847451113734,-82.30542985230673,4.056,2001,45,wood_pole,1.4,67.9,3,80.36,309.91,0.829,0.698,1.0,0.89,0.1052,5,DFR-01805,electric,1.74,0.0,False,0,,,,,2024,1731.0,0.0,0
distribution_feeder,32.77220979888223,-81.91092596500924,32.759812166808565,-81.9209275513435,1.663,2025,45,wood_pole,1.4,100.0,2,80.35,306.23,0.463,0.733,1.0,0.729,0.645,5,DFR-01806,electric,3.26,0.0,False,0,,,,,2021,7105.0,0.0,1
distribution_feeder,32.67419624999981,-81.98624082363233,32.64399152664743,-82.00422758641892,3.75,1993,45,composite_pole,0.85,64.3,3,78.23,296.87,0.533,0.439,1.0,0.735,0.5987,5,DFR-01807,electric,1.63,0.0,False,0,,,,,2021,4202.0,0.0,1
distribution_feeder,32.41626281014332,-84.81515301957425,32.415734714282785,-84.83792842135696,2.135,2013,45,wood_pole,1.4,62.2,3,71.19,258.49,0.836,0.687,0.911,0.414,0.1609,4,DFR-01808,electric,1.81,0.0,False,0,,,,,2022,2286.0,0.0,0
distribution_feeder,30.391381383168625,-84.81152920168161,30.405514378713494,-84.79637862890581,2.137,1995,45,concrete_pole,0.9,62.9,3,6.62,33.73,0.307,0.555,0.175,0.082,0.0822,9,DFR-01809,electric,2.67,1.86,False,0,,,,,2025,1517.0,0.0,0
distribution_feeder,31.706238517485403,-85.38920859420342,31.72496127077363,-85.36182806875597,3.317,2023,45,composite_pole,0.85,78.6,3,47.21,183.6,0.634,0.543,0.724,0.478,0.2586,0,DFR-01810,electric,4.47,0.0,False,0,,,,,2022,1754.0,0.0,0
distribution_feeder,30.848419735406218,-84.49449108555125,30.841044608104877,-84.50638878380941,1.398,1991,45,wood_pole,1.4,43.0,2,14.55,86.04,0.358,0.559,0.412,0.378,0.5381,7,DFR-01811,electric,0.6,0.0,False,0,,,,,2023,4454.0,0.0,0
distribution_feeder,33.0,-82.0370838602503,32.975921756358105,-82.03199209994696,2.714,1969,45,wood_pole,1.4,2.0,2,91.49,334.03,0.796,0.571,1.0,0.614,0.2225,5,DFR-01812,electric,3.59,0.0,False,0,,,,,2024,1571.0,0.0,0
distribution_feeder,31.474835874913254,-84.79293921680407,31.478071934329776,-84.77067813325985,2.138,1977,45,wood_pole,1.4,16.9,3,37.22,154.02,0.833,0.662,0.583,0.381,0.0908,0,DFR-01813,electric,3.47,2.17,False,0,,,,,2024,762.0,0.0,0
distribution_feeder,32.57662719643005,-84.27854063632255,32.54831423557821,-84.26481234254564,3.395,1993,45,wood_pole,1.4,40.3,3,79.18,280.23,0.703,0.559,1.0,0.55,0.3044,4,DFR-01814,electric,1.39,0.0,False,0,,,,,2023,6054.0,0.0,0
distribution_feeder,32.62206468470346,-81.71584195500252,32.62991070690909,-81.7177516071616,0.889,1985,45,wood_pole,1.4,35.7,3,70.26,285.5,0.68,0.375,1.0,0.631,0.4221,5,DFR-01815,electric,1.31,0.0,False,0,,,,,2016,4037.0,0.0,0
distribution_feeder,31.02231864956071,-84.6245000373184,31.028678460439902,-84.62639910647744,0.729,1980,45,wood_pole,1.4,28.7,3,25.04,104.4,0.44,0.548,0.503,0.469,0.4894,7,DFR-01816,electric,0.38,0.0,False,0,,,,,2023,9691.0,0.0,1
distribution_feeder,32.6488388239485,-84.28418851412592,32.660322854380944,-84.30999418458315,2.728,1989,45,concrete_pole,0.9,73.5,3,80.97,288.17,0.676,0.71,1.0,0.495,0.2624,4,DFR-01817,electric,2.71,0.0,False,0,,,,,2025,4613.0,0.0,1
distribution_feeder,30.21229833937923,-84.08512882690063,30.215976847675822,-84.05134690609897,3.266,1989,45,underground,0.25,72.6,3,3.44,20.51,0.305,0.752,0.178,0.413,0.0823,11,DFR-01818,electric,1.18,0.87,False,0,,,,,2024,1147.0,0.0,0
distribution_feeder,30.992723215268406,-83.99214281964205,31.006974124319562,-83.94993859606875,4.316,1986,45,concrete_pole,0.9,67.2,2,31.3,108.58,0.407,0.583,0.463,0.436,0.2061,7,DFR-01819,electric,1.98,0.0,False,0,,,,,2022,1682.0,0.0,1
distribution_feeder,32.47428822068664,-84.25605811706338,32.472179464962345,-84.24835230666719,0.759,2013,45,wood_pole,1.4,69.5,3,77.38,269.16,0.722,0.484,1.0,0.511,0.2661,4,DFR-01820,electric,3.52,0.0,False,0,,,,,2022,3660.0,0.0,0
distribution_feeder,32.72241564030945,-81.70789315609005,32.72915665503176,-81.69590917830692,1.346,1960,45,wood_pole,1.4,8.1,3,75.84,296.48,0.726,0.558,1.0,0.698,0.3258,5,DFR-01821,electric,2.15,0.0,False,0,,,,,2025,5919.0,0.0,1
distribution_feeder,31.014843845287032,-84.16357584883654,31.02967034411466,-84.17466062129645,1.955,1978,45,wood_pole,1.4,24.1,2,24.82,108.44,0.442,0.594,0.585,0.391,0.4765,7,DFR-01822,electric,1.13,0.0,False,0,,,,,2024,7969.0,0.0,1
distribution_feeder,30.837149604708465,-84.4860361769924,30.84038414100263,-84.49318114930576,0.77,2025,45,wood_pole,1.4,100.0,3,21.8,84.87,0.311,0.487,0.421,0.338,0.5504,7,DFR-01823,electric,1.94,0.0,False,0,,,,,2024,6519.0,0.0,2
distribution_feeder,32.8655752377588,-81.91230292815226,32.91339724180278,-81.90928240353519,5.316,1977,45,composite_pole,0.85,50.2,2,83.37,316.62,0.727,0.375,1.0,0.521,0.5136,5,DFR-01824,electric,5.96,0.0,False,0,,,,,2025,6337.0,0.0,1
distribution_feeder,30.498223506414195,-84.41665969463166,30.49547514738314,-84.45717281678023,3.887,1948,45,wood_pole,1.4,2.0,2,5.67,47.92,0.366,0.594,0.29,0.235,0.1474,9,DFR-01825,electric,2.82,0.0,False,0,,,,,2025,1566.0,0.0,0
distribution_feeder,32.1446766210919,-81.8563594221664,32.11416021347493,-81.87720394161053,3.913,1979,45,composite_pole,0.85,29.1,3,51.31,235.45,0.781,0.652,0.868,0.977,0.3789,3,DFR-01826,electric,4.52,0.0,False,0,,,,,2020,6104.0,0.0,0
distribution_feeder,30.78089351207688,-84.39456320801915,30.76927160702898,-84.37443512802179,2.313,2008,45,wood_pole,1.4,82.4,3,19.58,79.53,0.308,0.547,0.356,0.427,0.7492,7,DFR-01827,electric,3.57,0.0,False,0,,,,,2022,11028.0,0.0,0
distribution_feeder,30.8136702698278,-84.43169817864863,30.807956025661426,-84.40732668728386,2.408,2010,45,concrete_pole,0.9,88.8,3,21.3,82.78,0.227,0.525,0.403,0.352,0.6818,7,DFR-01828,electric,1.69,0.0,False,0,,,,,2025,9457.0,0.0,2
distribution_feeder,32.403032766501944,-82.18519427022326,32.37454695576769,-82.22356879251095,4.789,1975,45,composite_pole,0.85,37.6,3,68.35,270.47,0.885,0.862,0.946,0.918,0.1176,3,DFR-01829,electric,2.14,0.0,False,0,,,,,2016,1342.0,0.0,1
distribution_feeder,31.164193994994335,-84.06865862768475,31.17428702638641,-84.05588391409742,1.651,1947,45,wood_pole,1.4,2.0,3,32.59,126.42,0.53,0.834,0.492,0.412,0.1326,7,DFR-01830,electric,2.54,0.0,False,0,,,,,2022,2422.0,0.0,0
distribution_feeder,32.86439570356959,-81.93041928049054,32.87421421533542,-81.92172777983805,1.358,1970,45,wood_pole,1.4,12.1,3,88.54,316.86,0.58,0.513,1.0,0.633,0.5217,5,DFR-01831,electric,1.2,0.0,False,0,,,,,2023,4454.0,0.0,0
distribution_feeder,32.64463024336896,-81.5,32.63832179739163,-81.49288909988773,0.965,2010,45,wood_pole,1.4,76.7,3,67.61,283.58,0.864,0.605,1.0,0.59,0.137,5,DFR-01832,electric,1.73,0.0,False,0,,,,,2023,2166.0,0.0,0
distribution_feeder,31.51513289350737,-85.50145988017395,31.51204951065457,-85.49723951718288,0.526,2007,45,wood_pole,1.4,73.9,2,40.7,164.08,0.574,0.632,0.616,0.566,0.2687,0,DFR-01833,electric,5.38,0.0,False,0,,,,,2022,2433.0,0.0,0
distribution_feeder,31.08794990308751,-84.02450745664318,31.068348595752838,-84.03753503758742,2.503,1988,45,wood_pole,1.4,32.3,3,30.5,118.64,0.564,0.577,0.482,0.422,0.1631,7,DFR-01834,electric,1.06,0.0,False,0,,,,,2024,1535.0,0.0,1
distribution_feeder,30.951984730433015,-84.9776287890262,30.958316210060573,-84.98750875395528,1.174,1976,45,wood_pole,1.4,17.0,3,21.39,96.18,0.473,0.673,0.466,0.27,0.1324,7,DFR-01835,electric,0.88,0.0,False,0,,,,,2025,1293.0,0.0,1
distribution_feeder,32.80204623969156,-81.79483840293483,32.81630475831347,-81.78991977607892,1.648,1984,45,wood_pole,1.4,28.5,3,78.0,307.14,0.717,0.612,0.994,0.714,0.4485,5,DFR-01836,electric,2.63,0.0,False,0,,,,,2023,4424.0,0.0,1
distribution_feeder,33.0,-84.41739570509603,32.99987194558308,-84.42525990517149,0.732,2010,45,composite_pole,0.85,66.5,3,96.4,325.61,0.947,0.743,1.0,0.527,0.0883,4,DFR-01837,electric,1.59,1.58,False,0,,,,,2021,714.0,0.0,0
distribution_feeder,30.484866360437216,-84.19160744380362,30.496439165214305,-84.1794559810806,1.732,1993,45,wood_pole,1.4,52.0,3,13.85,49.21,0.278,0.677,0.318,0.341,0.1545,7,DFR-01838,electric,2.43,0.0,False,0,,,,,2023,1202.0,0.0,0
distribution_feeder,32.557799925554804,-84.47894904028003,32.55053773248629,-84.46937702051775,1.205,1973,45,wood_pole,1.4,9.3,2,72.7,275.92,0.562,0.362,1.0,0.404,0.6984,4,DFR-01839,electric,0.13,0.0,False,0,,,,,2025,13039.0,0.0,2
distribution_feeder,30.501146259161818,-84.21643581245283,30.499194904720824,-84.2028764661306,1.315,2013,45,wood_pole,1.4,78.7,3,12.78,50.68,0.3,0.603,0.289,0.354,0.1783,7,DFR-01840,electric,3.66,0.66,False,0,,,,,2024,1354.0,0.0,1
distribution_feeder,31.74928584040033,-85.63519422564029,31.728906052505728,-85.63777879829314,2.275,2015,45,concrete_pole,0.9,83.2,3,47.3,192.39,0.975,0.709,0.59,0.488,0.1038,0,DFR-01841,electric,1.57,0.0,False,0,,,,,2025,1332.0,0.0,0
distribution_feeder,32.09205577290317,-81.74656090538461,32.09340356714698,-81.77457949356834,2.639,1964,45,wood_pole,1.4,2.0,3,46.36,227.32,0.678,0.574,0.846,0.791,0.3137,3,DFR-01842,electric,6.26,0.0,False,0,,,,,2022,2314.0,0.0,1
distribution_feeder,32.586954233691785,-81.73638426716806,32.583944825097475,-81.71972444344456,1.594,1976,45,wood_pole,1.4,31.9,3,71.82,282.04,0.622,0.543,1.0,0.649,0.5025,5,DFR-01843,electric,1.9,0.0,False,0,,,,,2022,3683.0,0.0,1
distribution_feeder,31.07001213030462,-84.65061353088745,31.085325923724167,-84.6391765718783,2.018,1976,45,wood_pole,1.4,23.2,3,22.75,109.55,0.324,0.581,0.547,0.452,0.4683,7,DFR-01844,electric,3.5,2.12,False,0,,,,,2025,5534.0,0.0,1
distribution_feeder,31.652200137563504,-84.47214976055778,31.63095458597831,-84.47355056543086,2.362,2025,45,wood_pole,1.4,91.3,3,44.88,175.47,0.778,0.689,0.682,0.425,0.1243,4,DFR-01845,electric,2.37,0.0,False,0,,,,,2024,2085.0,0.0,0
distribution_feeder,32.8224612236486,-82.17086856386615,32.84824602635301,-82.19907274796442,3.888,2007,45,concrete_pole,0.9,82.8,3,80.64,316.78,0.527,0.655,1.0,0.84,0.2643,5,DFR-01846,electric,0.75,0.0,False,0,,,,,2022,1805.0,0.0,0
distribution_feeder,33.0,-82.07316293252016,33.01184366625404,-82.07408782160843,1.317,2007,45,wood_pole,1.4,56.1,3,92.6,334.71,0.755,0.711,1.0,0.725,0.2016,5,DFR-01847,electric,1.37,0.0,False,0,,,,,2020,3006.0,0.0,0
distribution_feeder,30.808753971810432,-84.50943182739945,30.786563327476593,-84.54538706308324,4.221,1987,45,wood_pole,1.4,31.5,2,20.07,81.51,0.323,0.465,0.372,0.251,0.4692,7,DFR-01848,electric,4.25,0.0,False,0,,,,,2024,7320.0,0.0,0
distribution_feeder,30.77275138579974,-84.92530739145647,30.7850105055794,-84.92912015702974,1.409,1974,45,wood_pole,1.4,34.8,3,16.91,76.14,0.551,0.797,0.25,0.155,0.1097,9,DFR-01849,electric,3.86,2.42,False,0,,,,,2023,1586.0,0.0,0
distribution_feeder,32.231141628929294,-81.81774587977485,32.234772364185794,-81.79132508796692,2.513,1993,45,wood_pole,1.4,47.4,3,58.98,244.25,0.434,0.479,0.94,0.836,0.6665,3,DFR-01850,electric,4.87,0.0,False,0,,,,,2023,8688.0,0.0,0
distribution_feeder,30.8874687939509,-84.46416937719698,30.907221387918835,-84.51881293683486,5.648,2023,45,underground,0.25,93.7,3,19.89,90.65,0.341,0.607,0.439,0.447,0.6169,7,DFR-01851,electric,2.09,0.0,False,0,,,,,2023,7668.0,0.0,0
distribution_feeder,33.0,-84.65373807922722,33.02952801967519,-84.70892933161224,6.094,1997,45,wood_pole,1.4,57.3,3,92.96,323.76,1.0,0.829,1.0,0.426,0.0867,4,DFR-01852,electric,1.43,0.0,False,0,,,,,2024,1652.0,0.0,0
distribution_feeder,33.0,-82.11981285293494,32.98246464765269,-82.11752100708856,1.958,1997,45,wood_pole,1.4,36.9,3,91.96,335.58,0.732,0.486,1.0,0.55,0.1722,5,DFR-01853,electric,1.21,0.0,False,0,,,,,2022,3058.0,0.0,0
distribution_feeder,31.03679344650475,-85.22897027818995,31.04211893706078,-85.23254234053684,0.682,2003,45,wood_pole,1.4,54.6,3,24.61,107.35,0.459,0.734,0.539,0.216,0.1014,0,DFR-01854,electric,2.18,0.0,False,0,,,,,2022,1062.0,0.0,0
distribution_feeder,32.58822235248745,-84.8948522040335,32.635577436405995,-84.87885711107884,5.465,1986,45,wood_pole,1.4,25.2,3,72.12,277.6,0.879,0.65,1.0,0.171,0.112,4,DFR-01855,electric,2.85,0.0,False,0,,,,,2025,1530.0,0.0,0
distribution_feeder,32.39146321544355,-84.48412562655311,32.39717125114748,-84.51595846479032,3.05,1982,45,wood_pole,1.4,10.7,2,72.95,257.41,0.601,0.634,1.0,0.437,0.5443,4,DFR-01856,electric,0.97,2.48,False,0,,,,,2023,8277.0,0.0,1
distribution_feeder,32.413854357434644,-84.34894198637414,32.41057995193223,-84.3438158316301,0.602,1993,45,wood_pole,1.4,14.3,2,69.29,261.3,0.676,0.679,0.932,0.427,0.4032,4,DFR-01857,electric,2.52,0.0,False,0,,,,,2022,7607.0,0.0,0
distribution_feeder,30.94419746111505,-84.63067462182444,30.968974255305614,-84.63625626932307,2.801,1975,45,wood_pole,1.4,13.4,3,18.59,95.69,0.399,0.517,0.533,0.284,0.4597,7,DFR-01858,electric,1.6,0.0,False,0,,,,,2024,8477.0,0.0,0
distribution_feeder,30.819427552286946,-84.01542756264364,30.81735518143083,-84.00990530763617,0.574,1999,45,wood_pole,1.4,45.3,3,26.0,88.98,0.425,0.54,0.344,0.452,0.3357,7,DFR-01859,electric,6.55,1.6,False,0,,,,,2023,4726.0,0.0,0
distribution_feeder,32.47185982154612,-81.73802690579986,32.4916829980046,-81.71333531082108,3.192,1993,45,wood_pole,1.4,63.9,2,68.66,269.3,0.464,0.248,0.899,0.788,0.7557,5,DFR-01860,electric,0.85,0.0,False,0,,,,,2026,8364.0,0.0,2
distribution_feeder,32.51628545276839,-84.91989462840411,32.50604701280165,-84.90661928980553,1.684,1999,45,wood_pole,1.4,49.8,2,68.64,269.66,0.86,0.841,1.0,0.264,0.1041,4,DFR-01861,electric,2.47,0.0,False,0,,,,,2021,1278.0,0.0,0
distribution_feeder,32.050789261380295,-84.96115733336487,32.03286598580591,-84.91539546687484,4.743,2006,45,wood_pole,1.4,68.2,2,57.15,218.1,0.957,0.595,0.921,0.409,0.0847,0,DFR-01862,electric,3.76,0.0,False,0,,,,,2025,1567.0,0.0,0
distribution_feeder,32.76790155888633,-82.05908860269493,32.76838781405812,-82.08029180963496,1.98,1991,45,concrete_pole,0.9,54.8,3,78.82,308.69,0.622,0.392,0.962,0.734,0.5128,5,DFR-01863,electric,4.57,0.0,False,0,,,,,2025,8828.0,0.0,1
distribution_feeder,32.21396349999666,-81.72676464610461,32.20910664174288,-81.73541328281895,0.975,1996,45,wood_pole,1.4,52.7,3,56.95,240.43,0.595,0.591,0.831,0.797,0.6645,3,DFR-01864,electric,2.26,0.0,False,0,,,,,2022,9404.0,0.0,1
distribution_feeder,30.769476390385492,-84.46245643142342,30.76205532515236,-84.481443948906,1.989,2001,45,wood_pole,1.4,74.8,3,15.16,77.57,0.23,0.549,0.442,0.297,0.5371,7,DFR-01865,electric,5.26,0.0,False,0,,,,,2024,9874.0,0.0,0
distribution_feeder,32.206212878450664,-84.77235760428735,32.19435815180884,-84.75887158772258,1.826,1968,45,wood_pole,1.4,2.0,3,59.11,235.24,0.926,0.756,0.958,0.37,0.1141,4,DFR-01866,electric,3.26,0.0,False,0,,,,,2019,1004.0,0.0,0
distribution_feeder,30.84748048538449,-84.33247062384825,30.857575412250668,-84.3702877451413,3.774,1975,45,wood_pole,1.4,14.6,2,21.76,87.63,0.207,0.195,0.442,0.28,0.9533,7,DFR-01867,electric,2.16,0.0,False,0,,,,,2024,15179.0,0.0,2
distribution_feeder,30.793907206544105,-84.57782952398436,30.80413734405959,-84.55982608113591,2.058,1972,45,composite_pole,0.85,26.7,3,14.63,79.34,0.342,0.564,0.458,0.273,0.3312,7,DFR-01868,electric,2.66,1.43,False,0,,,,,2023,2445.0,0.0,0
distribution_feeder,30.990650139801268,-84.25970151226394,30.96921960449313,-84.26159019785317,2.386,2004,45,underground,0.25,86.8,3,26.58,104.43,0.224,0.653,0.459,0.438,0.6702,7,DFR-01869,electric,7.13,0.0,False,0,,,,,2025,8669.0,0.0,3
distribution_feeder,33.0,-81.76600306163166,32.994637141273515,-81.76907441558505,0.66,1985,45,wood_pole,1.4,40.4,3,88.86,328.51,0.833,0.772,1.0,0.659,0.1745,5,DFR-01870,electric,3.55,0.0,False,0,,,,,2024,2451.0,0.0,2
distribution_feeder,31.938082590007024,-81.89029908054403,31.953922896172077,-81.88486362750041,1.831,2005,45,wood_pole,1.4,72.2,2,42.77,213.22,1.0,0.635,0.752,0.883,0.1031,3,DFR-01871,electric,1.34,0.0,False,0,,,,,2023,1603.0,0.0,1
distribution_feeder,32.09039305310695,-81.82983170081721,32.091070621062705,-81.81318587034384,1.567,1971,45,underground,0.25,55.4,3,51.55,228.88,0.821,0.665,0.885,0.906,0.2825,3,DFR-01872,electric,3.21,0.0,False,0,,,,,2021,5625.0,0.0,0
distribution_feeder,32.54077335380752,-82.05571615429847,32.53658614648214,-82.06436403930375,0.933,1990,45,wood_pole,1.4,43.5,3,72.15,283.41,0.708,0.641,0.993,0.832,0.3299,5,DFR-01873,electric,1.31,1.28,False,0,,,,,2022,2602.0,0.0,0
distribution_feeder,32.55379074773856,-81.64770133650094,32.588635978862015,-81.5568649763682,9.337,1991,45,wood_pole,1.4,42.5,3,67.6,276.5,0.652,0.52,1.0,0.661,0.431,5,DFR-01874,electric,1.85,0.0,False,0,,,,,2022,6814.0,0.0,1
distribution_feeder,31.89162399814487,-84.59315370121388,31.872060644088016,-84.63866109666314,4.807,1983,45,wood_pole,1.4,7.1,3,53.23,201.08,0.656,0.539,0.847,0.407,0.2361,4,DFR-01875,electric,1.08,0.0,False,0,,,,,2024,3533.0,0.0,1
distribution_feeder,32.164275986881194,-81.79321396251602,32.15179359985456,-81.8410962279572,4.708,2015,45,wood_pole,1.4,98.9,3,54.84,236.31,0.616,0.619,0.916,0.757,0.4973,3,DFR-01876,electric,1.89,0.0,False,0,,,,,2021,4205.0,0.0,3
distribution_feeder,30.845011854197228,-84.25177624236568,30.85002193902449,-84.24647255985455,0.751,1980,45,wood_pole,1.4,46.0,3,21.22,88.37,0.217,0.245,0.429,0.379,0.9963,7,DFR-01877,electric,5.5,0.0,False,0,,,,,2023,19836.0,0.0,2
distribution_feeder,32.57478355133069,-85.07308746530082,32.573445339301806,-85.08477136480387,1.103,2019,45,concrete_pole,0.9,100.0,1,71.8,276.78,0.82,0.574,0.855,0.237,0.0831,4,DFR-01878,electric,1.56,1.95,False,0,,,,,2020,639.0,0.0,0
distribution_feeder,31.84145468480222,-84.8894955486486,31.839901844112354,-84.87146213798296,1.709,2005,45,wood_pole,1.4,69.4,3,51.07,194.7,0.824,0.764,0.784,0.47,0.0929,0,DFR-01879,electric,1.34,0.0,False,0,,,,,2024,1467.0,0.0,0
distribution_feeder,32.24241737221269,-81.861204295613,32.207334410868334,-81.8366289405473,4.526,1998,45,wood_pole,1.4,53.5,3,56.5,246.4,0.486,0.43,0.989,0.81,0.6096,3,DFR-01880,electric,1.06,0.0,False,0,,,,,2025,6441.0,0.0,0
distribution_feeder,30.920753269044795,-84.66298509508066,30.92062834326912,-84.65656228677949,0.612,1978,45,wood_pole,1.4,16.3,3,24.24,92.92,0.427,0.493,0.402,0.407,0.4203,7,DFR-01881,electric,1.47,0.0,False,0,,,,,2024,3687.0,0.0,1
distribution_feeder,32.56334339125138,-81.60400472743576,32.569989322609906,-81.58764014389486,1.699,1995,45,wood_pole,1.4,50.0,3,71.35,276.66,0.741,0.654,1.0,0.709,0.3376,5,DFR-01882,electric,1.87,0.0,False,0,,,,,2024,4706.0,0.0,1
distribution_feeder,31.06257618675848,-84.87505551617653,31.085997839145314,-84.89700812657082,3.334,1969,45,underground,0.25,81.1,3,25.47,108.23,0.396,0.852,0.558,0.344,0.2408,7,DFR-01883,electric,2.58,0.0,False,0,,,,,2025,1824.0,0.0,0
distribution_feeder,32.533790076914,-84.38274939300891,32.561404590100466,-84.35150134447329,4.236,2003,45,composite_pole,0.85,82.6,3,75.27,274.23,0.549,0.327,1.0,0.501,0.5602,4,DFR-01884,electric,1.47,0.86,False,0,,,,,2019,3953.0,0.0,0
distribution_feeder,32.357242175224435,-81.81569466421354,32.3684041334338,-81.82510435343255,1.521,2025,45,wood_pole,1.4,98.6,3,57.59,258.2,0.438,0.285,0.886,0.772,0.8666,5,DFR-01885,electric,5.88,2.22,False,0,,,,,2024,15131.0,0.0,1
distribution_feeder,32.87640346561986,-82.04772858927609,32.909933122175126,-82.0327603261889,3.975,2010,45,wood_pole,1.4,82.7,3,83.34,320.51,0.686,0.548,1.0,0.647,0.4147,5,DFR-01886,electric,1.85,0.0,False,0,,,,,2023,7522.0,0.0,1
distribution_feeder,30.969130225574062,-85.50013677810045,30.980317389421085,-85.48985833124009,1.581,2002,45,concrete_pole,0.9,94.0,2,25.16,103.45,0.517,0.788,0.518,0.188,0.1191,0,DFR-01887,electric,1.71,0.0,False,0,,,,,2021,1715.0,0.0,0
distribution_feeder,32.654326383601294,-84.3488838728525,32.61458606874072,-84.38940682354112,5.814,1988,45,wood_pole,1.4,33.7,2,81.17,287.99,0.731,0.676,1.0,0.588,0.3642,4,DFR-01888,electric,3.48,0.0,False,0,,,,,2017,3675.0,0.0,0
distribution_feeder,31.235942144365072,-84.40713764375414,31.236755036889548,-84.45991734515484,5.01,1981,45,wood_pole,1.4,21.5,3,30.75,129.91,0.608,0.601,0.474,0.327,0.1558,7,DFR-01889,electric,2.64,0.0,False,0,,,,,2025,2595.0,0.0,0
distribution_feeder,31.069428369310764,-84.8684226029024,31.072939939206194,-84.8636325221898,0.599,1990,45,wood_pole,1.4,17.5,2,23.33,108.99,0.567,0.547,0.498,0.31,0.248,7,DFR-01890,electric,0.39,0.0,False,0,,,,,2022,1883.0,0.0,1
distribution_feeder,32.82035399156344,-81.87962728572269,32.8169824236489,-81.90801258317053,2.674,1984,45,concrete_pole,0.9,34.2,2,82.11,310.93,0.571,0.457,1.0,0.673,0.5657,5,DFR-01891,electric,2.0,0.0,False,0,,,,,2023,10176.0,0.0,2
distribution_feeder,30.658283020776516,-83.99714333636427,30.63433953509303,-83.99980575365771,2.67,1997,45,wood_pole,1.4,47.0,3,17.15,71.38,0.257,0.631,0.476,0.386,0.1957,7,DFR-01892,electric,2.06,2.22,False,0,,,,,2025,2226.0,0.0,0
distribution_feeder,31.959339525181722,-84.42314953290929,31.95555243623585,-84.42264145490725,0.423,1989,45,wood_pole,1.4,35.6,3,53.99,210.04,0.722,0.475,0.92,0.517,0.299,4,DFR-01893,electric,2.56,0.0,False,0,,,,,2025,3676.0,0.0,0
distribution_feeder,31.91992911235583,-85.09514621510684,31.91312671225666,-85.12080123608568,2.532,1994,45,wood_pole,1.4,55.1,2,47.94,204.24,0.802,0.586,0.767,0.491,0.106,0,DFR-01894,electric,5.26,0.0,False,0,,,,,2025,1386.0,0.0,0
distribution_feeder,32.38123664492835,-81.8630165143764,32.3698228489473,-81.833841268616,3.014,2020,45,composite_pole,0.85,90.4,3,60.44,261.85,0.511,0.571,0.925,0.778,0.7507,5,DFR-01895,electric,2.13,0.0,False,0,,,,,2021,12064.0,0.0,2
distribution_feeder,31.095140562660077,-84.52725147544643,31.096006397018463,-84.50211256351116,2.391,2002,45,wood_pole,1.4,70.3,3,24.88,113.16,0.47,0.44,0.556,0.351,0.3922,7,DFR-01896,electric,3.43,0.0,False,0,,,,,2023,2868.0,0.0,1
distribution_feeder,32.11614860950812,-81.5,32.09723714587847,-81.50126579570014,2.103,1986,45,underground,0.25,81.4,3,47.2,224.92,0.892,0.692,0.94,0.777,0.169,3,DFR-01897,electric,3.73,0.0,False,0,,,,,2023,2232.0,0.0,0
distribution_feeder,32.559050839705826,-82.27816719809266,32.54166026658754,-82.28460937450099,2.022,1987,45,wood_pole,1.4,43.5,3,74.82,289.31,0.843,0.884,1.0,0.88,0.1133,5,DFR-01898,electric,1.64,0.0,False,0,,,,,2022,1405.0,0.0,0
distribution_feeder,30.756172891687584,-84.04138341304748,30.72175897232628,-84.03382280643936,3.887,1989,45,concrete_pole,0.9,43.3,3,20.18,81.55,0.293,0.766,0.321,0.396,0.3699,7,DFR-01899,electric,2.43,0.0,False,0,,,,,2015,5932.0,0.0,0
distribution_feeder,32.18406819916156,-81.93857513169839,32.155713898868925,-81.95154215747827,3.375,1995,45,composite_pole,0.85,54.4,3,55.74,241.51,0.855,0.459,0.845,0.922,0.3272,3,DFR-01900,electric,2.73,0.0,False,0,,,,,2023,4839.0,0.0,1
distribution_feeder,32.55559571307558,-84.65722928287954,32.54445717523365,-84.68792349419465,3.127,1961,45,wood_pole,1.4,3.0,2,76.02,274.42,0.659,0.545,1.0,0.384,0.4795,4,DFR-01901,electric,1.05,0.0,False,0,,,,,2023,4028.0,0.0,0
distribution_feeder,32.701109410591954,-81.67347839342706,32.71355905204917,-81.66752932199034,1.489,2009,45,composite_pole,0.85,84.8,2,74.6,293.39,0.795,0.582,1.0,0.622,0.28,5,DFR-01902,electric,2.25,0.0,False,0,,,,,2024,4415.0,0.0,0
distribution_feeder,32.52489135042989,-81.6382023734704,32.542893292186385,-81.64269960729334,2.042,1980,45,wood_pole,1.4,41.6,3,64.17,273.1,0.665,0.467,0.99,0.714,0.4745,5,DFR-01903,electric,5.32,0.0,False,0,,,,,2024,3286.0,0.0,1
distribution_feeder,33.0,-81.89638700479821,32.9971190015064,-81.9731850248345,7.156,1961,45,wood_pole,1.4,6.9,2,89.66,331.22,0.786,0.602,1.0,0.523,0.2437,5,DFR-01904,electric,2.29,0.0,False,0,,,,,2025,4861.0,0.0,1
distribution_feeder,32.780328412764185,-82.0043524297607,32.78056243256705,-81.97466733934073,2.77,1975,45,wood_pole,1.4,19.0,3,76.66,309.01,0.596,0.674,1.0,0.627,0.6002,5,DFR-01905,electric,3.93,0.0,False,0,,,,,2022,8910.0,0.0,2
distribution_feeder,31.064873688957086,-85.2569646229358,31.077478116378156,-85.27341192840797,2.098,1981,45,wood_pole,1.4,14.0,3,24.55,110.76,0.483,0.575,0.475,0.254,0.1149,0,DFR-01906,electric,1.76,0.0,False,0,,,,,2026,1978.0,0.0,1
distribution_feeder,30.62658830584331,-83.92069887276048,30.629837613953356,-83.92263564385422,0.405,2007,45,wood_pole,1.4,77.4,3,17.53,69.07,0.459,0.71,0.325,0.408,0.1172,7,DFR-01907,electric,3.43,0.0,False,0,,,,,2023,1922.0,0.0,0
distribution_feeder,32.244646860011066,-85.07166134889697,32.24305503898379,-85.09208055117476,1.925,1988,45,wood_pole,1.4,44.5,3,64.29,240.13,0.873,0.563,0.905,0.344,0.0824,0,DFR-01908,electric,0.6,0.0,False,0,,,,,2024,1300.0,0.0,0
distribution_feeder,31.156024724621066,-84.33201712092021,31.167558618253,-84.33561836164824,1.325,2000,45,underground,0.25,74.3,3,26.37,121.88,0.461,0.765,0.456,0.461,0.2296,7,DFR-01909,electric,1.8,0.0,False,0,,,,,2017,3728.0,0.0,0
distribution_feeder,30.936250450192098,-84.97528277157933,30.929893251530928,-85.00055736514572,2.508,1971,45,wood_pole,1.4,2.0,3,17.49,94.43,0.396,0.779,0.52,0.334,0.1311,7,DFR-01910,electric,2.66,0.5,False,0,,,,,2025,2306.0,0.0,1
distribution_feeder,30.777277649214156,-84.66175539153903,30.789770059705916,-84.62987824007247,3.341,1990,45,wood_pole,1.4,34.6,3,13.53,77.0,0.583,0.64,0.409,0.241,0.2327,7,DFR-01911,electric,1.71,0.0,False,0,,,,,2021,4409.0,0.0,0
distribution_feeder,32.34916608688235,-81.5,32.3531844596906,-81.49041215446782,1.004,2008,45,wood_pole,1.4,63.4,3,58.44,250.78,0.642,0.558,0.999,0.719,0.3319,5,DFR-01912,electric,2.49,0.0,False,0,,,,,2023,3914.0,0.0,0
distribution_feeder,32.55260144200419,-81.69889006595119,32.55068177701869,-81.70307316768022,0.446,2005,45,wood_pole,1.4,85.6,3,66.6,277.44,0.572,0.636,0.963,0.613,0.5171,5,DFR-01913,electric,2.99,0.0,False,0,,,,,2024,7268.0,0.0,0
distribution_feeder,30.42961105099509,-84.50862041807247,30.427942136245708,-84.51198895763305,0.372,1971,45,underground,0.25,52.9,3,3.86,39.44,0.369,0.767,0.207,0.167,0.0943,9,DFR-01914,electric,0.96,2.06,False,0,,,,,2024,1802.0,0.0,0
distribution_feeder,31.118317546600334,-84.56491668916252,31.103708599318523,-84.60318086568444,3.981,1981,45,concrete_pole,0.9,36.8,3,25.04,115.44,0.484,0.693,0.495,0.48,0.3869,7,DFR-01915,electric,2.0,0.0,False,0,,,,,2025,3325.0,0.0,0
distribution_feeder,32.64792263407264,-82.1838984638497,32.63824133420391,-82.2093991335042,2.614,1985,45,composite_pole,0.85,58.1,3,75.61,297.63,0.646,0.646,0.956,0.839,0.2303,5,DFR-01916,electric,2.75,0.85,False,0,,,,,2021,2615.0,0.0,0
distribution_feeder,31.055796910266043,-84.90327357167106,31.074739482119952,-84.91046144254314,2.211,1992,45,underground,0.25,93.6,3,20.46,107.51,0.462,0.629,0.483,0.446,0.2071,7,DFR-01917,electric,2.78,0.0,False,0,,,,,2019,2095.0,0.0,0
distribution_feeder,32.3902150076216,-82.11674777227636,32.37460010111502,-82.14326071498891,3.03,1980,45,composite_pole,0.85,42.3,3,64.98,267.84,0.828,0.699,1.0,0.874,0.1636,3,DFR-01918,electric,0.85,0.0,False,0,,,,,2022,1756.0,0.0,0
distribution_feeder,32.30460154405124,-81.9190116383913,32.3042824360222,-81.91413486744354,0.459,1966,45,concrete_pole,0.9,13.6,3,57.81,254.49,0.553,0.396,0.95,0.86,0.5506,3,DFR-01919,electric,1.51,0.0,False,0,,,,,2017,7268.0,0.0,1
distribution_feeder,32.29164953296611,-81.52712912131419,32.330464850034794,-81.54835555237004,4.747,2008,45,composite_pole,0.85,64.6,2,55.58,244.94,0.699,0.695,0.935,0.676,0.3829,5,DFR-01920,electric,0.31,0.0,False,0,,,,,2021,2838.0,0.0,1
distribution_feeder,31.08019257166065,-85.3820202375614,31.079543670154365,-85.38856935447801,0.627,2004,45,wood_pole,1.4,71.9,3,27.22,114.01,0.57,0.558,0.51,0.239,0.1727,0,DFR-01921,electric,4.3,0.0,False,0,,,,,2023,2914.0,0.0,0
distribution_feeder,31.170557857039004,-85.03379539982048,31.163939190979228,-85.01160982792535,2.231,1979,45,wood_pole,1.4,19.0,3,25.02,120.69,0.656,0.732,0.647,0.385,0.1052,0,DFR-01922,electric,6.74,0.0,False,0,,,,,2024,1922.0,0.0,0
distribution_feeder,33.0,-81.82360665799223,32.99385438091389,-81.83340461092882,1.139,2004,45,wood_pole,1.4,47.1,2,88.61,329.71,0.745,0.54,1.0,0.598,0.2104,5,DFR-01923,electric,2.71,0.0,False,0,,,,,2024,1446.0,0.0,0
distribution_feeder,30.798784337298162,-84.77560119102286,30.836554198332536,-84.77644804000006,4.193,1995,45,wood_pole,1.4,65.7,3,17.28,79.01,0.527,0.797,0.39,0.323,0.1922,7,DFR-01924,electric,0.95,0.0,False,0,,,,,2023,2239.0,0.0,0
distribution_feeder,30.90168658016659,-84.33356599160429,30.907906017701773,-84.36111608206235,2.713,1997,45,wood_pole,1.4,69.0,2,19.43,93.63,0.229,0.431,0.465,0.409,0.8944,7,DFR-01925,electric,4.31,0.0,False,0,,,,,2023,10913.0,0.0,0
distribution_feeder,32.14216350987822,-84.91433267640807,32.12973344128789,-84.93376242722606,2.289,1965,45,wood_pole,1.4,2.0,1,58.99,228.12,0.871,0.705,0.886,0.363,0.0856,4,DFR-01926,electric,3.59,0.0,False,0,,,,,2017,779.0,0.0,0
distribution_feeder,32.50418386859447,-81.91959162500336,32.51182360447334,-81.92263459880272,0.895,2010,45,wood_pole,1.4,83.7,3,72.46,276.66,0.622,0.473,0.948,0.694,0.5456,5,DFR-01927,electric,1.13,1.52,False,0,,,,,2025,9914.0,0.0,0
distribution_feeder,32.3312672058055,-82.02161530447582,32.359529770367246,-82.01649402311519,3.174,1954,45,wood_pole,1.4,2.0,3,60.68,259.5,0.686,0.487,0.956,0.855,0.2921,3,DFR-01928,electric,2.64,0.0,False,0,,,,,2025,4006.0,0.0,0
distribution_feeder,32.26817287930298,-81.94670783744678,32.24521951061686,-81.90092867652172,4.995,2000,45,wood_pole,1.4,60.1,2,56.74,251.01,0.672,0.56,0.998,0.924,0.431,3,DFR-01929,electric,0.65,0.0,False,0,,,,,2024,2986.0,0.0,0
distribution_feeder,30.633030166290364,-84.44478159939642,30.63845741245989,-84.46196726887416,1.748,1991,45,wood_pole,1.4,45.6,3,13.56,62.6,0.317,0.578,0.297,0.353,0.3155,7,DFR-01930,electric,4.75,0.0,False,0,,,,,2018,5616.0,0.0,0
distribution_feeder,32.122517780035956,-84.80646176340925,32.125449093436885,-84.77035026851063,3.41,1990,45,wood_pole,1.4,46.9,1,56.49,225.9,0.909,0.732,0.872,0.408,0.0992,4,DFR-01931,electric,3.76,1.45,False,0,,,,,2022,1705.0,0.0,1
distribution_feeder,32.49800841464089,-84.75292213271811,32.50258694118707,-84.74456998896581,0.933,1970,45,wood_pole,1.4,7.3,3,71.45,267.67,0.838,0.652,0.957,0.377,0.2724,4,DFR-01932,electric,4.81,0.0,False,0,,,,,2021,2247.0,0.0,0
distribution_feeder,31.321800350165283,-84.49112861195955,31.310420810768075,-84.50032506579606,1.535,2014,45,underground,0.25,73.1,2,36.2,138.62,0.654,0.642,0.508,0.566,0.1262,7,DFR-01933,electric,0.83,0.0,False,0,,,,,2022,1968.0,0.0,1
distribution_feeder,32.82162202952582,-84.64433031935874,32.799763203600925,-84.62933741628966,2.801,1993,45,concrete_pole,0.9,71.3,3,86.65,304.01,0.893,0.633,1.0,0.389,0.157,4,DFR-01934,electric,4.78,0.0,False,0,,,,,2022,1749.0,0.0,0
distribution_feeder,31.41557740000434,-85.47734941850972,31.420183891924463,-85.47289363846625,0.663,1980,45,wood_pole,1.4,23.1,3,37.99,152.65,0.665,0.47,0.644,0.417,0.3503,0,DFR-01935,electric,2.75,0.0,False,0,,,,,2025,2410.0,0.0,1
distribution_feeder,31.793036023771396,-81.74808426609421,31.823366297756532,-81.74197113622336,3.416,1960,45,wood_pole,1.4,2.0,3,40.3,194.16,0.92,0.823,0.676,0.858,0.084,3,DFR-01936,electric,1.03,0.0,False,0,,,,,2020,889.0,0.0,0
distribution_feeder,31.539031691369328,-84.92769946521368,31.533767482976316,-84.93471909222961,0.885,1996,45,wood_pole,1.4,52.8,3,39.58,161.2,0.77,0.65,0.704,0.465,0.1052,0,DFR-01937,electric,2.19,0.0,False,0,,,,,2024,2105.0,0.0,0
distribution_feeder,31.63111854850593,-85.5405268706616,31.620955272142805,-85.53514925178078,1.237,1991,45,wood_pole,1.4,40.3,2,44.92,177.6,0.836,0.594,0.683,0.497,0.18,0,DFR-01938,electric,0.51,0.0,False,0,,,,,2024,3179.0,0.0,0
distribution_feeder,32.50103808434316,-84.28337828310598,32.50781200577251,-84.29350375518247,1.21,1986,45,wood_pole,1.4,45.0,3,76.34,271.78,0.83,0.606,0.932,0.493,0.3267,4,DFR-01939,electric,3.55,0.0,False,0,,,,,2025,3596.0,0.0,0
distribution_feeder,32.509478594786685,-84.74530046397433,32.505130242837275,-84.71032889364754,3.309,2004,45,wood_pole,1.4,64.9,2,71.9,268.96,0.747,0.628,1.0,0.394,0.2883,4,DFR-01940,electric,2.85,0.0,False,0,,,,,2025,3276.0,0.0,0
distribution_feeder,32.65863597407736,-84.23975555917922,32.64848057800125,-84.25401610761143,1.745,1966,45,wood_pole,1.4,2.0,3,84.37,289.84,0.816,0.706,1.0,0.564,0.1945,4,DFR-01941,electric,1.54,0.0,False,0,,,,,2023,3052.0,0.0,0
distribution_feeder,31.04101387795503,-84.512057056949,31.026478488171687,-84.54426564186934,3.462,1982,45,concrete_pole,0.9,49.3,1,24.35,107.27,0.435,0.7,0.411,0.345,0.4511,7,DFR-01942,electric,1.64,0.0,False,0,,,,,2025,3231.0,0.0,1
distribution_feeder,32.52154619111618,-84.30286697076252,32.54397188638089,-84.30329632559864,2.49,2025,45,concrete_pole,0.9,100.0,3,76.38,273.81,0.714,0.548,0.874,0.425,0.3716,4,DFR-01943,electric,1.94,0.0,False,0,,,,,2017,3405.0,0.0,0
distribution_feeder,30.873954802737263,-84.6859280685467,30.88058986369769,-84.70118531849785,1.63,1977,45,wood_pole,1.4,4.4,3,19.65,87.62,0.385,0.623,0.494,0.39,0.3447,7,DFR-01944,electric,7.17,0.0,False,0,,,,,2025,6408.0,0.0,0
distribution_feeder,32.19449092618823,-82.05630235861531,32.194895461791106,-82.07231349748207,1.505,2002,45,concrete_pole,0.9,84.9,3,54.07,244.98,0.916,0.738,0.908,0.932,0.1661,3,DFR-01945,electric,0.58,0.0,False,0,,,,,2022,1195.0,0.0,0
distribution_feeder,31.43839228538067,-85.76654805699971,31.44180888041045,-85.77668670861452,1.032,2006,45,wood_pole,1.4,80.4,2,40.37,160.4,0.571,0.653,0.603,0.385,0.1367,0,DFR-01946,electric,2.34,0.0,False,0,,,,,2025,1865.0,0.0,0
distribution_feeder,32.17143533169476,-81.5,32.15790539882383,-81.50722031200344,1.648,1984,45,wood_pole,1.4,27.4,2,49.75,231.05,0.821,0.729,0.924,0.72,0.2174,3,DFR-01947,electric,1.36,0.0,False,0,,,,,2023,3127.0,0.0,0
distribution_feeder,32.802034678365885,-81.99179151996536,32.77758663888073,-82.01612065870862,3.538,2003,45,wood_pole,1.4,69.6,3,81.0,311.17,0.554,0.519,1.0,0.711,0.5958,5,DFR-01948,electric,0.95,0.0,False,0,,,,,2019,9567.0,0.0,0
distribution_feeder,30.8396451391527,-84.32885002999679,30.851963025329376,-84.30883652339246,2.347,1993,45,composite_pole,0.85,52.9,3,20.94,86.8,0.233,0.22,0.362,0.454,0.9602,7,DFR-01949,electric,3.12,0.0,False,0,,,,,2024,18689.0,0.0,0
distribution_feeder,31.08789403809459,-83.99358143996155,31.059756735779857,-83.95345092680907,4.93,1990,45,wood_pole,1.4,15.3,3,33.03,119.12,0.612,0.677,0.445,0.402,0.1411,7,DFR-01950,electric,2.64,0.0,False,0,,,,,2025,2794.0,0.0,0
distribution_feeder,30.863743557668663,-84.46967567526644,30.89381027690316,-84.49281105121358,4.0,1972,45,concrete_pole,0.9,25.1,3,20.68,87.97,0.243,0.674,0.421,0.342,0.6035,7,DFR-01951,electric,0.36,0.0,False,0,,,,,2024,9301.0,0.0,0
distribution_feeder,31.975374731031025,-84.0667114579304,31.966544711866373,-84.06752756800176,0.983,1984,45,wood_pole,1.4,11.5,1,54.51,216.5,0.908,0.575,0.81,0.514,0.092,4,DFR-01952,electric,6.32,0.0,False,0,,,,,2024,1781.0,0.0,0
distribution_feeder,30.81532864314278,-84.23378067441581,30.81452401413411,-84.25735709623191,2.249,1971,45,wood_pole,1.4,23.3,3,19.03,85.31,0.087,0.495,0.444,0.433,0.9693,7,DFR-01953,electric,0.31,0.0,False,0,,,,,2025,6595.0,0.0,0
distribution_feeder,32.3544415234518,-82.04927220195893,32.37540520476218,-82.07295124288765,3.216,1986,45,wood_pole,1.4,64.2,2,62.26,262.6,0.707,0.649,0.911,0.954,0.2459,3,DFR-01954,electric,0.87,2.39,False,0,,,,,2021,4656.0,0.0,0
distribution_feeder,31.242231497402955,-84.51893254221207,31.255830930809775,-84.52137631792276,1.527,2009,45,wood_pole,1.4,86.7,3,30.23,129.55,0.615,0.65,0.659,0.513,0.198,7,DFR-01955,electric,0.87,1.04,False,0,,,,,2024,1403.0,0.0,0
distribution_feeder,32.50175826181963,-81.93306193890406,32.4805622555764,-81.94515503383245,2.611,1966,45,composite_pole,0.85,10.8,2,68.47,276.66,0.645,0.48,1.0,0.859,0.5207,5,DFR-01956,electric,2.58,0.53,False,0,,,,,2021,8301.0,0.0,1
distribution_feeder,32.54782186655222,-82.0707578482355,32.554698637577886,-82.011256727874,5.619,1983,45,wood_pole,1.4,26.9,3,72.91,284.48,0.833,0.584,0.99,0.831,0.3135,5,DFR-01957,electric,1.34,0.0,False,0,,,,,2022,2725.0,0.0,0
distribution_feeder,30.595335063308998,-84.09862562180498,30.599063503294502,-84.09356847249684,0.636,1996,45,wood_pole,1.4,39.8,1,17.82,62.83,0.378,0.6,0.378,0.425,0.2466,7,DFR-01958,electric,1.06,1.92,False,0,,,,,2023,2353.0,0.0,0
distribution_feeder,32.45744399192396,-81.94932900420783,32.44315035760245,-81.943171831146,1.688,1967,45,wood_pole,1.4,12.1,3,67.74,272.07,0.646,0.429,1.0,0.813,0.4882,5,DFR-01959,electric,1.9,2.42,False,0,,,,,2025,5454.0,0.0,0
distribution_feeder,30.91756930622522,-84.41497865197486,30.90037075407178,-84.3991533651667,2.432,1977,45,underground,0.25,47.1,3,20.54,94.48,0.275,0.374,0.474,0.393,0.7059,7,DFR-01960,electric,1.22,0.0,False,0,,,,,2024,11467.0,0.0,0
distribution_feeder,32.80993060138888,-81.8674588407007,32.81358475164703,-81.85772899466872,0.994,1979,45,wood_pole,1.4,45.4,3,78.68,309.53,0.564,0.594,1.0,0.699,0.565,5,DFR-01961,electric,1.91,0.0,False,0,,,,,2021,6391.0,0.0,0
distribution_feeder,30.901666760262316,-84.75427974440385,30.908816425936713,-84.74881017081742,0.949,1982,45,wood_pole,1.4,27.1,3,23.06,90.47,0.521,0.637,0.31,0.261,0.325,7,DFR-01962,electric,1.47,0.0,False,0,,,,,2023,2312.0,0.0,0
distribution_feeder,30.842471649195208,-84.45674381166805,30.84474310021143,-84.41731115934556,3.766,2015,45,wood_pole,1.4,64.9,3,18.06,85.73,0.338,0.708,0.465,0.398,0.6296,7,DFR-01963,electric,2.17,0.0,False,0,,,,,2019,9095.0,0.0,0
distribution_feeder,32.47543967399819,-84.79054996275634,32.463841600666676,-84.78767183212058,1.315,2025,45,composite_pole,0.85,98.2,3,68.17,265.09,0.67,0.645,0.983,0.373,0.2068,4,DFR-01964,electric,4.25,2.4,False,0,,,,,2025,2378.0,0.0,0
distribution_feeder,30.603918127463636,-84.5700036500798,30.584326095414802,-84.5646198601618,2.235,1988,45,wood_pole,1.4,33.7,2,10.39,58.31,0.342,0.629,0.246,0.251,0.1467,7,DFR-01965,electric,0.69,0.0,False,0,,,,,2021,1802.0,0.0,0
distribution_feeder,31.818978643675614,-85.38702482632355,31.80286753610349,-85.36761060208336,2.56,1986,45,wood_pole,1.4,14.6,3,51.47,196.08,0.874,0.658,0.698,0.593,0.1826,0,DFR-01966,electric,3.78,0.0,False,0,,,,,2026,2731.0,0.0,0
distribution_feeder,30.6138924901396,-84.1833667962521,30.623464599131452,-84.19386815243142,1.461,1990,45,wood_pole,1.4,49.8,3,18.72,63.65,0.346,0.736,0.359,0.44,0.3818,7,DFR-01967,electric,2.41,0.0,False,0,,,,,2024,4111.0,0.0,1
distribution_feeder,32.362319769240145,-81.62340971053887,32.368596415984136,-81.62274155239423,0.7,2011,45,wood_pole,1.4,62.6,3,60.98,254.75,0.552,0.376,0.906,0.789,0.6984,5,DFR-01968,electric,0.87,2.12,False,0,,,,,2020,10925.0,0.0,0
distribution_feeder,31.398575553794643,-84.96095167873428,31.419481659321455,-84.97363481063606,2.613,1979,45,underground,0.25,77.8,3,34.45,145.7,0.657,0.597,0.64,0.403,0.103,0,DFR-01969,electric,2.13,0.0,False,0,,,,,2023,1329.0,0.0,0
distribution_feeder,31.66566226253006,-85.0784542270736,31.674137524202973,-85.07554743359695,0.98,1984,45,wood_pole,1.4,16.2,3,41.93,175.9,0.635,0.538,0.697,0.472,0.189,0,DFR-01970,electric,5.83,0.0,False,0,,,,,2025,1957.0,0.0,1
distribution_feeder,31.41017471882665,-85.71297998121084,31.40251953855119,-85.694644997982,1.934,1999,45,wood_pole,1.4,48.9,3,39.22,156.22,0.816,0.718,0.675,0.3,0.1851,0,DFR-01971,electric,2.2,0.0,False,0,,,,,2026,3637.0,0.0,0
distribution_feeder,30.66929527231673,-84.34125625245088,30.696370616849258,-84.33362360943184,3.092,2016,45,wood_pole,1.4,93.4,3,16.26,67.74,0.261,0.515,0.325,0.285,0.5683,7,DFR-01972,electric,1.94,0.87,False,0,,,,,2022,7083.0,0.0,1
distribution_feeder,32.74296485580454,-84.31956345580089,32.75585810086999,-84.34015913202246,2.397,2014,45,composite_pole,0.85,71.4,3,87.28,298.18,0.702,0.576,1.0,0.556,0.2076,4,DFR-01973,electric,4.66,0.0,False,0,,,,,2023,2353.0,0.0,1
distribution_feeder,32.69914949466795,-83.97435687865128,32.67854653893535,-83.9699504116294,2.324,1990,45,wood_pole,1.4,44.6,3,87.73,298.27,0.866,0.642,1.0,0.696,0.0834,4,DFR-01974,electric,3.49,0.0,False,0,,,,,2025,929.0,0.0,0
distribution_feeder,32.1025670422697,-81.80207344694506,32.10295231130688,-81.80631088085813,0.401,2007,45,wood_pole,1.4,83.8,3,45.97,229.65,0.852,0.682,0.803,0.889,0.3251,3,DFR-01975,electric,1.81,2.49,False,0,,,,,2023,4901.0,0.0,1
distribution_feeder,32.5318177023003,-84.30858899560677,32.51551068430327,-84.32814298740143,2.574,1988,45,composite_pole,0.85,35.2,3,76.44,274.88,0.69,0.692,1.0,0.418,0.3841,4,DFR-01976,electric,2.85,0.0,False,0,,,,,2023,3311.0,0.0,0
distribution_feeder,32.281427305681056,-81.88424145468403,32.262661867330124,-81.84483832780337,4.244,1992,45,wood_pole,1.4,42.4,1,58.67,251.21,0.466,0.505,0.901,0.881,0.6243,3,DFR-01977,electric,1.0,0.0,False,0,,,,,2022,11240.0,0.0,0
distribution_feeder,32.14917851841515,-81.82227949265425,32.11050721382189,-81.845012386434,4.795,1986,45,wood_pole,1.4,36.6,3,49.09,235.24,0.591,0.449,0.882,0.749,0.4289,3,DFR-01978,electric,6.56,0.0,False,0,,,,,2022,7764.0,0.0,1
distribution_feeder,32.573486266587636,-81.78607597251535,32.573864322400226,-81.77312476846409,1.212,1980,45,wood_pole,1.4,19.5,3,71.36,281.59,0.643,0.397,0.927,0.669,0.574,5,DFR-01979,electric,1.21,0.0,False,0,,,,,2025,9746.0,0.0,0
distribution_feeder,30.600848369983684,-84.11731827947182,30.601046275797575,-84.11316590877114,0.397,1993,45,wood_pole,1.4,24.0,3,14.45,63.16,0.328,0.624,0.247,0.46,0.2773,7,DFR-01980,electric,4.23,0.0,False,0,,,,,2022,2239.0,0.0,0
distribution_feeder,32.70537409908766,-84.25835427065086,32.719524888925456,-84.26541878182985,1.704,1996,45,wood_pole,1.4,44.0,2,85.62,294.78,0.767,0.559,1.0,0.679,0.183,4,DFR-01981,electric,1.03,0.0,False,0,,,,,2022,1269.0,0.0,0
distribution_feeder,32.51200969920522,-84.51807301969367,32.551361449445814,-84.50250892366938,4.605,1995,45,composite_pole,0.85,69.2,3,71.92,270.5,0.446,0.475,0.988,0.407,0.72,4,DFR-01982,electric,2.39,0.0,False,0,,,,,2022,7197.0,0.0,0
distribution_feeder,32.24004174213326,-81.62917863743178,32.24487802810996,-81.65892551507277,2.844,1984,45,wood_pole,1.4,36.1,3,57.59,241.29,0.6,0.604,0.966,0.836,0.585,5,DFR-01983,electric,1.31,0.0,False,0,,,,,2025,9653.0,0.0,0
distribution_feeder,31.26144702525757,-85.54038866804633,31.264039885036777,-85.53930890671059,0.305,2000,45,composite_pole,0.85,66.6,2,31.69,136.57,0.572,0.687,0.606,0.229,0.3738,0,DFR-01984,electric,2.71,0.0,False,0,,,,,2018,7265.0,0.0,0
distribution_feeder,32.39465803990038,-81.59503120703734,32.45736076480399,-81.58866511223746,6.986,1976,45,concrete_pole,0.9,39.7,2,60.73,257.75,0.639,0.633,1.0,0.727,0.5915,5,DFR-01985,electric,2.82,0.0,False,0,,,,,2018,5308.0,0.0,1
distribution_feeder,31.149276781224767,-84.19860509977936,31.149186753921548,-84.16548926282881,3.146,1954,45,composite_pole,0.85,5.0,2,31.89,122.86,0.535,0.625,0.454,0.404,0.208,7,DFR-01986,electric,0.73,0.0,False,0,,,,,2023,1747.0,0.0,0
distribution_feeder,30.827596362486513,-84.9814503920785,30.86726738544259,-84.96896569320597,4.561,1980,45,wood_pole,1.4,32.1,3,14.52,82.39,0.412,0.802,0.437,0.234,0.1061,7,DFR-01987,electric,2.29,0.0,False,0,,,,,2024,1692.0,0.0,0
distribution_feeder,30.818840949534227,-84.31069376185997,30.822138321499988,-84.32161967110824,1.104,1975,45,concrete_pole,0.9,21.0,2,19.41,84.71,0.294,0.416,0.4,0.371,0.9784,7,DFR-01988,electric,2.2,0.0,False,0,,,,,2017,8749.0,0.0,0
distribution_feeder,31.033874276798745,-85.76335071187225,31.03714455764283,-85.76668270297267,0.482,2013,45,wood_pole,1.4,73.2,3,32.84,115.43,0.652,0.751,0.541,0.182,0.1031,0,DFR-01989,electric,3.8,0.0,False,0,,,,,2018,714.0,0.0,0
distribution_feeder,31.290808040390598,-83.93879700407659,31.297897248440634,-83.94404617427345,0.931,1975,45,wood_pole,1.4,22.2,3,38.39,142.51,0.729,0.654,0.696,0.426,0.0839,7,DFR-01990,electric,4.61,0.0,False,0,,,,,2025,933.0,0.0,0
distribution_feeder,30.787428886325948,-84.64904550835595,30.76804549789319,-84.66730720465442,2.768,1987,45,wood_pole,1.4,39.9,3,16.67,78.19,0.38,0.538,0.385,0.313,0.2535,7,DFR-01991,electric,0.71,1.35,False,0,,,,,2023,4020.0,0.0,0
distribution_feeder,31.34417121169478,-85.89480316699117,31.35431014046869,-85.88610007861652,1.395,1996,45,wood_pole,1.4,46.7,2,37.14,152.55,0.589,0.652,0.639,0.381,0.0968,0,DFR-01992,electric,1.57,0.0,False,0,,,,,2023,1768.0,0.0,0
distribution_feeder,30.850763028975074,-83.53542633120406,30.86133868528775,-83.53648579638461,1.178,1984,45,wood_pole,1.4,34.6,2,28.36,99.89,0.57,0.52,0.47,0.5,0.082,7,DFR-01993,electric,0.78,0.0,False,0,,,,,2025,590.0,0.0,0
distribution_feeder,32.713586102805316,-81.61038683731202,32.78093249045188,-81.6144314615009,7.485,1974,45,composite_pole,0.85,36.8,3,75.06,293.47,0.862,0.723,1.0,0.611,0.189,5,DFR-01994,electric,3.83,0.0,False,0,,,,,2025,3515.0,0.0,1
distribution_feeder,30.645847303451564,-84.1575676908463,30.629085264896286,-84.20331212224283,4.748,2007,45,wood_pole,1.4,64.6,3,18.99,67.57,0.285,0.598,0.427,0.406,0.4324,7,DFR-01995,electric,1.28,0.0,False,0,,,,,2022,4031.0,0.0,0
distribution_feeder,31.46828957912149,-85.5839863290098,31.474427320323983,-85.59421718550182,1.184,1990,45,wood_pole,1.4,39.2,3,35.8,160.28,0.631,0.689,0.631,0.407,0.2553,0,DFR-01996,electric,1.65,0.0,False,0,,,,,2022,3167.0,0.0,0
distribution_feeder,31.975344494745123,-84.369918506434,31.979154409929162,-84.38902148055986,1.848,2002,45,wood_pole,1.4,61.9,3,56.37,212.39,0.901,0.573,0.786,0.42,0.268,4,DFR-01997,electric,1.5,0.0,False,0,,,,,2016,2419.0,0.0,0
distribution_feeder,32.18752800576372,-81.99860119039965,32.183600131604635,-82.01479916575899,1.583,2003,45,wood_pole,1.4,67.5,3,59.15,243.09,0.762,0.748,0.852,0.96,0.2322,3,DFR-01998,electric,2.74,0.0,False,0,,,,,2019,2513.0,0.0,0
distribution_feeder,32.475416535002296,-81.65883635143464,32.47199385294232,-81.62651668183096,3.05,2012,45,wood_pole,1.4,49.8,1,66.29,268.03,0.582,0.45,1.0,0.679,0.6293,5,DFR-01999,electric,2.44,0.0,False,0,,,,,2018,7635.0,0.0,1
distribution_feeder,31.37443844794162,-85.65438908234098,31.390239991247714,-85.65650393877897,1.765,1990,45,wood_pole,1.4,28.5,2,34.7,151.14,0.61,0.785,0.589,0.354,0.2595,0,DFR-02000,electric,0.86,0.0,False,0,,,,,2021,4627.0,0.0,0
distribution_feeder,30.711109638480387,-84.42425686154311,30.71370176623782,-84.41937471224634,0.548,2025,45,wood_pole,1.4,90.4,2,14.25,71.47,0.218,0.51,0.427,0.404,0.5251,7,DFR-02001,electric,2.58,2.16,False,0,,,,,2018,9372.0,0.0,1
distribution_feeder,32.430573421209,-81.90390235022033,32.4279825048903,-81.88955452102601,1.375,2008,45,underground,0.25,67.8,3,63.49,268.17,0.589,0.494,0.942,0.841,0.6134,5,DFR-02002,electric,2.68,0.0,False,0,,,,,2023,6015.0,0.0,1
distribution_feeder,31.84686542906567,-84.56456677879048,31.838564569996215,-84.55773339052138,1.124,1998,45,wood_pole,1.4,52.0,3,49.55,196.31,0.983,0.592,0.736,0.424,0.2353,4,DFR-02003,electric,1.6,0.0,False,0,,,,,2026,4217.0,0.0,0
distribution_feeder,30.676507812411387,-84.65313089308158,30.67766626948849,-84.64370459042387,0.909,1994,45,wood_pole,1.4,38.6,3,14.24,65.86,0.485,0.665,0.392,0.165,0.1464,7,DFR-02004,electric,1.83,0.0,False,0,,,,,2023,1085.0,0.0,0
distribution_feeder,30.910070740823382,-84.34131668329384,30.90799981672106,-84.33435021433802,0.702,2020,45,wood_pole,1.4,79.4,3,21.79,94.47,0.19,0.469,0.5,0.439,0.8665,7,DFR-02005,electric,1.79,0.0,False,0,,,,,2022,10320.0,0.0,1
distribution_feeder,32.173781705060826,-81.86803326674239,32.171927179141534,-81.8614764688961,0.65,1991,45,wood_pole,1.4,32.7,2,53.07,238.93,0.615,0.637,0.921,0.953,0.4319,3,DFR-02006,electric,3.61,0.0,False,0,,,,,2019,8145.0,0.0,0
distribution_feeder,32.47996416434075,-82.01076919769791,32.51990443574537,-82.03272285552097,4.887,1965,45,wood_pole,1.4,2.0,3,65.35,275.79,0.639,0.599,0.975,0.749,0.3597,5,DFR-02007,electric,3.0,0.0,False,0,,,,,2023,4439.0,0.0,2
distribution_feeder,31.679232381520478,-85.10655231459774,31.66596290820242,-85.11522546915215,1.685,1990,45,wood_pole,1.4,51.5,3,42.99,177.6,0.814,0.596,0.654,0.424,0.2086,0,DFR-02008,electric,0.79,0.0,False,0,,,,,2024,1508.0,0.0,0
distribution_feeder,30.822083051201172,-84.26394870159173,30.823439799358155,-84.28253005957222,1.778,2024,45,composite_pole,0.85,100.0,3,23.2,85.66,0.302,0.446,0.492,0.358,1.0,7,DFR-02009,electric,1.87,0.0,False,0,,,,,2025,8663.0,0.0,2
distribution_feeder,33.0,-81.77091933148967,32.98594588735646,-81.75296077544802,2.287,1974,45,wood_pole,1.4,25.4,3,88.65,328.61,0.791,0.646,1.0,0.628,0.1776,5,DFR-02010,electric,2.12,0.0,False,0,,,,,2024,3289.0,0.0,1
recloser,32.830090113941964,-81.99279085680773,32.830090113941964,-81.99279085680773,0.0,2013,30,standard,1.0,64.3,3,82.57,314.3,0.592,0.619,1.0,0.637,0.5546,5,RCL-02011,electric,1.94,0.0,False,0,,,,,2024,0.0,0.0,0
recloser,32.475425460790795,-84.16059117697691,32.475425460790795,-84.16059117697691,0.0,2008,30,standard,1.0,60.2,3,76.85,270.61,0.888,0.614,1.0,0.538,0.1423,4,RCL-02012,electric,3.47,0.0,False,0,,,,,2023,0.0,0.0,0
recloser,30.444818321210548,-84.22330676508791,30.444818321210548,-84.22330676508791,0.0,2007,30,standard,1.0,61.3,3,12.65,44.33,0.341,0.737,0.308,0.142,0.1251,7,RCL-02013,electric,1.79,0.0,False,0,,,,,2024,0.0,0.0,0
recloser,32.57283840365001,-82.04258794144289,32.57283840365001,-82.04258794144289,0.0,2005,30,standard,1.0,67.5,1,75.61,286.72,0.637,0.577,1.0,0.769,0.3849,5,RCL-02014,electric,1.15,0.0,False,0,,,,,2021,0.0,0.0,0
recloser,30.88482765783884,-84.5320580498309,30.88482765783884,-84.5320580498309,0.0,2023,30,standard,1.0,93.8,2,20.66,89.77,0.416,0.479,0.496,0.293,0.4864,7,RCL-02015,electric,3.01,1.44,False,0,,,,,2022,0.0,0.0,0
recloser,32.55460047874757,-82.35693363456991,32.55460047874757,-82.35693363456991,0.0,2012,30,standard,1.0,77.7,3,79.89,289.98,0.76,0.621,0.989,0.888,0.0908,3,RCL-02016,electric,2.68,0.0,False,0,,,,,2024,0.0,0.0,0
recloser,31.57283983146143,-84.69715040686445,31.57283983146143,-84.69715040686445,0.0,2003,30,standard,1.0,58.3,3,41.34,165.16,0.817,0.59,0.503,0.38,0.0885,4,RCL-02017,electric,2.86,0.68,False,0,,,,,2023,0.0,0.0,0
recloser,32.4864111926943,-84.765000307263,32.4864111926943,-84.765000307263,0.0,2009,30,standard,1.0,63.3,3,70.05,266.35,0.82,0.699,0.975,0.235,0.2472,4,RCL-02018,electric,1.18,0.0,False,0,,,,,2022,0.0,0.0,0
recloser,32.412763140086305,-84.78938014468231,32.412763140086305,-84.78938014468231,0.0,2012,30,standard,1.0,58.8,3,67.36,258.14,0.739,0.593,1.0,0.194,0.1859,4,RCL-02019,electric,1.8,0.0,False,0,,,,,2025,0.0,0.0,0
recloser,32.41849518689511,-81.54362420397491,32.41849518689511,-81.54362420397491,0.0,2018,30,standard,1.0,59.8,2,63.57,259.35,0.563,0.518,0.885,0.639,0.416,5,RCL-02020,electric,3.12,0.0,False,0,,,,,2019,0.0,0.0,0
recloser,30.73119557747262,-84.06208323139089,30.73119557747262,-84.06208323139089,0.0,2008,30,standard,1.0,52.0,3,21.4,78.46,0.241,0.532,0.385,0.345,0.3937,7,RCL-02021,electric,2.57,0.0,False,0,,,,,2025,0.0,0.0,0
recloser,32.41508870806764,-81.5,32.41508870806764,-81.5,0.0,2011,30,standard,1.0,77.3,3,62.32,258.1,0.747,0.627,0.969,0.617,0.3101,5,RCL-02022,electric,4.94,1.49,False,0,,,,,2020,0.0,0.0,0
recloser,31.5165997797658,-84.63923860686981,31.5165997797658,-84.63923860686981,0.0,2004,30,standard,1.0,44.8,3,37.8,159.18,0.743,0.577,0.548,0.252,0.0889,4,RCL-02023,electric,5.92,0.0,False,0,,,,,2022,0.0,0.0,0
recloser,32.635175298594326,-84.76122486630823,32.635175298594326,-84.76122486630823,0.0,2014,30,standard,1.0,70.9,3,79.42,282.88,0.75,0.496,1.0,0.241,0.2181,4,RCL-02024,electric,2.1,0.0,False,0,,,,,2026,0.0,0.0,0
recloser,32.66068537056605,-84.51944142957962,32.66068537056605,-84.51944142957962,0.0,2009,30,standard,1.0,84.8,3,79.4,286.99,0.57,0.584,1.0,0.367,0.5151,4,RCL-02025,electric,1.67,0.72,False,0,,,,,2026,0.0,0.0,0
recloser,30.62011879923666,-84.24933607297257,30.62011879923666,-84.24933607297257,0.0,2007,30,standard,1.0,43.4,3,15.54,63.44,0.227,0.666,0.398,0.299,0.4439,7,RCL-02026,electric,3.1,0.0,False,0,,,,,2024,0.0,0.0,0
recloser,30.6121874111389,-84.30212935037935,30.6121874111389,-84.30212935037935,0.0,2002,30,standard,1.0,37.6,3,13.16,61.88,0.309,0.484,0.414,0.376,0.4174,7,RCL-02027,electric,3.15,0.0,False,0,,,,,2023,0.0,0.0,0
recloser,31.741235859633928,-85.21333887943884,31.741235859633928,-85.21333887943884,0.0,2008,30,standard,1.0,71.0,3,44.57,185.38,0.662,0.376,0.752,0.476,0.2492,0,RCL-02028,electric,0.7,0.0,False,0,,,,,2018,0.0,0.0,0
recloser,31.315849520106276,-85.63253581131082,31.315849520106276,-85.63253581131082,0.0,1996,30,standard,1.0,37.1,3,36.9,144.23,0.541,0.562,0.522,0.266,0.301,0,RCL-02029,electric,2.48,0.0,False,0,,,,,2025,0.0,0.0,0
recloser,32.92370875201881,-81.73105266488666,32.92370875201881,-81.73105266488666,0.0,2009,30,standard,1.0,70.3,2,84.2,319.31,0.692,0.494,1.0,0.537,0.2148,5,RCL-02030,electric,0.68,0.0,False,0,,,,,2024,0.0,0.0,0
recloser,32.89076560047428,-82.17908666385597,32.89076560047428,-82.17908666385597,0.0,2016,30,standard,1.0,76.8,3,87.99,324.51,0.876,0.484,1.0,0.71,0.2082,5,RCL-02031,electric,1.92,0.0,False,0,,,,,2023,0.0,0.0,0
recloser,32.47074779735378,-84.35842345228369,32.47074779735378,-84.35842345228369,0.0,2003,30,standard,1.0,62.8,2,73.87,267.51,0.692,0.559,0.943,0.488,0.4816,4,RCL-02032,electric,5.98,0.0,False,0,,,,,2025,0.0,0.0,0
recloser,32.66257861828833,-81.85531715455386,32.66257861828833,-81.85531715455386,0.0,2015,30,standard,1.0,88.4,3,74.39,292.92,0.491,0.627,1.0,0.671,0.5937,5,RCL-02033,electric,1.91,0.0,False,0,,,,,2024,0.0,0.0,0
recloser,32.378967721336,-81.58694348691076,32.378967721336,-81.58694348691076,0.0,2004,30,standard,1.0,48.0,3,56.83,255.84,0.426,0.516,1.0,0.668,0.5736,5,RCL-02034,electric,1.03,0.0,False,0,,,,,2019,0.0,0.0,0
recloser,31.062277765825343,-84.35626582005634,31.062277765825343,-84.35626582005634,0.0,2025,30,standard,1.0,86.0,3,26.67,111.19,0.419,0.525,0.483,0.38,0.4301,7,RCL-02035,electric,1.41,0.0,False,0,,,,,2022,0.0,0.0,0
recloser,33.0,-81.72520421415668,33.0,-81.72520421415668,0.0,2019,30,standard,1.0,83.7,3,87.15,327.65,0.863,0.834,1.0,0.521,0.1489,5,RCL-02036,electric,6.73,0.0,False,0,,,,,2024,0.0,0.0,0
recloser,31.027729676151637,-84.45732238578061,31.027729676151637,-84.45732238578061,0.0,2010,30,standard,1.0,79.2,3,25.42,106.29,0.415,0.665,0.476,0.323,0.4693,7,RCL-02037,electric,3.56,0.0,False,0,,,,,2025,0.0,0.0,0
recloser,32.69461331532548,-82.27064874115369,32.69461331532548,-82.27064874115369,0.0,2011,30,standard,1.0,77.9,3,82.37,304.24,0.889,0.682,1.0,0.788,0.145,5,RCL-02038,electric,0.71,0.0,False,0,,,,,2025,0.0,0.0,0
recloser,30.58696967208342,-84.19272486442637,30.58696967208342,-84.19272486442637,0.0,1999,30,standard,1.0,63.6,3,18.52,60.53,0.322,0.565,0.222,0.262,0.3212,7,RCL-02039,electric,1.81,1.76,False,0,,,,,2024,0.0,0.0,0
recloser,32.113591098385434,-81.76581951121965,32.113591098385434,-81.76581951121965,0.0,1998,30,standard,1.0,37.7,3,49.21,230.11,0.688,0.566,0.892,0.917,0.3631,3,RCL-02040,electric,2.24,0.0,False,0,,,,,2023,0.0,0.0,0
recloser,32.59379527706543,-81.80232450996316,32.59379527706543,-81.80232450996316,0.0,2008,30,standard,1.0,71.1,1,74.31,284.18,0.533,0.455,1.0,0.654,0.5602,5,RCL-02041,electric,1.18,0.0,False,0,,,,,2025,0.0,0.0,0
recloser,32.302716187081145,-84.29744940224143,32.302716187081145,-84.29744940224143,0.0,2015,30,standard,1.0,76.3,3,67.54,249.59,0.845,0.619,0.904,0.506,0.2006,4,RCL-02042,electric,2.33,0.0,False,0,,,,,2025,0.0,0.0,0
recloser,32.59376191995736,-82.16365743819497,32.59376191995736,-82.16365743819497,0.0,2025,30,standard,1.0,100.0,3,73.53,291.27,0.802,0.755,1.0,0.801,0.2215,5,RCL-02043,electric,3.38,0.0,False,0,,,,,2024,0.0,0.0,0
recloser,31.728287908254988,-85.16627635990997,31.728287908254988,-85.16627635990997,0.0,2022,30,standard,1.0,92.8,3,42.94,183.51,0.821,0.707,0.733,0.413,0.2313,0,RCL-02044,electric,5.63,0.0,False,0,,,,,2021,0.0,0.0,0
recloser,31.137038003972844,-85.48259124851911,31.137038003972844,-85.48259124851911,0.0,2011,30,standard,1.0,65.4,2,29.32,121.81,0.507,0.585,0.546,0.095,0.2631,0,RCL-02045,electric,1.59,0.0,False,0,,,,,2024,0.0,0.0,0
recloser,31.523827205423718,-85.22886751645498,31.523827205423718,-85.22886751645498,0.0,2003,30,standard,1.0,50.4,3,39.67,161.41,0.598,0.67,0.761,0.413,0.28,0,RCL-02046,electric,2.1,0.0,False,0,,,,,2025,0.0,0.0,0
recloser,32.17053543732892,-81.72213811724134,32.17053543732892,-81.72213811724134,0.0,1997,30,standard,1.0,33.7,3,53.17,235.52,0.594,0.437,0.871,0.75,0.5235,3,RCL-02047,electric,4.42,0.0,False,0,,,,,2025,0.0,0.0,0
recloser,30.84344336903217,-84.27402979272668,30.84344336903217,-84.27402979272668,0.0,2010,30,standard,1.0,74.2,1,21.29,87.9,0.149,0.605,0.363,0.353,1.0,7,RCL-02048,electric,1.62,0.0,False,0,,,,,2023,0.0,0.0,0
recloser,32.457978820280616,-84.5729146263164,32.457978820280616,-84.5729146263164,0.0,2012,30,standard,1.0,80.3,3,71.05,264.09,0.502,0.586,1.0,0.363,0.6206,4,RCL-02049,electric,0.64,0.0,False,0,,,,,2024,0.0,0.0,0
recloser,32.522585410788146,-82.15281802988463,32.522585410788146,-82.15281802988463,0.0,1997,30,standard,1.0,35.5,2,68.82,283.18,0.866,0.508,1.0,0.889,0.1845,5,RCL-02050,electric,4.55,0.0,False,0,,,,,2022,0.0,0.0,0
recloser,32.27527102156512,-84.49841291600019,32.27527102156512,-84.49841291600019,0.0,2012,30,standard,1.0,87.0,3,64.65,244.39,0.821,0.65,0.971,0.362,0.3028,4,RCL-02051,electric,3.68,0.0,False,0,,,,,2024,0.0,0.0,0
recloser,32.18898698105604,-84.79899501652656,32.18898698105604,-84.79899501652656,0.0,2003,30,standard,1.0,38.0,3,57.11,233.28,1.0,0.698,0.812,0.309,0.1029,4,RCL-02052,electric,1.73,0.0,False,0,,,,,2023,0.0,0.0,0
recloser,33.0,-81.74277864281915,33.0,-81.74277864281915,0.0,2004,30,standard,1.0,59.2,3,88.98,328.02,0.767,0.653,1.0,0.55,0.1591,5,RCL-02053,electric,4.21,0.0,False,0,,,,,2023,0.0,0.0,0
recloser,30.660361452605393,-84.51516657251234,30.660361452605393,-84.51516657251234,0.0,2021,30,standard,1.0,88.0,3,11.82,64.99,0.432,0.7,0.275,0.214,0.2535,7,RCL-02054,electric,1.48,0.0,False,0,,,,,2025,0.0,0.0,0
recloser,31.043965425025082,-84.50070802817264,31.043965425025082,-84.50070802817264,0.0,1995,30,standard,1.0,37.4,3,26.96,107.7,0.386,0.434,0.555,0.38,0.4428,7,RCL-02055,electric,1.87,0.0,False,0,,,,,2019,0.0,0.0,0
recloser,32.81708516741446,-81.82251805312299,32.81708516741446,-81.82251805312299,0.0,2019,30,standard,1.0,73.7,3,78.87,309.39,0.541,0.505,1.0,0.589,0.482,5,RCL-02056,electric,1.52,1.93,False,0,,,,,2017,0.0,0.0,0
recloser,31.373043770137556,-85.0876948507554,31.373043770137556,-85.0876948507554,0.0,1994,30,standard,1.0,53.4,3,33.05,143.48,0.783,0.693,0.687,0.501,0.1278,0,RCL-02057,electric,2.25,0.0,False,0,,,,,2023,0.0,0.0,0
recloser,32.341909321280646,-81.73802484607275,32.341909321280646,-81.73802484607275,0.0,2022,30,standard,1.0,100.0,3,56.99,254.87,0.273,0.473,0.95,0.807,0.919,5,RCL-02058,electric,1.5,0.0,False,0,,,,,2025,0.0,0.0,0
recloser,32.242526903936984,-84.6050860761596,32.242526903936984,-84.6050860761596,0.0,2008,30,standard,1.0,79.6,3,62.82,239.96,0.675,0.67,0.988,0.376,0.2232,4,RCL-02059,electric,3.03,0.0,False,0,,,,,2023,0.0,0.0,0
recloser,31.0116300057741,-84.61901855413208,31.0116300057741,-84.61901855413208,0.0,2017,30,standard,1.0,94.1,1,25.58,103.25,0.378,0.561,0.477,0.366,0.4874,7,RCL-02060,electric,1.62,0.0,False,0,,,,,2023,0.0,0.0,0
recloser,30.6466966610693,-84.27770108854259,30.6466966610693,-84.27770108854259,0.0,1992,30,standard,1.0,27.1,3,12.11,66.02,0.339,0.55,0.28,0.274,0.5332,7,RCL-02061,electric,1.92,1.25,False,0,,,,,2024,0.0,0.0,0
recloser,32.60756669740099,-81.8422354739108,32.60756669740099,-81.8422354739108,0.0,2021,30,standard,1.0,100.0,1,71.6,286.54,0.616,0.612,1.0,0.644,0.5788,5,RCL-02062,electric,2.27,0.0,False,0,,,,,2018,0.0,0.0,0
recloser,32.516245462880846,-81.79647858165535,32.516245462880846,-81.79647858165535,0.0,2015,30,standard,1.0,79.7,3,66.19,275.45,0.46,0.462,1.0,0.65,0.6661,5,RCL-02063,electric,1.44,0.0,False,0,,,,,2019,0.0,0.0,0
recloser,30.544206849063368,-84.44965756294472,30.544206849063368,-84.44965756294472,0.0,2017,30,standard,1.0,81.6,3,9.35,52.69,0.224,0.715,0.254,0.165,0.1753,7,RCL-02064,electric,0.52,0.89,False,0,,,,,2016,0.0,0.0,0
recloser,30.997676797157034,-84.20052620194687,30.997676797157034,-84.20052620194687,0.0,2013,30,standard,1.0,90.9,3,26.44,106.01,0.378,0.276,0.444,0.343,0.5832,7,RCL-02065,electric,3.38,0.0,False,0,,,,,2024,0.0,0.0,0
recloser,32.49944216949441,-81.79070268669197,32.49944216949441,-81.79070268669197,0.0,1999,30,standard,1.0,49.7,3,69.52,273.46,0.531,0.514,1.0,0.706,0.6996,5,RCL-02066,electric,1.8,0.0,False,0,,,,,2018,0.0,0.0,0
recloser,31.81285412978619,-84.73015341859069,31.81285412978619,-84.73015341859069,0.0,2004,30,standard,1.0,64.0,3,47.62,191.68,0.863,0.638,0.795,0.374,0.1221,4,RCL-02067,electric,2.79,0.0,False,0,,,,,2022,0.0,0.0,0
recloser,32.24879531823291,-84.55799652250127,32.24879531823291,-84.55799652250127,0.0,1993,30,standard,1.0,28.5,3,65.18,240.97,0.709,0.715,0.94,0.376,0.2539,4,RCL-02068,electric,3.38,0.0,False,0,,,,,2023,0.0,0.0,0
recloser,32.3950551671711,-84.4225947446926,32.3950551671711,-84.4225947446926,0.0,2023,30,standard,1.0,92.4,3,69.69,258.41,0.672,0.556,0.947,0.417,0.4951,4,RCL-02069,electric,1.15,0.0,False,0,,,,,2022,0.0,0.0,0
recloser,30.458121903866186,-84.19423060959573,30.458121903866186,-84.19423060959573,0.0,2003,30,standard,1.0,45.0,3,14.17,46.21,0.333,0.767,0.241,0.364,0.1311,7,RCL-02070,electric,1.6,0.94,False,0,,,,,2021,0.0,0.0,0
recloser,31.297969034936937,-85.5882504659451,31.297969034936937,-85.5882504659451,0.0,1997,30,standard,1.0,51.1,2,28.85,141.45,0.555,0.711,0.626,0.205,0.3475,0,RCL-02071,electric,0.59,0.0,False,0,,,,,2022,0.0,0.0,0
recloser,30.90904183423248,-84.61508289977151,30.90904183423248,-84.61508289977151,0.0,2005,30,standard,1.0,40.2,3,19.42,91.88,0.399,0.577,0.416,0.285,0.4306,7,RCL-02072,electric,2.23,0.0,False,0,,,,,2023,0.0,0.0,0
recloser,31.246493563757966,-84.08527957297721,31.246493563757966,-84.08527957297721,0.0,2002,30,standard,1.0,44.7,3,31.39,135.31,0.614,0.695,0.748,0.344,0.0991,7,RCL-02073,electric,1.4,0.0,False,0,,,,,2021,0.0,0.0,0
recloser,31.381949431329836,-84.98242698940305,31.381949431329836,-84.98242698940305,0.0,2004,30,standard,1.0,46.2,2,29.92,143.93,0.688,0.606,0.615,0.365,0.1041,0,RCL-02074,electric,2.05,0.0,False,0,,,,,2022,0.0,0.0,0
recloser,30.64973901495747,-84.34963874186695,30.64973901495747,-84.34963874186695,0.0,2015,30,standard,1.0,76.1,2,16.02,65.48,0.265,0.604,0.347,0.192,0.4936,7,RCL-02075,electric,2.1,0.0,False,0,,,,,2019,0.0,0.0,0
recloser,32.93129635159766,-81.7334373029294,32.93129635159766,-81.7334373029294,0.0,2018,30,standard,1.0,81.3,3,89.98,320.2,0.826,0.456,1.0,0.566,0.2104,5,RCL-02076,electric,1.43,0.0,False,0,,,,,2021,0.0,0.0,0
recloser,31.185874445057905,-83.99267772378481,31.185874445057905,-83.99267772378481,0.0,2013,30,standard,1.0,53.9,3,33.16,130.01,0.599,0.719,0.706,0.428,0.0999,7,RCL-02077,electric,0.6,0.0,False,0,,,,,2025,0.0,0.0,0
recloser,32.49137800535141,-84.06653172820097,32.49137800535141,-84.06653172820097,0.0,2003,30,standard,1.0,71.0,2,80.7,273.77,0.855,0.708,1.0,0.539,0.0963,4,RCL-02078,electric,2.29,0.0,False,0,,,,,2019,0.0,0.0,0
recloser,30.87946089147423,-84.11941309144626,30.87946089147423,-84.11941309144626,0.0,2018,30,standard,1.0,80.5,3,26.19,94.06,0.302,0.594,0.455,0.316,0.6416,7,RCL-02079,electric,3.05,0.0,False,0,,,,,2024,0.0,0.0,0
recloser,32.099987476189675,-81.5,32.099987476189675,-81.5,0.0,2008,30,standard,1.0,62.7,1,43.75,223.12,0.823,0.495,0.756,0.754,0.1558,3,RCL-02080,electric,1.28,0.0,False,0,,,,,2025,0.0,0.0,0
recloser,30.928970760194655,-84.53333379983623,30.928970760194655,-84.53333379983623,0.0,2008,30,standard,1.0,62.0,2,23.27,94.66,0.48,0.562,0.465,0.374,0.5007,7,RCL-02081,electric,5.84,0.0,False,0,,,,,2023,0.0,0.0,0
recloser,30.83013516275024,-84.02608616866158,30.83013516275024,-84.02608616866158,0.0,2011,30,standard,1.0,55.3,3,27.36,90.0,0.275,0.654,0.457,0.475,0.3627,7,RCL-02082,electric,2.89,0.84,False,0,,,,,2021,0.0,0.0,0
recloser,32.1421789827931,-81.54622007511476,32.1421789827931,-81.54622007511476,0.0,2014,30,standard,1.0,83.6,3,52.46,228.73,0.844,0.718,0.945,0.741,0.244,3,RCL-02083,electric,1.41,0.0,False,0,,,,,2024,0.0,0.0,0
recloser,31.89993823723135,-84.27135215165205,31.89993823723135,-84.27135215165205,0.0,2003,30,standard,1.0,56.5,2,55.36,205.21,0.833,0.649,0.836,0.383,0.1849,4,RCL-02084,electric,3.45,0.0,False,0,,,,,2021,0.0,0.0,0
recloser,32.87544922516941,-82.0167058503882,32.87544922516941,-82.0167058503882,0.0,2009,30,standard,1.0,76.8,3,88.22,319.81,0.686,0.65,1.0,0.567,0.4526,5,RCL-02085,electric,5.97,1.42,False,0,,,,,2024,0.0,0.0,0
recloser,32.68089776787027,-82.36081272449215,32.68089776787027,-82.36081272449215,0.0,2004,30,standard,1.0,58.2,3,81.09,304.05,0.781,0.691,1.0,0.91,0.0979,5,RCL-02086,electric,1.32,0.0,False,0,,,,,2023,0.0,0.0,0
recloser,32.63488690567156,-84.6820225956965,32.63488690567156,-84.6820225956965,0.0,1998,30,standard,1.0,35.0,2,73.32,283.11,0.662,0.655,1.0,0.371,0.3491,4,RCL-02087,electric,2.82,0.0,False,0,,,,,2025,0.0,0.0,0
recloser,31.38426912425011,-84.87476347032289,31.38426912425011,-84.87476347032289,0.0,2018,30,standard,1.0,91.4,3,38.29,143.94,0.673,0.597,0.588,0.274,0.1004,0,RCL-02088,electric,4.36,0.0,False,0,,,,,2024,0.0,0.0,0
recloser,31.001998442610944,-84.08866793012962,31.001998442610944,-84.08866793012962,0.0,2017,30,standard,1.0,92.4,3,30.17,108.12,0.514,0.517,0.415,0.388,0.3597,7,RCL-02089,electric,3.4,0.0,False,0,,,,,2022,0.0,0.0,0
recloser,32.29148374635974,-81.66181964563896,32.29148374635974,-81.66181964563896,0.0,1998,30,standard,1.0,52.0,3,54.31,247.68,0.438,0.342,0.906,0.675,0.756,5,RCL-02090,electric,0.85,0.58,False,0,,,,,2024,0.0,0.0,0
recloser,33.0,-81.539429007557,33.0,-81.539429007557,0.0,2002,30,standard,1.0,63.6,3,87.4,323.81,0.87,0.838,1.0,0.496,0.0887,5,RCL-02091,electric,1.18,0.0,False,0,,,,,2024,0.0,0.0,0
recloser,30.662453372686134,-84.42002646671632,30.662453372686134,-84.42002646671632,0.0,1988,30,standard,1.0,9.6,3,14.58,66.11,0.397,0.541,0.404,0.225,0.4169,7,RCL-02092,electric,1.57,0.0,False,0,,,,,2023,0.0,0.0,0
recloser,33.0,-81.71150829284277,33.0,-81.71150829284277,0.0,2015,30,standard,1.0,68.6,2,87.16,327.36,0.998,0.706,1.0,0.46,0.1413,5,RCL-02093,electric,1.75,0.0,False,0,,,,,2026,0.0,0.0,0
recloser,32.58607312701903,-82.11809642858876,32.58607312701903,-82.11809642858876,0.0,2009,30,standard,1.0,67.4,2,70.68,289.6,0.641,0.731,1.0,0.802,0.279,5,RCL-02094,electric,2.7,0.0,False,0,,,,,2019,0.0,0.0,0
recloser,30.944761068260693,-84.68228188937798,30.944761068260693,-84.68228188937798,0.0,2008,30,standard,1.0,95.6,1,21.42,95.5,0.396,0.692,0.463,0.288,0.4321,7,RCL-02095,electric,10.38,0.0,False,0,,,,,2025,0.0,0.0,0
recloser,32.350951218402855,-81.93779208827473,32.350951218402855,-81.93779208827473,0.0,2016,30,standard,1.0,80.1,3,59.62,260.02,0.673,0.705,0.943,0.841,0.5194,3,RCL-02096,electric,1.93,0.0,False,0,,,,,2024,0.0,0.0,0
recloser,31.446957830502686,-86.0,31.446957830502686,-86.0,0.0,2009,30,standard,1.0,61.0,3,41.59,166.16,0.759,0.527,0.611,0.276,0.0831,0,RCL-02097,electric,1.26,0.0,False,0,,,,,2023,0.0,0.0,0
recloser,32.491175037439746,-81.95927942068317,32.491175037439746,-81.95927942068317,0.0,2012,30,standard,1.0,73.1,2,68.2,276.02,0.598,0.717,1.0,0.759,0.4647,5,RCL-02098,electric,1.28,0.0,False,0,,,,,2022,0.0,0.0,0
recloser,31.770391843295855,-82.14777199005644,31.770391843295855,-82.14777199005644,0.0,2021,30,standard,1.0,82.1,3,45.98,199.6,0.849,0.619,0.737,0.947,0.0816,3,RCL-02099,electric,2.57,0.0,False,0,,,,,2020,0.0,0.0,0
recloser,30.84173781350504,-84.17510604665787,30.84173781350504,-84.17510604665787,0.0,1990,30,standard,1.0,14.7,3,19.56,89.06,0.153,0.666,0.301,0.368,0.8425,7,RCL-02100,electric,4.34,2.18,False,0,,,,,2025,0.0,0.0,0
recloser,32.94376434243986,-81.82243111353523,32.94376434243986,-81.82243111353523,0.0,2004,30,standard,1.0,58.2,2,90.66,323.45,0.793,0.665,1.0,0.487,0.2881,5,RCL-02101,electric,0.59,0.0,False,0,,,,,2022,0.0,0.0,0
recloser,33.0,-81.66245214804634,33.0,-81.66245214804634,0.0,2011,30,standard,1.0,81.5,3,84.88,326.34,0.858,0.693,1.0,0.526,0.1183,5,RCL-02102,electric,5.97,0.0,False,0,,,,,2021,0.0,0.0,0
recloser,32.78775679335164,-81.96370165763554,32.78775679335164,-81.96370165763554,0.0,2016,30,standard,1.0,100.0,3,84.67,309.03,0.604,0.634,1.0,0.719,0.6289,5,RCL-02103,electric,3.21,0.0,False,0,,,,,2025,0.0,0.0,0
recloser,31.060419745869613,-84.54596248503118,31.060419745869613,-84.54596248503118,0.0,2004,30,standard,1.0,62.0,3,24.81,109.15,0.404,0.765,0.426,0.309,0.4403,7,RCL-02104,electric,2.68,0.0,False,0,,,,,2021,0.0,0.0,0
recloser,32.66841100065892,-81.92710875976248,32.66841100065892,-81.92710875976248,0.0,2005,30,standard,1.0,63.3,1,76.15,295.04,0.643,0.573,1.0,0.728,0.6292,5,RCL-02105,electric,3.29,0.0,False,0,,,,,2025,0.0,0.0,0
recloser,32.05548871794197,-84.2505825139414,32.05548871794197,-84.2505825139414,0.0,2004,30,standard,1.0,48.4,3,62.0,222.75,0.843,0.697,0.896,0.432,0.1557,4,RCL-02106,electric,1.55,0.0,False,0,,,,,2020,0.0,0.0,0
recloser,32.28719193746757,-84.49244336819159,32.28719193746757,-84.49244336819159,0.0,2008,30,standard,1.0,69.3,3,64.69,245.77,0.758,0.589,0.956,0.297,0.3218,4,RCL-02107,electric,1.11,0.0,False,0,,,,,2023,0.0,0.0,0
recloser,31.13836933325294,-84.4322961692025,31.13836933325294,-84.4322961692025,0.0,1999,30,standard,1.0,61.6,3,23.99,118.82,0.382,0.576,0.485,0.49,0.2781,7,RCL-02108,electric,1.33,0.0,False,0,,,,,2022,0.0,0.0,0
recloser,32.930814439595856,-82.08086280366096,32.930814439595856,-82.08086280366096,0.0,2010,30,standard,1.0,76.6,3,90.37,327.18,0.622,0.637,1.0,0.671,0.2852,5,RCL-02109,electric,2.26,0.0,False,0,,,,,2024,0.0,0.0,0
recloser,31.386525816307973,-85.51861422434422,31.386525816307973,-85.51861422434422,0.0,1998,30,standard,1.0,56.1,2,38.4,150.09,0.56,0.523,0.691,0.36,0.36,0,RCL-02110,electric,3.38,0.0,False,0,,,,,2019,0.0,0.0,0
recloser,32.700520506649745,-84.42018614728403,32.700520506649745,-84.42018614728403,0.0,2013,30,standard,1.0,91.7,2,84.26,292.34,0.656,0.654,1.0,0.493,0.3771,4,RCL-02111,electric,2.37,0.0,False,0,,,,,2025,0.0,0.0,0
recloser,30.931547041516524,-84.11172891918724,30.931547041516524,-84.11172891918724,0.0,2000,30,standard,1.0,44.5,3,25.74,99.95,0.417,0.487,0.476,0.407,0.5461,7,RCL-02112,electric,1.53,0.0,False,0,,,,,2022,0.0,0.0,0
recloser,32.564290234947954,-84.6471341715067,32.564290234947954,-84.6471341715067,0.0,2012,30,standard,1.0,75.1,3,69.9,275.43,0.635,0.398,1.0,0.264,0.4947,4,RCL-02113,electric,2.15,0.0,False,0,,,,,2021,0.0,0.0,0
recloser,32.715289133250195,-82.0386831320049,32.715289133250195,-82.0386831320049,0.0,2010,30,standard,1.0,55.7,3,81.03,302.46,0.577,0.68,1.0,0.749,0.5462,5,RCL-02114,electric,4.06,0.0,False,0,,,,,2021,0.0,0.0,0
recloser,32.66857272851936,-81.5591396777577,32.66857272851936,-81.5591396777577,0.0,1999,30,standard,1.0,26.3,3,74.03,287.42,0.777,0.773,0.981,0.49,0.1653,5,RCL-02115,electric,1.06,0.0,False,0,,,,,2023,0.0,0.0,0
recloser,30.756900520212856,-83.83538618625228,30.756900520212856,-83.83538618625228,0.0,1998,30,standard,1.0,39.7,3,22.39,84.91,0.41,0.668,0.395,0.444,0.1012,7,RCL-02116,electric,0.48,0.0,False,0,,,,,2023,0.0,0.0,0
recloser,32.760845992702734,-82.06108403704201,32.760845992702734,-82.06108403704201,0.0,2013,30,standard,1.0,80.3,3,79.0,307.94,0.499,0.388,1.0,0.769,0.5077,5,RCL-02117,electric,3.75,0.0,False,0,,,,,2023,0.0,0.0,0
recloser,32.15325035919209,-84.56994224906113,32.15325035919209,-84.56994224906113,0.0,2020,30,standard,1.0,88.8,2,62.75,230.28,0.598,0.633,0.919,0.356,0.1998,4,RCL-02118,electric,1.17,0.0,False,0,,,,,2025,0.0,0.0,0
recloser,32.94742500958977,-81.86192400347056,32.94742500958977,-81.86192400347056,0.0,2019,30,standard,1.0,87.9,3,88.9,324.67,0.676,0.511,1.0,0.452,0.3153,5,RCL-02119,electric,5.61,0.0,False,0,,,,,2025,0.0,0.0,0
recloser,31.211030483361107,-84.99975491677145,31.211030483361107,-84.99975491677145,0.0,2018,30,standard,1.0,100.0,3,29.08,125.02,0.649,0.835,0.554,0.284,0.1086,0,RCL-02120,electric,3.42,0.0,False,0,,,,,2025,0.0,0.0,0
recloser,31.006174770997855,-84.79837992242288,31.006174770997855,-84.79837992242288,0.0,2025,30,standard,1.0,97.9,3,24.54,101.99,0.542,0.616,0.469,0.24,0.3481,7,RCL-02121,electric,0.85,0.0,False,0,,,,,2023,0.0,0.0,0
recloser,32.2783005817966,-82.23334999192613,32.2783005817966,-82.23334999192613,0.0,1990,30,standard,1.0,31.6,2,62.24,257.44,0.862,0.523,0.925,1.0,0.0906,3,RCL-02122,electric,2.56,0.0,False,0,,,,,2023,0.0,0.0,0
recloser,32.926442645864505,-84.4578349475144,32.926442645864505,-84.4578349475144,0.0,2006,30,standard,1.0,56.9,2,90.91,317.04,0.888,0.707,1.0,0.439,0.1062,4,RCL-02123,electric,3.46,0.0,False,0,,,,,2025,0.0,0.0,0
recloser,31.33086216878536,-85.19211100631094,31.33086216878536,-85.19211100631094,0.0,1991,30,standard,1.0,19.8,3,36.61,139.63,0.667,0.833,0.64,0.341,0.1625,0,RCL-02124,electric,2.43,0.0,False,0,,,,,2022,0.0,0.0,0
recloser,31.097725810504244,-84.45966148903418,31.097725810504244,-84.45966148903418,0.0,2019,30,standard,1.0,85.8,3,26.95,114.04,0.476,0.734,0.489,0.381,0.3525,7,RCL-02125,electric,1.07,1.21,False,0,,,,,2025,0.0,0.0,0
recloser,32.534051624359265,-82.32941004060828,32.534051624359265,-82.32941004060828,0.0,1996,30,standard,1.0,28.5,3,74.65,287.31,0.848,0.719,1.0,1.0,0.0938,3,RCL-02126,electric,1.77,0.0,False,0,,,,,2025,0.0,0.0,0
recloser,30.829646474931508,-83.9920061239953,30.829646474931508,-83.9920061239953,0.0,2001,30,standard,1.0,51.2,2,24.96,90.48,0.393,0.714,0.371,0.296,0.2798,7,RCL-02127,electric,2.66,0.0,False,0,,,,,2022,0.0,0.0,0
recloser,32.34430249676475,-81.57610413456311,32.34430249676475,-81.57610413456311,0.0,2003,30,standard,1.0,48.8,3,57.97,251.77,0.681,0.405,0.902,0.715,0.5468,5,RCL-02128,electric,2.76,0.0,False,0,,,,,2024,0.0,0.0,0
recloser,32.69368865950616,-84.26893503081747,32.69368865950616,-84.26893503081747,0.0,2018,30,standard,1.0,87.6,3,84.92,293.35,0.808,0.478,1.0,0.613,0.2018,4,RCL-02129,electric,2.03,0.0,False,0,,,,,2024,0.0,0.0,0
recloser,32.079323564128714,-85.5470646008383,32.079323564128714,-85.5470646008383,0.0,1998,30,standard,1.0,28.6,3,60.77,227.46,0.784,0.604,0.813,0.447,0.0831,0,RCL-02130,electric,2.63,0.0,False,0,,,,,2024,0.0,0.0,0
recloser,32.56833397961604,-84.72053335196996,32.56833397961604,-84.72053335196996,0.0,2014,30,standard,1.0,48.3,3,71.9,275.57,0.677,0.342,0.976,0.254,0.3269,4,RCL-02131,electric,3.1,0.0,False,0,,,,,2025,0.0,0.0,0
recloser,31.012626263605412,-84.69948712405835,31.012626263605412,-84.69948712405835,0.0,2021,30,standard,1.0,84.9,2,23.64,102.96,0.37,0.509,0.436,0.313,0.4618,7,RCL-02132,electric,1.31,0.0,False,0,,,,,2021,0.0,0.0,0
recloser,32.105138032874926,-84.49897045396946,32.105138032874926,-84.49897045396946,0.0,2009,30,standard,1.0,60.9,3,53.6,225.5,0.731,0.667,0.845,0.386,0.2348,4,RCL-02133,electric,3.93,0.0,False,0,,,,,2023,0.0,0.0,0
recloser,31.239998612547648,-84.59688146422963,31.239998612547648,-84.59688146422963,0.0,2008,30,standard,1.0,51.7,3,32.69,128.73,0.578,0.562,0.53,0.427,0.2338,7,RCL-02134,electric,1.58,0.0,False,0,,,,,2023,0.0,0.0,0
recloser,32.00385491691916,-81.61920267137941,32.00385491691916,-81.61920267137941,0.0,2006,30,standard,1.0,58.9,3,45.4,214.87,0.885,0.732,0.779,0.835,0.1404,3,RCL-02135,electric,5.47,0.0,False,0,,,,,2021,0.0,0.0,0
recloser,32.7107507443232,-82.00803011520468,32.7107507443232,-82.00803011520468,0.0,2013,30,standard,1.0,79.1,3,81.21,301.36,0.554,0.503,0.97,0.72,0.5952,5,RCL-02136,electric,1.36,0.0,False,0,,,,,2023,0.0,0.0,0
recloser,32.68562349196731,-82.09680834495153,32.68562349196731,-82.09680834495153,0.0,2023,30,standard,1.0,100.0,3,78.02,300.26,0.556,0.396,1.0,0.825,0.4105,5,RCL-02137,electric,0.69,0.0,False,0,,,,,2023,0.0,0.0,0
recloser,32.339684252370546,-82.13455911102325,32.339684252370546,-82.13455911102325,0.0,2002,30,standard,1.0,46.4,3,62.1,262.55,0.717,0.645,1.0,0.902,0.1367,3,RCL-02138,electric,2.21,0.0,False,0,,,,,2018,0.0,0.0,0
recloser,31.78127161661565,-85.6756547660808,31.78127161661565,-85.6756547660808,0.0,2006,30,standard,1.0,34.4,3,49.96,196.69,0.832,0.815,0.64,0.492,0.092,0,RCL-02139,electric,0.51,2.03,False,0,,,,,2021,0.0,0.0,0
recloser,32.10583487736025,-84.53117618603675,32.10583487736025,-84.53117618603675,0.0,1994,30,standard,1.0,46.7,3,59.05,225.31,0.71,0.752,0.87,0.372,0.2261,4,RCL-02140,electric,3.6,0.0,False,0,,,,,2025,0.0,0.0,0
recloser,32.92990402489514,-82.32813421895506,32.92990402489514,-82.32813421895506,0.0,1994,30,standard,1.0,39.5,3,94.22,331.23,0.944,0.703,1.0,0.781,0.0976,5,RCL-02141,electric,4.38,0.0,False,0,,,,,2025,0.0,0.0,0
recloser,30.831631374685845,-84.34478059890327,30.831631374685845,-84.34478059890327,0.0,1990,30,standard,1.0,20.2,3,18.21,85.72,0.309,0.519,0.417,0.364,0.9231,7,RCL-02142,electric,1.72,0.0,False,0,,,,,2024,0.0,0.0,0
recloser,30.841355842768014,-84.53471053648612,30.841355842768014,-84.53471053648612,0.0,1992,30,standard,1.0,38.9,3,21.05,84.93,0.446,0.543,0.445,0.233,0.449,7,RCL-02143,electric,1.64,0.0,False,0,,,,,2025,0.0,0.0,0
recloser,30.854462503516196,-84.1237657160075,30.854462503516196,-84.1237657160075,0.0,2011,30,standard,1.0,55.7,3,24.79,91.22,0.364,0.47,0.45,0.424,0.6735,7,RCL-02144,electric,2.05,0.0,False,0,,,,,2025,0.0,0.0,0
recloser,32.64336112470024,-81.83418718018862,32.64336112470024,-81.83418718018862,0.0,2013,30,standard,1.0,56.9,3,75.48,290.35,0.564,0.432,1.0,0.642,0.5695,5,RCL-02145,electric,2.14,0.0,False,0,,,,,2020,0.0,0.0,0
recloser,31.4191305304436,-84.86154536055133,31.4191305304436,-84.86154536055133,0.0,2003,30,standard,1.0,51.5,3,34.61,147.8,0.758,0.842,0.554,0.464,0.0962,0,RCL-02146,electric,2.08,0.0,False,0,,,,,2017,0.0,0.0,0
recloser,30.51827882275238,-84.2262510554458,30.51827882275238,-84.2262510554458,0.0,2020,30,standard,1.0,81.6,3,14.29,52.44,0.347,0.527,0.343,0.212,0.2029,7,RCL-02147,electric,0.86,2.05,False,0,,,,,2023,0.0,0.0,0
recloser,31.253208169020958,-85.69391402679597,31.253208169020958,-85.69391402679597,0.0,2008,30,standard,1.0,82.7,3,32.82,138.43,0.718,0.731,0.679,0.112,0.2256,0,RCL-02148,electric,0.19,0.0,False,0,,,,,2024,0.0,0.0,0
recloser,30.955429649923417,-84.0539373870334,30.955429649923417,-84.0539373870334,0.0,2000,30,standard,1.0,58.5,3,22.43,103.48,0.565,0.629,0.489,0.389,0.356,7,RCL-02149,electric,6.48,0.0,False,0,,,,,2023,0.0,0.0,0
recloser,32.449666003511744,-81.75607121035715,32.449666003511744,-81.75607121035715,0.0,2025,30,standard,1.0,88.9,1,66.32,267.21,0.373,0.416,1.0,0.802,0.809,5,RCL-02150,electric,3.99,0.0,False,0,,,,,2024,0.0,0.0,0
recloser,31.2530669259684,-84.26249065835985,31.2530669259684,-84.26249065835985,0.0,2012,30,standard,1.0,65.8,2,32.25,133.52,0.608,0.84,0.475,0.446,0.1181,7,RCL-02151,electric,2.32,0.0,False,0,,,,,2024,0.0,0.0,0
recloser,31.867729992987798,-84.22809030793772,31.867729992987798,-84.22809030793772,0.0,1998,30,standard,1.0,27.9,3,58.26,202.21,0.715,0.626,0.825,0.521,0.1481,4,RCL-02152,electric,3.6,0.0,False,0,,,,,2024,0.0,0.0,0
recloser,32.07639649219339,-84.27470308747584,32.07639649219339,-84.27470308747584,0.0,2022,30,standard,1.0,100.0,3,60.74,224.75,0.732,0.669,0.806,0.391,0.1647,4,RCL-02153,electric,2.31,1.03,False,0,,,,,2024,0.0,0.0,0
recloser,30.65650937704196,-84.26690710809748,30.65650937704196,-84.26690710809748,0.0,1993,30,standard,1.0,36.2,3,20.55,67.25,0.445,0.502,0.369,0.289,0.5665,7,RCL-02154,electric,1.75,0.0,False,0,,,,,2024,0.0,0.0,0
recloser,32.40654157605383,-84.03357801293134,32.40654157605383,-84.03357801293134,0.0,2014,30,standard,1.0,91.9,3,80.14,264.87,0.766,0.653,1.0,0.625,0.0881,4,RCL-02155,electric,2.98,0.0,False,0,,,,,2022,0.0,0.0,0
recloser,30.909649017356596,-84.42993105237646,30.909649017356596,-84.42993105237646,0.0,2009,30,standard,1.0,97.2,3,23.08,93.45,0.279,0.48,0.452,0.228,0.6778,7,RCL-02156,electric,2.22,0.0,False,0,,,,,2023,0.0,0.0,0
recloser,30.837994768248944,-84.73839377174275,30.837994768248944,-84.73839377174275,0.0,2013,30,standard,1.0,72.8,3,21.79,83.45,0.377,0.498,0.254,0.179,0.2579,7,RCL-02157,electric,4.26,0.0,False,0,,,,,2025,0.0,0.0,0
recloser,31.046915422484094,-84.76613684936838,31.046915422484094,-84.76613684936838,0.0,2005,30,standard,1.0,42.4,3,25.86,106.57,0.471,0.55,0.465,0.207,0.3933,7,RCL-02158,electric,4.67,1.3,False,0,,,,,2025,0.0,0.0,0
recloser,30.785049780634107,-84.88427724260507,30.785049780634107,-84.88427724260507,0.0,2010,30,standard,1.0,69.9,3,15.9,77.44,0.341,0.616,0.431,0.112,0.1273,7,RCL-02159,electric,2.83,0.0,False,0,,,,,2021,0.0,0.0,0
recloser,32.958298255851744,-84.56676420521012,32.958298255851744,-84.56676420521012,0.0,2010,30,standard,1.0,80.6,3,91.01,319.67,0.86,0.787,1.0,0.397,0.0957,4,RCL-02160,electric,1.41,0.0,False,0,,,,,2025,0.0,0.0,0
recloser,32.20713732869282,-81.56871736340128,32.20713732869282,-81.56871736340128,0.0,2008,30,standard,1.0,58.7,1,52.1,236.4,0.737,0.686,0.785,0.691,0.3802,3,RCL-02161,electric,1.94,0.0,False,0,,,,,2024,0.0,0.0,0
recloser,30.961616106652478,-84.29004906029303,30.961616106652478,-84.29004906029303,0.0,2002,30,standard,1.0,47.5,3,20.13,100.82,0.265,0.545,0.417,0.391,0.7684,7,RCL-02162,electric,0.57,2.36,False,0,,,,,2019,0.0,0.0,0
recloser,33.0,-82.2115751124412,33.0,-82.2115751124412,0.0,1998,30,standard,1.0,43.3,2,96.11,337.19,0.762,0.753,1.0,0.685,0.1216,5,RCL-02163,electric,6.37,0.0,False,0,,,,,2024,0.0,0.0,0
recloser,30.901263382971912,-84.0793142154942,30.901263382971912,-84.0793142154942,0.0,2023,30,standard,1.0,74.5,2,24.69,97.08,0.379,0.669,0.46,0.313,0.49,7,RCL-02164,electric,2.19,2.41,False,0,,,,,2018,0.0,0.0,0
recloser,31.16645260503241,-86.0,31.16645260503241,-86.0,0.0,2003,30,standard,1.0,35.4,3,38.23,135.03,0.689,0.719,0.629,0.051,0.0833,0,RCL-02165,electric,1.29,0.0,False,0,,,,,2023,0.0,0.0,0
recloser,30.940317666630335,-84.74501368368121,30.940317666630335,-84.74501368368121,0.0,2017,30,standard,1.0,69.4,3,20.73,94.79,0.492,0.554,0.444,0.186,0.3743,7,RCL-02166,electric,5.4,0.0,False,0,,,,,2026,0.0,0.0,0
recloser,32.7888170116391,-84.5530897843036,32.7888170116391,-84.5530897843036,0.0,2020,30,standard,1.0,100.0,3,81.61,300.95,0.745,0.691,1.0,0.35,0.2316,4,RCL-02167,electric,2.37,0.0,False,0,,,,,2024,0.0,0.0,0
recloser,32.18874781491362,-81.50243227356185,32.18874781491362,-81.50243227356185,0.0,2013,30,standard,1.0,75.2,3,49.6,233.02,0.752,0.516,0.914,0.742,0.2358,5,RCL-02168,electric,2.25,0.0,False,0,,,,,2024,0.0,0.0,0
recloser,32.7942083139275,-84.66700547691659,32.7942083139275,-84.66700547691659,0.0,2009,30,standard,1.0,59.2,3,86.82,300.86,0.823,0.521,1.0,0.312,0.1702,4,RCL-02169,electric,2.03,0.0,False,0,,,,,2025,0.0,0.0,0
recloser,30.938239934275174,-83.96082054893776,30.938239934275174,-83.96082054893776,0.0,2014,30,standard,1.0,68.2,2,22.83,103.03,0.47,0.699,0.375,0.408,0.1947,7,RCL-02170,electric,1.55,0.0,False,0,,,,,2020,0.0,0.0,0
recloser,30.909236464948506,-84.44548242081336,30.909236464948506,-84.44548242081336,0.0,2018,30,standard,1.0,79.2,3,22.82,93.25,0.335,0.445,0.465,0.378,0.644,7,RCL-02171,electric,4.37,0.0,False,0,,,,,2024,0.0,0.0,0
recloser,32.09807763343553,-81.77502143938165,32.09807763343553,-81.77502143938165,0.0,2013,30,standard,1.0,86.5,3,51.09,228.58,0.685,0.484,0.781,0.831,0.3227,3,RCL-02172,electric,2.78,0.0,False,0,,,,,2020,0.0,0.0,0
recloser,30.54852283770582,-84.22417438089315,30.54852283770582,-84.22417438089315,0.0,2013,30,standard,1.0,71.1,3,17.77,55.83,0.378,0.688,0.302,0.286,0.2545,7,RCL-02173,electric,1.38,0.0,False,0,,,,,2017,0.0,0.0,0
recloser,32.46056851423663,-84.87186505272578,32.46056851423663,-84.87186505272578,0.0,2001,30,standard,1.0,42.5,2,67.58,263.41,0.893,0.64,0.975,0.331,0.1241,4,RCL-02174,electric,2.39,0.0,False,0,,,,,2025,0.0,0.0,0
recloser,32.424462517218316,-81.67175734933357,32.424462517218316,-81.67175734933357,0.0,2022,30,standard,1.0,86.8,3,60.33,262.65,0.454,0.382,0.972,0.713,0.7589,5,RCL-02175,electric,2.41,2.44,False,0,,,,,2024,0.0,0.0,0
recloser,32.31345161654961,-81.69510508736363,32.31345161654961,-81.69510508736363,0.0,2000,30,standard,1.0,59.9,3,59.98,250.81,0.401,0.573,0.762,0.781,0.8522,5,RCL-02176,electric,1.02,0.0,False,0,,,,,2019,0.0,0.0,0
recloser,32.28653442490385,-84.42214222615274,32.28653442490385,-84.42214222615274,0.0,2004,30,standard,1.0,61.8,2,65.23,246.36,0.788,0.628,1.0,0.463,0.2938,4,RCL-02177,electric,0.75,0.0,False,0,,,,,2026,0.0,0.0,0
recloser,32.53664663201762,-81.95714770861966,32.53664663201762,-81.95714770861966,0.0,1987,30,standard,1.0,23.8,3,69.4,281.02,0.734,0.651,0.98,0.771,0.486,5,RCL-02178,electric,3.84,0.0,False,0,,,,,2024,0.0,0.0,0
recloser,31.100669046205837,-84.81990264535166,31.100669046205837,-84.81990264535166,0.0,2025,30,standard,1.0,96.1,1,23.18,112.46,0.447,0.647,0.43,0.355,0.2985,7,RCL-02179,electric,1.01,0.0,False,0,,,,,2025,0.0,0.0,0
recloser,31.197303733999124,-84.65351594944458,31.197303733999124,-84.65351594944458,0.0,2007,30,standard,1.0,51.0,3,24.07,123.67,0.432,0.394,0.591,0.373,0.306,7,RCL-02180,electric,2.11,0.0,False,0,,,,,2021,0.0,0.0,0
recloser,32.769517422225846,-82.0787103938778,32.769517422225846,-82.0787103938778,0.0,2013,30,standard,1.0,79.3,3,79.84,309.24,0.684,0.641,1.0,0.732,0.4688,5,RCL-02181,electric,1.66,0.0,False,0,,,,,2021,0.0,0.0,0
recloser,32.953109731183,-84.2884949489234,32.953109731183,-84.2884949489234,0.0,2008,30,standard,1.0,58.3,3,93.8,321.89,0.824,0.734,1.0,0.45,0.0882,4,RCL-02182,electric,4.2,0.0,False,0,,,,,2022,0.0,0.0,0
recloser,30.764999070622036,-83.9879025268491,30.764999070622036,-83.9879025268491,0.0,2013,30,standard,1.0,66.1,3,21.53,83.37,0.473,0.643,0.293,0.48,0.2533,7,RCL-02183,electric,0.95,0.0,False,0,,,,,2019,0.0,0.0,0
recloser,30.479297450413505,-84.10211469715533,30.479297450413505,-84.10211469715533,0.0,2017,30,standard,1.0,67.2,3,11.17,49.89,0.338,0.599,0.299,0.266,0.1247,7,RCL-02184,electric,4.56,2.36,False,0,,,,,2025,0.0,0.0,0
recloser,32.408700236752466,-84.56264193056154,32.408700236752466,-84.56264193056154,0.0,2010,30,standard,1.0,70.3,3,69.53,258.69,0.641,0.554,0.905,0.357,0.5503,4,RCL-02185,electric,4.97,0.0,False,0,,,,,2020,0.0,0.0,0
recloser,32.42880802680178,-84.86635950985878,32.42880802680178,-84.86635950985878,0.0,2023,30,standard,1.0,93.9,3,74.04,259.88,0.794,0.566,0.969,0.27,0.1235,4,RCL-02186,electric,3.43,0.0,False,0,,,,,2023,0.0,0.0,0
recloser,32.5220234689062,-84.93799956627717,32.5220234689062,-84.93799956627717,0.0,2017,30,standard,1.0,96.4,2,72.4,270.34,0.872,0.668,1.0,0.213,0.0978,4,RCL-02187,electric,2.49,1.38,False,0,,,,,2025,0.0,0.0,0
recloser,32.637115624113946,-81.8241941369025,32.637115624113946,-81.8241941369025,0.0,2004,30,standard,1.0,39.2,3,74.16,289.44,0.691,0.404,0.922,0.635,0.5593,5,RCL-02188,electric,2.72,0.0,False,0,,,,,2022,0.0,0.0,0
recloser,32.62845485157934,-81.82085127882513,32.62845485157934,-81.82085127882513,0.0,2010,30,standard,1.0,55.8,3,68.4,288.41,0.619,0.647,0.973,0.683,0.5577,5,RCL-02189,electric,1.87,0.0,False,0,,,,,2023,0.0,0.0,0
recloser,31.665071506324974,-84.99251886687313,31.665071506324974,-84.99251886687313,0.0,2000,30,standard,1.0,44.4,3,43.57,175.39,0.831,0.658,0.73,0.42,0.1313,0,RCL-02190,electric,1.93,0.0,False,0,,,,,2020,0.0,0.0,0
recloser,30.77350912312938,-83.93185587499981,30.77350912312938,-83.93185587499981,0.0,2005,30,standard,1.0,52.1,3,24.33,85.2,0.374,0.648,0.475,0.265,0.1704,7,RCL-02191,electric,1.6,0.5,False,0,,,,,2023,0.0,0.0,0
recloser,31.811344755578403,-84.56187781428382,31.811344755578403,-84.56187781428382,0.0,2024,30,standard,1.0,95.3,2,48.43,192.39,0.721,0.697,0.802,0.43,0.2126,4,RCL-02192,electric,0.53,0.0,False,0,,,,,2022,0.0,0.0,0
recloser,31.367349083379132,-85.54585132572372,31.367349083379132,-85.54585132572372,0.0,2003,30,standard,1.0,44.9,3,39.6,148.41,0.649,0.526,0.565,0.268,0.3596,0,RCL-02193,electric,1.34,0.0,False,0,,,,,2024,0.0,0.0,0
recloser,32.41943017466339,-81.67492314945213,32.41943017466339,-81.67492314945213,0.0,2001,30,standard,1.0,28.6,2,61.09,262.16,0.468,0.409,1.0,0.675,0.7742,5,RCL-02194,electric,3.61,0.0,False,0,,,,,2022,0.0,0.0,0
recloser,32.1383038078328,-81.55510389859138,32.1383038078328,-81.55510389859138,0.0,2021,30,standard,1.0,94.8,3,46.77,228.48,0.773,0.808,0.913,0.691,0.2501,3,RCL-02195,electric,3.29,0.0,False,0,,,,,2025,0.0,0.0,0
recloser,31.816993530073418,-85.2783618014769,31.816993530073418,-85.2783618014769,0.0,2013,30,standard,1.0,72.8,3,47.7,194.49,0.842,0.518,0.785,0.457,0.2025,0,RCL-02196,electric,0.78,0.0,False,0,,,,,2022,0.0,0.0,0
recloser,31.996318590072057,-85.6981366654674,31.996318590072057,-85.6981366654674,0.0,1994,30,standard,1.0,31.7,3,58.31,220.99,0.786,0.651,0.77,0.548,0.0824,0,RCL-02197,electric,1.32,0.0,False,0,,,,,2021,0.0,0.0,0
recloser,31.75841075529064,-81.5,31.75841075529064,-81.5,0.0,2012,30,standard,1.0,84.6,2,36.72,185.21,0.917,0.707,0.708,0.783,0.0818,3,RCL-02198,electric,1.68,0.0,False,0,,,,,2020,0.0,0.0,0
recloser,32.06620102376823,-81.5,32.06620102376823,-81.5,0.0,2005,30,standard,1.0,40.1,3,46.19,219.37,0.816,0.571,0.839,0.701,0.1339,3,RCL-02199,electric,4.24,0.0,False,0,,,,,2025,0.0,0.0,0
recloser,32.81240021550088,-81.77099937951633,32.81240021550088,-81.77099937951633,0.0,2016,30,standard,1.0,77.9,3,75.25,307.79,0.623,0.512,1.0,0.544,0.389,5,RCL-02200,electric,3.69,0.0,False,0,,,,,2025,0.0,0.0,0
recloser,32.719740563183116,-84.85260615487381,32.719740563183116,-84.85260615487381,0.0,2019,30,standard,1.0,82.7,3,74.25,292.17,0.884,0.657,1.0,0.202,0.1092,4,RCL-02201,electric,1.19,0.0,False,0,,,,,2023,0.0,0.0,0
recloser,32.374435932884104,-84.48412158931998,32.374435932884104,-84.48412158931998,0.0,2008,30,standard,1.0,57.4,2,68.39,255.52,0.529,0.668,0.944,0.303,0.5025,4,RCL-02202,electric,1.31,0.0,False,0,,,,,2019,0.0,0.0,0
recloser,30.480702481189358,-84.73852611182652,30.480702481189358,-84.73852611182652,0.0,2014,30,standard,1.0,61.8,3,7.49,43.79,0.377,0.441,0.203,0.092,0.0835,9,RCL-02203,electric,3.46,0.86,False,0,,,,,2026,0.0,0.0,0
recloser,31.127946115899462,-84.0175430067292,31.127946115899462,-84.0175430067292,0.0,2019,30,standard,1.0,85.1,3,34.27,123.19,0.615,0.682,0.587,0.388,0.1308,7,RCL-02204,electric,0.99,0.0,False,0,,,,,2025,0.0,0.0,0
recloser,32.90163845193538,-81.73821365002532,32.90163845193538,-81.73821365002532,0.0,2009,30,standard,1.0,71.6,3,85.48,317.01,0.667,0.767,1.0,0.508,0.2444,5,RCL-02205,electric,1.55,0.0,False,0,,,,,2020,0.0,0.0,0
recloser,31.566623569947495,-85.45308373903914,31.566623569947495,-85.45308373903914,0.0,2016,30,standard,1.0,89.1,2,42.16,169.04,0.553,0.525,0.663,0.355,0.2675,0,RCL-02206,electric,2.05,0.0,False,0,,,,,2020,0.0,0.0,0
recloser,32.41407721660645,-84.52041913261182,32.41407721660645,-84.52041913261182,0.0,2017,30,standard,1.0,67.4,3,66.71,259.61,0.566,0.568,1.0,0.38,0.5912,4,RCL-02207,electric,3.01,0.0,False,0,,,,,2021,0.0,0.0,0
recloser,32.05830226250504,-81.9525274088322,32.05830226250504,-81.9525274088322,0.0,2019,30,standard,1.0,79.8,3,50.2,227.83,0.806,0.782,0.826,0.936,0.153,3,RCL-02208,electric,0.87,0.0,False,0,,,,,2017,0.0,0.0,0
recloser,31.00623222301671,-84.89661531267193,31.00623222301671,-84.89661531267193,0.0,2018,30,standard,1.0,80.4,3,25.04,102.0,0.458,0.712,0.476,0.226,0.2134,7,RCL-02209,electric,1.03,0.0,False,0,,,,,2024,0.0,0.0,0
recloser,32.23128733515696,-81.53218551204583,32.23128733515696,-81.53218551204583,0.0,2025,30,standard,1.0,85.4,3,50.64,238.34,0.819,0.612,0.794,0.679,0.3357,5,RCL-02210,electric,1.82,0.0,False,0,,,,,2025,0.0,0.0,0
water_treatment_plant,31.348944578821396,-83.61243801648995,31.348944578821396,-83.61243801648995,0.0,1968,60,standard,1.0,46.3,3,43.06,154.08,0.533,0.668,0.716,0.718,0.2731,6,WTP-02211,water,1.36,0.0,False,0,,,,,2022,0.0,0.0,0
water_treatment_plant,31.76875394698577,-83.47344765870925,31.76875394698577,-83.47344765870925,0.0,1988,60,standard,1.0,76.2,3,54.9,202.61,0.776,0.48,0.846,0.811,0.2731,1,WTP-02212,water,0.76,0.0,True,12,,,,,2025,0.0,0.0,0
water_treatment_plant,31.145008161369997,-81.74816040739024,31.145008161369997,-81.74816040739024,0.0,1991,60,standard,1.0,71.7,3,20.88,122.23,0.488,0.59,0.484,0.765,0.2731,8,WTP-02213,water,0.46,1.45,False,0,,,,,2024,0.0,0.0,0
water_treatment_plant,30.19996718372417,-85.41537403573288,30.19996718372417,-85.41537403573288,0.0,1964,60,standard,1.0,33.8,3,3.43,16.78,0.063,0.662,0.195,0.0,0.2731,9,WTP-02214,water,0.2,1.79,False,0,,,,,2024,0.0,0.0,0
water_treatment_plant,30.187609378799614,-83.9232535242995,30.187609378799614,-83.9232535242995,0.0,1958,60,standard,1.0,25.2,2,9.47,20.31,0.298,0.745,0.29,0.53,0.2732,11,WTP-02215,water,0.36,0.0,False,0,,,,,2022,0.0,0.0,0
water_treatment_plant,31.09157728474598,-81.76621321224894,31.09157728474598,-81.76621321224894,0.0,1967,60,standard,1.0,41.1,2,18.15,116.68,0.519,0.618,0.547,0.832,0.2731,8,WTP-02216,water,1.42,0.0,False,0,,,,,2023,0.0,0.0,0
water_treatment_plant,31.41701138144538,-85.88652691810174,31.41701138144538,-85.88652691810174,0.0,1961,60,standard,1.0,33.0,3,39.56,160.47,0.715,0.508,0.626,0.518,0.3172,0,WTP-02217,water,0.8,0.0,False,0,,,,,2026,0.0,0.0,0
water_treatment_plant,30.037346289087377,-82.05763955450756,30.037346289087377,-82.05763955450756,0.0,1981,60,standard,1.0,65.1,2,0.3,5.57,0.2,0.722,0.165,0.436,0.2731,8,WTP-02218,water,0.07,0.0,False,0,,,,,2023,0.0,0.0,0
water_treatment_plant,31.644365691112164,-85.21895225440623,31.644365691112164,-85.21895225440623,0.0,1971,60,standard,1.0,43.8,3,45.74,174.69,0.269,0.34,0.762,0.612,1.0,0,WTP-02219,water,1.18,0.0,False,0,,,,,2025,0.0,0.0,0
water_treatment_plant,30.23443052900879,-82.82138484356237,30.23443052900879,-82.82138484356237,0.0,1965,60,standard,1.0,42.9,2,8.38,36.27,0.263,0.554,0.278,0.586,0.2731,8,WTP-02220,water,0.37,0.0,True,8,,,,,2025,0.0,0.0,0
water_treatment_plant,30.26194650297508,-84.0657556256961,30.26194650297508,-84.0657556256961,0.0,1958,60,standard,1.0,18.5,3,11.0,26.32,0.239,0.573,0.228,0.488,0.2752,11,WTP-02221,water,0.39,1.02,False,0,,,,,2026,0.0,0.0,0
water_treatment_plant,31.502128025717006,-81.96999016678761,31.502128025717006,-81.96999016678761,0.0,1974,60,standard,1.0,66.7,1,32.06,166.45,0.701,0.661,0.568,1.0,0.2731,3,WTP-02222,water,1.72,2.03,True,24,,,,,2025,0.0,0.0,0
water_treatment_plant,29.94444875297485,-83.25982857335691,29.94444875297485,-83.25982857335691,0.0,2018,60,standard,1.0,93.9,3,1.96,2.48,0.0,0.752,0.16,0.705,0.2731,11,WTP-02223,water,1.44,1.57,True,24,,,,,2024,0.0,0.0,0
water_treatment_plant,30.05636230201789,-84.2692958369447,30.05636230201789,-84.2692958369447,0.0,2003,60,standard,1.0,68.7,3,0.3,0.6,0.125,0.536,0.149,0.341,0.2731,9,WTP-02224,water,0.25,0.0,False,0,,,,,2023,0.0,0.0,0
water_treatment_plant,30.142656482271303,-85.0025717308579,30.142656482271303,-85.0025717308579,0.0,1995,60,standard,1.0,57.4,3,0.3,6.45,0.032,0.842,0.19,0.111,0.2731,9,WTP-02225,water,0.03,1.64,False,0,,,,,2024,0.0,0.0,0
pump_station,32.22927886828908,-84.69756940518975,32.22927886828908,-84.69756940518975,0.0,1992,40,standard,1.0,60.4,3,63.39,238.02,0.855,0.467,0.871,0.271,0.156,4,PMP-02226,water,0.65,0.0,False,0,,,,238.1,2022,0.0,12104.0,0
pump_station,32.82135332831567,-82.34061544070565,32.82135332831567,-82.34061544070565,0.0,1994,40,standard,1.0,59.2,3,90.1,319.36,0.835,0.767,1.0,0.863,0.1043,5,PMP-02227,water,0.69,0.0,False,0,,,,130.0,2025,0.0,12740.0,0
pump_station,32.117642549365684,-84.72117528583291,32.117642549365684,-84.72117528583291,0.0,2024,40,standard,1.0,83.7,3,57.35,225.54,0.839,0.67,0.881,0.297,0.1267,4,PMP-02228,water,1.34,0.0,False,0,,,,108.6,2025,0.0,10231.0,0
pump_station,32.33688921387307,-82.04942969598999,32.33688921387307,-82.04942969598999,0.0,1994,40,standard,1.0,53.0,3,62.75,260.66,0.727,0.785,1.0,0.828,0.2394,3,PMP-02229,water,0.94,0.0,False,0,,,,194.7,2024,0.0,21657.0,0
pump_station,32.787168615027795,-81.5,32.787168615027795,-81.5,0.0,1993,40,standard,1.0,59.5,3,77.4,299.4,0.76,0.659,0.946,0.411,0.0997,5,PMP-02230,water,0.75,0.0,False,0,,,,201.1,2022,0.0,11619.0,0
pump_station,31.13014680504726,-85.70919066900852,31.13014680504726,-85.70919066900852,0.0,1995,40,standard,1.0,42.9,3,33.76,125.06,0.649,0.736,0.552,0.084,0.1588,0,PMP-02231,water,1.01,0.0,False,0,,,,133.3,2024,0.0,8410.0,1
pump_station,31.36291147131887,-84.17671690515517,31.36291147131887,-84.17671690515517,0.0,1986,40,standard,1.0,24.0,3,41.01,146.89,0.698,0.677,0.68,0.368,0.0856,7,PMP-02232,water,0.24,0.0,False,0,,,,105.3,2025,0.0,7261.0,1
pump_station,31.086852822150796,-84.30605194905507,31.086852822150796,-84.30605194905507,0.0,1994,40,standard,1.0,51.8,3,25.63,114.52,0.394,0.689,0.361,0.319,0.3715,7,PMP-02233,water,0.97,0.0,False,0,,,,66.5,2025,0.0,35826.0,0
pump_station,32.59847194617911,-81.72528016041137,32.59847194617911,-81.72528016041137,0.0,1984,40,standard,1.0,35.7,3,73.07,283.08,0.611,0.746,1.0,0.695,0.4672,5,PMP-02234,water,0.55,0.0,False,0,,,,263.3,2025,0.0,56517.0,1
pump_station,31.03042159420527,-85.34390033274391,31.03042159420527,-85.34390033274391,0.0,1976,40,standard,1.0,19.6,3,22.44,107.98,0.469,0.608,0.619,0.047,0.1274,0,PMP-02235,water,1.19,0.0,False,0,,,,257.9,2026,0.0,13316.0,0
pump_station,32.00298071625497,-82.25751912835815,32.00298071625497,-82.25751912835815,0.0,2025,40,standard,1.0,97.5,2,59.01,227.27,0.804,0.901,0.848,0.962,0.0822,3,PMP-02236,water,0.74,0.0,False,0,,,,242.1,2024,0.0,4491.0,0
pump_station,31.041459218636643,-84.75115798313237,31.041459218636643,-84.75115798313237,0.0,1990,40,standard,1.0,54.1,3,22.55,106.0,0.469,0.426,0.47,0.233,0.4135,7,PMP-02237,water,0.54,0.0,False,0,,,,269.9,2024,0.0,38685.0,0
pump_station,31.675513694876795,-85.9089190669574,31.675513694876795,-85.9089190669574,0.0,2021,40,standard,1.0,83.4,3,47.85,189.63,0.984,0.668,0.633,0.323,0.0826,0,PMP-02238,water,1.02,0.0,False,0,,,,408.9,2024,0.0,5300.0,0
pump_station,30.962374091119493,-85.07856614909896,30.962374091119493,-85.07856614909896,0.0,2002,40,standard,1.0,59.3,2,20.69,97.84,0.523,0.731,0.432,0.179,0.095,0,PMP-02239,water,2.03,0.0,False,0,,,,223.0,2025,0.0,5434.0,0
pump_station,31.1545251518075,-85.66995624998076,31.1545251518075,-85.66995624998076,0.0,2001,40,standard,1.0,54.4,3,31.3,127.02,0.582,0.582,0.508,0.138,0.2005,0,PMP-02240,water,1.01,0.0,False,0,,,,266.7,2024,0.0,11348.0,0
pump_station,32.40478441395415,-81.75694768124572,32.40478441395415,-81.75694768124572,0.0,1987,40,standard,1.0,44.6,3,59.04,262.25,0.444,0.432,0.96,0.76,0.8904,5,PMP-02241,water,0.76,0.0,False,0,,,,144.6,2025,0.0,51726.0,0
pump_station,32.28053907251657,-84.83979072993708,32.28053907251657,-84.83979072993708,0.0,2021,40,standard,1.0,79.3,3,68.64,243.42,0.745,0.649,0.955,0.306,0.1062,4,PMP-02242,water,1.18,0.0,True,24,,,,115.1,2018,0.0,6404.0,0
pump_station,32.35815133737087,-84.43406532670834,32.35815133737087,-84.43406532670834,0.0,2007,40,standard,1.0,73.3,3,70.31,254.19,0.589,0.648,1.0,0.34,0.4342,4,PMP-02243,water,0.23,0.0,False,0,,,,13.0,2024,0.0,52032.0,0
pump_station,33.0,-81.77039803224413,33.0,-81.77039803224413,0.0,1994,40,standard,1.0,44.0,3,89.56,328.6,0.841,0.687,1.0,0.494,0.1765,5,PMP-02244,water,2.9,0.99,False,0,,,,267.0,2025,0.0,10821.0,3
pump_station,30.569365686699367,-84.6621622211578,30.569365686699367,-84.6621622211578,0.0,1996,40,standard,1.0,68.5,3,11.02,53.92,0.366,0.75,0.199,0.203,0.099,9,PMP-02245,water,0.3,1.58,True,24,,,,94.2,2021,0.0,12217.0,1
pump_station,32.868498909625714,-82.65280887731036,32.868498909625714,-82.65280887731036,0.0,2009,40,standard,1.0,71.3,3,91.87,327.91,0.735,0.665,1.0,0.826,0.0817,5,PMP-02246,water,0.09,0.0,False,0,,,,247.9,2024,0.0,7727.0,0
pump_station,31.64513729102919,-85.27210554292171,31.64513729102919,-85.27210554292171,0.0,1988,40,standard,1.0,53.8,3,43.96,175.34,0.545,0.537,0.658,0.303,0.3176,0,PMP-02247,water,0.1,0.0,False,0,,,,126.5,2025,0.0,24799.0,0
pump_station,31.304215784100133,-85.16438343003706,31.304215784100133,-85.16438343003706,0.0,1986,40,standard,1.0,36.1,1,36.87,136.42,0.629,0.781,0.629,0.17,0.1388,0,PMP-02248,water,1.31,0.0,True,48,,,,442.3,2021,0.0,16735.0,0
pump_station,32.74973093815926,-82.05742347701965,32.74973093815926,-82.05742347701965,0.0,2005,40,standard,1.0,61.4,3,78.15,306.64,0.747,0.569,1.0,0.7,0.5178,5,PMP-02249,water,0.56,0.0,False,0,,,,245.8,2021,0.0,24776.0,0
pump_station,31.43333332754463,-85.27050911797211,31.43333332754463,-85.27050911797211,0.0,2022,40,standard,1.0,100.0,3,35.09,151.81,0.671,0.459,0.667,0.333,0.2598,0,PMP-02250,water,1.03,1.67,True,8,,,,87.1,2023,0.0,15226.0,1
pump_station,31.818489381479516,-85.26707725854385,31.818489381479516,-85.26707725854385,0.0,1990,40,standard,1.0,57.9,3,45.61,194.52,0.679,0.682,0.628,0.433,0.2009,0,PMP-02251,water,1.69,0.0,False,0,,,,108.5,2024,0.0,20496.0,1
pump_station,31.054098474780933,-84.42688454903318,31.054098474780933,-84.42688454903318,0.0,1997,40,standard,1.0,37.9,3,27.01,109.52,0.339,0.616,0.527,0.349,0.4295,7,PMP-02252,water,0.3,0.0,False,0,,,,139.7,2023,0.0,21074.0,0
pump_station,30.73588757659978,-84.00346131629524,30.73588757659978,-84.00346131629524,0.0,1985,40,standard,1.0,26.6,2,23.49,79.89,0.251,0.677,0.471,0.353,0.2663,7,PMP-02253,water,1.77,0.0,True,24,,,,335.7,2024,0.0,22236.0,1
pump_station,32.72379519460695,-84.64496323221047,32.72379519460695,-84.64496323221047,0.0,1975,40,standard,1.0,30.4,3,78.28,293.15,0.759,0.439,1.0,0.336,0.2764,4,PMP-02254,water,0.95,0.0,False,0,,,,185.6,2024,0.0,15625.0,1
pump_station,30.74739639006174,-84.35611559845755,30.74739639006174,-84.35611559845755,0.0,2005,40,standard,1.0,63.2,3,14.68,76.24,0.292,0.546,0.392,0.175,0.7726,7,PMP-02255,water,0.08,1.78,False,0,,,,38.8,2024,0.0,95240.0,2
pump_station,31.65867307558724,-85.26585500942014,31.65867307558724,-85.26585500942014,0.0,2025,40,standard,1.0,100.0,3,44.3,176.77,0.607,0.535,0.845,0.425,0.3128,0,PMP-02256,water,0.27,0.0,False,0,,,,235.0,2023,0.0,27069.0,1
pump_station,32.912353106607426,-81.5,32.912353106607426,-81.5,0.0,2010,40,standard,1.0,62.4,3,83.76,313.3,1.0,0.574,1.0,0.516,0.0897,5,PMP-02257,water,0.73,0.0,False,0,,,,223.3,2023,0.0,3998.0,0
pump_station,30.42949486295518,-84.53596677066729,30.42949486295518,-84.53596677066729,0.0,2013,40,standard,1.0,92.8,3,8.37,39.2,0.269,0.803,0.249,0.0,0.0911,9,PMP-02258,water,0.12,0.0,False,0,,,,83.2,2025,0.0,10709.0,0
pump_station,32.28760778724167,-85.17344118817995,32.28760778724167,-85.17344118817995,0.0,1991,40,standard,1.0,50.0,3,63.03,245.66,0.773,0.652,0.982,0.299,0.0818,0,PMP-02259,water,1.08,0.0,False,0,,,,244.2,2019,0.0,7583.0,0
pump_station,32.73379689683044,-82.52393661238298,32.73379689683044,-82.52393661238298,0.0,1966,40,standard,1.0,8.0,3,80.28,311.88,0.92,0.698,1.0,0.831,0.0824,5,PMP-02260,water,0.23,0.0,False,0,,,,136.2,2025,0.0,7764.0,0
pump_station,30.871049456228302,-84.28201632095478,30.871049456228302,-84.28201632095478,0.0,1992,40,standard,1.0,58.9,3,20.87,90.87,0.377,0.407,0.377,0.263,0.9832,7,PMP-02261,water,2.25,0.0,False,0,,,,455.8,2023,0.0,41750.0,1
pump_station,33.0,-81.84353243014316,33.0,-81.84353243014316,0.0,1985,40,standard,1.0,34.1,3,89.34,330.13,0.763,0.766,1.0,0.457,0.2207,5,PMP-02262,water,0.07,0.0,True,12,,,,238.2,2022,0.0,19930.0,0
pump_station,32.53529198560282,-84.3022537188774,32.53529198560282,-84.3022537188774,0.0,2011,40,standard,1.0,92.9,3,78.78,275.34,0.688,0.389,0.899,0.466,0.3675,4,PMP-02263,water,1.27,0.0,False,0,,,,260.8,2022,0.0,18774.0,0
pump_station,32.443466928912,-81.54955244256477,32.443466928912,-81.54955244256477,0.0,2005,40,standard,1.0,63.0,1,60.99,262.24,0.504,0.572,0.98,0.585,0.4072,5,PMP-02264,water,0.57,0.0,True,24,,,,125.1,2022,0.0,40728.0,0
pump_station,32.64556093843946,-82.06244244045709,32.64556093843946,-82.06244244045709,0.0,1994,40,standard,1.0,67.2,3,77.03,295.17,0.664,0.628,1.0,0.786,0.4416,5,PMP-02265,water,1.14,0.0,False,0,,,,142.0,2022,0.0,19559.0,1
pump_station,32.63524962151227,-81.92799255925988,32.63524962151227,-81.92799255925988,0.0,1989,40,standard,1.0,31.1,2,75.65,291.38,0.644,0.412,1.0,0.66,0.6003,5,PMP-02266,water,0.22,0.0,True,24,,,,27.3,2025,0.0,63217.0,0
pump_station,32.14379367586248,-81.94439478682345,32.14379367586248,-81.94439478682345,0.0,2006,40,standard,1.0,80.8,3,51.25,237.16,0.754,0.583,0.841,0.865,0.2562,3,PMP-02267,water,0.39,0.0,False,0,,,,402.7,2025,0.0,28928.0,0
pump_station,31.150671813810714,-84.86117448340305,31.150671813810714,-84.86117448340305,0.0,1951,40,standard,1.0,2.0,3,27.94,118.0,0.552,0.601,0.495,0.333,0.2181,7,PMP-02268,water,0.57,0.0,False,0,,,,121.7,2025,0.0,14528.0,0
pump_station,32.17385847540196,-81.61297925374375,32.17385847540196,-81.61297925374375,0.0,2010,40,standard,1.0,61.4,3,54.53,233.61,0.701,0.527,0.959,0.706,0.402,3,PMP-02269,water,0.57,0.0,False,0,,,,267.8,2024,0.0,45962.0,0
pump_station,32.90266626747905,-82.00383135832782,32.90266626747905,-82.00383135832782,0.0,2012,40,standard,1.0,95.4,3,83.71,322.58,0.57,0.748,1.0,0.583,0.414,5,PMP-02270,water,0.17,0.0,True,72,,,,66.5,2022,0.0,48956.0,0
pump_station,32.49588066502223,-84.39816042528113,32.49588066502223,-84.39816042528113,0.0,1982,40,standard,1.0,35.4,3,72.48,269.85,0.536,0.435,0.913,0.425,0.5874,4,PMP-02271,water,0.99,0.0,False,0,,,,133.0,2018,0.0,47711.0,1
pump_station,32.947853533481464,-81.96238863409222,32.947853533481464,-81.96238863409222,0.0,1997,40,standard,1.0,67.8,3,88.55,326.77,0.571,0.475,1.0,0.667,0.3431,5,PMP-02272,water,0.37,0.0,False,0,,,,399.8,2024,0.0,31187.0,0
pump_station,30.831217981793905,-84.33543364483171,30.831217981793905,-84.33543364483171,0.0,1982,40,standard,1.0,36.0,3,15.65,85.79,0.123,0.367,0.424,0.293,0.9431,7,PMP-02273,water,0.79,0.0,True,8,,,,220.0,2023,0.0,49570.0,0
pump_station,31.090025345249924,-84.05975603222028,31.090025345249924,-84.05975603222028,0.0,2002,40,standard,1.0,70.2,3,35.07,118.33,0.622,0.646,0.71,0.333,0.1902,7,PMP-02274,water,0.6,0.95,False,0,,,,115.9,2025,0.0,16620.0,1
pump_station,32.294125832929026,-81.76885389853797,32.294125832929026,-81.76885389853797,0.0,1997,40,standard,1.0,62.9,2,58.72,250.22,0.312,0.442,0.957,0.775,0.8666,3,PMP-02275,water,0.78,0.0,True,12,,,,171.6,2023,0.0,84113.0,0
pump_station,32.449512766929594,-84.06209997271507,32.449512766929594,-84.06209997271507,0.0,2019,40,standard,1.0,92.9,3,76.43,269.2,0.82,0.679,1.0,0.601,0.0944,4,PMP-02276,water,0.09,0.0,False,0,,,,33.2,2025,0.0,8615.0,0
pump_station,31.28862468204028,-84.69034735309843,31.28862468204028,-84.69034735309843,0.0,2010,40,standard,1.0,66.8,3,23.62,133.63,0.649,0.577,0.561,0.299,0.1853,7,PMP-02277,water,0.38,0.0,False,0,,,,186.5,2022,0.0,9569.0,1
pump_station,30.92384263135712,-83.95741829291963,30.92384263135712,-83.95741829291963,0.0,2021,40,standard,1.0,85.1,3,26.37,101.48,0.404,0.749,0.404,0.288,0.1964,7,PMP-02278,water,1.34,0.0,False,0,,,,168.2,2024,0.0,15496.0,0
pump_station,32.55025852062522,-81.7403456134057,32.55025852062522,-81.7403456134057,0.0,2021,40,standard,1.0,93.1,3,68.1,278.05,0.531,0.571,0.943,0.628,0.5723,5,PMP-02279,water,0.31,0.0,True,8,,,,215.6,2024,0.0,37333.0,1
pump_station,32.07437023497619,-81.56961306914329,32.07437023497619,-81.56961306914329,0.0,1986,40,standard,1.0,29.0,3,45.99,221.68,0.794,0.603,0.776,0.782,0.1843,3,PMP-02280,water,0.3,0.0,False,0,,,,322.9,2025,0.0,8171.0,2
pump_station,31.971994198169728,-84.72713684474138,31.971994198169728,-84.72713684474138,0.0,1978,40,standard,1.0,47.0,3,53.43,209.36,0.872,0.774,0.677,0.256,0.1397,4,PMP-02281,water,1.46,0.0,True,72,,,,103.4,2024,0.0,12699.0,1
pump_station,32.39205336916796,-81.91310860788923,32.39205336916796,-81.91310860788923,0.0,2018,40,standard,1.0,72.3,3,60.55,264.08,0.447,0.475,0.938,0.851,0.5994,5,PMP-02282,water,0.43,0.0,False,0,,,,92.8,2024,0.0,71859.0,1
pump_station,31.28488511119522,-85.50616573041461,31.28488511119522,-85.50616573041461,0.0,1994,40,standard,1.0,58.6,3,31.78,138.6,0.648,0.668,0.551,0.191,0.3897,0,PMP-02283,water,0.04,0.0,False,0,,,,100.3,2023,0.0,46377.0,0
pump_station,32.57556043884881,-84.4563216402173,32.57556043884881,-84.4563216402173,0.0,2007,40,standard,1.0,67.0,2,81.05,278.11,0.56,0.554,1.0,0.302,0.6573,4,PMP-02284,water,0.8,0.0,False,0,,,,452.7,2019,0.0,30031.0,0
pump_station,32.207991517480984,-81.50020159810097,32.207991517480984,-81.50020159810097,0.0,1968,40,standard,1.0,9.2,3,53.23,235.12,0.709,0.659,0.85,0.636,0.2511,5,PMP-02285,water,0.09,0.0,False,0,,,,87.6,2023,0.0,24662.0,0
pump_station,30.812743275238066,-84.53285259444326,30.812743275238066,-84.53285259444326,0.0,1981,40,standard,1.0,30.6,3,15.66,81.76,0.378,0.579,0.382,0.236,0.4236,7,PMP-02286,water,0.82,0.0,True,24,,,,231.2,2024,0.0,32795.0,0
pump_station,31.156315243851584,-85.59369240733028,31.156315243851584,-85.59369240733028,0.0,1986,40,standard,1.0,35.4,3,31.49,125.82,0.479,0.552,0.58,0.085,0.2572,0,PMP-02287,water,1.22,0.0,False,0,,,,219.1,2023,0.0,11024.0,0
pump_station,32.7577790837201,-82.30490608333008,32.7577790837201,-82.30490608333008,0.0,2009,40,standard,1.0,59.6,3,84.68,311.78,0.868,0.778,1.0,0.803,0.1241,5,PMP-02288,water,0.11,0.0,True,12,,,,152.0,2022,0.0,6376.0,0
pump_station,32.590041804111586,-84.61436503833394,32.590041804111586,-84.61436503833394,0.0,1971,40,standard,1.0,24.4,2,78.15,278.48,0.471,0.521,0.941,0.338,0.5415,4,PMP-02289,water,0.94,0.0,False,0,,,,173.1,2019,0.0,58403.0,0
pump_station,31.452549476831972,-85.72317874439334,31.452549476831972,-85.72317874439334,0.0,1986,40,standard,1.0,38.7,3,42.98,161.12,0.743,0.611,0.63,0.277,0.1582,0,PMP-02290,water,0.18,0.0,False,0,,,,235.7,2023,0.0,17260.0,0
pump_station,31.429590442607257,-85.68252959344424,31.429590442607257,-85.68252959344424,0.0,1994,40,standard,1.0,42.3,1,38.27,157.79,0.618,0.63,0.755,0.338,0.2012,0,PMP-02291,water,0.18,0.0,True,48,,,,276.2,2023,0.0,11155.0,0
pump_station,30.752638646143982,-84.14967292906627,30.752638646143982,-84.14967292906627,0.0,1965,40,standard,1.0,2.0,3,19.36,79.53,0.341,0.522,0.437,0.312,0.6781,7,PMP-02292,water,2.07,0.0,False,0,,,,126.0,2023,0.0,71918.0,1
pump_station,31.655704312086293,-83.95104755318914,31.655704312086293,-83.95104755318914,0.0,2011,40,standard,1.0,89.6,3,50.96,182.82,0.735,0.877,0.8,0.392,0.0819,6,PMP-02293,water,0.8,0.0,False,0,,,,133.9,2025,0.0,5517.0,0
pump_station,32.77267769003855,-81.66942946178064,32.77267769003855,-81.66942946178064,0.0,1952,40,standard,1.0,2.0,3,75.95,301.25,0.808,0.602,1.0,0.536,0.2348,5,PMP-02294,water,0.34,0.0,False,0,,,,320.1,2022,0.0,12845.0,0
pump_station,32.098034345274385,-81.74577202701443,32.098034345274385,-81.74577202701443,0.0,1999,40,standard,1.0,50.9,3,47.14,227.97,0.795,0.576,0.927,0.763,0.3264,3,PMP-02295,water,1.07,0.0,False,0,,,,184.8,2022,0.0,23702.0,2
pump_station,32.917685296598606,-82.01037125668802,32.917685296598606,-82.01037125668802,0.0,2007,40,standard,1.0,62.2,3,86.61,324.37,0.687,0.569,1.0,0.548,0.3792,5,PMP-02296,water,1.66,0.0,True,8,,,,140.8,2025,0.0,15854.0,0
pump_station,32.04994145522496,-81.88549415135614,32.04994145522496,-81.88549415135614,0.0,1976,40,standard,1.0,20.9,1,48.75,225.54,0.8,0.709,0.878,0.871,0.1832,3,PMP-02297,water,0.69,0.0,True,24,,,,120.0,2023,0.0,13489.0,0
pump_station,30.635544836022305,-84.16526860344591,30.635544836022305,-84.16526860344591,0.0,2003,40,standard,1.0,79.5,3,13.88,66.31,0.277,0.69,0.324,0.19,0.4151,7,PMP-02298,water,1.03,0.0,False,0,,,,228.5,2017,0.0,40132.0,0
pump_station,30.731959083958994,-83.88573001408153,30.731959083958994,-83.88573001408153,0.0,1990,40,standard,1.0,49.5,3,20.9,81.33,0.262,0.654,0.386,0.331,0.1221,7,PMP-02299,water,0.59,0.0,True,8,,,,149.1,2021,0.0,10154.0,0
pump_station,32.218930646282004,-84.88695178085413,32.218930646282004,-84.88695178085413,0.0,2005,40,standard,1.0,74.5,2,67.67,236.6,0.829,0.694,0.804,0.253,0.0895,4,PMP-02300,water,1.35,0.0,True,24,,,,39.0,2024,0.0,10434.0,0
pump_station,32.90182078459728,-84.58711043123617,32.90182078459728,-84.58711043123617,0.0,2004,40,standard,1.0,83.1,3,83.29,313.26,0.775,0.605,1.0,0.322,0.1146,4,PMP-02301,water,0.92,0.0,False,0,,,,45.1,2024,0.0,14076.0,0
pump_station,31.48006873400202,-85.32029800033249,31.48006873400202,-85.32029800033249,0.0,1994,40,standard,1.0,42.7,3,34.12,157.59,0.651,0.732,0.541,0.342,0.3011,0,PMP-02302,water,0.32,0.0,False,0,,,,207.8,2022,0.0,31978.0,1
pump_station,32.81999882167741,-82.10057551650334,32.81999882167741,-82.10057551650334,0.0,2008,40,standard,1.0,80.3,3,82.85,315.25,0.736,0.735,1.0,0.693,0.3938,5,PMP-02303,water,2.02,0.0,False,0,,,,222.5,2023,0.0,48253.0,1
pump_station,32.557008916753865,-81.58312418858901,32.557008916753865,-81.58312418858901,0.0,1981,40,standard,1.0,40.1,3,67.66,275.53,0.643,0.845,0.989,0.616,0.3116,5,PMP-02304,water,1.14,0.0,True,12,,,,308.9,2025,0.0,22701.0,1
pump_station,32.64007218428161,-84.74509557448388,32.64007218428161,-84.74509557448388,0.0,1999,40,standard,1.0,60.5,3,75.72,283.46,0.849,0.64,0.903,0.149,0.2382,4,PMP-02305,water,0.23,0.0,False,0,,,,298.4,2024,0.0,14767.0,0
pump_station,32.29167808515699,-82.05919582648241,32.29167808515699,-82.05919582648241,0.0,1984,40,standard,1.0,35.7,3,63.76,255.83,0.931,0.759,0.91,0.852,0.2077,3,PMP-02306,water,1.64,0.0,False,0,,,,163.5,2024,0.0,22981.0,0
pump_station,32.74102718322469,-81.95378618708287,32.74102718322469,-81.95378618708287,0.0,1976,40,standard,1.0,33.7,3,76.52,303.64,0.628,0.754,1.0,0.671,0.6573,5,PMP-02307,water,0.02,1.72,False,0,,,,130.1,2019,0.0,78603.0,0
pump_station,30.980388413280032,-84.16092124640252,30.980388413280032,-84.16092124640252,0.0,2002,40,standard,1.0,73.2,3,25.78,104.65,0.355,0.768,0.524,0.349,0.5635,7,PMP-02308,water,0.5,2.35,False,0,,,,212.6,2021,0.0,49372.0,0
pump_station,32.83390170897748,-81.60963937637142,32.83390170897748,-81.60963937637142,0.0,1975,40,standard,1.0,15.9,3,83.35,306.81,0.808,0.615,1.0,0.538,0.1447,5,PMP-02309,water,1.07,0.0,False,0,,,,97.7,2020,0.0,6746.0,0
pump_station,31.2561180308211,-84.17442379082203,31.2561180308211,-84.17442379082203,0.0,2005,40,standard,1.0,57.6,3,41.11,135.06,0.74,0.598,0.541,0.353,0.1073,7,PMP-02310,water,0.74,0.0,False,0,,,,155.7,2025,0.0,4689.0,0
pump_station,30.938792666532642,-84.36516123154308,30.938792666532642,-84.36516123154308,0.0,2018,40,standard,1.0,84.6,1,25.75,97.38,0.256,0.516,0.543,0.32,0.7616,7,PMP-02311,water,1.82,0.0,True,8,,,,297.0,2025,0.0,69325.0,1
pump_station,31.890487082502712,-81.6886368578057,31.890487082502712,-81.6886368578057,0.0,1981,40,standard,1.0,43.9,2,40.38,203.73,0.847,0.673,0.812,0.803,0.0946,3,PMP-02312,water,1.72,0.0,False,0,,,,198.6,2021,0.0,10072.0,0
pump_station,32.30965569825643,-81.5,32.30965569825643,-81.5,0.0,1966,40,standard,1.0,22.9,3,57.45,246.4,0.707,0.777,1.0,0.597,0.3232,5,PMP-02313,water,0.47,0.0,True,8,,,,108.3,2025,0.0,30658.0,2
pump_station,30.463258301081385,-84.55632190731639,30.463258301081385,-84.55632190731639,0.0,1989,40,standard,1.0,32.4,3,6.44,42.79,0.366,0.585,0.34,0.074,0.0945,9,PMP-02314,water,1.01,0.0,False,0,,,,155.9,2023,0.0,8577.0,0
pump_station,31.137497802884592,-84.56385375016019,31.137497802884592,-84.56385375016019,0.0,1996,40,standard,1.0,48.6,3,27.41,117.58,0.492,0.47,0.545,0.324,0.359,7,PMP-02315,water,0.71,0.0,False,0,,,,88.7,2024,0.0,39306.0,0
pump_station,31.962950515486376,-84.49623256143786,31.962950515486376,-84.49623256143786,0.0,2013,40,standard,1.0,97.6,3,53.57,209.74,0.747,0.533,0.795,0.398,0.3007,4,PMP-02316,water,0.08,0.0,False,0,,,,261.9,2025,0.0,12472.0,0
pump_station,31.635078476313225,-85.2193425802928,31.635078476313225,-85.2193425802928,0.0,2011,40,standard,1.0,86.3,1,46.04,173.66,0.587,0.55,0.592,0.358,0.3007,0,PMP-02317,water,1.21,0.0,True,12,,,,174.0,2021,0.0,33029.0,1
pump_station,30.743280458827556,-83.89399454504296,30.743280458827556,-83.89399454504296,0.0,1973,40,standard,1.0,30.0,3,20.04,82.46,0.391,0.46,0.415,0.379,0.1295,7,PMP-02318,water,1.33,0.0,False,0,,,,322.5,2024,0.0,15515.0,0
pump_station,32.401661598500326,-81.87567695135161,32.401661598500326,-81.87567695135161,0.0,1971,40,standard,1.0,23.1,3,65.95,264.38,0.517,0.551,1.0,0.715,0.704,5,PMP-02319,water,0.21,2.12,False,0,,,,64.4,2023,0.0,47913.0,1
pump_station,31.629390734273798,-85.41342005524378,31.629390734273798,-85.41342005524378,0.0,1992,40,standard,1.0,45.3,2,43.24,175.41,0.592,0.552,0.642,0.384,0.2741,0,PMP-02320,water,1.44,0.0,False,0,,,,289.7,2025,0.0,13452.0,0
pump_station,30.874493724191638,-83.85845687230024,30.874493724191638,-83.85845687230024,0.0,2003,40,standard,1.0,74.6,1,27.09,97.59,0.552,0.664,0.371,0.299,0.1135,7,PMP-02321,water,1.43,0.0,True,48,,,,248.8,2023,0.0,9158.0,0
pump_station,31.970711641221587,-85.46217265902916,31.970711641221587,-85.46217265902916,0.0,2017,40,standard,1.0,87.4,2,55.06,214.03,1.0,0.699,0.916,0.387,0.0971,0,PMP-02322,water,0.31,0.0,True,24,,,,125.2,2024,0.0,5527.0,1
pump_station,31.531848497273693,-84.65130417228603,31.531848497273693,-84.65130417228603,0.0,1959,40,standard,1.0,2.0,3,40.73,160.81,0.734,0.679,0.694,0.418,0.0888,4,PMP-02323,water,1.79,0.0,False,0,,,,116.6,2025,0.0,9119.0,0
pump_station,32.52221318057655,-82.27013244210659,32.52221318057655,-82.27013244210659,0.0,1971,40,standard,1.0,29.8,3,72.82,285.1,0.883,0.613,1.0,0.874,0.1083,5,PMP-02324,water,1.5,0.0,False,0,,,,131.8,2020,0.0,7236.0,0
pump_station,33.0,-81.77651201670653,33.0,-81.77651201670653,0.0,1996,40,standard,1.0,78.1,3,90.09,328.73,0.798,0.684,1.0,0.434,0.1804,5,PMP-02325,water,1.3,0.0,False,0,,,,277.5,2024,0.0,17509.0,1
pump_station,32.1523364892862,-81.77744563605756,32.1523364892862,-81.77744563605756,0.0,1980,40,standard,1.0,14.1,2,51.39,234.66,0.598,0.508,0.827,0.788,0.4687,3,PMP-02326,water,0.62,0.0,True,48,,,,436.3,2013,0.0,20625.0,0
pump_station,30.770674483297473,-84.0468133795845,30.770674483297473,-84.0468133795845,0.0,2018,40,standard,1.0,85.6,3,20.96,83.08,0.247,0.596,0.418,0.488,0.3952,7,PMP-02327,water,1.12,0.0,False,0,,,,301.7,2026,0.0,47671.0,0
pump_station,30.768726256175825,-84.63088177054065,30.768726256175825,-84.63088177054065,0.0,1994,40,standard,1.0,40.7,2,18.21,76.21,0.302,0.667,0.473,0.059,0.244,7,PMP-02328,water,1.08,0.0,False,0,,,,152.6,2026,0.0,14886.0,0
pump_station,32.40478348965943,-85.16330528254693,32.40478348965943,-85.16330528254693,0.0,1985,40,standard,1.0,48.6,3,67.46,258.58,0.833,0.83,1.0,0.195,0.0818,0,PMP-02329,water,0.31,0.0,False,0,,,,215.6,2025,0.0,8489.0,0
pump_station,32.41119015980148,-82.02369405419367,32.41119015980148,-82.02369405419367,0.0,1985,40,standard,1.0,42.7,3,68.71,268.41,0.672,0.656,0.907,0.729,0.3091,3,PMP-02330,water,2.19,0.0,True,8,,,,369.1,2022,0.0,28554.0,1
pump_station,32.767442314785086,-81.82774494077013,32.767442314785086,-81.82774494077013,0.0,1990,40,standard,1.0,26.6,3,77.17,303.99,0.576,0.722,1.0,0.607,0.5391,5,PMP-02331,water,0.36,0.0,False,0,,,,114.9,2022,0.0,48906.0,1
pump_station,31.010509069766268,-84.18190941616956,31.010509069766268,-84.18190941616956,0.0,1964,40,standard,1.0,2.0,3,30.49,107.7,0.447,0.648,0.588,0.367,0.5169,7,PMP-02332,water,1.31,0.0,False,0,,,,284.8,2022,0.0,23287.0,0
pump_station,31.664788542250456,-84.44690430539332,31.664788542250456,-84.44690430539332,0.0,2019,40,standard,1.0,87.7,3,43.89,177.1,0.684,0.696,0.599,0.37,0.1299,4,PMP-02333,water,1.31,0.0,False,0,,,,179.0,2026,0.0,9088.0,1
pump_station,31.372148980818423,-85.64379767911481,31.372148980818423,-85.64379767911481,0.0,1990,40,standard,1.0,51.6,2,37.68,150.69,0.635,0.664,0.621,0.187,0.2709,0,PMP-02334,water,0.68,0.0,False,0,,,,235.6,2024,0.0,28430.0,1
pump_station,30.59715830486402,-84.15038825110653,30.59715830486402,-84.15038825110653,0.0,1982,40,standard,1.0,37.0,1,17.04,62.27,0.319,0.63,0.364,0.325,0.3061,7,PMP-02335,water,0.69,0.0,True,8,,,,197.3,2026,0.0,26724.0,2
pump_station,32.642219171613846,-84.6073424384352,32.642219171613846,-84.6073424384352,0.0,1999,40,standard,1.0,42.8,2,78.8,284.31,0.711,0.583,1.0,0.237,0.4717,4,PMP-02336,water,1.16,0.0,False,0,,,,94.4,2019,0.0,37578.0,0
pump_station,30.80057178250126,-84.98260481184886,30.80057178250126,-84.98260481184886,0.0,2025,40,standard,1.0,100.0,2,15.9,79.4,0.38,0.78,0.402,0.0,0.1005,9,PMP-02337,water,0.71,0.0,True,24,,,,43.0,2021,0.0,7075.0,0
pump_station,31.71022477618237,-85.2128365835286,31.71022477618237,-85.2128365835286,0.0,1995,40,standard,1.0,56.2,3,43.8,181.94,0.739,0.549,0.652,0.336,0.2698,0,PMP-02338,water,0.38,0.0,False,0,,,,393.8,2024,0.0,27530.0,0
pump_station,32.394371930521594,-81.5,32.394371930521594,-81.5,0.0,2025,40,standard,1.0,100.0,2,61.07,255.8,0.722,0.63,0.933,0.557,0.321,5,PMP-02339,water,0.34,0.0,True,12,,,,236.2,2022,0.0,32159.0,1
pump_station,32.57750095516958,-84.59342732295653,32.57750095516958,-84.59342732295653,0.0,2017,40,standard,1.0,79.0,2,72.14,277.22,0.587,0.42,1.0,0.342,0.596,4,PMP-02340,water,0.62,0.0,True,24,,,,136.8,2019,0.0,69724.0,1
pump_station,31.411431880989895,-85.4718395292714,31.411431880989895,-85.4718395292714,0.0,2001,40,standard,1.0,56.9,3,36.59,152.1,0.655,0.635,0.588,0.164,0.3519,0,PMP-02341,water,1.64,0.0,False,0,,,,93.8,2024,0.0,29829.0,1
pump_station,30.845593847625743,-84.26590944851195,30.845593847625743,-84.26590944851195,0.0,1987,40,standard,1.0,35.7,2,23.45,88.25,0.238,0.183,0.45,0.281,1.0,7,PMP-02342,water,1.19,2.2,False,0,,,,458.8,2020,0.0,56110.0,1
pump_station,32.493460016651724,-84.62307057011436,32.493460016651724,-84.62307057011436,0.0,1967,40,standard,1.0,2.0,3,70.94,267.7,0.627,0.433,1.0,0.188,0.5602,4,PMP-02343,water,1.63,0.0,True,24,,,,103.4,2024,0.0,35255.0,0
pump_station,32.70819170501898,-82.23046090076178,32.70819170501898,-82.23046090076178,0.0,1977,40,standard,1.0,17.9,1,80.14,305.11,0.687,0.571,1.0,0.719,0.1879,5,PMP-02344,water,0.43,0.0,True,24,,,,143.5,2018,0.0,10111.0,0
pump_station,32.77381776147356,-81.93666365202633,32.77381776147356,-81.93666365202633,0.0,2002,40,standard,1.0,70.7,3,80.47,306.93,0.463,0.584,1.0,0.683,0.6485,5,PMP-02345,water,0.17,0.0,False,0,,,,173.2,2021,0.0,48539.0,0
pump_station,31.361724730342548,-85.48290348302588,31.361724730342548,-85.48290348302588,0.0,1973,40,standard,1.0,9.7,3,38.12,146.76,0.517,0.502,0.667,0.333,0.3804,0,PMP-02346,water,0.41,0.0,False,0,,,,392.6,2020,0.0,35157.0,1
pump_station,32.762722807513015,-84.03582429911724,32.762722807513015,-84.03582429911724,0.0,2025,40,standard,1.0,100.0,3,90.63,304.37,0.866,0.825,1.0,0.607,0.0845,4,PMP-02347,water,0.17,1.01,False,0,,,,175.3,2026,0.0,7799.0,0
pump_station,32.50131934430582,-81.58869262483393,32.50131934430582,-81.58869262483393,0.0,1974,40,standard,1.0,2.0,3,62.64,269.46,0.646,0.564,0.966,0.612,0.4157,5,PMP-02348,water,0.51,1.58,False,0,,,,113.7,2021,0.0,27107.0,0
pump_station,31.469644494036274,-84.40387936906043,31.469644494036274,-84.40387936906043,0.0,1993,40,standard,1.0,64.6,2,37.34,155.88,0.766,0.647,0.655,0.384,0.0868,7,PMP-02349,water,1.32,0.0,True,24,,,,105.5,2023,0.0,8880.0,0
pump_station,31.5159137481439,-85.24733349623621,31.5159137481439,-85.24733349623621,0.0,2006,40,standard,1.0,75.5,1,40.31,160.72,0.654,0.69,0.678,0.393,0.2863,0,PMP-02350,water,1.11,0.0,True,48,,,,249.0,2023,0.0,30106.0,1
pump_station,31.161800780013714,-84.26097484971042,31.161800780013714,-84.26097484971042,0.0,1997,40,standard,1.0,44.6,3,27.12,123.41,0.534,0.514,0.591,0.297,0.2077,7,PMP-02351,water,1.31,0.0,True,12,,,,141.8,2024,0.0,13375.0,0
pump_station,32.15111549413879,-81.90706398779822,32.15111549413879,-81.90706398779822,0.0,1974,40,standard,1.0,30.2,1,49.22,237.21,0.845,0.544,0.906,0.836,0.3209,3,PMP-02352,water,0.35,0.0,True,72,,,,278.5,2024,0.0,26265.0,2
pump_station,32.39196561946295,-82.06120388285838,32.39196561946295,-82.06120388285838,0.0,1997,40,standard,1.0,66.6,3,62.76,267.0,0.754,0.537,0.948,0.802,0.2349,3,PMP-02353,water,1.58,0.0,False,0,,,,80.6,2021,0.0,17978.0,0
pump_station,31.410480056353308,-84.70084754712599,31.410480056353308,-84.70084754712599,0.0,1966,40,standard,1.0,9.2,3,37.06,147.12,0.616,0.814,0.61,0.306,0.1047,7,PMP-02354,water,0.18,0.0,False,0,,,,226.0,2026,0.0,9843.0,0
pump_station,30.45973200127082,-84.24825107462613,30.45973200127082,-84.24825107462613,0.0,1992,40,standard,1.0,43.6,3,10.3,45.65,0.26,0.636,0.367,0.27,0.1383,7,PMP-02355,water,1.74,0.0,False,0,,,,257.0,2024,0.0,8867.0,0
pump_station,31.293167387008715,-84.65398901950729,31.293167387008715,-84.65398901950729,0.0,2011,40,standard,1.0,86.1,3,35.14,134.31,0.597,0.724,0.63,0.302,0.1819,7,PMP-02356,water,0.13,0.0,False,0,,,,82.0,2025,0.0,15538.0,0
pump_station,32.68362128624925,-84.5959242997465,32.68362128624925,-84.5959242997465,0.0,2025,40,standard,1.0,89.1,3,81.63,288.98,0.608,0.472,1.0,0.284,0.4055,4,PMP-02357,water,0.32,0.0,True,24,,,,60.0,2024,0.0,48914.0,2
pump_station,32.72821275876032,-81.8670095966075,32.72821275876032,-81.8670095966075,0.0,1994,40,standard,1.0,62.1,3,77.86,300.45,0.52,0.54,1.0,0.55,0.6176,5,PMP-02358,water,1.23,0.0,False,0,,,,373.1,2022,0.0,59535.0,1
pump_station,33.0,-81.8927758536075,33.0,-81.8927758536075,0.0,2004,40,standard,1.0,55.2,3,89.93,331.15,0.666,0.641,1.0,0.508,0.2416,5,PMP-02359,water,0.98,1.37,True,12,,,,246.6,2025,0.0,20426.0,0
pump_station,32.6089108050969,-81.68692204050026,32.6089108050969,-81.68692204050026,0.0,1990,40,standard,1.0,42.0,3,69.47,283.44,0.724,0.467,1.0,0.612,0.3935,5,PMP-02360,water,0.2,0.0,False,0,,,,91.8,2026,0.0,18845.0,1
pump_station,30.817249891670546,-84.34659011560804,30.817249891670546,-84.34659011560804,0.0,2010,40,standard,1.0,76.8,2,21.15,84.1,0.201,0.442,0.296,0.242,0.9132,7,PMP-02361,water,0.58,0.0,True,12,,,,155.4,2022,0.0,92065.0,2
pump_station,32.757329015288754,-85.0183299200575,32.757329015288754,-85.0183299200575,0.0,2012,40,standard,1.0,76.3,3,81.53,296.75,0.894,0.786,1.0,0.215,0.0829,4,PMP-02362,water,0.4,0.0,False,0,,,,250.3,2018,0.0,5058.0,0
pump_station,30.964875942692707,-84.33179854021206,30.964875942692707,-84.33179854021206,0.0,1991,40,standard,1.0,28.1,3,24.19,100.67,0.252,0.513,0.516,0.298,0.7356,7,PMP-02363,water,0.93,0.0,False,0,,,,130.8,2023,0.0,82490.0,0
pump_station,32.31392973850776,-81.5,32.31392973850776,-81.5,0.0,2013,40,standard,1.0,83.4,3,57.27,246.87,0.655,0.709,0.876,0.506,0.3247,5,PMP-02364,water,0.77,0.0,False,0,,,,165.7,2025,0.0,17455.0,0
pump_station,32.61230398643177,-81.96941944145938,32.61230398643177,-81.96941944145938,0.0,2020,40,standard,1.0,98.2,3,74.04,289.66,0.57,0.515,1.0,0.845,0.5427,5,PMP-02365,water,0.61,0.0,False,0,,,,279.5,2017,0.0,41183.0,0
pump_station,30.864992215116402,-83.80899951262425,30.864992215116402,-83.80899951262425,0.0,1979,40,standard,1.0,23.8,3,27.73,97.33,0.54,0.64,0.451,0.399,0.0955,7,PMP-02366,water,0.27,0.0,True,12,,,,133.9,2024,0.0,9815.0,0
pump_station,30.92651824320755,-84.92196139251163,30.92651824320755,-84.92196139251163,0.0,1998,40,standard,1.0,48.5,3,21.54,93.2,0.494,0.705,0.482,0.183,0.1664,7,PMP-02367,water,1.0,0.0,True,12,,,,174.9,2021,0.0,15770.0,0
pump_station,32.66794161329473,-84.28541995651709,32.66794161329473,-84.28541995651709,0.0,1977,40,standard,1.0,45.2,3,80.13,290.28,0.871,0.656,1.0,0.519,0.2456,4,PMP-02368,water,0.62,0.0,False,0,,,,262.0,2023,0.0,16331.0,0
pump_station,31.103249441500783,-84.34468194091227,31.103249441500783,-84.34468194091227,0.0,1996,40,standard,1.0,48.4,3,34.54,115.87,0.461,0.645,0.565,0.377,0.3314,7,PMP-02369,water,0.59,0.0,True,12,,,,294.8,2026,0.0,14793.0,0
pump_station,32.864367521506054,-84.29432716665495,32.864367521506054,-84.29432716665495,0.0,1989,40,standard,1.0,41.6,3,88.8,311.97,0.886,0.732,1.0,0.527,0.1086,4,PMP-02370,water,0.22,0.0,False,0,,,,176.6,2025,0.0,5813.0,0
pump_station,32.94049443425658,-81.99447441227616,32.94049443425658,-81.99447441227616,0.0,2021,40,standard,1.0,100.0,3,89.51,326.59,0.749,0.58,1.0,0.527,0.3454,5,PMP-02371,water,0.78,0.0,False,0,,,,201.7,2024,0.0,38100.0,1
pump_station,31.38186598264908,-85.46547878348338,31.38186598264908,-85.46547878348338,0.0,1993,40,standard,1.0,76.3,3,36.05,148.72,0.574,0.58,0.601,0.288,0.369,0,PMP-02372,water,2.67,0.0,False,0,,,,281.0,2016,0.0,39090.0,1
pump_station,30.531724892500495,-83.91463052715062,30.531724892500495,-83.91463052715062,0.0,2005,40,standard,1.0,56.0,2,14.98,58.64,0.395,0.666,0.306,0.373,0.0941,7,PMP-02373,water,0.34,0.0,True,24,,,,229.0,2021,0.0,4609.0,0
pump_station,32.78871457025536,-81.79857837263849,32.78871457025536,-81.79857837263849,0.0,1977,40,standard,1.0,23.2,3,78.33,305.74,0.629,0.76,1.0,0.549,0.4661,5,PMP-02374,water,0.84,1.29,False,0,,,,255.2,2021,0.0,45709.0,0
pump_station,32.63715975845345,-81.96812216985589,32.63715975845345,-81.96812216985589,0.0,2002,40,standard,1.0,70.3,2,74.81,292.4,0.467,0.327,1.0,0.724,0.5741,5,PMP-02375,water,0.46,0.0,False,0,,,,149.7,2025,0.0,24121.0,0
pump_station,31.026859620194273,-84.12763782622828,31.026859620194273,-84.12763782622828,0.0,1994,40,standard,1.0,49.0,3,28.29,110.29,0.413,0.638,0.507,0.282,0.3829,7,PMP-02376,water,0.5,0.0,False,0,,,,212.7,2021,0.0,17615.0,1
pump_station,30.374895552973364,-84.1333543841161,30.374895552973364,-84.1333543841161,0.0,1984,40,standard,1.0,42.5,2,10.75,37.84,0.257,0.441,0.279,0.112,0.0915,11,PMP-02377,water,0.12,1.98,True,72,,,,177.9,2025,0.0,10686.0,1
pump_station,32.38483423068342,-82.02599247980991,32.38483423068342,-82.02599247980991,0.0,1973,40,standard,1.0,24.2,1,65.41,265.53,0.724,0.538,0.976,0.822,0.2979,3,PMP-02378,water,1.51,0.0,True,8,,,,112.5,2024,0.0,31726.0,0
pump_station,30.834673303578437,-83.88831997209577,30.834673303578437,-83.88831997209577,0.0,1988,40,standard,1.0,64.7,3,20.88,92.69,0.412,0.706,0.485,0.386,0.1337,7,PMP-02379,water,0.02,0.0,False,0,,,,275.7,2025,0.0,14461.0,0
pump_station,32.855152114097656,-82.00809249900591,32.855152114097656,-82.00809249900591,0.0,1986,40,standard,1.0,40.9,2,79.63,317.39,0.478,0.625,1.0,0.659,0.4991,5,PMP-02380,water,0.52,0.0,False,0,,,,288.2,2023,0.0,21891.0,1
pump_station,30.74583792109556,-84.55924960457192,30.74583792109556,-84.55924960457192,0.0,2005,40,standard,1.0,55.8,3,16.58,74.14,0.457,0.697,0.529,0.073,0.2969,7,PMP-02381,water,0.88,0.0,False,0,,,,95.8,2025,0.0,31874.0,0
pump_station,32.19270178876018,-81.91013651800264,32.19270178876018,-81.91013651800264,0.0,1994,40,standard,1.0,44.3,3,57.65,241.89,0.646,0.588,0.881,0.842,0.3948,3,PMP-02382,water,0.19,0.0,False,0,,,,140.6,2022,0.0,26788.0,0
pump_station,30.843000518152408,-84.08380010935856,30.843000518152408,-84.08380010935856,0.0,2009,40,standard,1.0,64.9,3,24.46,90.54,0.421,0.543,0.459,0.405,0.5406,7,PMP-02383,water,0.43,0.0,False,0,,,,138.1,2025,0.0,60131.0,1
pump_station,32.39417624638435,-81.70663613317689,32.39417624638435,-81.70663613317689,0.0,2024,40,standard,1.0,100.0,2,59.19,260.02,0.375,0.323,0.937,0.651,0.869,5,PMP-02384,water,1.38,0.0,True,24,,,,274.2,2021,0.0,82225.0,1
pump_station,32.74388369114592,-81.61434035740982,32.74388369114592,-81.61434035740982,0.0,1983,40,standard,1.0,27.1,3,75.23,296.91,0.848,0.684,1.0,0.531,0.1787,5,PMP-02385,water,0.08,0.0,False,0,,,,285.9,2020,0.0,13524.0,0
pump_station,32.4311506354193,-81.5,32.4311506354193,-81.5,0.0,2005,40,standard,1.0,78.0,3,62.12,259.88,0.56,0.503,1.0,0.486,0.3006,5,PMP-02386,water,0.14,0.0,False,0,,,,209.3,2020,0.0,33496.0,0
pump_station,31.05896088371339,-85.33744942192328,31.05896088371339,-85.33744942192328,0.0,1965,40,standard,1.0,2.0,3,27.77,111.06,0.463,0.587,0.53,0.042,0.1399,0,PMP-02387,water,1.83,0.0,False,0,,,,308.3,2019,0.0,8714.0,0
pump_station,31.269584688578053,-84.66935163578862,31.269584688578053,-84.66935163578862,0.0,2005,40,standard,1.0,77.8,3,28.53,131.61,0.585,0.506,0.515,0.321,0.208,7,PMP-02388,water,0.63,0.0,False,0,,,,131.1,2023,0.0,9645.0,1
pump_station,32.86048188949809,-81.95783889337173,32.86048188949809,-81.95783889337173,0.0,1994,40,standard,1.0,47.8,3,85.42,316.98,0.734,0.486,1.0,0.548,0.5253,5,PMP-02389,water,0.97,0.0,False,0,,,,193.7,2021,0.0,41843.0,0
pump_station,31.3569107521347,-85.66348701980613,31.3569107521347,-85.66348701980613,0.0,2025,40,standard,1.0,100.0,2,33.11,149.36,0.482,0.704,0.633,0.218,0.256,0,PMP-02390,water,1.23,0.0,False,0,,,,210.5,2024,0.0,13658.0,0
pump_station,32.479191450085935,-81.99523350388313,32.479191450085935,-81.99523350388313,0.0,2012,40,standard,1.0,76.3,3,68.92,275.4,0.725,0.632,1.0,0.832,0.3884,5,PMP-02391,water,0.08,0.0,False,0,,,,230.4,2025,0.0,28193.0,0
pump_station,31.21385613602793,-84.51200696073987,31.21385613602793,-84.51200696073987,0.0,2016,40,standard,1.0,66.4,3,28.32,126.46,0.642,0.704,0.568,0.215,0.2245,7,PMP-02392,water,0.5,0.0,False,0,,,,415.2,2023,0.0,20948.0,1
pump_station,31.00604980355237,-84.27376322834307,31.00604980355237,-84.27376322834307,0.0,2006,40,standard,1.0,51.9,1,21.83,105.96,0.38,0.494,0.594,0.306,0.6196,7,PMP-02393,water,1.04,0.0,True,24,,,,116.0,2024,0.0,47085.0,1
pump_station,31.2946621870697,-84.87776975295108,31.2946621870697,-84.87776975295108,0.0,1986,40,standard,1.0,66.8,1,31.45,134.0,0.633,0.726,0.617,0.351,0.1245,0,PMP-02394,water,0.26,0.0,True,12,,,,222.2,2026,0.0,6151.0,0
pump_station,31.206857303692566,-85.7597378428002,31.206857303692566,-85.7597378428002,0.0,1968,40,standard,1.0,25.6,2,33.31,134.56,0.705,0.726,0.551,0.124,0.1537,0,PMP-02395,water,0.23,0.0,False,0,,,,216.1,2025,0.0,17014.0,0
pump_station,32.24197936364431,-81.5,32.24197936364431,-81.5,0.0,2014,40,standard,1.0,72.0,3,56.76,238.88,0.833,0.584,0.876,0.638,0.2809,5,PMP-02396,water,0.36,0.0,True,12,,,,145.2,2023,0.0,16815.0,0
pump_station,30.49957368646295,-83.99726095150142,30.49957368646295,-83.99726095150142,0.0,1981,40,standard,1.0,19.7,3,14.92,53.76,0.35,0.598,0.366,0.294,0.1047,7,PMP-02397,water,1.58,0.0,False,0,,,,220.8,2018,0.0,6623.0,0
pump_station,32.033273068056516,-84.09787679599218,32.033273068056516,-84.09787679599218,0.0,2007,40,standard,1.0,87.5,3,63.75,222.45,0.971,0.689,0.912,0.376,0.0958,4,PMP-02398,water,0.09,0.0,False,0,,,,208.5,2019,0.0,8150.0,1
pump_station,32.351837132273786,-84.92985749415632,32.351837132273786,-84.92985749415632,0.0,1977,40,standard,1.0,33.3,3,66.06,251.43,0.908,0.739,0.927,0.213,0.0925,4,PMP-02399,water,0.33,0.0,True,12,,,,201.1,2025,0.0,5640.0,1
pump_station,32.46684904599645,-84.35612225059259,32.46684904599645,-84.35612225059259,0.0,1981,40,standard,1.0,51.2,3,70.45,267.1,0.639,0.521,1.0,0.363,0.4742,4,PMP-02400,water,0.89,0.0,False,0,,,,111.5,2022,0.0,34429.0,1
pump_station,30.943754241133274,-85.39537943365859,30.943754241133274,-85.39537943365859,0.0,1981,40,standard,1.0,29.6,2,20.75,99.05,0.568,0.575,0.511,0.0,0.1026,0,PMP-02401,water,0.9,0.0,False,0,,,,200.9,2023,0.0,8147.0,0
pump_station,30.93795119549105,-84.74360382360494,30.93795119549105,-84.74360382360494,0.0,1989,40,standard,1.0,40.6,2,20.5,94.53,0.476,0.682,0.528,0.211,0.3742,7,PMP-02402,water,0.92,0.0,True,72,,,,386.8,2022,0.0,30917.0,0
pump_station,32.41992240011602,-81.83353539028592,32.41992240011602,-81.83353539028592,0.0,2002,40,standard,1.0,54.6,3,63.3,265.53,0.404,0.452,0.914,0.763,0.7886,5,PMP-02403,water,0.7,0.0,False,0,,,,116.6,2023,0.0,46344.0,2
pump_station,32.5170592113657,-81.98763197668187,32.5170592113657,-81.98763197668187,0.0,1998,40,standard,1.0,64.2,3,68.42,279.45,0.746,0.578,0.917,0.81,0.4225,5,PMP-02404,water,0.64,0.0,False,0,,,,70.9,2023,0.0,38742.0,0
pump_station,31.430538849557923,-85.2948790462465,31.430538849557923,-85.2948790462465,0.0,1976,40,standard,1.0,25.9,2,36.22,151.78,0.685,0.52,0.565,0.277,0.2744,0,PMP-02405,water,0.82,0.0,True,48,,,,215.2,2024,0.0,11352.0,0
pump_station,31.41535139916526,-85.50443190760076,31.41535139916526,-85.50443190760076,0.0,2007,40,standard,1.0,65.9,3,38.9,153.05,0.666,0.798,0.694,0.286,0.3441,0,PMP-02406,water,0.69,0.0,False,0,,,,153.9,2021,0.0,30740.0,0
pump_station,32.76277871306181,-83.93640663409636,32.76277871306181,-83.93640663409636,0.0,1991,40,standard,1.0,33.2,1,89.13,305.94,0.819,0.788,1.0,0.724,0.0821,4,PMP-02407,water,0.6,0.0,True,8,,,,107.6,2020,0.0,9068.0,0
pump_station,31.16995652549485,-85.43737974878124,31.16995652549485,-85.43737974878124,0.0,1998,40,standard,1.0,42.7,3,31.7,124.77,0.488,0.882,0.464,0.145,0.2852,0,PMP-02408,water,0.82,0.0,False,0,,,,171.4,2018,0.0,19776.0,1
pump_station,32.549295129854784,-82.24500552047594,32.549295129854784,-82.24500552047594,0.0,1985,40,standard,1.0,29.6,3,71.31,287.71,0.908,0.578,1.0,0.813,0.1264,5,PMP-02409,water,0.99,0.0,False,0,,,,276.9,2023,0.0,13095.0,2
pump_station,32.35181056369312,-81.60310039211056,32.35181056369312,-81.60310039211056,0.0,2003,40,standard,1.0,69.7,2,54.8,253.16,0.674,0.542,0.942,0.586,0.6339,5,PMP-02410,water,3.5,0.0,False,0,,,,152.5,2024,0.0,71070.0,1
pump_station,30.763356107238554,-84.29594190400744,30.763356107238554,-84.29594190400744,0.0,1984,40,standard,1.0,28.7,1,18.39,78.74,0.231,0.368,0.552,0.355,0.9002,7,PMP-02411,water,0.78,0.0,True,72,,,,92.1,2020,0.0,66439.0,4
pump_station,32.530879859445314,-84.02972922454968,32.530879859445314,-84.02972922454968,0.0,1996,40,standard,1.0,53.9,3,81.42,278.73,0.957,0.762,1.0,0.565,0.0895,4,PMP-02412,water,1.2,0.0,False,0,,,,178.6,2017,0.0,10712.0,0
pump_station,32.26494870716962,-84.32475388726058,32.26494870716962,-84.32475388726058,0.0,1997,40,standard,1.0,47.8,3,64.25,245.06,0.822,0.596,0.96,0.393,0.1964,4,PMP-02413,water,0.24,0.0,False,0,,,,223.9,2021,0.0,21220.0,0
pump_station,31.333621415021415,-85.29517778228777,31.333621415021415,-85.29517778228777,0.0,1991,40,standard,1.0,45.4,2,36.17,141.03,0.497,0.61,0.631,0.28,0.2473,0,PMP-02414,water,1.41,0.0,True,8,,,,431.2,2021,0.0,13784.0,0
pump_station,31.088820553841952,-84.44616248331023,31.088820553841952,-84.44616248331023,0.0,2006,40,standard,1.0,63.7,3,28.41,113.18,0.436,0.671,0.517,0.24,0.3644,7,PMP-02415,water,1.95,0.0,False,0,,,,317.0,2024,0.0,16434.0,0
pump_station,32.51659299805232,-82.10958338641804,32.51659299805232,-82.10958338641804,0.0,1973,40,standard,1.0,18.9,3,70.88,281.73,0.742,0.503,0.939,0.834,0.2293,5,PMP-02416,water,0.39,0.0,False,0,,,,74.7,2023,0.0,21826.0,0
pump_station,32.55272764642418,-84.7479217241556,32.55272764642418,-84.7479217241556,0.0,2006,40,standard,1.0,85.4,3,75.14,273.76,0.678,0.63,0.986,0.196,0.2787,4,PMP-02417,water,0.48,0.0,False,0,,,,78.0,2024,0.0,13549.0,0
pump_station,30.788182677334284,-84.52681888553072,30.788182677334284,-84.52681888553072,0.0,2025,40,standard,1.0,86.7,1,14.01,79.09,0.367,0.457,0.398,0.221,0.4065,7,PMP-02418,water,0.63,0.96,True,24,,,,210.1,2025,0.0,31437.0,0
pump_station,33.0,-82.1176046758382,33.0,-82.1176046758382,0.0,1966,40,standard,1.0,29.2,2,94.19,335.54,0.813,0.526,1.0,0.645,0.1728,5,PMP-02419,water,0.52,0.0,False,0,,,,143.8,2024,0.0,10066.0,0
pump_station,32.71386170793258,-82.16379035217777,32.71386170793258,-82.16379035217777,0.0,2019,40,standard,1.0,79.6,3,80.75,304.6,0.749,0.582,1.0,0.842,0.2911,5,PMP-02420,water,0.88,1.54,False,0,,,,247.5,2022,0.0,15994.0,1
pump_station,32.438307672822376,-84.83828320524323,32.438307672822376,-84.83828320524323,0.0,1991,40,standard,1.0,54.8,3,72.94,260.93,0.836,0.847,0.917,0.166,0.1453,4,PMP-02421,water,0.48,0.0,False,0,,,,111.1,2026,0.0,12463.0,0
pump_station,31.949651320203586,-81.78245736612843,31.949651320203586,-81.78245736612843,0.0,1980,40,standard,1.0,38.3,3,41.2,212.26,0.941,0.721,0.804,0.894,0.1182,3,PMP-02422,water,0.8,0.0,False,0,,,,128.2,2023,0.0,13295.0,0
pump_station,32.54153093099839,-81.54356674702534,32.54153093099839,-81.54356674702534,0.0,2010,40,standard,1.0,72.7,3,63.12,273.01,0.738,0.661,0.926,0.601,0.2688,5,PMP-02423,water,0.36,0.0,False,0,,,,97.9,2024,0.0,13410.0,1
pump_station,32.93128940659628,-84.40373368677866,32.93128940659628,-84.40373368677866,0.0,1986,40,standard,1.0,42.2,3,90.16,318.12,0.902,0.721,1.0,0.423,0.1013,4,PMP-02424,water,1.04,0.0,False,0,,,,21.2,2024,0.0,11643.0,0
pump_station,30.865584764044275,-84.11953731671494,30.865584764044275,-84.11953731671494,0.0,2015,40,standard,1.0,81.2,2,22.82,92.51,0.243,0.608,0.448,0.349,0.6544,7,PMP-02425,water,0.54,1.1,True,8,,,,71.3,2012,0.0,56139.0,0
pump_station,32.54762712599669,-81.63773650640731,32.54762712599669,-81.63773650640731,0.0,2021,40,standard,1.0,84.8,2,66.72,275.61,0.593,0.593,1.0,0.624,0.4241,5,PMP-02426,water,0.82,0.0,False,0,,,,179.7,2021,0.0,18960.0,0
pump_station,31.00366515493087,-84.94405695181656,31.00366515493087,-84.94405695181656,0.0,1994,40,standard,1.0,70.5,3,27.54,101.81,0.386,0.608,0.434,0.263,0.1639,7,PMP-02427,water,0.13,0.0,False,0,,,,122.4,2021,0.0,8244.0,0
pump_station,30.99995984187204,-85.51959439312375,30.99995984187204,-85.51959439312375,0.0,2006,40,standard,1.0,76.2,3,27.65,107.19,0.579,0.553,0.496,0.0,0.1353,0,PMP-02428,water,1.01,0.0,False,0,,,,121.3,2023,0.0,15236.0,1
pump_station,31.290100773689602,-85.22162223333912,31.290100773689602,-85.22162223333912,0.0,2010,40,standard,1.0,73.9,3,36.11,135.39,0.649,0.583,0.575,0.179,0.169,0,PMP-02429,water,2.69,0.0,False,0,,,,195.6,2022,0.0,20348.0,0
pump_station,32.268907893072296,-84.58897768181413,32.268907893072296,-84.58897768181413,0.0,1980,40,standard,1.0,11.6,2,66.29,242.99,0.808,0.632,0.913,0.311,0.2632,4,PMP-02430,water,0.57,0.0,True,48,,,,166.2,2024,0.0,26651.0,0
pump_station,32.40885912452332,-81.5,32.40885912452332,-81.5,0.0,1976,40,standard,1.0,24.9,3,56.06,257.41,0.792,0.599,1.0,0.574,0.3142,5,PMP-02431,water,1.52,0.0,False,0,,,,310.8,2022,0.0,30362.0,0
pump_station,32.65392220040904,-81.62753486378998,32.65392220040904,-81.62753486378998,0.0,2018,40,standard,1.0,82.1,3,71.8,287.2,0.824,0.544,1.0,0.626,0.2507,5,PMP-02432,water,0.61,0.0,False,0,,,,317.3,2025,0.0,27720.0,0
pump_station,31.450698821618385,-85.33107051664845,31.450698821618385,-85.33107051664845,0.0,1996,40,standard,1.0,49.2,3,38.66,154.46,0.589,0.538,0.643,0.346,0.2995,0,PMP-02433,water,0.4,0.0,False,0,,,,166.1,2023,0.0,30369.0,0
pump_station,32.61691172381621,-81.92414349642598,32.61691172381621,-81.92414349642598,0.0,1969,40,standard,1.0,2.0,3,73.37,289.26,0.504,0.628,1.0,0.76,0.5851,5,PMP-02434,water,0.74,0.66,False,0,,,,281.0,2025,0.0,66632.0,1
pump_station,32.35215989784796,-81.71789803428278,32.35215989784796,-81.71789803428278,0.0,2001,40,standard,1.0,63.1,3,61.02,255.59,0.406,0.494,0.975,0.773,0.9077,5,PMP-02435,water,3.24,0.0,False,0,,,,108.3,2025,0.0,87079.0,1
pump_station,30.980853802613336,-84.69450668155149,30.980853802613336,-84.69450668155149,0.0,2005,40,standard,1.0,90.1,1,20.62,99.46,0.363,0.66,0.469,0.202,0.4538,7,PMP-02436,water,0.45,0.62,True,8,,,,356.5,2026,0.0,28545.0,0
pump_station,30.329435569158576,-84.02149861544932,30.329435569158576,-84.02149861544932,0.0,1975,40,standard,1.0,43.5,3,7.93,34.49,0.461,0.649,0.224,0.164,0.0835,11,PMP-02437,water,0.38,0.0,False,0,,,,47.6,2025,0.0,9226.0,0
pump_station,30.64094982982376,-84.22641246762085,30.64094982982376,-84.22641246762085,0.0,2008,40,standard,1.0,62.0,3,10.32,66.06,0.258,0.464,0.459,0.206,0.4982,7,PMP-02438,water,1.33,0.0,False,0,,,,166.8,2024,0.0,37980.0,1
pump_station,32.16734894744253,-81.7439076146454,32.16734894744253,-81.7439076146454,0.0,2007,40,standard,1.0,76.1,3,55.91,235.62,0.67,0.565,0.93,0.799,0.5207,3,PMP-02439,water,0.85,0.0,False,0,,,,379.1,2023,0.0,63080.0,2
pump_station,30.971846516492004,-84.82028516889663,30.971846516492004,-84.82028516889663,0.0,1973,40,standard,1.0,3.5,3,26.64,98.16,0.432,0.641,0.411,0.235,0.3046,7,PMP-02440,water,1.3,2.31,False,0,,,,148.9,2013,0.0,24816.0,1
pump_station,32.65929203064736,-81.5,32.65929203064736,-81.5,0.0,1991,40,standard,1.0,41.9,2,71.73,285.21,0.758,0.693,1.0,0.486,0.1299,5,PMP-02441,water,0.48,0.0,False,0,,,,273.1,2023,0.0,11952.0,0
pump_station,32.07907281535756,-84.6292017320864,32.07907281535756,-84.6292017320864,0.0,2007,40,standard,1.0,64.0,2,58.68,221.67,0.735,0.858,0.833,0.234,0.1845,4,PMP-02442,water,1.02,0.0,True,12,,,,149.2,2024,0.0,19897.0,0
pump_station,32.48820946900515,-81.67743162945985,32.48820946900515,-81.67743162945985,0.0,2006,40,standard,1.0,72.3,3,67.96,269.84,0.661,0.681,1.0,0.661,0.6331,5,PMP-02443,water,0.17,0.0,False,0,,,,134.5,2020,0.0,29573.0,1
pump_station,30.91992917479996,-84.22364564838931,30.91992917479996,-84.22364564838931,0.0,2008,40,standard,1.0,67.3,3,20.91,97.06,0.254,0.465,0.378,0.28,0.8492,7,PMP-02444,water,2.16,0.0,False,0,,,,86.3,2023,0.0,64909.0,0
pump_station,31.065813479564007,-84.2546191718287,31.065813479564007,-84.2546191718287,0.0,1994,40,standard,1.0,56.7,3,28.34,112.84,0.363,0.543,0.51,0.324,0.4195,7,PMP-02445,water,1.25,0.0,False,0,,,,123.2,2020,0.0,20844.0,0
pump_station,31.240082533452107,-84.78917146200571,31.240082533452107,-84.78917146200571,0.0,1987,40,standard,1.0,49.6,3,32.43,127.97,0.592,0.579,0.446,0.316,0.2024,7,PMP-02446,water,1.25,0.0,True,12,,,,217.2,2022,0.0,9578.0,0
pump_station,32.35258128115753,-84.213109625793,32.35258128115753,-84.213109625793,0.0,1990,40,standard,1.0,48.6,3,68.55,256.23,0.99,0.625,1.0,0.467,0.1539,4,PMP-02447,water,3.2,0.0,False,0,,,,277.3,2023,0.0,6491.0,0
pump_station,32.278157847029306,-81.72495074910874,32.278157847029306,-81.72495074910874,0.0,1977,40,standard,1.0,35.3,3,55.67,247.52,0.641,0.36,0.837,0.738,0.832,3,PMP-02448,water,0.76,0.0,True,8,,,,75.2,2022,0.0,55216.0,1
pump_station,32.29606215061356,-84.65536938890367,32.29606215061356,-84.65536938890367,0.0,1996,40,standard,1.0,48.1,2,68.7,245.62,0.801,0.729,1.0,0.425,0.2438,4,PMP-02449,water,0.16,0.0,False,0,,,,71.6,2021,0.0,15846.0,0
pump_station,30.50765344061285,-84.26852805240992,30.50765344061285,-84.26852805240992,0.0,1996,40,standard,1.0,58.3,2,11.51,50.7,0.365,0.606,0.307,0.205,0.1923,7,PMP-02450,water,2.73,0.0,True,12,,,,22.4,2023,0.0,8922.0,0
pump_station,32.27762401528166,-84.33218039109124,32.27762401528166,-84.33218039109124,0.0,1960,40,standard,1.0,11.6,1,65.67,246.38,0.698,0.603,0.948,0.326,0.212,4,PMP-02451,water,0.46,0.0,True,24,,,,181.1,2022,0.0,17088.0,0
pump_station,32.21157538751666,-81.57806538000274,32.21157538751666,-81.57806538000274,0.0,1991,40,standard,1.0,48.6,1,55.77,237.08,0.621,0.638,0.996,0.748,0.4086,3,PMP-02452,water,0.79,1.85,True,72,,,,156.8,2022,0.0,37281.0,2
pump_station,32.03782571597015,-81.54245697688009,32.03782571597015,-81.54245697688009,0.0,1990,40,standard,1.0,57.0,3,49.41,217.07,0.847,0.783,0.809,0.757,0.1368,3,PMP-02453,water,0.53,0.0,False,0,,,,149.9,2021,0.0,10065.0,0
pump_station,30.855665115681784,-84.09423769063861,30.855665115681784,-84.09423769063861,0.0,1973,40,standard,1.0,28.3,3,20.53,91.79,0.387,0.454,0.501,0.267,0.5729,7,PMP-02454,water,1.01,0.0,False,0,,,,182.9,2023,0.0,44956.0,0
pump_station,30.964778937539297,-84.20217287114879,30.964778937539297,-84.20217287114879,0.0,1981,40,standard,1.0,35.2,3,26.17,102.34,0.285,0.395,0.496,0.424,0.6887,7,PMP-02455,water,0.35,0.0,False,0,,,,247.4,2022,0.0,69464.0,2
pump_station,33.0,-82.36450227470675,33.0,-82.36450227470675,0.0,2023,40,standard,1.0,100.0,3,96.12,339.52,0.865,0.738,1.0,0.655,0.0867,5,PMP-02456,water,1.33,0.0,False,0,,,,264.3,2026,0.0,6540.0,0
pump_station,31.582406182619575,-85.60472982609463,31.582406182619575,-85.60472982609463,0.0,1999,40,standard,1.0,59.2,3,45.03,173.31,0.728,0.719,0.675,0.307,0.1618,0,PMP-02457,water,0.65,0.0,False,0,,,,367.7,2023,0.0,13682.0,0
pump_station,32.69438989509324,-84.88654521092016,32.69438989509324,-84.88654521092016,0.0,2011,40,standard,1.0,82.5,3,77.74,289.38,1.0,0.701,0.97,0.239,0.1022,4,PMP-02458,water,0.59,0.0,False,0,,,,342.9,2022,0.0,12528.0,0
pump_station,30.98554816776336,-84.58586189141184,30.98554816776336,-84.58586189141184,0.0,2012,40,standard,1.0,84.8,3,22.78,100.56,0.462,0.534,0.532,0.188,0.4873,7,PMP-02459,water,0.25,0.0,False,0,,,,240.8,2025,0.0,23926.0,1
pump_station,31.427322178641685,-84.47714905729951,31.427322178641685,-84.47714905729951,0.0,2002,40,standard,1.0,53.7,3,33.77,150.46,0.791,0.62,0.717,0.379,0.0922,7,PMP-02460,water,2.79,0.0,False,0,,,,127.7,2025,0.0,5553.0,0
pump_station,30.782958450991803,-84.53237239213742,30.782958450991803,-84.53237239213742,0.0,1986,40,standard,1.0,51.4,3,17.24,78.46,0.405,0.64,0.37,0.173,0.3892,7,PMP-02461,water,1.53,0.0,False,0,,,,98.9,2023,0.0,19925.0,0
pump_station,32.61672459579354,-84.74427321263161,32.61672459579354,-84.74427321263161,0.0,1988,40,standard,1.0,51.5,1,77.62,280.87,0.711,0.583,0.99,0.277,0.2556,4,PMP-02462,water,0.88,0.0,False,0,,,,82.1,2021,0.0,11305.0,0
pump_station,30.755847640138775,-84.55023100585261,30.755847640138775,-84.55023100585261,0.0,2025,40,standard,1.0,93.7,1,14.96,75.31,0.313,0.543,0.267,0.21,0.3233,7,PMP-02463,water,0.7,0.0,True,12,,,,79.9,2025,0.0,35339.0,0
pump_station,30.50653736535315,-84.19502314058172,30.50653736535315,-84.19502314058172,0.0,1971,40,standard,1.0,32.3,3,13.03,51.57,0.435,0.91,0.27,0.118,0.179,7,PMP-02464,water,0.34,0.0,False,0,,,,127.2,2024,0.0,15352.0,1
pump_station,30.73699876503194,-84.30985261423656,30.73699876503194,-84.30985261423656,0.0,1977,40,standard,1.0,12.9,3,14.38,75.64,0.318,0.439,0.38,0.15,0.8181,7,PMP-02465,water,0.13,0.0,False,0,,,,144.9,2018,0.0,65428.0,1
pump_station,32.534608594386285,-81.7914309815603,32.534608594386285,-81.7914309815603,0.0,2013,40,standard,1.0,58.4,3,69.03,277.38,0.601,0.482,1.0,0.747,0.6343,5,PMP-02466,water,0.64,0.0,True,24,,,,38.7,2025,0.0,35491.0,2
pump_station,32.2688103868272,-81.5,32.2688103868272,-81.5,0.0,1997,40,standard,1.0,47.9,3,58.34,241.86,0.673,0.598,0.893,0.644,0.3013,5,PMP-02467,water,0.9,2.17,False,0,,,,73.1,2022,0.0,30376.0,0
pump_station,32.62595657931529,-84.56442910353302,32.62595657931529,-84.56442910353302,0.0,1981,40,standard,1.0,38.9,3,77.5,282.79,0.596,0.621,1.0,0.312,0.5619,4,PMP-02468,water,1.99,0.0,False,0,,,,241.1,2024,0.0,53885.0,0
pump_station,31.98093611213439,-84.48398757702367,31.98093611213439,-84.48398757702367,0.0,1981,40,standard,1.0,27.8,3,55.98,211.85,0.642,0.541,0.866,0.282,0.2998,4,PMP-02469,water,1.42,0.0,False,0,,,,104.2,2024,0.0,16891.0,0
pump_station,30.78613325468841,-84.26284149273563,30.78613325468841,-84.26284149273563,0.0,2011,40,standard,1.0,64.9,3,18.79,81.69,0.137,0.421,0.3,0.29,0.9535,7,PMP-02470,water,1.15,0.0,False,0,,,,430.7,2024,0.0,107027.0,1
pump_station,32.76167800095257,-82.37922839845453,32.76167800095257,-82.37922839845453,0.0,1978,40,standard,1.0,15.3,3,87.62,313.27,0.8,0.52,1.0,0.862,0.0949,5,PMP-02471,water,1.73,0.0,False,0,,,,405.5,2025,0.0,6938.0,0
pump_station,32.847387082636914,-81.5,32.847387082636914,-81.5,0.0,2019,40,standard,1.0,93.7,3,83.99,306.08,0.834,0.675,1.0,0.495,0.094,5,PMP-02472,water,2.92,0.0,False,0,,,,133.9,2026,0.0,5973.0,0
pump_station,31.09772232826144,-84.88811771531229,31.09772232826144,-84.88811771531229,0.0,2024,40,standard,1.0,96.1,3,21.52,112.15,0.436,0.479,0.609,0.243,0.2142,7,PMP-02473,water,0.87,0.0,False,0,,,,119.8,2016,0.0,11361.0,0
pump_station,32.60441190833597,-82.03075113588346,32.60441190833597,-82.03075113588346,0.0,1960,40,standard,1.0,2.0,3,75.06,289.99,0.732,0.455,1.0,0.746,0.4452,5,PMP-02474,water,0.79,0.0,False,0,,,,35.9,2022,0.0,23114.0,1
pump_station,32.677261405389885,-84.76858801512341,32.677261405389885,-84.76858801512341,0.0,2015,40,standard,1.0,83.3,3,79.6,287.53,0.83,0.707,1.0,0.206,0.1834,4,PMP-02475,water,0.95,0.0,False,0,,,,36.8,2025,0.0,17538.0,0
pump_station,32.44223320445514,-81.8311873928389,32.44223320445514,-81.8311873928389,0.0,1979,40,standard,1.0,33.5,3,64.24,267.96,0.345,0.359,1.0,0.707,0.7639,5,PMP-02476,water,1.22,0.0,True,8,,,,250.2,2023,0.0,93029.0,1
pump_station,30.91746543444631,-84.39608288257298,30.91746543444631,-84.39608288257298,0.0,1970,40,standard,1.0,10.4,3,22.86,94.67,0.145,0.453,0.532,0.314,0.7439,7,PMP-02477,water,0.94,0.0,False,0,,,,65.5,2025,0.0,35702.0,2
pump_station,31.43181510514749,-84.67507076778968,31.43181510514749,-84.67507076778968,0.0,2011,40,standard,1.0,56.8,3,38.03,149.59,0.533,0.592,0.766,0.389,0.099,7,PMP-02478,water,0.53,0.0,False,0,,,,69.9,2024,0.0,10416.0,0
pump_station,32.38140890626654,-84.45721159844152,32.38140890626654,-84.45721159844152,0.0,1975,40,standard,1.0,7.7,3,65.36,256.55,0.456,0.556,0.962,0.314,0.5043,4,PMP-02479,water,0.41,0.0,False,0,,,,74.3,2023,0.0,56168.0,0
pump_station,32.87366858588958,-84.74965149740129,32.87366858588958,-84.74965149740129,0.0,1970,40,standard,1.0,14.4,1,89.83,309.38,0.925,0.89,1.0,0.272,0.0991,4,PMP-02480,water,0.26,0.0,True,12,,,,81.3,2026,0.0,11504.0,0
pump_station,32.83411604883543,-84.85610399349399,32.83411604883543,-84.85610399349399,0.0,1994,40,standard,1.0,64.3,3,86.19,304.86,0.776,0.643,1.0,0.199,0.0901,4,PMP-02481,water,1.43,1.69,False,0,,,,155.8,2025,0.0,8156.0,0
pump_station,32.68981749738072,-84.7243281377961,32.68981749738072,-84.7243281377961,0.0,1995,40,standard,1.0,34.7,3,79.05,289.04,0.764,0.555,1.0,0.243,0.2243,4,PMP-02482,water,0.35,0.0,True,8,,,,51.9,2023,0.0,12933.0,0
pump_station,31.8416174332221,-85.50341640682727,31.8416174332221,-85.50341640682727,0.0,1997,40,standard,1.0,69.4,3,52.52,200.35,0.915,0.695,0.79,0.442,0.1249,0,PMP-02483,water,0.49,0.0,False,0,,,,113.0,2024,0.0,10453.0,0
pump_station,31.786860746972085,-81.66437645542517,31.786860746972085,-81.66437645542517,0.0,2009,40,standard,1.0,54.2,3,42.09,191.72,0.96,0.601,0.725,0.805,0.0832,3,PMP-02484,water,1.24,0.0,False,0,,,,97.3,2022,0.0,5115.0,0
pump_station,32.10783366288184,-84.4120194908596,32.10783366288184,-84.4120194908596,0.0,1964,40,standard,1.0,2.0,3,62.0,226.63,0.935,0.656,0.77,0.346,0.2265,4,PMP-02485,water,1.64,0.0,False,0,,,,87.6,2023,0.0,23625.0,0
pump_station,32.27237271625515,-81.72532077194465,32.27237271625515,-81.72532077194465,0.0,1999,40,standard,1.0,53.9,3,54.77,246.89,0.378,0.434,0.905,0.792,0.8197,3,PMP-02486,water,0.82,0.0,False,0,,,,116.5,2025,0.0,54161.0,0
pump_station,32.64248514018411,-81.9898470646156,32.64248514018411,-81.9898470646156,0.0,1975,40,standard,1.0,35.5,3,77.33,293.42,0.641,0.425,1.0,0.771,0.5559,5,PMP-02487,water,0.54,0.0,False,0,,,,20.8,2023,0.0,51215.0,2
pump_station,32.25016517982019,-84.62973752975738,32.25016517982019,-84.62973752975738,0.0,1988,40,standard,1.0,45.5,3,66.92,240.66,0.789,0.62,0.866,0.278,0.2149,4,PMP-02488,water,0.34,0.0,False,0,,,,166.4,2025,0.0,26481.0,0
pump_station,32.65276057316616,-81.61553302230732,32.65276057316616,-81.61553302230732,0.0,1990,40,standard,1.0,48.8,3,73.26,286.82,0.729,0.541,1.0,0.586,0.2364,5,PMP-02489,water,0.71,0.0,False,0,,,,216.6,2023,0.0,28958.0,1
pump_station,31.274578091833106,-84.73645123349255,31.274578091833106,-84.73645123349255,0.0,2000,40,standard,1.0,51.0,2,31.94,131.91,0.595,0.679,0.571,0.265,0.1906,7,PMP-02490,water,0.81,0.0,False,0,,,,178.3,2023,0.0,21003.0,0
pump_station,32.90700204230676,-84.36810882830571,32.90700204230676,-84.36810882830571,0.0,2021,40,standard,1.0,85.8,3,91.54,315.82,0.691,0.801,1.0,0.472,0.1059,4,PMP-02491,water,0.98,0.0,False,0,,,,160.6,2022,0.0,7412.0,0
pump_station,32.50700010143925,-82.08218738818347,32.50700010143925,-82.08218738818347,0.0,2011,40,standard,1.0,81.9,3,71.22,280.16,0.782,0.579,1.0,0.818,0.2584,5,PMP-02492,water,0.79,0.0,False,0,,,,199.5,2024,0.0,22918.0,0
pump_station,32.536307636588475,-84.58740567041174,32.536307636588475,-84.58740567041174,0.0,2005,40,standard,1.0,72.4,3,75.26,272.68,0.452,0.466,0.977,0.351,0.6377,4,PMP-02493,water,0.83,0.0,False,0,,,,357.1,2023,0.0,65096.0,1
pump_station,32.66660838038048,-84.6955646870085,32.66660838038048,-84.6955646870085,0.0,1990,40,standard,1.0,38.0,3,77.24,286.57,0.735,0.605,1.0,0.305,0.2888,4,PMP-02494,water,0.75,0.0,False,0,,,,231.7,2025,0.0,26764.0,0
pump_station,32.488866323448676,-81.92093291993777,32.488866323448676,-81.92093291993777,0.0,2022,40,standard,1.0,98.4,3,64.15,274.99,0.533,0.554,1.0,0.843,0.544,5,PMP-02495,water,0.64,1.58,False,0,,,,106.3,2015,0.0,46783.0,0
pump_station,32.45014744366306,-81.65426932087854,32.45014744366306,-81.65426932087854,0.0,1995,40,standard,1.0,53.5,3,61.25,265.13,0.533,0.509,1.0,0.522,0.6716,5,PMP-02496,water,2.6,1.92,False,0,,,,50.8,2026,0.0,61073.0,1
pump_station,31.069674813327513,-84.72515166365974,31.069674813327513,-84.72515166365974,0.0,2003,40,standard,1.0,58.7,3,22.97,109.2,0.411,0.514,0.371,0.293,0.4305,7,PMP-02497,water,0.19,0.0,False,0,,,,94.4,2017,0.0,46529.0,0
pump_station,30.77915414150904,-84.6711696295501,30.77915414150904,-84.6711696295501,0.0,1993,40,standard,1.0,42.7,3,17.6,77.17,0.414,0.587,0.419,0.17,0.228,7,PMP-02498,water,0.41,0.0,False,0,,,,300.2,2025,0.0,16336.0,1
pump_station,32.953749978842204,-81.96514274871741,32.953749978842204,-81.96514274871741,0.0,1980,40,standard,1.0,12.4,3,89.01,327.48,0.819,0.495,1.0,0.597,0.3307,5,PMP-02499,water,0.83,0.0,False,0,,,,507.9,2023,0.0,24594.0,2
pump_station,32.153587481006134,-84.53808543815249,32.153587481006134,-84.53808543815249,0.0,1996,40,standard,1.0,68.7,3,58.42,230.56,0.839,0.746,0.839,0.305,0.2119,4,PMP-02500,water,1.21,0.0,False,0,,,,286.8,2018,0.0,14410.0,0
pump_station,31.262264293995347,-84.52493251706377,31.262264293995347,-84.52493251706377,0.0,2014,40,standard,1.0,73.9,1,30.25,131.72,0.681,0.686,0.529,0.474,0.1801,7,PMP-02501,water,0.37,0.0,True,12,,,,131.5,2025,0.0,9702.0,0
pump_station,32.09127427364434,-81.59082287062009,32.09127427364434,-81.59082287062009,0.0,1981,40,standard,1.0,18.6,2,46.16,223.99,0.752,0.718,0.878,0.742,0.2223,3,PMP-02502,water,0.88,0.0,True,24,,,,172.5,2025,0.0,11277.0,1
pump_station,32.32164240776374,-81.88383283821042,32.32164240776374,-81.88383283821042,0.0,1988,40,standard,1.0,56.2,2,63.1,255.66,0.518,0.493,0.939,0.792,0.6709,3,PMP-02503,water,0.3,2.14,True,8,,,,179.9,2024,0.0,44816.0,1
pump_station,32.40472137660841,-81.98567277740462,32.40472137660841,-81.98567277740462,0.0,1992,40,standard,1.0,31.1,3,62.63,266.95,0.539,0.441,1.0,0.875,0.3949,5,PMP-02504,water,1.04,0.0,False,0,,,,223.0,2022,0.0,30131.0,0
pump_station,32.47105813530915,-84.41031635696493,32.47105813530915,-84.41031635696493,0.0,1987,40,standard,1.0,30.2,3,71.42,266.97,0.627,0.495,0.953,0.415,0.5935,4,PMP-02505,water,2.11,0.0,False,0,,,,169.5,2024,0.0,38290.0,1
pump_station,32.70959923814399,-82.08197691487707,32.70959923814399,-82.08197691487707,0.0,1993,40,standard,1.0,71.1,1,79.18,302.65,0.639,0.56,1.0,0.71,0.4571,5,PMP-02506,water,1.35,0.0,True,12,,,,168.5,2017,0.0,49626.0,1
pump_station,31.404831599961895,-85.33967487315803,31.404831599961895,-85.33967487315803,0.0,2016,40,standard,1.0,86.9,3,38.84,149.48,0.76,0.661,0.567,0.149,0.2995,0,PMP-02507,water,0.65,1.5,False,0,,,,98.9,2022,0.0,34011.0,0
pump_station,31.563477716039696,-86.0,31.563477716039696,-86.0,0.0,2015,40,standard,1.0,88.9,3,45.13,179.1,0.811,0.681,0.709,0.34,0.0823,0,PMP-02508,water,0.6,1.4,False,0,,,,565.3,2020,0.0,4360.0,0
pump_station,32.50309917964095,-81.74907917708607,32.50309917964095,-81.74907917708607,0.0,2001,40,standard,1.0,58.8,2,63.98,273.0,0.369,0.444,1.0,0.727,0.6849,5,PMP-02509,water,1.01,0.0,False,0,,,,104.0,2026,0.0,47299.0,0
pump_station,32.95670971249438,-81.83404219997327,32.95670971249438,-81.83404219997327,0.0,1980,40,standard,1.0,50.5,2,90.44,325.12,0.672,0.671,1.0,0.439,0.2785,5,PMP-02510,water,0.25,1.81,True,48,,,,263.3,2017,0.0,20534.0,1
pump_station,32.41144686326858,-82.0676292238072,32.41144686326858,-82.0676292238072,0.0,2011,40,standard,1.0,75.0,1,65.24,269.28,0.736,0.669,0.939,0.893,0.2305,3,PMP-02511,water,0.9,0.57,True,8,,,,272.2,2026,0.0,18888.0,1
pump_station,31.86770263634829,-85.30577045982778,31.86770263634829,-85.30577045982778,0.0,2009,40,standard,1.0,55.9,3,49.58,200.44,0.807,0.613,0.765,0.387,0.1626,0,PMP-02512,water,0.93,1.98,False,0,,,,359.4,2024,0.0,11416.0,0
pump_station,32.10684181887759,-84.80716874566401,32.10684181887759,-84.80716874566401,0.0,1991,40,standard,1.0,38.4,1,62.19,224.16,0.921,0.437,0.869,0.347,0.099,4,PMP-02513,water,1.0,0.0,True,12,,,,76.6,2021,0.0,9942.0,0
pump_station,33.0,-82.63824342958264,33.0,-82.63824342958264,0.0,2005,40,standard,1.0,84.6,3,96.25,342.4,0.833,0.8,1.0,0.721,0.0817,5,PMP-02514,water,1.78,0.0,False,0,,,,162.1,2023,0.0,5410.0,0
pump_station,31.153844620302603,-84.89832330815346,31.153844620302603,-84.89832330815346,0.0,1985,40,standard,1.0,26.1,3,24.77,118.39,0.527,0.652,0.461,0.264,0.1805,0,PMP-02515,water,0.55,0.0,False,0,,,,365.3,2025,0.0,11002.0,0
pump_station,32.29268494478169,-81.96139538928098,32.29268494478169,-81.96139538928098,0.0,2014,40,standard,1.0,74.0,3,57.94,254.03,0.685,0.447,0.968,0.874,0.4149,3,PMP-02516,water,0.31,0.0,False,0,,,,140.3,2023,0.0,31312.0,0
pump_station,31.098391994476827,-84.03870853018849,31.098391994476827,-84.03870853018849,0.0,1979,40,standard,1.0,2.0,2,31.32,119.58,0.635,0.658,0.555,0.373,0.1648,7,PMP-02517,water,0.91,2.08,True,12,,,,286.9,2024,0.0,19767.0,1
pump_station,32.57836265579858,-84.53023326296238,32.57836265579858,-84.53023326296238,0.0,1980,40,standard,1.0,34.3,3,77.41,277.77,0.451,0.368,1.0,0.39,0.6728,4,PMP-02518,water,0.67,1.06,False,0,,,,313.6,2024,0.0,45877.0,1
pump_station,32.60397132878932,-81.96439100285767,32.60397132878932,-81.96439100285767,0.0,1971,40,standard,1.0,3.3,3,70.9,288.64,0.511,0.569,1.0,0.76,0.5386,5,PMP-02519,water,0.29,0.95,False,0,,,,184.3,2024,0.0,65317.0,2
pump_station,32.212519584157555,-81.5,32.212519584157555,-81.5,0.0,1981,40,standard,1.0,27.4,3,56.6,235.61,0.712,0.504,0.849,0.648,0.2549,5,PMP-02520,water,0.82,0.0,False,0,,,,259.8,2024,0.0,17765.0,1
pump_station,32.29285426686739,-81.99832916008125,32.29285426686739,-81.99832916008125,0.0,2020,40,standard,1.0,87.5,3,54.83,254.78,0.685,0.657,0.883,0.946,0.3227,3,PMP-02521,water,0.88,1.95,False,0,,,,81.0,2022,0.0,37226.0,1
pump_station,32.48141925899202,-84.60650410895198,32.48141925899202,-84.60650410895198,0.0,1992,40,standard,1.0,44.9,3,73.74,266.47,0.536,0.559,0.919,0.252,0.5876,4,PMP-02522,water,2.26,0.0,False,0,,,,362.1,2025,0.0,35986.0,1
pump_station,32.262052001897764,-84.34123290033807,32.262052001897764,-84.34123290033807,0.0,1987,40,standard,1.0,36.1,3,69.26,244.54,0.833,0.666,0.961,0.466,0.207,4,PMP-02523,water,1.08,0.0,False,0,,,,154.1,2022,0.0,24231.0,0
pump_station,33.0,-81.59435770826074,33.0,-81.59435770826074,0.0,1996,40,standard,1.0,72.6,3,88.81,324.93,0.877,0.573,1.0,0.427,0.0978,5,PMP-02524,water,0.78,0.0,True,8,,,,402.8,2020,0.0,11159.0,0
pump_station,32.85860561367133,-84.48736310817672,32.85860561367133,-84.48736310817672,0.0,2010,40,standard,1.0,64.7,3,83.48,309.24,0.86,0.672,1.0,0.396,0.1503,4,PMP-02525,water,0.43,0.0,False,0,,,,194.5,2023,0.0,10091.0,2
storage_tank,32.73447152999686,-82.1053042144803,32.73447152999686,-82.1053042144803,0.0,2006,65,standard,1.0,65.9,3,79.98,305.84,0.718,0.661,1.0,0.768,0.4176,5,TNK-02526,water,2.48,0.0,False,0,,,,,2022,0.0,0.0,0
storage_tank,31.904276421117032,-84.0711745618868,31.904276421117032,-84.0711745618868,0.0,1975,65,standard,1.0,48.3,3,56.93,208.54,0.877,0.737,0.708,0.38,0.0928,4,TNK-02527,water,0.86,0.0,False,0,,,,,2022,0.0,0.0,0
storage_tank,33.0,-81.5,33.0,-81.5,0.0,1987,65,standard,1.0,57.7,3,84.44,323.02,0.926,0.854,1.0,0.453,0.086,5,TNK-02528,water,2.4,0.89,False,0,,,,,2024,0.0,0.0,0
storage_tank,31.477311232433962,-85.51182775583435,31.477311232433962,-85.51182775583435,0.0,1986,65,standard,1.0,59.9,2,39.68,160.05,0.676,0.611,0.613,0.311,0.2926,0,TNK-02529,water,0.78,0.0,False,0,,,,,2017,0.0,0.0,0
storage_tank,30.728460276544187,-84.33625973931687,30.728460276544187,-84.33625973931687,0.0,1998,65,standard,1.0,69.0,1,19.3,74.37,0.29,0.335,0.31,0.276,0.7631,7,TNK-02530,water,2.0,0.0,False,0,,,,,2024,0.0,0.0,0
storage_tank,32.719733279239705,-84.8555371548674,32.719733279239705,-84.8555371548674,0.0,1970,65,standard,1.0,48.5,3,80.1,292.17,0.852,0.702,1.0,0.281,0.109,4,TNK-02531,water,2.06,0.0,False,0,,,,,2025,0.0,0.0,0
storage_tank,31.05724797641196,-84.51593898989552,31.05724797641196,-84.51593898989552,0.0,1991,65,standard,1.0,72.6,3,26.3,109.04,0.345,0.458,0.417,0.396,0.4345,7,TNK-02532,water,2.54,0.0,False,0,,,,,2024,0.0,0.0,0
storage_tank,30.62723389762233,-84.34297329084146,30.62723389762233,-84.34297329084146,0.0,2000,65,standard,1.0,93.9,3,16.95,63.06,0.188,0.675,0.312,0.255,0.4377,7,TNK-02533,water,2.5,1.2,False,0,,,,,2016,0.0,0.0,0
storage_tank,30.428568953343536,-84.09793686664186,30.428568953343536,-84.09793686664186,0.0,1976,65,standard,1.0,42.1,3,13.64,44.33,0.306,0.805,0.284,0.228,0.1021,7,TNK-02534,water,1.71,2.32,False,0,,,,,2024,0.0,0.0,0
storage_tank,32.230449759330824,-81.52587925481495,32.230449759330824,-81.52587925481495,0.0,1981,65,standard,1.0,51.1,3,55.31,238.12,0.823,0.738,0.974,0.718,0.3241,5,TNK-02535,water,1.69,0.0,False,0,,,,,2024,0.0,0.0,0
storage_tank,31.977548286375367,-85.36348490020822,31.977548286375367,-85.36348490020822,0.0,1961,65,standard,1.0,32.4,2,56.12,213.36,0.909,0.53,0.856,0.383,0.1045,0,TNK-02536,water,1.34,0.0,False,0,,,,,2020,0.0,0.0,0
storage_tank,32.68413168906247,-82.09608021131075,32.68413168906247,-82.09608021131075,0.0,1984,65,standard,1.0,49.7,3,73.63,300.08,0.817,0.693,1.0,0.794,0.4144,5,TNK-02537,water,1.35,0.0,False,0,,,,,2022,0.0,0.0,0
storage_tank,32.82568999750143,-82.04731860641893,32.82568999750143,-82.04731860641893,0.0,1986,65,standard,1.0,58.4,3,86.29,314.88,0.681,0.747,1.0,0.696,0.4902,5,TNK-02538,water,6.72,0.0,False,0,,,,,2024,0.0,0.0,0
storage_tank,30.807562446588523,-84.45460947065659,30.807562446588523,-84.45460947065659,0.0,1959,65,standard,1.0,42.9,2,16.91,81.88,0.238,0.559,0.282,0.301,0.6102,7,TNK-02539,water,4.71,0.0,False,0,,,,,2021,0.0,0.0,0
storage_tank,32.330899836518746,-81.97552986428443,32.330899836518746,-81.97552986428443,0.0,1986,65,standard,1.0,73.8,3,60.81,258.55,0.774,0.604,1.0,0.851,0.4048,3,TNK-02540,water,1.91,0.0,False,0,,,,,2024,0.0,0.0,0
storage_tank,30.786877687041343,-84.23616413558788,30.786877687041343,-84.23616413558788,0.0,1985,65,standard,1.0,59.9,3,17.44,82.12,0.248,0.478,0.449,0.374,0.9396,7,TNK-02541,water,2.32,0.0,False,0,,,,,2022,0.0,0.0,0
storage_tank,32.4817573208082,-84.83017363055852,32.4817573208082,-84.83017363055852,0.0,2001,65,standard,1.0,76.5,3,69.35,265.75,0.838,0.666,0.944,0.264,0.1609,4,TNK-02542,water,0.81,0.0,False,0,,,,,2020,0.0,0.0,0
storage_tank,30.83281616934559,-85.3008291226049,30.83281616934559,-85.3008291226049,0.0,2025,65,standard,1.0,100.0,2,19.55,85.5,0.405,0.722,0.387,0.031,0.0843,0,TNK-02543,water,3.08,0.0,False,0,,,,,2022,0.0,0.0,0
storage_tank,31.399578680534475,-85.29436411686277,31.399578680534475,-85.29436411686277,0.0,1977,65,standard,1.0,67.3,3,36.27,148.34,0.7,0.425,0.697,0.33,0.2664,0,TNK-02544,water,4.27,0.64,False,0,,,,,2024,0.0,0.0,0
storage_tank,32.4975400542743,-81.95042790559549,32.4975400542743,-81.95042790559549,0.0,2012,65,standard,1.0,94.3,3,67.57,276.54,0.617,0.56,1.0,0.826,0.4876,5,TNK-02545,water,1.61,0.0,False,0,,,,,2024,0.0,0.0,0
storage_tank,30.958688366157894,-84.38061214921603,30.958688366157894,-84.38061214921603,0.0,1986,65,standard,1.0,57.3,3,26.69,99.42,0.255,0.307,0.372,0.337,0.6945,7,TNK-02546,water,3.75,0.0,False,0,,,,,2024,0.0,0.0,0
storage_tank,32.086707531965516,-81.59701319731818,32.086707531965516,-81.59701319731818,0.0,1984,65,standard,1.0,61.1,2,48.32,223.61,0.614,0.597,0.835,0.79,0.2224,3,TNK-02547,water,1.09,0.0,False,0,,,,,2025,0.0,0.0,0
storage_tank,32.77572230115218,-84.36892269585876,32.77572230115218,-84.36892269585876,0.0,1997,65,standard,1.0,42.0,3,82.97,301.24,0.883,0.739,1.0,0.518,0.2086,4,TNK-02548,water,3.48,0.0,False,0,,,,,2019,0.0,0.0,0
storage_tank,32.58032492411449,-84.30742341505143,32.58032492411449,-84.30742341505143,0.0,1954,65,standard,1.0,41.9,2,76.39,280.28,0.66,0.535,1.0,0.495,0.3629,4,TNK-02549,water,4.77,0.0,False,0,,,,,2024,0.0,0.0,0
storage_tank,30.975830331286343,-84.42553966065151,30.975830331286343,-84.42553966065151,0.0,1975,65,standard,1.0,47.6,1,24.35,100.84,0.468,0.443,0.494,0.394,0.5924,7,TNK-02550,water,2.91,0.0,False,0,,,,,2025,0.0,0.0,0
storage_tank,32.18527157554545,-84.52890649030249,32.18527157554545,-84.52890649030249,0.0,2012,65,standard,1.0,85.5,3,62.55,234.15,0.823,0.594,0.952,0.345,0.2192,4,TNK-02551,water,1.4,0.0,False,0,,,,,2022,0.0,0.0,0
storage_tank,31.847709944664604,-84.30674976728129,31.847709944664604,-84.30674976728129,0.0,1990,65,standard,1.0,86.7,3,54.53,198.96,0.781,0.592,0.725,0.555,0.1972,4,TNK-02552,water,2.51,0.0,False,0,,,,,2025,0.0,0.0,0
storage_tank,30.858322727048755,-84.59981070686037,30.858322727048755,-84.59981070686037,0.0,1963,65,standard,1.0,41.1,3,18.76,86.35,0.374,0.642,0.455,0.294,0.3869,7,TNK-02553,water,2.18,0.0,False,0,,,,,2023,0.0,0.0,0
storage_tank,33.0,-81.5,33.0,-81.5,0.0,1995,65,standard,1.0,79.2,3,85.72,323.02,0.915,0.76,1.0,0.461,0.086,5,TNK-02554,water,0.5,0.0,False,0,,,,,2021,0.0,0.0,0
storage_tank,30.826758569759125,-84.46501446802421,30.826758569759125,-84.46501446802421,0.0,1970,65,standard,1.0,35.5,3,17.3,83.91,0.182,0.567,0.4,0.352,0.5985,7,TNK-02555,water,3.66,0.0,False,0,,,,,2019,0.0,0.0,0
storage_tank,30.56578867748273,-84.70247376450581,30.56578867748273,-84.70247376450581,0.0,2024,65,standard,1.0,100.0,3,10.82,53.35,0.276,0.792,0.317,0.062,0.0934,9,TNK-02556,water,1.5,0.0,False,0,,,,,2024,0.0,0.0,0
storage_tank,33.0,-81.8718535556517,33.0,-81.8718535556517,0.0,1979,65,standard,1.0,62.1,3,92.8,330.71,0.847,0.546,1.0,0.575,0.2356,5,TNK-02557,water,2.53,0.0,False,0,,,,,2025,0.0,0.0,0
storage_tank,32.399895670376274,-81.67749541442778,32.399895670376274,-81.67749541442778,0.0,1985,65,standard,1.0,63.7,3,59.96,260.04,0.43,0.551,0.946,0.73,0.8152,5,TNK-02558,water,2.04,0.0,False,0,,,,,2022,0.0,0.0,0
storage_tank,31.98447872740213,-82.07040653740609,31.98447872740213,-82.07040653740609,0.0,1969,65,standard,1.0,41.2,3,49.52,221.94,0.876,0.633,0.896,1.0,0.0906,3,TNK-02559,water,3.53,0.0,False,0,,,,,2023,0.0,0.0,0
storage_tank,31.278328948191668,-84.63746806689245,31.278328948191668,-84.63746806689245,0.0,1996,65,standard,1.0,63.3,3,32.89,132.74,0.579,0.573,0.523,0.392,0.198,7,TNK-02560,water,5.57,0.0,False,0,,,,,2023,0.0,0.0,0
storage_tank,32.73921164143498,-82.07367134103634,32.73921164143498,-82.07367134103634,0.0,1954,65,standard,1.0,31.6,3,75.44,305.78,0.498,0.581,1.0,0.683,0.4869,5,TNK-02561,water,3.25,0.0,False,0,,,,,2021,0.0,0.0,0
storage_tank,32.8133576651487,-82.02460158454443,32.8133576651487,-82.02460158454443,0.0,1970,65,standard,1.0,51.4,3,82.63,313.07,0.737,0.371,1.0,0.682,0.5416,5,TNK-02562,water,2.61,0.0,False,0,,,,,2022,0.0,0.0,0
storage_tank,32.61033577382105,-81.5,32.61033577382105,-81.5,0.0,1947,65,standard,1.0,39.6,3,73.39,279.77,0.888,0.751,1.0,0.547,0.1562,5,TNK-02563,water,1.56,0.0,False,0,,,,,2024,0.0,0.0,0
storage_tank,32.39722019724385,-81.95034026577243,32.39722019724385,-81.95034026577243,0.0,2020,65,standard,1.0,92.2,3,62.11,265.41,0.624,0.582,0.966,0.906,0.4926,5,TNK-02564,water,2.84,0.0,False,0,,,,,2019,0.0,0.0,0
storage_tank,31.69787235027001,-84.87250988108988,31.69787235027001,-84.87250988108988,0.0,1936,65,standard,1.0,2.0,3,45.97,178.75,0.835,0.769,0.78,0.396,0.0951,0,TNK-02565,water,1.13,0.0,False,0,,,,,2021,0.0,0.0,0
storage_tank,32.25498879173612,-81.86589558380665,32.25498879173612,-81.86589558380665,0.0,1971,65,standard,1.0,33.8,3,58.02,247.89,0.69,0.458,0.889,0.809,0.6268,3,TNK-02566,water,0.86,0.0,False,0,,,,,2025,0.0,0.0,0
storage_tank,31.273089613481996,-84.33971579509435,31.273089613481996,-84.33971579509435,0.0,1999,65,standard,1.0,73.7,3,33.55,134.78,0.617,0.624,0.587,0.327,0.1177,7,TNK-02567,water,0.43,0.0,False,0,,,,,2023,0.0,0.0,0
storage_tank,32.42481210397314,-84.49202942779448,32.42481210397314,-84.49202942779448,0.0,1981,65,standard,1.0,62.5,2,73.69,261.05,0.582,0.563,1.0,0.33,0.6189,4,TNK-02568,water,3.28,0.0,False,0,,,,,2024,0.0,0.0,0
storage_tank,31.80982121107561,-85.2760530404141,31.80982121107561,-85.2760530404141,0.0,1954,65,standard,1.0,9.9,3,49.66,193.66,0.745,0.703,0.741,0.361,0.2102,0,TNK-02569,water,0.93,0.0,False,0,,,,,2021,0.0,0.0,0
storage_tank,32.134441494035045,-84.66321603588584,32.134441494035045,-84.66321603588584,0.0,1988,65,standard,1.0,70.6,3,61.19,227.64,0.908,0.689,0.915,0.272,0.1548,4,TNK-02570,water,1.58,0.0,False,0,,,,,2025,0.0,0.0,0
storage_tank,32.415511176761484,-84.71486144565029,32.415511176761484,-84.71486144565029,0.0,1988,65,standard,1.0,60.4,3,72.27,258.63,0.796,0.662,1.0,0.386,0.301,4,TNK-02571,water,1.79,0.0,False,0,,,,,2024,0.0,0.0,0
storage_tank,30.403057294449983,-84.55489639861054,30.403057294449983,-84.55489639861054,0.0,1971,65,standard,1.0,38.0,3,9.91,36.12,0.219,0.506,0.328,0.116,0.0872,9,TNK-02572,water,3.16,0.0,False,0,,,,,2023,0.0,0.0,0
storage_tank,31.94343038243307,-84.52580281082737,31.94343038243307,-84.52580281082737,0.0,2006,65,standard,1.0,87.1,3,55.88,207.33,0.722,0.58,0.756,0.296,0.292,4,TNK-02573,water,2.89,0.0,False,0,,,,,2024,0.0,0.0,0
storage_tank,32.53904827840663,-84.27003118556074,32.53904827840663,-84.27003118556074,0.0,2025,65,standard,1.0,93.6,2,76.34,276.17,0.641,0.467,1.0,0.537,0.3002,4,TNK-02574,water,1.81,0.0,False,0,,,,,2025,0.0,0.0,0
storage_tank,30.865984793826357,-84.2094456113337,30.865984793826357,-84.2094456113337,0.0,1973,65,standard,1.0,34.1,3,24.12,91.27,0.264,0.435,0.502,0.32,0.9232,7,TNK-02575,water,3.23,0.0,False,0,,,,,2022,0.0,0.0,0
storage_tank,32.60281286900118,-84.47019517162268,32.60281286900118,-84.47019517162268,0.0,1973,65,standard,1.0,44.3,1,78.25,281.0,0.518,0.421,0.975,0.393,0.6331,4,TNK-02576,water,2.43,0.0,False,0,,,,,2021,0.0,0.0,0
storage_tank,32.203083115073696,-81.5,32.203083115073696,-81.5,0.0,1965,65,standard,1.0,56.7,3,52.88,234.57,0.823,0.675,0.794,0.703,0.2477,5,TNK-02577,water,0.95,0.0,False,0,,,,,2015,0.0,0.0,0
storage_tank,32.727107229431724,-81.60449451442972,32.727107229431724,-81.60449451442972,0.0,1963,65,standard,1.0,11.5,2,73.8,294.85,0.806,0.736,1.0,0.595,0.177,5,TNK-02578,water,2.81,0.66,False,0,,,,,2021,0.0,0.0,0
storage_tank,32.56394044454373,-85.18183894572417,32.56394044454373,-85.18183894572417,0.0,2009,65,standard,1.0,78.7,3,72.21,276.41,0.772,0.604,1.0,0.191,0.0823,0,TNK-02579,water,2.02,0.0,False,0,,,,,2019,0.0,0.0,0
storage_tank,32.167862970163505,-82.1427940898432,32.167862970163505,-82.1427940898432,0.0,1934,65,standard,1.0,2.0,3,55.21,243.63,0.982,0.639,0.993,0.981,0.1039,3,TNK-02580,water,5.01,0.0,False,0,,,,,2024,0.0,0.0,0
storage_tank,30.950616353153805,-84.2470433611529,30.950616353153805,-84.2470433611529,0.0,1991,65,standard,1.0,65.2,3,25.11,100.15,0.387,0.334,0.414,0.43,0.796,7,TNK-02581,water,2.92,0.0,False,0,,,,,2022,0.0,0.0,0
storage_tank,31.65412349598625,-85.61916716502554,31.65412349598625,-85.61916716502554,0.0,1981,65,standard,1.0,77.8,3,44.64,181.53,0.864,0.907,0.659,0.452,0.1286,0,TNK-02582,water,1.45,0.0,False,0,,,,,2024,0.0,0.0,0
storage_tank,32.468122912115646,-81.7891271893339,32.468122912115646,-81.7891271893339,0.0,1976,65,standard,1.0,47.8,3,63.68,269.95,0.495,0.377,1.0,0.83,0.7704,5,TNK-02583,water,4.08,0.0,False,0,,,,,2025,0.0,0.0,0
storage_tank,32.630925345106675,-84.42646383315959,32.630925345106675,-84.42646383315959,0.0,1964,65,standard,1.0,35.6,1,83.96,284.55,0.593,0.582,1.0,0.353,0.5327,4,TNK-02584,water,2.93,0.0,False,0,,,,,2020,0.0,0.0,0
storage_tank,31.01557344168907,-84.58609444991895,31.01557344168907,-84.58609444991895,0.0,1952,65,standard,1.0,19.8,2,21.93,103.89,0.376,0.493,0.518,0.365,0.4874,7,TNK-02585,water,2.33,0.0,False,0,,,,,2025,0.0,0.0,0
storage_tank,31.975114583546144,-81.86829605071176,31.975114583546144,-81.86829605071176,0.0,1981,65,standard,1.0,58.7,3,47.4,216.88,0.981,0.826,0.842,0.909,0.1239,3,TNK-02586,water,5.28,2.02,False,0,,,,,2024,0.0,0.0,0
storage_tank,32.18273934726845,-84.30673343270762,32.18273934726845,-84.30673343270762,0.0,1971,65,standard,1.0,52.7,3,64.41,236.15,0.915,0.657,0.946,0.346,0.1597,4,TNK-02587,water,3.11,0.0,False,0,,,,,2022,0.0,0.0,0
storage_tank,32.611821453644325,-81.71579943296432,32.611821453644325,-81.71579943296432,0.0,1978,65,standard,1.0,75.9,3,70.28,284.37,0.736,0.52,1.0,0.618,0.4366,5,TNK-02588,water,1.66,0.0,False,0,,,,,2025,0.0,0.0,0
storage_tank,32.7630626029011,-81.86353536665212,32.7630626029011,-81.86353536665212,0.0,1979,65,standard,1.0,66.2,2,79.7,304.24,0.665,0.485,1.0,0.596,0.6047,5,TNK-02589,water,2.38,0.0,False,0,,,,,2023,0.0,0.0,0
storage_tank,30.946119552520063,-84.64509062757477,30.946119552520063,-84.64509062757477,0.0,1976,65,standard,1.0,56.9,1,24.19,95.83,0.42,0.709,0.323,0.411,0.4566,7,TNK-02590,water,1.08,0.0,False,0,,,,,2025,0.0,0.0,0
storage_tank,32.362483711920376,-84.79759496821647,32.362483711920376,-84.79759496821647,0.0,1975,65,standard,1.0,67.9,3,67.06,252.54,0.927,0.83,0.877,0.246,0.1566,4,TNK-02591,water,2.59,0.0,False,0,,,,,2024,0.0,0.0,0
storage_tank,32.4913538927658,-81.95893843866814,32.4913538927658,-81.95893843866814,0.0,2000,65,standard,1.0,65.8,3,64.77,276.03,0.562,0.615,0.956,0.922,0.4693,5,TNK-02592,water,1.17,0.0,False,0,,,,,2023,0.0,0.0,0
storage_tank,31.314109262773655,-85.64980217328704,31.314109262773655,-85.64980217328704,0.0,1996,65,standard,1.0,56.5,3,33.79,144.35,0.548,0.601,0.558,0.161,0.2839,0,TNK-02593,water,4.17,0.0,False,0,,,,,2023,0.0,0.0,0
storage_tank,31.944447347976016,-81.5,31.944447347976016,-81.5,0.0,1974,65,standard,1.0,48.9,3,42.4,205.86,0.819,0.776,0.973,0.734,0.0925,3,TNK-02594,water,1.24,0.0,False,0,,,,,2023,0.0,0.0,0
storage_tank,32.39227081986775,-84.96938107270867,32.39227081986775,-84.96938107270867,0.0,1981,65,standard,1.0,68.3,3,66.44,256.03,0.899,0.569,0.988,0.317,0.0891,4,TNK-02595,water,1.5,0.0,False,0,,,,,2026,0.0,0.0,0
storage_tank,31.998649108621123,-84.51944561665125,31.998649108621123,-84.51944561665125,0.0,1955,65,standard,1.0,20.5,2,55.41,213.51,0.752,0.592,0.747,0.321,0.2854,4,TNK-02596,water,3.73,0.0,False,0,,,,,2024,0.0,0.0,0
storage_tank,32.4609663935485,-84.13975846617711,32.4609663935485,-84.13975846617711,0.0,1973,65,standard,1.0,39.4,3,74.96,269.3,0.82,0.802,1.0,0.548,0.1268,4,TNK-02597,water,0.67,0.0,False,0,,,,,2024,0.0,0.0,0
storage_tank,31.066901114981015,-84.03293063346936,31.066901114981015,-84.03293063346936,0.0,1981,65,standard,1.0,55.4,3,34.72,116.18,0.496,0.537,0.435,0.344,0.1895,7,TNK-02598,water,2.49,0.0,False,0,,,,,2026,0.0,0.0,0
storage_tank,31.51381113265474,-85.5561563877258,31.51381113265474,-85.5561563877258,0.0,1972,65,standard,1.0,65.3,2,43.83,164.85,0.618,0.576,0.719,0.382,0.2372,0,TNK-02599,water,1.9,0.0,False,0,,,,,2025,0.0,0.0,0
storage_tank,31.22745070480921,-85.62765584046942,31.22745070480921,-85.62765584046942,0.0,2003,65,standard,1.0,95.1,3,35.88,134.33,0.485,0.633,0.579,0.122,0.2881,0,TNK-02600,water,4.75,0.0,False,0,,,,,2026,0.0,0.0,0
storage_tank,32.60444842834126,-81.61772975196982,32.60444842834126,-81.61772975196982,0.0,1950,65,standard,1.0,33.8,3,70.99,281.5,0.821,0.563,1.0,0.672,0.2965,5,TNK-02601,water,2.77,0.0,False,0,,,,,2019,0.0,0.0,0
storage_tank,31.130489948074686,-84.3620955128991,31.130489948074686,-84.3620955128991,0.0,1970,65,standard,1.0,46.6,3,28.87,118.7,0.526,0.741,0.715,0.448,0.2782,7,TNK-02602,water,4.24,0.0,False,0,,,,,2025,0.0,0.0,0
storage_tank,31.92499511944378,-85.4404336669615,31.92499511944378,-85.4404336669615,0.0,2006,65,standard,1.0,67.4,3,52.19,208.62,0.875,0.712,0.955,0.55,0.1126,0,TNK-02603,water,4.38,0.0,False,0,,,,,2023,0.0,0.0,0
storage_tank,30.85635611922234,-84.28944957934137,30.85635611922234,-84.28944957934137,0.0,1972,65,standard,1.0,61.4,3,21.81,89.14,0.204,0.412,0.482,0.466,1.0,7,TNK-02604,water,1.36,2.07,False,0,,,,,2023,0.0,0.0,0
storage_tank,30.5481262444551,-84.63133599675712,30.5481262444551,-84.63133599675712,0.0,1973,65,standard,1.0,49.6,3,12.38,51.73,0.368,0.532,0.346,0.079,0.1005,9,TNK-02605,water,0.98,0.0,False,0,,,,,2017,0.0,0.0,0
storage_tank,32.111620729406894,-81.86068166205986,32.111620729406894,-81.86068166205986,0.0,1974,65,standard,1.0,62.9,3,54.22,231.87,0.753,0.672,0.922,1.0,0.3019,3,TNK-02606,water,2.0,0.0,False,0,,,,,2013,0.0,0.0,0
storage_tank,30.86183275754671,-84.59800914317978,30.86183275754671,-84.59800914317978,0.0,1964,65,standard,1.0,61.8,3,19.02,86.75,0.306,0.773,0.377,0.276,0.3928,7,TNK-02607,water,6.6,0.0,False,0,,,,,2019,0.0,0.0,0
storage_tank,31.12915223390578,-85.68574952156445,31.12915223390578,-85.68574952156445,0.0,1958,65,standard,1.0,40.4,3,28.94,124.5,0.552,0.762,0.579,0.155,0.1743,0,TNK-02608,water,1.71,0.0,False,0,,,,,2019,0.0,0.0,0
storage_tank,31.05896838847458,-83.90266832832368,31.05896838847458,-83.90266832832368,0.0,1997,65,standard,1.0,77.1,3,28.02,117.36,0.488,0.718,0.54,0.364,0.1067,7,TNK-02609,water,2.43,0.78,False,0,,,,,2025,0.0,0.0,0
storage_tank,30.68440356941622,-84.44565394963378,30.68440356941622,-84.44565394963378,0.0,2011,65,standard,1.0,81.1,3,15.28,68.29,0.417,0.697,0.454,0.241,0.419,7,TNK-02610,water,1.84,0.0,False,0,,,,,2023,0.0,0.0,0
storage_tank,30.58428481361319,-84.34924523834958,30.58428481361319,-84.34924523834958,0.0,2025,65,standard,1.0,100.0,3,12.66,58.21,0.402,0.39,0.363,0.22,0.319,7,TNK-02611,water,1.05,1.17,False,0,,,,,2025,0.0,0.0,0
storage_tank,32.78628985589914,-81.68932940834651,32.78628985589914,-81.68932940834651,0.0,1966,65,standard,1.0,60.9,3,81.78,303.18,0.908,0.67,1.0,0.607,0.2601,5,TNK-02612,water,2.89,0.0,False,0,,,,,2024,0.0,0.0,0
storage_tank,30.84889593906608,-84.59952906081786,30.84889593906608,-84.59952906081786,0.0,1974,65,standard,1.0,51.4,3,14.9,85.3,0.303,0.596,0.332,0.268,0.3755,7,TNK-02613,water,0.88,0.0,False,0,,,,,2022,0.0,0.0,0
storage_tank,32.82048808476154,-82.35329667319544,32.82048808476154,-82.35329667319544,0.0,2019,65,standard,1.0,81.0,2,87.45,319.44,0.915,0.698,1.0,0.724,0.1008,5,TNK-02614,water,1.49,0.0,False,0,,,,,2020,0.0,0.0,0
storage_tank,30.739286067817563,-84.25750716228288,30.739286067817563,-84.25750716228288,0.0,1971,65,standard,1.0,24.6,3,19.29,76.56,0.149,0.267,0.434,0.265,0.8457,7,TNK-02615,water,2.39,0.0,False,0,,,,,2025,0.0,0.0,0
storage_tank,31.11046599097239,-84.85435075426942,31.11046599097239,-84.85435075426942,0.0,1974,65,standard,1.0,68.8,3,26.22,113.54,0.544,0.652,0.552,0.322,0.2509,7,TNK-02616,water,4.33,0.0,False,0,,,,,2024,0.0,0.0,0
storage_tank,32.49318416679569,-81.64262505246853,32.49318416679569,-81.64262505246853,0.0,1989,65,standard,1.0,64.1,3,67.84,269.67,0.491,0.538,1.0,0.678,0.5552,5,TNK-02617,water,2.05,1.15,False,0,,,,,2023,0.0,0.0,0
storage_tank,32.337866195932115,-84.40559974727428,32.337866195932115,-84.40559974727428,0.0,2012,65,standard,1.0,100.0,3,64.63,252.24,0.65,0.552,0.819,0.414,0.3677,4,TNK-02618,water,2.3,1.89,False,0,,,,,2023,0.0,0.0,0
storage_tank,30.684085047915854,-84.26889396463308,30.684085047915854,-84.26889396463308,0.0,2015,65,standard,1.0,100.0,3,24.43,70.28,0.335,0.648,0.5,0.339,0.6675,7,TNK-02619,water,3.52,0.0,False,0,,,,,2021,0.0,0.0,0
storage_tank,30.408928627452067,-84.18083572864951,30.408928627452067,-84.18083572864951,0.0,2001,65,standard,1.0,73.8,3,9.83,40.94,0.27,0.68,0.3,0.224,0.1043,7,TNK-02620,water,2.52,0.0,False,0,,,,,2024,0.0,0.0,0
storage_tank,32.50380150203774,-81.76930937617854,32.50380150203774,-81.76930937617854,0.0,1993,65,standard,1.0,66.8,3,63.77,273.5,0.476,0.493,1.0,0.723,0.6962,5,TNK-02621,water,2.55,0.0,False,0,,,,,2024,0.0,0.0,0
storage_tank,31.183112148198433,-84.42664488716164,31.183112148198433,-84.42664488716164,0.0,2025,65,standard,1.0,92.6,3,31.39,123.84,0.513,0.713,0.558,0.381,0.2165,7,TNK-02622,water,2.6,0.0,False,0,,,,,2025,0.0,0.0,0
storage_tank,31.57318691166939,-84.21559390522296,31.57318691166939,-84.21559390522296,0.0,2012,65,standard,1.0,100.0,3,44.2,169.68,0.808,0.811,0.698,0.361,0.0868,7,TNK-02623,water,1.8,0.0,False,0,,,,,2023,0.0,0.0,0
storage_tank,32.462345808590456,-81.84228569451605,32.462345808590456,-81.84228569451605,0.0,1989,65,standard,1.0,53.2,3,63.98,270.42,0.436,0.464,0.877,0.749,0.7214,5,TNK-02624,water,0.99,0.0,False,0,,,,,2024,0.0,0.0,0
storage_tank,32.36454392291318,-82.01225445700076,32.36454392291318,-82.01225445700076,0.0,1971,65,standard,1.0,57.8,3,66.16,263.01,0.586,0.573,1.0,0.85,0.3246,3,TNK-02625,water,1.63,0.0,False,0,,,,,2026,0.0,0.0,0
storage_tank,30.746763158548106,-84.19259206767437,30.746763158548106,-84.19259206767437,0.0,2013,65,standard,1.0,85.7,2,19.06,78.27,0.084,0.677,0.357,0.324,0.7786,7,TNK-02626,water,1.11,0.0,False,0,,,,,2025,0.0,0.0,0
storage_tank,32.476328887048446,-81.77760119748977,32.476328887048446,-81.77760119748977,0.0,1963,65,standard,1.0,34.9,3,64.26,270.62,0.499,0.314,0.981,0.64,0.7571,5,TNK-02627,water,6.02,0.0,False,0,,,,,2024,0.0,0.0,0
storage_tank,30.908877791872296,-85.40090325102345,30.908877791872296,-85.40090325102345,0.0,1990,65,standard,1.0,60.5,3,19.11,95.26,0.51,0.716,0.498,0.048,0.0952,0,TNK-02628,water,1.99,0.0,False,0,,,,,2021,0.0,0.0,0
storage_tank,31.078127686672445,-84.58134341365006,31.078127686672445,-84.58134341365006,0.0,1978,65,standard,1.0,71.0,2,26.26,110.87,0.409,0.465,0.556,0.366,0.4445,7,TNK-02629,water,4.62,0.0,False,0,,,,,2023,0.0,0.0,0
storage_tank,32.643199636225866,-81.86748985968522,32.643199636225866,-81.86748985968522,0.0,1984,65,standard,1.0,49.9,3,73.19,291.02,0.605,0.675,0.933,0.717,0.6025,5,TNK-02630,water,1.54,0.0,False,0,,,,,2025,0.0,0.0,0
storage_tank,31.815373749309686,-84.41731680296671,31.815373749309686,-84.41731680296671,0.0,1976,65,standard,1.0,43.5,3,47.23,194.12,0.764,0.694,0.756,0.409,0.2375,4,TNK-02631,water,4.94,0.0,False,0,,,,,2022,0.0,0.0,0
storage_tank,31.040765253450022,-84.34665892085181,31.040765253450022,-84.34665892085181,0.0,1971,65,standard,1.0,45.0,2,30.38,108.91,0.382,0.486,0.469,0.408,0.4972,7,TNK-02632,water,4.29,0.0,False,0,,,,,2022,0.0,0.0,0
storage_tank,31.25680695331988,-84.73660578578729,31.25680695331988,-84.73660578578729,0.0,1948,65,standard,1.0,14.1,3,27.99,129.94,0.556,0.486,0.573,0.418,0.211,7,TNK-02633,water,1.88,0.0,False,0,,,,,2023,0.0,0.0,0
storage_tank,31.878957436117133,-84.41775535507637,31.878957436117133,-84.41775535507637,0.0,1980,65,standard,1.0,67.7,2,52.5,201.17,0.704,0.618,0.681,0.45,0.2803,4,TNK-02634,water,3.23,0.0,False,0,,,,,2024,0.0,0.0,0
storage_tank,32.46284996385424,-81.95863032361537,32.46284996385424,-81.95863032361537,0.0,2003,65,standard,1.0,59.7,3,66.32,272.86,0.659,0.368,1.0,0.761,0.4671,5,TNK-02635,water,3.74,0.0,False,0,,,,,2021,0.0,0.0,0
storage_tank,32.670048993818995,-81.9795270002235,32.670048993818995,-81.9795270002235,0.0,1983,65,standard,1.0,41.3,3,75.6,296.28,0.508,0.443,1.0,0.8,0.6034,5,TNK-02636,water,7.71,0.0,False,0,,,,,2024,0.0,0.0,0
storage_tank,31.494998132842614,-84.73771635353106,31.494998132842614,-84.73771635353106,0.0,2016,65,standard,1.0,75.3,3,35.59,156.38,0.624,0.868,0.655,0.403,0.0894,4,TNK-02637,water,1.39,0.0,False,0,,,,,2021,0.0,0.0,0
storage_tank,32.70166601531784,-84.2464848633482,32.70166601531784,-84.2464848633482,0.0,1993,65,standard,1.0,65.0,3,87.7,294.53,0.822,0.741,1.0,0.482,0.1747,4,TNK-02638,water,0.56,0.0,False,0,,,,,2023,0.0,0.0,0
storage_tank,33.0,-82.06909091142602,33.0,-82.06909091142602,0.0,1998,65,standard,1.0,52.4,3,96.01,334.64,0.901,0.61,1.0,0.556,0.2046,5,TNK-02639,water,4.2,0.0,False,0,,,,,2020,0.0,0.0,0
storage_tank,30.88605808010602,-84.63483405711459,30.88605808010602,-84.63483405711459,0.0,1975,65,standard,1.0,51.6,3,17.18,89.22,0.503,0.679,0.429,0.281,0.3951,7,TNK-02640,water,2.06,0.0,False,0,,,,,2023,0.0,0.0,0
storage_tank,30.508845237492324,-84.29510334586885,30.508845237492324,-84.29510334586885,0.0,1986,65,standard,1.0,54.8,1,12.08,50.5,0.283,0.664,0.232,0.23,0.1941,7,TNK-02641,water,2.79,0.84,False,0,,,,,2025,0.0,0.0,0
storage_tank,32.64550066625051,-81.5,32.64550066625051,-81.5,0.0,1989,65,standard,1.0,42.7,3,72.22,283.68,0.892,0.602,0.987,0.532,0.1369,5,TNK-02642,water,3.61,0.0,False,0,,,,,2019,0.0,0.0,0
storage_tank,30.678488279049173,-84.21858725956949,30.678488279049173,-84.21858725956949,0.0,2002,65,standard,1.0,71.1,3,16.33,70.33,0.246,0.54,0.439,0.286,0.6173,7,TNK-02643,water,1.0,0.0,False,0,,,,,2024,0.0,0.0,0
storage_tank,32.70510604608541,-81.88049874222202,32.70510604608541,-81.88049874222202,0.0,1970,65,standard,1.0,57.1,3,72.7,298.16,0.532,0.54,1.0,0.642,0.6354,5,TNK-02644,water,1.01,0.0,False,0,,,,,2023,0.0,0.0,0
storage_tank,31.06227232770723,-84.1630475346267,31.06227232770723,-84.1630475346267,0.0,1965,65,standard,1.0,52.3,3,29.39,113.71,0.463,0.754,0.606,0.38,0.3542,7,TNK-02645,water,4.32,0.0,False,0,,,,,2022,0.0,0.0,0
storage_tank,32.89957036458541,-82.1371362765377,32.89957036458541,-82.1371362765377,0.0,1966,65,standard,1.0,22.5,3,83.23,324.74,0.783,0.566,1.0,0.718,0.2557,5,TNK-02646,water,3.79,0.0,False,0,,,,,2024,0.0,0.0,0
storage_tank,32.70493889241648,-81.57882209490676,32.70493889241648,-81.57882209490676,0.0,1991,65,standard,1.0,50.3,3,72.68,291.86,0.941,0.646,1.0,0.529,0.1636,5,TNK-02647,water,4.88,0.0,False,0,,,,,2022,0.0,0.0,0
storage_tank,31.15807421064302,-84.32043917825634,31.15807421064302,-84.32043917825634,0.0,1999,65,standard,1.0,74.9,3,28.61,122.25,0.629,0.643,0.547,0.379,0.2252,7,TNK-02648,water,6.44,0.0,False,0,,,,,2023,0.0,0.0,0
storage_tank,30.913156894464557,-84.48314383370727,30.913156894464557,-84.48314383370727,0.0,1972,65,standard,1.0,50.1,3,19.92,93.33,0.291,0.509,0.422,0.312,0.5732,7,TNK-02649,water,3.3,0.0,False,0,,,,,2025,0.0,0.0,0
storage_tank,31.766158835359064,-81.83241514182346,31.766158835359064,-81.83241514182346,0.0,1972,65,standard,1.0,54.6,3,37.67,192.94,1.0,0.737,0.627,0.909,0.0832,3,TNK-02650,water,1.47,0.0,False,0,,,,,2025,0.0,0.0,0
storage_tank,31.93313083961327,-84.35360765642768,31.93313083961327,-84.35360765642768,0.0,1962,65,standard,1.0,24.4,2,53.59,207.89,0.786,0.676,0.789,0.433,0.2588,4,TNK-02651,water,1.66,0.0,False,0,,,,,2025,0.0,0.0,0
storage_tank,32.68068144400473,-81.83058872168709,32.68068144400473,-81.83058872168709,0.0,2000,65,standard,1.0,76.8,3,73.96,294.41,0.4,0.529,1.0,0.656,0.5702,5,TNK-02652,water,3.66,0.0,False,0,,,,,2025,0.0,0.0,0
storage_tank,32.785468431822984,-84.54865422371799,32.785468431822984,-84.54865422371799,0.0,2007,65,standard,1.0,70.5,3,81.63,300.61,0.828,0.757,1.0,0.345,0.2402,4,TNK-02653,water,1.98,0.0,False,0,,,,,2024,0.0,0.0,0
storage_tank,32.71357144454227,-84.67697967006953,32.71357144454227,-84.67697967006953,0.0,1982,65,standard,1.0,44.0,3,79.71,291.86,0.702,0.457,1.0,0.282,0.2566,4,TNK-02654,water,3.59,0.0,False,0,,,,,2026,0.0,0.0,0
storage_tank,32.39752362374267,-84.20980439786013,32.39752362374267,-84.20980439786013,0.0,1977,65,standard,1.0,41.6,3,69.11,261.26,0.99,0.592,0.979,0.508,0.1706,4,TNK-02655,water,1.36,0.0,False,0,,,,,2025,0.0,0.0,0
storage_tank,31.038469475593182,-84.86897115469576,31.038469475593182,-84.86897115469576,0.0,1992,65,standard,1.0,72.0,3,22.4,105.55,0.564,0.571,0.465,0.325,0.2524,7,TNK-02656,water,4.39,0.0,False,0,,,,,2024,0.0,0.0,0
storage_tank,32.801217965818395,-81.88432895750213,32.801217965818395,-81.88432895750213,0.0,1966,65,standard,1.0,56.2,1,82.88,308.91,0.543,0.587,1.0,0.582,0.5971,5,TNK-02657,water,1.13,0.0,False,0,,,,,2025,0.0,0.0,0
storage_tank,31.562916350622714,-85.3509867773981,31.562916350622714,-85.3509867773981,0.0,2008,65,standard,1.0,70.1,3,43.85,167.17,0.545,0.639,0.631,0.373,0.3172,0,TNK-02658,water,0.91,0.0,False,0,,,,,2023,0.0,0.0,0
storage_tank,32.432855023245146,-81.60830155386688,32.432855023245146,-81.60830155386688,0.0,2011,65,standard,1.0,69.3,2,64.41,262.26,0.616,0.481,0.993,0.77,0.5865,5,TNK-02659,water,1.0,0.0,False,0,,,,,2024,0.0,0.0,0
storage_tank,31.026130954046202,-84.37510020540358,31.026130954046202,-84.37510020540358,0.0,1974,65,standard,1.0,42.4,3,27.13,106.96,0.437,0.481,0.535,0.466,0.523,7,TNK-02660,water,5.43,0.0,False,0,,,,,2025,0.0,0.0,0
storage_tank,32.39934276219586,-81.66310826101918,32.39934276219586,-81.66310826101918,0.0,1974,65,standard,1.0,47.7,3,61.81,259.68,0.404,0.544,0.991,0.628,0.783,5,TNK-02661,water,2.1,0.0,False,0,,,,,2025,0.0,0.0,0
storage_tank,32.60695688634092,-81.87623650522377,32.60695688634092,-81.87623650522377,0.0,2008,65,standard,1.0,94.2,3,73.21,287.18,0.554,0.518,1.0,0.693,0.5933,5,TNK-02662,water,6.34,0.0,False,0,,,,,2024,0.0,0.0,0
storage_tank,31.29858133531479,-85.52298283743089,31.29858133531479,-85.52298283743089,0.0,1994,65,standard,1.0,64.9,3,32.59,140.4,0.415,0.441,0.558,0.111,0.3913,0,TNK-02663,water,0.57,0.0,False,0,,,,,2024,0.0,0.0,0
storage_tank,32.31422752976182,-84.53387288903507,32.31422752976182,-84.53387288903507,0.0,2011,65,standard,1.0,95.1,3,67.38,248.42,0.748,0.677,0.907,0.346,0.3702,4,TNK-02664,water,6.52,0.0,False,0,,,,,2021,0.0,0.0,0
storage_tank,32.60800342661398,-81.60155238947782,32.60800342661398,-81.60155238947782,0.0,1984,65,standard,1.0,64.3,3,73.53,281.57,0.861,0.574,0.986,0.591,0.2689,5,TNK-02665,water,1.24,0.0,False,0,,,,,2024,0.0,0.0,0
storage_tank,33.0,-84.12314024435108,33.0,-84.12314024435108,0.0,1989,65,standard,1.0,65.5,2,95.89,329.38,0.805,0.683,1.0,0.623,0.0826,4,TNK-02666,water,4.66,0.0,False,0,,,,,2024,0.0,0.0,0
storage_tank,30.907002903676027,-84.26271727200955,30.907002903676027,-84.26271727200955,0.0,1993,65,standard,1.0,73.0,3,23.12,95.11,0.248,0.37,0.466,0.416,0.9251,7,TNK-02667,water,2.98,0.0,False,0,,,,,2023,0.0,0.0,0
storage_tank,30.600271083056786,-84.71762643132641,30.600271083056786,-84.71762643132641,0.0,1986,65,standard,1.0,59.6,2,8.97,57.13,0.343,0.735,0.448,0.073,0.098,9,TNK-02668,water,1.08,0.0,False,0,,,,,2026,0.0,0.0,0
storage_tank,31.18026743140963,-84.26867090570933,31.18026743140963,-84.26867090570933,0.0,1971,65,standard,1.0,52.9,3,32.47,125.36,0.69,0.804,0.605,0.384,0.1846,7,TNK-02669,water,4.69,0.0,False,0,,,,,2022,0.0,0.0,0
storage_tank,31.748719538522437,-85.78586886292372,31.748719538522437,-85.78586886292372,0.0,1995,65,standard,1.0,80.4,3,51.0,195.23,0.787,0.639,0.788,0.468,0.085,0,TNK-02670,water,2.38,0.0,False,0,,,,,2018,0.0,0.0,0
storage_tank,30.72890867868277,-84.18556570283623,30.72890867868277,-84.18556570283623,0.0,1972,65,standard,1.0,39.8,3,20.48,76.39,0.201,0.417,0.358,0.419,0.7176,7,TNK-02671,water,0.74,0.0,False,0,,,,,2025,0.0,0.0,0
storage_tank,32.57100257460417,-81.9462675195868,32.57100257460417,-81.9462675195868,0.0,1987,65,standard,1.0,70.4,3,68.57,284.62,0.505,0.523,1.0,0.723,0.5297,5,TNK-02672,water,5.39,0.0,False,0,,,,,2023,0.0,0.0,0
storage_tank,30.804031818629582,-84.08911209628566,30.804031818629582,-84.08911209628566,0.0,1994,65,standard,1.0,57.6,3,25.37,86.14,0.37,0.622,0.435,0.321,0.5528,7,TNK-02673,water,2.3,0.0,False,0,,,,,2021,0.0,0.0,0
storage_tank,31.333671644064566,-84.82502390664887,31.333671644064566,-84.82502390664887,0.0,1996,65,standard,1.0,64.6,3,32.83,138.32,0.594,0.883,0.628,0.37,0.1227,0,TNK-02674,water,0.95,0.77,False,0,,,,,2026,0.0,0.0,0
storage_tank,32.316067378816946,-82.01652718700308,32.316067378816946,-82.01652718700308,0.0,1987,65,standard,1.0,77.4,3,55.45,257.71,0.905,0.732,0.897,1.0,0.2971,3,TNK-02675,water,1.92,0.0,False,0,,,,,2024,0.0,0.0,0
water_main,31.562669768767037,-85.10393434070689,31.56790929158362,-85.06106803604406,4.096,1974,80,ductile_iron,1.0,56.0,3,40.93,164.64,0.717,0.734,0.601,0.489,0.2114,0,WMN-02676,water,1.25,0.0,False,0,200.0,,,,2026,0.0,0.0,0
water_main,30.784880835531702,-84.88665087910057,30.796668672012565,-84.90267221955854,2.012,1986,80,cast_iron,1.85,45.0,2,16.48,77.42,0.357,0.485,0.506,0.161,0.1298,7,WMN-02677,water,2.93,0.0,False,0,200.0,,,,2022,0.0,0.0,0
water_main,32.08326598647622,-81.96561332452171,32.05433273365267,-81.98026974687049,3.495,1988,80,steel,1.1,62.8,2,54.08,230.87,0.83,0.725,0.923,1.0,0.1703,3,WMN-02678,water,2.33,0.0,False,0,150.0,,,,2024,0.0,0.0,0
water_main,32.095951665730446,-84.74169181268934,32.078774952839616,-84.73377596567201,2.047,1973,80,cast_iron,1.85,39.3,3,55.55,223.07,0.799,0.64,0.848,0.451,0.1229,4,WMN-02679,water,0.51,0.0,False,0,250.0,,,,2024,0.0,0.0,0
water_main,32.31335259608857,-81.75365864973385,32.32282790063745,-81.77316585050664,2.111,1976,80,ductile_iron,1.0,56.7,1,59.68,252.03,0.42,0.26,0.878,0.799,0.9236,5,WMN-02680,water,1.37,0.0,False,0,250.0,,,,2025,0.0,0.0,0
water_main,32.43769096856739,-81.5,32.44641184307027,-81.48354359513237,1.82,1977,80,ductile_iron,1.0,71.8,3,61.72,260.61,0.633,0.479,0.97,0.708,0.3036,5,WMN-02681,water,3.49,0.0,False,0,150.0,,,,2025,0.0,0.0,0
water_main,32.632646133518996,-81.95886752000115,32.63819375394975,-81.96316711485862,0.735,1959,80,pvc,0.7,45.3,3,76.71,291.71,0.538,0.479,1.0,0.654,0.5923,5,WMN-02682,water,2.05,0.0,False,0,900.0,,,,2022,0.0,0.0,0
water_main,31.219195875423036,-84.02617821464233,31.19038310132523,-84.01920344097756,3.266,1955,80,ductile_iron,1.0,37.0,2,35.39,133.19,0.748,0.739,0.552,0.473,0.1004,7,WMN-02683,water,2.99,0.0,False,0,200.0,,,,2025,0.0,0.0,0
water_main,31.07236465239564,-84.40334810826636,31.089008499977634,-84.40437612779273,1.85,1948,80,pvc,0.7,48.8,3,25.52,111.79,0.459,0.488,0.532,0.48,0.4056,7,WMN-02684,water,0.64,0.0,False,0,600.0,,,,2021,0.0,0.0,0
water_main,32.637067940272914,-81.84260619846675,32.672108670759194,-81.81732054569024,4.551,1952,80,cast_iron,1.85,2.0,3,67.39,289.82,0.622,0.536,1.0,0.698,0.5935,5,WMN-02685,water,1.02,0.0,False,0,300.0,,,,2023,0.0,0.0,0
water_main,32.80335078748409,-84.51901675625795,32.79969354016649,-84.50394638374368,1.463,1955,80,pvc,0.7,58.1,3,87.12,302.83,0.803,0.69,1.0,0.473,0.2213,4,WMN-02686,water,3.29,0.0,False,0,300.0,,,,2019,0.0,0.0,0
water_main,31.72757224442826,-85.31253610939508,31.69133605380491,-85.33918905117298,4.744,2005,80,cast_iron,1.85,61.1,3,47.53,184.96,0.74,0.56,0.672,0.475,0.2823,0,WMN-02687,water,4.5,0.0,False,0,200.0,,,,2022,0.0,0.0,0
water_main,31.113390848590523,-84.39508596727003,31.119620706956717,-84.39783538607699,0.739,2009,80,cast_iron,1.85,64.7,3,28.23,116.43,0.452,0.703,0.533,0.43,0.3199,7,WMN-02688,water,0.28,0.63,False,0,400.0,,,,2020,0.0,0.0,0
water_main,31.044025306153145,-84.59505578394166,31.046245571729326,-84.60720828889687,1.182,1957,80,ductile_iron,1.0,58.4,2,18.92,106.99,0.331,0.485,0.495,0.4,0.4865,7,WMN-02689,water,1.31,0.0,False,0,100.0,,,,2023,0.0,0.0,0
water_main,30.807661219979956,-84.10649494253576,30.796883246583008,-84.10260332499801,1.253,1954,80,pvc,0.7,61.0,1,21.3,86.28,0.4,0.525,0.359,0.415,0.6257,7,WMN-02690,water,1.41,0.0,False,0,150.0,,,,2025,0.0,0.0,0
water_main,32.62016508911546,-81.67019456872536,32.62675764189654,-81.6962444300605,2.543,1979,80,ductile_iron,1.0,61.3,2,71.8,284.34,0.762,0.621,1.0,0.678,0.3604,5,WMN-02691,water,0.29,0.0,False,0,250.0,,,,2026,0.0,0.0,0
water_main,31.506797801791368,-85.03952028104476,31.491339753206667,-85.02770459990543,2.048,1968,80,cast_iron,1.85,25.9,2,31.11,158.04,0.587,0.603,0.605,0.537,0.1508,0,WMN-02692,water,2.82,0.0,False,0,600.0,,,,2025,0.0,0.0,0
water_main,30.870561695956646,-84.22677106875004,30.857093031911024,-84.27677402738229,4.993,1987,80,cast_iron,1.85,55.3,2,23.55,91.54,0.239,0.293,0.497,0.434,0.9686,7,WMN-02693,water,1.68,0.0,False,0,150.0,,,,2022,0.0,0.0,0
water_main,32.73614979575939,-84.26758120297535,32.744530963272446,-84.24637108269944,2.188,1967,80,ductile_iron,1.0,39.4,3,84.78,298.08,0.709,0.667,1.0,0.563,0.1723,4,WMN-02694,water,1.96,0.0,False,0,100.0,,,,2020,0.0,0.0,0
water_main,32.186698958505275,-81.95121914874132,32.19866023311551,-81.97360155035908,2.487,1971,80,ductile_iron,1.0,59.0,3,55.71,242.06,0.759,0.7,0.971,0.881,0.3151,3,WMN-02695,water,3.08,0.0,False,0,300.0,,,,2023,0.0,0.0,0
water_main,31.321413584637014,-84.55383407356258,31.35603002482765,-84.55048098917872,3.856,1974,80,cast_iron,1.85,33.4,3,37.4,138.07,0.633,0.649,0.494,0.42,0.1448,7,WMN-02696,water,2.19,0.0,False,0,200.0,,,,2026,0.0,0.0,0
water_main,32.55581874163608,-81.94499229825225,32.55767947933241,-81.93924724434152,0.576,1948,80,ductile_iron,1.0,39.9,3,71.18,282.9,0.604,0.501,1.0,0.8,0.5301,5,WMN-02697,water,1.73,0.0,False,0,200.0,,,,2019,0.0,0.0,0
water_main,30.623163522807157,-84.53941087192784,30.631705915252954,-84.52337115207631,1.802,1974,80,pvc,0.7,62.0,2,15.88,60.67,0.324,0.623,0.32,0.312,0.1892,7,WMN-02698,water,1.63,0.0,False,0,150.0,,,,2025,0.0,0.0,0
water_main,31.736182462837434,-85.22160117474452,31.68800819937923,-85.27552164119713,7.383,1996,80,pvc,0.7,91.7,3,41.96,184.91,0.731,0.792,0.753,0.461,0.2634,0,WMN-02699,water,3.62,0.0,False,0,150.0,,,,2022,0.0,0.0,0
water_main,30.778247204225963,-84.30041732301791,30.7751668637577,-84.31055868281916,1.026,1940,80,asbestos_cement,1.55,11.5,3,19.13,80.33,0.112,0.166,0.481,0.374,0.9531,7,WMN-02700,water,1.43,0.0,False,0,300.0,,,,2022,0.0,0.0,0
water_main,32.93668775913305,-82.13050944012626,32.93385309459582,-82.14857860917675,1.712,1976,80,cast_iron,1.85,30.3,2,92.47,328.75,0.904,0.594,1.0,0.714,0.2297,5,WMN-02701,water,0.94,2.39,False,0,300.0,,,,2022,0.0,0.0,0
water_main,31.98004342482213,-84.34069080545444,31.980733467224347,-84.33316232529374,0.713,1970,80,asbestos_cement,1.55,44.9,3,56.44,213.24,0.655,0.754,0.771,0.53,0.2505,4,WMN-02702,water,4.77,0.0,False,0,150.0,,,,2024,0.0,0.0,0
water_main,31.948830325691834,-84.5749065800771,31.925293173323144,-84.56526271762725,2.766,1936,80,steel,1.1,34.1,1,52.44,207.56,0.866,0.554,0.748,0.488,0.2653,4,WMN-02703,water,3.71,0.0,False,0,400.0,,,,2024,0.0,0.0,0
water_main,31.607597807718584,-85.08280526131423,31.613029438205775,-85.08686683862435,0.715,1960,80,pvc,0.7,60.1,1,40.75,169.49,0.694,0.673,0.716,0.496,0.2006,0,WMN-02704,water,1.26,0.0,False,0,200.0,,,,2025,0.0,0.0,0
water_main,30.882876310579704,-84.37684198036638,30.87012264713799,-84.37656760453636,1.416,1961,80,cast_iron,1.85,12.3,3,23.61,91.04,0.183,0.314,0.365,0.401,0.8541,7,WMN-02705,water,1.19,0.0,False,0,600.0,,,,2025,0.0,0.0,0
water_main,30.728522594224017,-84.06715401745687,30.710478798018706,-84.06306985946823,2.04,1945,80,pvc,0.7,33.0,3,18.97,78.09,0.258,0.52,0.343,0.397,0.4142,7,WMN-02706,water,1.24,0.0,False,0,200.0,,,,2024,0.0,0.0,0
water_main,30.892606932331653,-85.43077911813486,30.899309336098504,-85.41610335020583,1.584,1977,80,cast_iron,1.85,44.0,3,21.3,93.89,0.47,0.677,0.494,0.109,0.0952,0,WMN-02707,water,2.31,0.0,False,0,150.0,,,,2023,0.0,0.0,0
water_main,31.00305845311437,-84.96429976462944,30.993795839091696,-84.94138494298603,2.41,1964,80,pvc,0.7,68.2,3,21.72,101.81,0.519,0.65,0.481,0.249,0.151,7,WMN-02708,water,2.44,0.0,False,0,150.0,,,,2022,0.0,0.0,0
water_main,31.57974355989429,-85.39568891134695,31.568681165181594,-85.39318155425015,1.251,2005,80,pvc,0.7,93.1,3,42.42,169.65,0.771,0.633,0.608,0.53,0.3049,0,WMN-02709,water,0.64,0.0,False,0,300.0,,,,2019,0.0,0.0,0
water_main,30.633196952837377,-84.64364544584852,30.633179064789697,-84.65451589786296,1.038,1985,80,cast_iron,1.85,28.2,3,10.94,61.1,0.42,0.583,0.341,0.307,0.1289,7,WMN-02710,water,1.33,0.0,False,0,200.0,,,,2026,0.0,0.0,0
water_main,31.663871455129208,-85.24205484307788,31.666050362041645,-85.24831036980454,0.639,1992,80,ductile_iron,1.0,64.0,3,43.76,177.09,0.674,0.656,0.705,0.494,0.3123,0,WMN-02711,water,4.69,0.0,False,0,150.0,,,,2024,0.0,0.0,0
water_main,30.65652948077353,-84.2232964270302,30.6525685025552,-84.21990768028206,0.546,1942,80,asbestos_cement,1.55,23.0,3,20.8,67.83,0.246,0.59,0.409,0.324,0.5599,7,WMN-02712,water,1.27,0.0,False,0,150.0,,,,2025,0.0,0.0,0
water_main,32.06478889581896,-82.11136206275879,32.08781728417436,-82.11150695421466,2.556,2018,80,ductile_iron,1.0,78.9,3,54.11,231.62,0.791,0.446,0.886,1.0,0.0974,3,WMN-02713,water,1.03,0.0,False,0,600.0,,,,2018,0.0,0.0,0
water_main,32.58469877088747,-81.98983752404646,32.60084617985578,-81.97864262980306,2.076,1997,80,ductile_iron,1.0,71.8,3,68.54,287.01,0.526,0.475,0.975,0.778,0.4953,5,WMN-02714,water,2.07,0.0,False,0,300.0,,,,2023,0.0,0.0,0
water_main,32.7070213553884,-84.65850461315755,32.70205332463244,-84.66977835459737,1.189,1935,80,pvc,0.7,23.9,3,79.61,291.22,0.857,0.796,0.961,0.481,0.2936,4,WMN-02715,water,5.26,0.0,False,0,200.0,,,,2025,0.0,0.0,0
water_main,31.70630292292999,-85.2899378320248,31.72719892650969,-85.29386186017608,2.349,1928,80,asbestos_cement,1.55,11.3,3,46.79,182.33,0.745,0.543,0.78,0.528,0.2994,0,WMN-02716,water,1.68,0.0,False,0,300.0,,,,2025,0.0,0.0,0
water_main,32.328525839228305,-81.63594001869535,32.34042119871417,-81.65317236463835,2.087,1941,80,pvc,0.7,50.9,3,52.87,251.25,0.57,0.524,0.937,0.752,0.747,5,WMN-02717,water,2.34,0.0,False,0,250.0,,,,2021,0.0,0.0,0
water_main,31.13523115802219,-85.77847288466013,31.122354880229665,-85.84938871444037,6.888,1958,80,pvc,0.7,92.3,3,32.15,126.99,0.576,0.43,0.59,0.117,0.1265,0,WMN-02718,water,0.62,0.0,False,0,200.0,,,,2019,0.0,0.0,0
water_main,32.12323356595424,-82.04050824677587,32.11822040358803,-82.03783645747673,0.611,1985,80,cast_iron,1.85,45.7,2,51.55,236.77,0.638,0.754,0.879,0.948,0.1442,3,WMN-02719,water,0.84,0.0,False,0,200.0,,,,2025,0.0,0.0,0
water_main,32.35737680659534,-84.58349403474907,32.3316728424431,-84.57985526248412,2.873,1961,80,pvc,0.7,65.2,2,70.46,252.85,0.631,0.681,0.958,0.409,0.4334,4,WMN-02720,water,5.15,0.0,False,0,150.0,,,,2022,0.0,0.0,0
water_main,31.6708162233333,-84.9587334234233,31.670531249052345,-84.93617204024343,2.132,1961,80,cast_iron,1.85,25.8,3,46.42,175.91,0.939,0.706,0.631,0.44,0.119,0,WMN-02721,water,3.5,0.0,False,0,150.0,,,,2025,0.0,0.0,0
water_main,32.77528189075015,-81.98361839334399,32.76528788450635,-81.96749197219093,1.87,1987,80,cast_iron,1.85,56.8,3,83.02,308.04,0.474,0.457,1.0,0.683,0.6408,5,WMN-02722,water,2.63,0.0,False,0,300.0,,,,2025,0.0,0.0,0
water_main,32.746169213123146,-81.93611318386145,32.76015339573334,-81.9369009989317,1.554,2002,80,cast_iron,1.85,78.9,3,79.24,303.85,0.552,0.461,1.0,0.645,0.6776,5,WMN-02723,water,1.03,0.0,False,0,200.0,,,,2023,0.0,0.0,0
water_main,31.12293489008786,-84.10355546606947,31.120783545410145,-84.10891577004922,0.563,1972,80,ductile_iron,1.0,59.8,1,34.5,121.32,0.526,0.717,0.519,0.479,0.193,7,WMN-02724,water,2.8,0.0,False,0,300.0,,,,2026,0.0,0.0,0
water_main,30.970755478384987,-84.28368554907718,30.971747319048088,-84.28078977440599,0.297,1978,80,asbestos_cement,1.55,73.7,2,27.14,101.91,0.242,0.371,0.488,0.431,0.7597,7,WMN-02725,water,8.28,0.0,False,0,600.0,,,,2023,0.0,0.0,0
water_main,32.48684068690565,-82.14457142975945,32.47437585399566,-82.14302159881603,1.391,1980,80,pvc,0.7,74.2,2,68.59,279.06,0.792,0.534,0.945,0.894,0.1768,5,WMN-02726,water,2.38,0.0,False,0,250.0,,,,2023,0.0,0.0,0
water_main,32.15575299685554,-81.5,32.14745633835515,-81.49128830094375,1.232,1977,80,cast_iron,1.85,45.1,3,47.3,229.31,0.715,0.626,0.887,0.768,0.2072,3,WMN-02727,water,2.84,0.0,False,0,400.0,,,,2024,0.0,0.0,0
water_main,31.371619664428007,-85.27780021529937,31.37723826709823,-85.27168385872876,0.851,1947,80,ductile_iron,1.0,34.9,3,33.63,145.04,0.554,0.696,0.614,0.415,0.2489,0,WMN-02728,water,1.71,0.0,False,0,250.0,,,,2023,0.0,0.0,0
water_main,31.0332260809956,-84.8119425860311,31.040344004296887,-84.79312887970457,1.956,1978,80,pvc,0.7,67.9,3,21.97,104.98,0.429,0.747,0.556,0.311,0.3407,7,WMN-02729,water,1.1,2.11,False,0,900.0,,,,2023,0.0,0.0,0
water_main,30.736377172571277,-84.18712099045143,30.73593613610285,-84.2182486632601,2.97,2001,80,pvc,0.7,92.1,3,19.61,77.19,0.216,0.524,0.23,0.361,0.7547,7,WMN-02730,water,5.59,0.0,False,0,300.0,,,,2024,0.0,0.0,0
water_main,32.069869360983745,-84.54554720210011,32.07552593739395,-84.55954773919777,1.459,1972,80,asbestos_cement,1.55,51.2,3,57.25,221.21,0.692,0.567,0.809,0.475,0.2439,4,WMN-02731,water,0.94,0.0,False,0,100.0,,,,2023,0.0,0.0,0
water_main,32.568497030654775,-84.4168138289349,32.577629538280064,-84.41086697412925,1.156,1965,80,asbestos_cement,1.55,44.3,3,74.82,277.72,0.583,0.619,1.0,0.54,0.6228,4,WMN-02732,water,0.71,0.0,False,0,400.0,,,,2024,0.0,0.0,0
water_main,31.53490196100444,-85.57742330206496,31.532412437757422,-85.59881761867561,2.043,1932,80,ductile_iron,1.0,32.8,3,39.35,167.56,0.737,0.54,0.739,0.478,0.2118,0,WMN-02733,water,2.1,0.0,False,0,250.0,,,,2020,0.0,0.0,0
water_main,30.950338443972157,-84.85720770424804,30.93774051244946,-84.85246774377981,1.469,1974,80,asbestos_cement,1.55,51.2,3,23.77,95.77,0.565,0.62,0.476,0.315,0.2512,7,WMN-02734,water,1.71,1.57,False,0,600.0,,,,2021,0.0,0.0,0
water_main,30.839898230850906,-84.00555158436849,30.81964153753804,-83.98629095467666,2.903,1959,80,ductile_iron,1.0,36.0,3,24.8,91.41,0.419,0.487,0.506,0.549,0.3193,7,WMN-02735,water,3.42,1.32,False,0,600.0,,,,2024,0.0,0.0,0
water_main,32.35250975318972,-81.88386186883675,32.35637261341244,-81.8704955065578,1.325,1975,80,cast_iron,1.85,42.2,3,60.93,259.09,0.478,0.368,0.893,0.831,0.7055,5,WMN-02736,water,1.16,0.0,False,0,150.0,,,,2022,0.0,0.0,0
water_main,32.17062797342925,-81.59744320962025,32.176603486855974,-81.59670954136907,0.667,1993,80,pvc,0.7,78.7,3,51.38,232.93,0.665,0.684,0.881,0.839,0.3782,3,WMN-02737,water,0.96,0.0,False,0,200.0,,,,2026,0.0,0.0,0
water_main,30.90262410600796,-84.80298650469476,30.857849427090763,-84.75078449681843,7.03,1996,80,cast_iron,1.85,97.4,3,20.19,90.49,0.463,0.702,0.355,0.317,0.2811,7,WMN-02738,water,2.85,0.0,False,0,600.0,,,,2023,0.0,0.0,0
water_main,33.0,-81.85907111708151,32.98302522989567,-81.86594683965372,1.99,1970,80,asbestos_cement,1.55,24.7,3,92.19,330.45,0.854,0.74,1.0,0.566,0.2344,5,WMN-02739,water,0.92,0.0,False,0,150.0,,,,2023,0.0,0.0,0
water_main,31.2751363076046,-85.37499722029952,31.263389093921756,-85.37003945476606,1.386,1966,80,pvc,0.7,59.3,3,31.71,135.55,0.665,0.559,0.538,0.225,0.3207,0,WMN-02740,water,1.85,0.0,False,0,300.0,,,,2024,0.0,0.0,0
water_main,33.0,-81.70280044253691,32.96728704542679,-81.72567394810243,4.209,2025,80,cast_iron,1.85,100.0,3,90.72,327.18,0.823,0.678,1.0,0.525,0.1405,5,WMN-02741,water,4.43,0.0,False,0,150.0,,,,2024,0.0,0.0,0
water_main,32.607231544409984,-81.68310777440725,32.58969045011759,-81.66544845750634,2.553,1990,80,cast_iron,1.85,52.1,2,65.71,283.17,0.641,0.619,0.973,0.663,0.4,5,WMN-02742,water,4.74,0.0,False,0,200.0,,,,2022,0.0,0.0,0
water_main,32.51446447212453,-81.7343373373112,32.565697280699816,-81.73093706615131,5.696,1989,80,pvc,0.7,97.7,3,63.91,273.95,0.611,0.467,0.993,0.676,0.6631,5,WMN-02743,water,0.94,0.0,False,0,400.0,,,,2017,0.0,0.0,0
water_main,30.67672786775798,-84.10329648195923,30.701800799299647,-84.15740001008055,5.867,1975,80,pvc,0.7,68.5,3,13.85,71.79,0.398,0.52,0.352,0.457,0.4117,7,WMN-02744,water,0.39,0.0,False,0,150.0,,,,2024,0.0,0.0,0
water_main,30.75327549608735,-84.11410455332854,30.762650594356494,-84.12332146426843,1.362,1961,80,pvc,0.7,67.7,2,15.59,80.13,0.246,0.539,0.417,0.49,0.5886,7,WMN-02745,water,2.39,0.0,False,0,150.0,,,,2022,0.0,0.0,0
water_main,30.899464096006525,-84.60477157509817,30.91265016820063,-84.63039887418671,2.846,1993,80,ductile_iron,1.0,88.3,3,20.05,90.88,0.303,0.612,0.442,0.367,0.4386,7,WMN-02746,water,3.14,0.0,False,0,150.0,,,,2020,0.0,0.0,0
water_main,31.6071086096573,-81.56785554767211,31.595628504717233,-81.57820304877876,1.606,1942,80,asbestos_cement,1.55,2.0,3,33.14,169.78,0.738,0.668,0.693,0.82,0.0838,3,WMN-02747,water,2.84,0.0,False,0,300.0,,,,2020,0.0,0.0,0
water_main,32.849384781447704,-84.3599293819706,32.86569422901195,-84.35750792651746,1.824,1958,80,pvc,0.7,68.0,3,91.63,309.52,0.749,0.538,1.0,0.465,0.1368,4,WMN-02748,water,2.15,2.23,False,0,150.0,,,,2024,0.0,0.0,0
water_main,31.02552379457176,-84.40546036720367,31.034397989052106,-84.40753516404132,1.005,1961,80,cast_iron,1.85,35.2,3,24.68,106.57,0.343,0.646,0.505,0.363,0.5139,7,WMN-02749,water,2.2,0.0,False,0,150.0,,,,2024,0.0,0.0,0
water_main,30.89676129849063,-85.46423284978867,30.8596213463931,-85.41668590375698,6.124,1937,80,cast_iron,1.85,18.0,3,22.62,94.85,0.539,0.641,0.466,0.076,0.0969,0,WMN-02750,water,2.91,0.0,False,0,250.0,,,,2024,0.0,0.0,0
water_main,30.66102619372724,-84.09649883001534,30.68313661641522,-84.08043151064886,2.894,1983,80,ductile_iron,1.0,82.3,2,21.82,70.15,0.206,0.565,0.404,0.386,0.3665,7,WMN-02751,water,1.17,0.0,False,0,200.0,,,,2022,0.0,0.0,0
water_main,31.353564862449733,-84.4149533266799,31.335923222621286,-84.43975787891465,3.06,2021,80,ductile_iron,1.0,91.1,3,34.29,142.88,0.677,0.65,0.601,0.518,0.1024,7,WMN-02752,water,4.5,2.23,False,0,250.0,,,,2024,0.0,0.0,0
water_main,32.24491121957068,-81.67848466210418,32.242425824337786,-81.66947836953506,0.889,2001,80,cast_iron,1.85,95.4,3,53.77,242.86,0.532,0.492,0.934,0.808,0.7135,3,WMN-02753,water,5.18,0.0,False,0,200.0,,,,2022,0.0,0.0,0
water_main,31.086299431533913,-85.18542858441528,31.061580706105435,-85.20092901926377,3.114,1983,80,asbestos_cement,1.55,52.6,2,25.46,112.42,0.503,0.683,0.489,0.341,0.1042,0,WMN-02754,water,1.6,0.0,False,0,400.0,,,,2023,0.0,0.0,0
water_main,31.664819335541754,-85.44511484417251,31.670048809234366,-85.46213855213894,1.71,1953,80,ductile_iron,1.0,31.7,2,47.01,179.82,0.657,0.66,0.665,0.47,0.2434,0,WMN-02755,water,1.07,0.0,False,0,200.0,,,,2023,0.0,0.0,0
water_main,32.48667358784252,-82.07967240984054,32.47518491765276,-82.08173535040956,1.29,2001,80,pvc,0.7,73.1,3,70.39,277.86,0.858,0.728,0.977,0.852,0.2538,5,WMN-02756,water,3.44,1.65,False,0,250.0,,,,2024,0.0,0.0,0
water_main,31.289658337057535,-85.49909398324313,31.301335702091148,-85.55956012090985,5.88,1976,80,pvc,0.7,79.7,2,35.5,139.02,0.41,0.518,0.647,0.378,0.4012,0,WMN-02757,water,2.09,0.79,False,0,150.0,,,,2024,0.0,0.0,0
water_main,32.24328803129403,-81.5,32.236028505057455,-81.47420930035281,2.552,1975,80,cast_iron,1.85,56.0,3,51.76,239.03,0.675,0.613,0.931,0.664,0.2892,5,WMN-02758,water,2.14,0.0,False,0,150.0,,,,2025,0.0,0.0,0
water_main,32.5098149568635,-84.4969951810331,32.54702077039428,-84.49393460338331,4.14,1969,80,ductile_iron,1.0,53.4,3,76.2,270.44,0.493,0.453,1.0,0.531,0.7364,4,WMN-02759,water,0.75,0.0,False,0,150.0,,,,2020,0.0,0.0,0
water_main,32.65887529479647,-81.5,32.64686689281812,-81.43749969794467,5.991,1971,80,cast_iron,1.85,28.2,3,69.94,285.16,0.771,0.669,1.0,0.647,0.1334,5,WMN-02760,water,1.78,1.83,False,0,400.0,,,,2024,0.0,0.0,0
water_main,32.65581467837792,-84.96026174518171,32.66302835972808,-84.94507672420492,1.629,1990,80,pvc,0.7,77.4,3,76.2,285.25,0.814,0.709,1.0,0.369,0.0917,4,WMN-02761,water,3.29,0.0,False,0,300.0,,,,2022,0.0,0.0,0
water_main,32.411674635970776,-82.01059454743512,32.4197681906058,-82.00954329940424,0.904,1995,80,pvc,0.7,89.4,3,66.5,268.21,0.703,0.695,0.897,0.871,0.3458,5,WMN-02762,water,2.35,0.0,False,0,150.0,,,,2025,0.0,0.0,0
water_main,31.99476677546441,-84.68613760385341,31.98030302487309,-84.68268526487932,1.638,1949,80,cast_iron,1.85,15.1,2,54.72,212.03,0.751,0.754,0.805,0.392,0.169,4,WMN-02763,water,5.47,0.0,False,0,150.0,,,,2025,0.0,0.0,0
water_main,32.46350248982606,-81.5,32.45854530316332,-81.52838378084938,2.715,1963,80,pvc,0.7,75.7,1,63.22,263.47,0.834,0.542,1.0,0.625,0.2829,5,WMN-02764,water,1.22,0.0,False,0,250.0,,,,2022,0.0,0.0,0
water_main,30.964146915809536,-84.24380712541027,30.955653443745614,-84.2100004384571,3.353,1972,80,ductile_iron,1.0,52.1,3,25.98,101.7,0.247,0.437,0.422,0.491,0.7645,7,WMN-02765,water,3.85,0.0,False,0,200.0,,,,2020,0.0,0.0,0
water_main,31.746468363889274,-85.51590743361037,31.76865293124405,-85.49516734060367,3.146,1959,80,pvc,0.7,59.6,3,50.51,190.0,0.805,0.734,0.743,0.549,0.1575,0,WMN-02766,water,2.54,0.0,False,0,200.0,,,,2024,0.0,0.0,0
water_main,32.66017490958043,-81.96624517536917,32.65281870206875,-81.94889978894459,1.815,1956,80,pvc,0.7,30.6,3,74.31,294.91,0.545,0.445,0.998,0.802,0.6175,5,WMN-02767,water,1.33,0.0,False,0,900.0,,,,2024,0.0,0.0,0
water_main,30.723333855443144,-84.09900808941127,30.716676328309887,-84.10250380146203,0.811,1965,80,cast_iron,1.85,16.1,2,20.38,77.03,0.312,0.449,0.318,0.414,0.4922,7,WMN-02768,water,0.65,0.0,False,0,150.0,,,,2021,0.0,0.0,0
water_main,30.603852879671326,-84.12920694787327,30.5976995543923,-84.12983711160511,0.686,1953,80,ductile_iron,1.0,51.9,3,15.97,63.32,0.315,0.784,0.325,0.421,0.3033,7,WMN-02769,water,1.08,0.0,False,0,200.0,,,,2025,0.0,0.0,0
water_main,32.579461561146495,-82.29990734940026,32.59393464647491,-82.27082024987008,3.16,1982,80,ductile_iron,1.0,60.0,3,74.9,291.91,0.765,0.68,1.0,0.909,0.1108,5,WMN-02770,water,1.49,0.0,False,0,900.0,,,,2021,0.0,0.0,0
water_main,30.2520618262174,-84.24615417807811,30.272111151387488,-84.23497438932277,2.47,1983,80,ductile_iron,1.0,67.7,3,8.19,22.63,0.186,0.798,0.218,0.241,0.085,9,WMN-02771,water,1.16,0.0,False,0,600.0,,,,2025,0.0,0.0,0
water_main,30.80074420426322,-85.73863911768558,30.795719258246127,-85.72741367683477,1.207,1975,80,cast_iron,1.85,63.3,3,23.08,89.07,0.485,0.79,0.455,0.029,0.0846,0,WMN-02772,water,1.31,0.0,False,0,200.0,,,,2021,0.0,0.0,0
water_main,32.80380312210683,-81.95545933624858,32.79647713037905,-81.96974616001482,1.561,2001,80,ductile_iron,1.0,80.2,2,82.89,310.64,0.603,0.393,1.0,0.71,0.6327,5,WMN-02773,water,8.62,0.0,False,0,300.0,,,,2022,0.0,0.0,0
water_main,32.43586139135904,-84.490627773913,32.4233994910774,-84.50752723872674,2.102,1977,80,cast_iron,1.85,57.0,2,71.64,262.28,0.456,0.498,1.0,0.416,0.6516,4,WMN-02774,water,2.28,0.0,False,0,200.0,,,,2026,0.0,0.0,0
water_main,32.51247217491277,-84.79057738971002,32.53143912092205,-84.78994819937861,2.106,1928,80,asbestos_cement,1.55,2.0,3,76.13,269.2,0.83,0.661,1.0,0.39,0.2162,4,WMN-02775,water,2.07,0.0,False,0,150.0,,,,2021,0.0,0.0,0
water_main,32.26628788897268,-81.87703775364832,32.25997991527131,-81.8902008769525,1.42,1931,80,asbestos_cement,1.55,2.0,3,53.64,249.38,0.47,0.522,0.964,0.879,0.6319,3,WMN-02776,water,3.43,0.0,False,0,200.0,,,,2025,0.0,0.0,0
water_main,32.07206347453075,-84.38616538137993,32.100735251719925,-84.41586772530545,4.235,1976,80,ductile_iron,1.0,42.9,3,62.15,222.94,0.693,0.685,0.808,0.571,0.2412,4,WMN-02777,water,2.06,0.0,False,0,200.0,,,,2023,0.0,0.0,0
water_main,30.96558213810097,-84.08619304993974,30.967689051821864,-84.08784974812814,0.282,1985,80,asbestos_cement,1.55,68.1,2,23.76,104.11,0.511,0.571,0.445,0.429,0.43,7,WMN-02778,water,3.42,0.0,False,0,600.0,,,,2014,0.0,0.0,0
water_main,32.03223246686725,-82.02891736947201,32.02236355981075,-82.00705777941583,2.33,2019,80,asbestos_cement,1.55,89.6,3,53.69,226.45,0.937,0.627,0.834,0.983,0.11,3,WMN-02779,water,6.45,0.0,False,0,300.0,,,,2022,0.0,0.0,0
water_main,31.599285618269807,-84.7698489099127,31.576913357432815,-84.7436291944372,3.509,1974,80,pvc,0.7,69.0,3,40.83,167.87,0.807,0.469,0.718,0.514,0.0902,4,WMN-02780,water,2.8,0.0,False,0,100.0,,,,2023,0.0,0.0,0
water_main,31.70841216706249,-82.22996140575546,31.708855839219055,-82.24623151051601,1.537,1937,80,ductile_iron,1.0,30.0,3,42.08,194.12,0.916,0.537,0.712,1.0,0.0838,3,WMN-02781,water,2.32,0.0,False,0,300.0,,,,2023,0.0,0.0,0
water_main,32.76591329971924,-82.06921998308634,32.77604999436937,-82.05734804681342,1.579,1955,80,cast_iron,1.85,17.4,3,82.61,308.66,0.684,0.467,0.993,0.759,0.5032,5,WMN-02782,water,1.99,0.0,False,0,250.0,,,,2019,0.0,0.0,0
water_main,32.25057205672239,-81.76978507153959,32.25523821184143,-81.76541598778259,0.661,1951,80,ductile_iron,1.0,39.4,3,53.74,245.4,0.291,0.49,0.889,0.943,0.7883,3,WMN-02783,water,2.01,0.0,False,0,200.0,,,,2024,0.0,0.0,0
water_main,33.0,-81.5,33.01789570587074,-81.50115356386374,1.989,1993,80,ductile_iron,1.0,73.4,3,86.7,323.02,0.76,0.726,1.0,0.616,0.0877,5,WMN-02784,water,1.76,0.0,False,0,150.0,,,,2023,0.0,0.0,0
water_main,32.37672026539183,-84.49102866833377,32.37799287927352,-84.47376441826341,1.625,1972,80,cast_iron,1.85,55.3,2,69.35,255.72,0.666,0.412,0.812,0.447,0.5237,4,WMN-02785,water,4.04,0.0,False,0,300.0,,,,2023,0.0,0.0,0
water_main,32.71923381409685,-82.04972079652056,32.722590246890064,-82.05723619998214,0.795,1954,80,cast_iron,1.85,2.0,2,78.97,303.1,0.571,0.595,1.0,0.759,0.5414,5,WMN-02786,water,2.41,0.0,False,0,250.0,,,,2025,0.0,0.0,0
water_main,31.150864459034008,-84.03019674999739,31.16410549846542,-84.02542207750446,1.538,1942,80,ductile_iron,1.0,52.2,3,36.19,125.54,0.597,0.726,0.632,0.489,0.1274,7,WMN-02787,water,1.46,0.0,False,0,300.0,,,,2023,0.0,0.0,0
water_main,32.31706753729674,-84.24983965286202,32.280110531586445,-84.25188032678685,4.107,1939,80,pvc,0.7,40.1,3,69.59,251.79,0.84,0.775,0.992,0.473,0.1716,4,WMN-02788,water,1.57,0.0,False,0,200.0,,,,2024,0.0,0.0,0
water_main,30.82961304799644,-84.12628432562829,30.829632864649035,-84.10350316417677,2.171,1946,80,cast_iron,1.85,29.4,3,20.09,88.42,0.351,0.649,0.431,0.432,0.7042,7,WMN-02789,water,3.28,0.0,False,0,150.0,,,,2024,0.0,0.0,0
water_main,32.47439522594558,-84.66164835541461,32.46716268745062,-84.65130179132508,1.258,1972,80,ductile_iron,1.0,37.6,3,76.03,265.38,0.701,0.635,0.955,0.471,0.4718,4,WMN-02790,water,1.05,0.0,False,0,200.0,,,,2023,0.0,0.0,0
water_main,32.749179554551596,-81.64493104852478,32.749591899831444,-81.65841207769796,1.259,1964,80,asbestos_cement,1.55,33.4,3,77.57,298.13,0.832,0.788,1.0,0.497,0.2172,5,WMN-02791,water,1.07,0.0,False,0,100.0,,,,2021,0.0,0.0,0
water_main,32.46453877923667,-82.07973497154588,32.48892599068042,-82.06488748838642,3.043,1963,80,asbestos_cement,1.55,32.0,3,63.19,275.4,0.838,0.53,1.0,0.836,0.2404,5,WMN-02792,water,1.31,0.0,False,0,150.0,,,,2025,0.0,0.0,0
water_main,32.16733268632999,-81.5,32.18212805892482,-81.48505825041437,2.161,1985,80,cast_iron,1.85,69.4,3,49.8,230.6,0.833,0.717,0.834,0.732,0.2181,3,WMN-02793,water,2.6,0.0,False,0,400.0,,,,2022,0.0,0.0,0
water_main,32.251671915459326,-81.5136954367683,32.223078638301146,-81.5065098842678,3.245,1988,80,ductile_iron,1.0,62.4,3,55.5,240.23,0.758,0.62,0.959,0.712,0.3254,5,WMN-02794,water,3.04,0.0,False,0,300.0,,,,2020,0.0,0.0,0
water_main,32.022434675164924,-81.59776351563826,32.03386934179423,-81.59696178412727,1.271,1960,80,pvc,0.7,44.2,3,49.07,216.49,0.796,0.57,0.696,0.781,0.1524,3,WMN-02795,water,8.88,0.0,False,0,200.0,,,,2023,0.0,0.0,0
water_main,31.905535269012027,-84.98997815326139,31.88582954207823,-85.01420920858212,3.162,1971,80,pvc,0.7,50.2,3,50.54,202.07,0.808,0.611,0.663,0.385,0.0957,0,WMN-02796,water,1.89,0.0,False,0,250.0,,,,2025,0.0,0.0,0
water_main,31.675294279005634,-85.15639888236825,31.68207015735178,-85.17639677932482,2.033,1964,80,pvc,0.7,67.5,3,45.48,177.55,0.665,0.666,0.659,0.492,0.2552,0,WMN-02797,water,2.38,0.0,False,0,250.0,,,,2023,0.0,0.0,0
water_main,31.175185529941338,-84.63341237160824,31.13977070501681,-84.65119676575786,4.279,1946,80,pvc,0.7,54.5,3,23.04,121.32,0.514,0.555,0.624,0.445,0.3457,7,WMN-02798,water,1.89,0.84,False,0,200.0,,,,2022,0.0,0.0,0
water_main,31.012613513511727,-84.92309190387165,31.01850932150224,-84.92998024101531,0.926,1983,80,cast_iron,1.85,51.1,2,23.72,102.76,0.447,0.585,0.459,0.309,0.1897,7,WMN-02799,water,4.46,0.0,False,0,300.0,,,,2023,0.0,0.0,0
water_main,32.78723551921484,-82.12882421995924,32.772296628742126,-82.15597315362642,3.028,1985,80,ductile_iron,1.0,71.7,3,84.15,312.13,0.733,0.62,1.0,0.654,0.3668,5,WMN-02800,water,1.61,0.0,False,0,200.0,,,,2022,0.0,0.0,0
water_main,30.984908055812944,-84.2471325800338,30.994115815455494,-84.26043010238732,1.627,1965,80,cast_iron,1.85,33.0,2,24.15,103.96,0.356,0.399,0.389,0.362,0.6966,7,WMN-02801,water,4.4,0.0,False,0,150.0,,,,2023,0.0,0.0,0
water_main,31.288641059115317,-85.55708543740407,31.30153443037353,-85.55817583863274,1.435,1969,80,pvc,0.7,62.2,1,35.93,139.87,0.591,0.58,0.573,0.277,0.3811,0,WMN-02802,water,0.71,0.0,False,0,400.0,,,,2020,0.0,0.0,0
water_main,31.047495968378147,-84.81691084591147,31.052179148210545,-84.82070155477858,0.633,2002,80,pvc,0.7,83.7,3,23.08,106.56,0.456,0.681,0.568,0.398,0.332,7,WMN-02803,water,4.85,0.0,False,0,100.0,,,,2024,0.0,0.0,0
water_main,31.48400773245821,-85.27917447788022,31.46851915825113,-85.27755646679928,1.726,1958,80,cast_iron,1.85,20.8,3,37.66,157.53,0.749,0.621,0.66,0.402,0.2935,0,WMN-02804,water,2.61,0.0,False,0,400.0,,,,2021,0.0,0.0,0
water_main,31.03220440435103,-84.24719818411607,31.031463486649734,-84.27072080540198,2.239,1955,80,cast_iron,1.85,15.4,3,28.0,109.21,0.313,0.609,0.546,0.464,0.5335,7,WMN-02805,water,1.23,0.0,False,0,200.0,,,,2023,0.0,0.0,0
water_main,30.73414007472554,-84.5764319838496,30.73002774254572,-84.56590083652166,1.104,1974,80,cast_iron,1.85,45.2,3,16.31,72.72,0.38,0.563,0.329,0.323,0.2663,7,WMN-02806,water,1.9,0.51,False,0,150.0,,,,2023,0.0,0.0,0
water_main,32.726908324927834,-84.84012557876994,32.72848755534755,-84.84809591889797,0.765,1954,80,cast_iron,1.85,18.7,1,82.99,292.96,0.865,0.544,1.0,0.369,0.1155,4,WMN-02807,water,3.04,0.0,False,0,200.0,,,,2023,0.0,0.0,0
water_main,30.86623993095893,-84.8057461774623,30.851169552024913,-84.81334258864067,1.823,2001,80,cast_iron,1.85,72.6,3,16.75,86.45,0.431,0.692,0.359,0.323,0.2422,7,WMN-02808,water,1.38,0.0,False,0,400.0,,,,2016,0.0,0.0,0
water_main,30.873140792023953,-84.20148215907842,30.84527857078968,-84.20948976710895,3.185,1983,80,pvc,0.7,72.3,3,22.59,92.17,0.101,0.217,0.466,0.378,0.9155,7,WMN-02809,water,0.77,0.0,False,0,200.0,,,,2025,0.0,0.0,0
water_main,30.870353304438144,-84.39278536146082,30.868228895745812,-84.43395083154492,3.929,1928,80,asbestos_cement,1.55,9.4,3,20.3,89.48,0.371,0.262,0.547,0.454,0.8234,7,WMN-02810,water,1.65,0.0,False,0,150.0,,,,2025,0.0,0.0,0
water_main,32.27353316044516,-84.26785396707322,32.27306861869264,-84.25425084749162,1.278,1981,80,pvc,0.7,76.7,1,65.65,246.72,0.853,0.705,0.955,0.456,0.1629,4,WMN-02811,water,4.02,0.0,False,0,200.0,,,,2024,0.0,0.0,0
water_main,32.38437722210894,-82.15094113261803,32.37542497292463,-82.14499675754628,1.139,1935,80,cast_iron,1.85,2.0,2,69.14,267.8,0.807,0.676,0.999,0.959,0.1367,3,WMN-02812,water,3.97,0.0,False,0,400.0,,,,2024,0.0,0.0,0
water_main,32.39018991309858,-81.81993354866187,32.422016389812235,-81.81055267511438,3.641,1992,80,ductile_iron,1.0,62.3,3,64.15,261.95,0.369,0.335,1.0,0.785,0.8649,5,WMN-02813,water,1.13,0.0,False,0,100.0,,,,2020,0.0,0.0,0
water_main,32.66710824494131,-82.07331126425564,32.66178945646115,-82.08016948752609,0.871,2000,80,cast_iron,1.85,82.6,3,78.65,297.77,0.683,0.536,1.0,0.729,0.4548,5,WMN-02814,water,0.72,0.0,False,0,200.0,,,,2025,0.0,0.0,0
water_main,32.61329545139552,-81.6443600441156,32.58888224749592,-81.66221024603554,3.183,1934,80,cast_iron,1.85,2.0,3,73.82,283.04,0.74,0.607,1.0,0.673,0.3298,5,WMN-02815,water,1.71,0.0,False,0,100.0,,,,2023,0.0,0.0,0
water_main,32.50659161292279,-81.54550286802251,32.510770643435016,-81.55619006852005,1.103,1991,80,ductile_iron,1.0,73.4,2,68.73,269.17,0.702,0.585,1.0,0.661,0.3256,5,WMN-02816,water,1.94,0.0,False,0,200.0,,,,2022,0.0,0.0,0
water_main,30.795556617536523,-85.00557987665161,30.77450388594285,-85.0027390616989,2.352,1973,80,ductile_iron,1.0,55.0,3,16.51,78.93,0.449,0.682,0.413,0.158,0.0975,9,WMN-02817,water,1.34,0.0,False,0,600.0,,,,2024,0.0,0.0,0
water_main,30.185392489614063,-84.45906081932455,30.18553335481686,-84.47896693664505,1.91,1958,80,cast_iron,1.85,25.0,1,0.3,12.77,0.262,0.624,0.208,0.077,0.0839,9,WMN-02818,water,3.38,2.31,False,0,300.0,,,,2024,0.0,0.0,0
water_main,32.488741997756414,-84.81334180517564,32.46729015508264,-84.80774911928584,2.438,2022,80,pvc,0.7,93.1,2,72.02,266.54,0.849,0.656,1.0,0.376,0.1835,4,WMN-02819,water,2.5,0.0,False,0,600.0,,,,2025,0.0,0.0,0
water_main,32.84984922708674,-82.08951232281534,32.86144940599405,-82.07245750343164,2.046,1991,80,ductile_iron,1.0,63.4,3,85.61,318.35,0.692,0.636,1.0,0.829,0.3938,5,WMN-02820,water,2.16,0.0,False,0,300.0,,,,2020,0.0,0.0,0
water_main,32.71113468091046,-84.72747528654445,32.70100163269596,-84.69223301765764,3.478,1928,80,asbestos_cement,1.55,3.8,3,79.53,291.4,0.786,0.847,1.0,0.374,0.2064,4,WMN-02821,water,1.53,0.0,False,0,250.0,,,,2024,0.0,0.0,0
water_main,32.87277739523047,-82.06658673442901,32.87397802546317,-82.03145678854332,3.278,2009,80,asbestos_cement,1.55,78.2,3,86.74,320.47,0.733,0.689,1.0,0.736,0.4012,5,WMN-02822,water,3.82,0.0,False,0,250.0,,,,2026,0.0,0.0,0
water_main,32.52743552201652,-84.33953218550228,32.50922586812003,-84.3672438061229,3.288,1936,80,ductile_iron,1.0,48.2,2,75.56,274.02,0.66,0.598,0.946,0.507,0.4681,4,WMN-02823,water,1.38,0.0,False,0,150.0,,,,2024,0.0,0.0,0
water_main,31.06461432984409,-84.44005162044354,31.078699905903633,-84.4176184583312,2.645,1986,80,asbestos_cement,1.55,66.5,3,22.22,110.55,0.385,0.534,0.451,0.366,0.4179,7,WMN-02824,water,1.1,0.61,False,0,600.0,,,,2016,0.0,0.0,0
water_main,32.487659730675055,-84.36213834002454,32.500251765876435,-84.33140798766607,3.199,1994,80,cast_iron,1.85,70.1,3,73.41,269.34,0.722,0.39,0.98,0.484,0.5151,4,WMN-02825,water,0.89,0.0,False,0,150.0,,,,2020,0.0,0.0,0
water_main,30.825232200870172,-84.80745805473694,30.83412051133773,-84.80341153287723,1.059,2007,80,ductile_iron,1.0,77.3,2,19.46,81.9,0.447,0.782,0.452,0.229,0.2011,7,WMN-02826,water,3.64,0.0,False,0,250.0,,,,2023,0.0,0.0,0
water_main,30.608494164161808,-83.62651521420793,30.583496006104358,-83.63597778034703,2.918,1974,80,cast_iron,1.85,45.6,2,18.23,71.69,0.521,0.461,0.402,0.475,0.0839,7,WMN-02827,water,1.73,0.0,False,0,100.0,,,,2025,0.0,0.0,0
water_main,32.55443439928214,-81.85082425406357,32.54928336193258,-81.84228833913785,0.982,2003,80,ductile_iron,1.0,71.6,3,68.02,280.82,0.371,0.511,1.0,0.765,0.6177,5,WMN-02828,water,1.51,0.0,False,0,100.0,,,,2023,0.0,0.0,0
water_main,30.712522938986343,-84.0720727661132,30.716960182078505,-84.0796436872222,0.874,1971,80,steel,1.1,81.3,3,18.67,76.24,0.414,0.692,0.347,0.415,0.4033,7,WMN-02829,water,1.65,0.0,False,0,150.0,,,,2025,0.0,0.0,0
water_main,30.521364793478124,-84.34903783151506,30.534944289983976,-84.37758324703425,3.118,1941,80,ductile_iron,1.0,40.3,3,10.32,51.23,0.317,0.63,0.307,0.278,0.2039,7,WMN-02830,water,1.57,0.0,False,0,100.0,,,,2023,0.0,0.0,0
water_main,33.0,-82.31551840471454,33.000278077454595,-82.30012420614761,1.433,1961,80,ductile_iron,1.0,68.2,3,93.25,338.83,0.824,0.555,1.0,0.754,0.0949,5,WMN-02831,water,4.34,0.0,False,0,150.0,,,,2020,0.0,0.0,0
water_main,32.3811268612506,-84.6814287702664,32.35794968722334,-84.68515471107335,2.596,1998,80,ductile_iron,1.0,84.1,3,69.09,254.94,0.674,0.49,0.879,0.386,0.3284,4,WMN-02832,water,0.39,0.0,False,0,150.0,,,,2025,0.0,0.0,0
water_main,31.187414164876085,-84.34356240478411,31.19649511281112,-84.34970363534045,1.165,1968,80,steel,1.1,58.1,3,25.19,125.23,0.616,0.722,0.466,0.468,0.1916,7,WMN-02833,water,0.87,0.0,False,0,200.0,,,,2025,0.0,0.0,0
water_main,32.48893372761782,-84.40778596858598,32.46231211035522,-84.3806142677683,3.899,1982,80,ductile_iron,1.0,84.5,2,72.28,268.98,0.565,0.481,0.868,0.509,0.6185,4,WMN-02834,water,3.1,0.0,False,0,150.0,,,,2024,0.0,0.0,0
water_main,30.955951725859727,-84.42529366362108,30.95853584019689,-84.41341996292432,1.166,1949,80,cast_iron,1.85,7.3,3,22.57,98.64,0.458,0.523,0.578,0.382,0.6407,7,WMN-02835,water,1.97,0.0,False,0,400.0,,,,2023,0.0,0.0,0
water_main,30.901909926385063,-84.1009961676809,30.894783617480247,-84.09408868905435,1.029,1987,80,ductile_iron,1.0,67.3,3,22.89,96.82,0.401,0.359,0.423,0.484,0.5725,7,WMN-02836,water,0.8,0.0,False,0,100.0,,,,2024,0.0,0.0,0
water_main,31.38006932051127,-85.14568515099111,31.40001382018521,-85.13921336888107,2.297,1953,80,ductile_iron,1.0,38.1,3,35.45,144.69,0.565,0.571,0.613,0.441,0.1597,0,WMN-02837,water,5.73,0.0,False,0,200.0,,,,2023,0.0,0.0,0
water_main,31.39932236295052,-85.00010448799925,31.373521181860642,-84.98191903437886,3.342,2004,80,ductile_iron,1.0,88.2,3,30.02,145.93,0.721,0.706,0.589,0.452,0.112,0,WMN-02838,water,1.18,0.0,False,0,300.0,,,,2026,0.0,0.0,0
water_main,30.960354715415757,-84.03803666309982,30.971622130350752,-83.9812676467002,5.546,1964,80,ductile_iron,1.0,45.3,3,28.2,104.27,0.469,0.409,0.58,0.474,0.3233,7,WMN-02839,water,1.74,2.01,False,0,600.0,,,,2025,0.0,0.0,0
water_main,32.09152429164438,-84.45123631606253,32.098998476840315,-84.47415492815512,2.309,1933,80,cast_iron,1.85,2.0,3,61.7,224.43,0.622,0.581,0.901,0.418,0.2502,4,WMN-02840,water,1.41,0.0,False,0,150.0,,,,2024,0.0,0.0,0
water_main,32.58851255243001,-82.01784406378322,32.564125340501,-82.00769419787925,2.869,1960,80,pvc,0.7,62.9,2,75.75,287.98,0.595,0.507,1.0,0.801,0.4567,5,WMN-02841,water,1.84,0.0,False,0,100.0,,,,2024,0.0,0.0,0
water_main,32.48231516842011,-81.83003752909501,32.45141339231837,-81.81525540469484,3.699,1999,80,pvc,0.7,86.3,3,66.41,272.38,0.374,0.453,1.0,0.756,0.7223,5,WMN-02842,water,1.36,0.0,False,0,300.0,,,,2026,0.0,0.0,0
water_main,31.122467995755823,-84.40749812512186,31.106642778066668,-84.41518930829167,1.903,2025,80,cast_iron,1.85,100.0,3,30.95,117.31,0.589,0.568,0.703,0.403,0.305,7,WMN-02843,water,2.02,0.0,False,0,600.0,,,,2024,0.0,0.0,0
water_main,32.00130660712322,-81.57442586760007,32.00115112920476,-81.5929996650506,1.748,1949,80,ductile_iron,1.0,45.4,2,44.41,213.67,0.886,0.655,0.787,0.826,0.1286,3,WMN-02844,water,1.02,0.0,False,0,300.0,,,,2024,0.0,0.0,0
water_main,32.58631838168872,-81.58600845698777,32.55901457311826,-81.58654398438871,3.031,1971,80,asbestos_cement,1.55,42.2,3,67.34,278.84,0.732,0.465,1.0,0.637,0.2808,5,WMN-02845,water,1.86,0.0,False,0,100.0,,,,2026,0.0,0.0,0
water_main,30.299372744031515,-84.20085909903094,30.30260265458717,-84.19368342650473,0.776,1938,80,ductile_iron,1.0,31.8,2,7.79,28.49,0.347,0.708,0.181,0.268,0.0868,9,WMN-02846,water,1.96,0.55,False,0,250.0,,,,2023,0.0,0.0,0
water_main,32.56737123416508,-81.86953615358236,32.55369110128422,-81.87800034797927,1.713,1990,80,cast_iron,1.85,58.9,3,69.29,282.64,0.491,0.451,1.0,0.83,0.6041,5,WMN-02847,water,1.43,0.0,False,0,150.0,,,,2022,0.0,0.0,0
water_main,31.36651105537695,-85.0528752555381,31.320966820954627,-85.09616472168035,6.511,2020,80,cast_iron,1.85,100.0,3,32.99,142.54,0.615,0.817,0.602,0.422,0.1187,0,WMN-02848,water,1.52,0.0,False,0,150.0,,,,2020,0.0,0.0,0
water_main,32.58861273548541,-82.08244197965186,32.58160141671317,-82.10439104057892,2.195,2010,80,ductile_iron,1.0,81.5,2,72.62,289.23,0.893,0.556,1.0,0.902,0.3475,5,WMN-02849,water,2.58,0.0,False,0,250.0,,,,2023,0.0,0.0,0
water_main,31.049686360786225,-84.71570574275097,31.05773690718582,-84.68776451723788,2.803,1986,80,steel,1.1,70.3,2,23.93,107.02,0.426,0.531,0.464,0.422,0.459,7,WMN-02850,water,2.91,0.0,False,0,300.0,,,,2023,0.0,0.0,0
water_main,31.877298032863145,-84.87760033666761,31.880015153357196,-84.88850059667793,1.071,1991,80,pvc,0.7,92.2,3,48.39,198.67,1.0,0.677,0.694,0.445,0.0947,4,WMN-02851,water,3.31,0.0,False,0,300.0,,,,2025,0.0,0.0,0
water_main,32.473693200530214,-84.62401147799598,32.468343738574994,-84.64509646206365,2.062,1954,80,asbestos_cement,1.55,25.0,2,71.09,265.51,0.511,0.607,0.997,0.376,0.5586,4,WMN-02852,water,2.86,0.0,False,0,100.0,,,,2021,0.0,0.0,0
water_main,32.190066869846994,-81.7532685947301,32.18708748366423,-81.76610381308348,1.25,1963,80,cast_iron,1.85,17.0,3,54.84,238.34,0.613,0.463,0.935,0.866,0.6074,3,WMN-02853,water,1.72,0.0,False,0,400.0,,,,2023,0.0,0.0,0
water_main,32.72821057257523,-81.81366997243633,32.727976989806436,-81.85389976680936,3.757,1959,80,cast_iron,1.85,35.5,2,76.33,299.34,0.699,0.351,0.967,0.635,0.5448,5,WMN-02854,water,3.05,0.0,False,0,200.0,,,,2025,0.0,0.0,0
water_main,31.685744818299728,-85.91868000137156,31.68606436011092,-85.89528106075394,2.21,2022,80,ductile_iron,1.0,100.0,3,52.28,190.97,0.885,0.756,0.702,0.466,0.0845,0,WMN-02855,water,2.34,0.0,False,0,150.0,,,,2020,0.0,0.0,0
water_main,32.88993317714184,-81.66653788589748,32.907625458043206,-81.70096997901223,3.763,1968,80,asbestos_cement,1.55,45.3,3,80.26,314.21,0.758,0.595,1.0,0.533,0.1766,5,WMN-02856,water,2.03,0.0,False,0,150.0,,,,2023,0.0,0.0,0
water_main,31.04344582665108,-84.17859122845631,31.047595698808127,-84.15420137355372,2.365,1952,80,cast_iron,1.85,22.3,3,29.9,111.4,0.545,0.557,0.549,0.471,0.4296,7,WMN-02857,water,4.23,0.0,False,0,100.0,,,,2023,0.0,0.0,0
water_main,32.62517497064489,-84.77360083294536,32.636618231975895,-84.77569599367082,1.285,1940,80,ductile_iron,1.0,51.8,1,79.72,281.74,0.787,0.478,1.0,0.399,0.2127,4,WMN-02858,water,2.63,0.0,False,0,300.0,,,,2025,0.0,0.0,0
water_main,30.895020354735248,-84.24827253347213,30.86631218101587,-84.27401174460574,4.021,1928,80,cast_iron,1.85,17.2,3,23.3,93.97,0.255,0.355,0.401,0.421,0.9581,7,WMN-02859,water,3.37,2.26,False,0,200.0,,,,2023,0.0,0.0,0
water_main,31.053498235244923,-85.37519753489686,31.060264125724135,-85.36955998581703,0.923,1940,80,cast_iron,1.85,16.3,2,24.38,110.95,0.416,0.621,0.541,0.239,0.1542,0,WMN-02860,water,2.33,0.0,False,0,600.0,,,,2019,0.0,0.0,0
water_main,30.882703951019575,-84.44911188948907,30.90835362845845,-84.43935472087328,2.995,1975,80,pvc,0.7,56.1,2,19.8,90.27,0.297,0.457,0.323,0.355,0.6677,7,WMN-02861,water,2.26,0.0,False,0,150.0,,,,2024,0.0,0.0,0
water_main,30.961379371972736,-84.70130898532163,30.949508894765387,-84.71579633669265,1.907,1952,80,ductile_iron,1.0,50.0,3,19.98,97.27,0.338,0.584,0.419,0.372,0.4459,7,WMN-02862,water,3.76,0.0,False,0,600.0,,,,2019,0.0,0.0,0
water_main,30.79924509750603,-84.36789393047385,30.784190156564314,-84.35562217127399,2.04,1941,80,pvc,0.7,38.5,3,18.53,81.86,0.275,0.386,0.335,0.434,0.8663,7,WMN-02863,water,2.53,0.0,False,0,100.0,,,,2024,0.0,0.0,0
water_main,32.9683291135765,-81.87037091455325,32.96592479065586,-81.87468422468498,0.482,1971,80,cast_iron,1.85,13.0,2,91.25,327.17,0.679,0.599,1.0,0.642,0.2917,5,WMN-02864,water,1.0,0.0,False,0,100.0,,,,2017,0.0,0.0,0
water_main,30.639385691817857,-84.19661738542634,30.53121077884853,-84.15246446073287,12.726,1993,80,cast_iron,1.85,88.6,2,14.15,66.29,0.163,0.428,0.398,0.381,0.4774,7,WMN-02865,water,1.89,0.0,False,0,200.0,,,,2024,0.0,0.0,0
water_main,30.92543850432331,-84.71717578303071,30.920388637411392,-84.71139967284911,0.785,1967,80,ductile_iron,1.0,56.9,3,19.8,93.22,0.365,0.52,0.524,0.334,0.3956,7,WMN-02866,water,1.38,1.36,False,0,150.0,,,,2023,0.0,0.0,0
water_main,31.07821950550848,-84.79477660915877,31.049440392647504,-84.83794568628657,5.201,2005,80,ductile_iron,1.0,85.1,1,26.14,109.99,0.443,0.501,0.438,0.443,0.3538,7,WMN-02867,water,2.94,0.0,False,0,300.0,,,,2026,0.0,0.0,0
water_main,32.74460441067124,-84.36719012254719,32.769774759121255,-84.3469287677615,3.374,2008,80,cast_iron,1.85,94.3,3,87.27,297.8,0.695,0.525,1.0,0.49,0.2544,4,WMN-02868,water,1.53,0.0,False,0,200.0,,,,2022,0.0,0.0,0
water_main,32.80236049663144,-84.60378369626302,32.78624285014648,-84.60474607635717,1.791,1939,80,pvc,0.7,36.4,3,81.72,302.11,0.707,0.672,1.0,0.457,0.199,4,WMN-02869,water,1.25,0.0,False,0,600.0,,,,2017,0.0,0.0,0
water_main,30.693543347350154,-84.9636430487011,30.70397310019349,-84.97546417348613,1.617,1967,80,cast_iron,1.85,48.1,3,13.42,67.45,0.493,0.701,0.34,0.185,0.0912,9,WMN-02870,water,0.11,0.0,False,0,100.0,,,,2024,0.0,0.0,0
water_main,31.96532517712736,-81.7194676779716,31.905508695159153,-81.70624052258118,6.755,1978,80,ductile_iron,1.0,74.3,2,43.6,212.68,0.83,0.666,0.677,0.939,0.1316,3,WMN-02871,water,0.45,0.0,False,0,100.0,,,,2025,0.0,0.0,0
water_main,32.55009114197144,-84.6082674549349,32.550059564277106,-84.63057380539045,2.087,1985,80,cast_iron,1.85,49.5,3,76.27,274.08,0.536,0.686,0.932,0.419,0.606,4,WMN-02872,water,2.55,0.0,False,0,150.0,,,,2024,0.0,0.0,0
water_main,30.617836171475517,-85.2005281259082,30.63612066680883,-85.22396454717965,3.022,1960,80,ductile_iron,1.0,52.3,3,9.29,60.56,0.391,0.733,0.398,0.0,0.0838,9,WMN-02873,water,2.01,0.0,False,0,150.0,,,,2024,0.0,0.0,0
water_main,31.871005134918164,-85.39890935507883,31.875838831251734,-85.39115040675165,0.907,1986,80,asbestos_cement,1.55,73.7,3,54.67,202.03,0.821,0.667,0.866,0.491,0.1486,0,WMN-02874,water,2.03,0.0,False,0,200.0,,,,2023,0.0,0.0,0
water_main,32.21817013943709,-81.76828521621077,32.24367463609376,-81.75173932286617,3.229,1964,80,cast_iron,1.85,20.3,2,54.96,241.77,0.517,0.533,0.857,0.838,0.6935,3,WMN-02875,water,4.93,0.0,False,0,300.0,,,,2023,0.0,0.0,0
water_main,32.62536821406749,-81.93153419833455,32.61249504139884,-81.93465246680259,1.458,1971,80,pvc,0.7,64.2,3,71.81,290.35,0.529,0.407,1.0,0.742,0.6042,5,WMN-02876,water,4.17,0.0,False,0,150.0,,,,2020,0.0,0.0,0
water_main,30.348815486641886,-84.57298327511336,30.331522638602046,-84.55859589087594,2.363,1957,80,ductile_iron,1.0,52.3,2,6.66,29.97,0.287,0.513,0.284,0.103,0.0853,9,WMN-02877,water,1.11,0.0,False,0,250.0,,,,2017,0.0,0.0,0
water_main,32.44725122047469,-84.32866313238326,32.47413253700979,-84.29992811118596,4.018,1994,80,asbestos_cement,1.55,76.9,3,71.55,265.25,0.633,0.653,1.0,0.523,0.4063,4,WMN-02878,water,3.06,0.0,False,0,100.0,,,,2016,0.0,0.0,0
water_main,32.88433924019193,-82.28382301981419,32.85395755119746,-82.29493435576615,3.528,1964,80,cast_iron,1.85,39.7,3,90.95,325.51,0.915,0.742,1.0,0.748,0.1249,5,WMN-02879,water,3.12,0.0,False,0,150.0,,,,2024,0.0,0.0,0
water_main,31.97701136489036,-81.82318350696352,31.96778623843519,-81.84070715889668,1.942,1948,80,pvc,0.7,52.8,3,45.91,216.15,0.749,0.689,0.864,0.926,0.1356,3,WMN-02880,water,4.38,0.0,False,0,100.0,,,,2023,0.0,0.0,0
water_main,30.884733204973355,-84.25231248611627,30.920803868879485,-84.26639318500007,4.223,1960,80,steel,1.1,46.5,3,20.16,92.77,0.192,0.394,0.484,0.478,0.9799,7,WMN-02881,water,1.74,0.53,False,0,250.0,,,,2020,0.0,0.0,0
water_main,32.26203523063996,-84.6496037362322,32.235884520911206,-84.6426335520167,2.976,1941,80,steel,1.1,25.4,3,62.28,241.87,0.757,0.646,0.78,0.426,0.2172,4,WMN-02882,water,3.57,0.0,False,0,100.0,,,,2025,0.0,0.0,0
water_main,31.944709914612698,-84.31492338041635,31.9547502373163,-84.31006008142138,1.205,1960,80,cast_iron,1.85,11.2,2,54.01,209.63,0.841,0.806,0.802,0.433,0.232,4,WMN-02883,water,3.73,0.0,False,0,600.0,,,,2024,0.0,0.0,0
water_main,31.543205485875898,-84.7070289063921,31.53880433151657,-84.73698995630392,2.876,1960,80,ductile_iron,1.0,42.5,1,43.54,161.83,0.768,0.638,0.675,0.479,0.0898,4,WMN-02884,water,2.13,0.0,False,0,200.0,,,,2022,0.0,0.0,0
water_main,30.982573970625644,-84.40095583010321,30.97706656029215,-84.43007270848041,2.837,1947,80,ductile_iron,1.0,48.3,3,21.7,101.85,0.377,0.51,0.464,0.424,0.6212,7,WMN-02885,water,4.46,0.0,False,0,150.0,,,,2022,0.0,0.0,0
water_main,31.58999819766581,-85.60962983064849,31.605583436604014,-85.59612617237651,2.15,1957,80,ductile_iron,1.0,53.1,3,42.05,174.24,0.782,0.677,0.678,0.487,0.1595,0,WMN-02886,water,1.04,0.0,False,0,300.0,,,,2023,0.0,0.0,0
water_main,30.712426392929146,-83.71884580889021,30.706896124854076,-83.73046433642342,1.267,1967,80,cast_iron,1.85,53.3,3,24.62,81.82,0.528,0.743,0.445,0.361,0.0856,7,WMN-02887,water,2.19,0.0,False,0,200.0,,,,2017,0.0,0.0,0
water_main,30.946202179585086,-84.14849207741909,30.941253374496686,-84.1785503779224,2.914,1993,80,cast_iron,1.85,68.4,2,29.7,101.04,0.391,0.489,0.466,0.436,0.636,7,WMN-02888,water,5.11,0.0,False,0,250.0,,,,2019,0.0,0.0,0
water_main,31.811326402339763,-85.46902338232906,31.82124448609116,-85.46056702265287,1.36,1989,80,cast_iron,1.85,61.5,3,47.58,196.44,0.871,0.716,0.801,0.537,0.1549,0,WMN-02889,water,1.12,0.0,False,0,300.0,,,,2022,0.0,0.0,0
water_main,31.456556243615488,-85.32717777119878,31.45426455797454,-85.35772709824398,2.904,1993,80,ductile_iron,1.0,68.3,2,40.78,155.06,0.672,0.523,0.654,0.367,0.3064,0,WMN-02890,water,1.05,0.0,False,0,300.0,,,,2023,0.0,0.0,0
water_main,32.20086756976808,-84.32333483773083,32.188592789759205,-84.33185877099561,1.58,2003,80,ductile_iron,1.0,83.3,3,64.82,237.96,0.742,0.597,0.863,0.508,0.1732,4,WMN-02891,water,2.81,0.0,False,0,600.0,,,,2022,0.0,0.0,0
water_main,32.18905935961409,-84.26049486982615,32.17311507450841,-84.2876028267755,3.101,1962,80,pvc,0.7,59.6,1,64.1,237.44,0.778,0.704,0.85,0.518,0.139,4,WMN-02892,water,0.21,0.0,False,0,200.0,,,,2020,0.0,0.0,0
water_main,30.81395112766599,-84.34038397475317,30.8091057769694,-84.33872280212806,0.561,1946,80,pvc,0.7,52.1,3,19.82,83.81,0.197,0.289,0.404,0.366,0.9468,7,WMN-02893,water,1.31,1.3,False,0,100.0,,,,2020,0.0,0.0,0
water_main,30.806442849644824,-84.63105137513874,30.806022201761117,-84.65134406807512,1.935,1953,80,steel,1.1,66.4,3,18.81,80.4,0.294,0.452,0.435,0.256,0.2977,7,WMN-02894,water,2.36,0.0,False,0,250.0,,,,2025,0.0,0.0,0
water_main,30.831685860813895,-84.60213819552938,30.819672859894784,-84.60499027965773,1.361,1972,80,cast_iron,1.85,37.2,3,16.27,83.37,0.364,0.688,0.4,0.377,0.3579,7,WMN-02895,water,0.78,0.0,False,0,200.0,,,,2023,0.0,0.0,0
water_main,32.735987037825005,-84.91020213444493,32.73305281946823,-84.88663694244225,2.224,1950,80,cast_iron,1.85,19.2,3,79.23,294.03,0.814,0.731,1.0,0.248,0.0945,4,WMN-02896,water,2.87,0.0,False,0,300.0,,,,2026,0.0,0.0,0
water_main,30.797709972826038,-84.21177639067564,30.756374784833906,-84.20974409727847,4.592,1977,80,steel,1.1,48.5,3,21.86,83.66,0.264,0.422,0.449,0.413,0.9339,7,WMN-02897,water,2.96,0.0,False,0,300.0,,,,2021,0.0,0.0,0
water_main,32.81266648205725,-84.69400601982704,32.853662851680895,-84.70511611537981,4.667,2010,80,asbestos_cement,1.55,65.2,3,82.93,302.79,0.779,0.83,1.0,0.348,0.1455,4,WMN-02898,water,1.42,0.0,False,0,300.0,,,,2020,0.0,0.0,0
water_main,32.2166224657228,-81.59977082331937,32.230475024994426,-81.60554603483592,1.63,1951,80,pvc,0.7,61.5,3,54.19,238.09,0.783,0.624,0.913,0.711,0.4781,3,WMN-02899,water,2.55,0.0,False,0,150.0,,,,2021,0.0,0.0,0
water_main,32.781485667626974,-82.10600209902168,32.77905305023534,-82.11069908502033,0.515,1967,80,pvc,0.7,64.0,2,82.46,311.07,0.623,0.635,1.0,0.713,0.4178,5,WMN-02900,water,0.8,0.0,False,0,300.0,,,,2023,0.0,0.0,0
water_main,30.98602068679389,-84.9656782588311,31.006131790713674,-84.9444764480294,3.009,2001,80,cast_iron,1.85,76.7,3,22.16,99.92,0.514,0.761,0.387,0.389,0.1483,7,WMN-02901,water,1.76,0.0,False,0,150.0,,,,2024,0.0,0.0,0
water_main,32.68738671180655,-81.74913760496283,32.68814592676033,-81.76862375216452,1.822,1957,80,ductile_iron,1.0,70.1,3,73.54,293.45,0.694,0.523,1.0,0.56,0.4324,5,WMN-02902,water,3.13,0.0,False,0,150.0,,,,2024,0.0,0.0,0
water_main,32.34842990965315,-82.25315991593861,32.374951259800824,-82.26707673077999,3.22,2009,80,steel,1.1,81.6,3,67.14,265.54,0.821,0.727,0.923,0.98,0.0933,3,WMN-02903,water,3.22,0.0,False,0,200.0,,,,2025,0.0,0.0,0
water_main,31.15264792898588,-84.4841855429731,31.178220493959614,-84.51166439462861,3.856,1966,80,pvc,0.7,77.5,3,27.77,119.91,0.503,0.638,0.444,0.459,0.2915,7,WMN-02904,water,1.37,0.0,False,0,250.0,,,,2025,0.0,0.0,0
water_main,31.221223790729205,-84.22205155894908,31.185238736282276,-84.17926719526757,5.696,1964,80,cast_iron,1.85,21.2,2,32.94,130.53,0.608,0.737,0.527,0.421,0.1373,7,WMN-02905,water,5.41,0.0,False,0,250.0,,,,2023,0.0,0.0,0
water_main,32.59182505609819,-84.29915014569241,32.59319967430256,-84.28559766400579,1.277,1995,80,asbestos_cement,1.55,75.8,3,78.55,281.66,0.765,0.731,1.0,0.543,0.3441,4,WMN-02906,water,2.82,0.0,False,0,900.0,,,,2024,0.0,0.0,0
water_main,30.9092368258775,-84.53678006091336,30.915918099898626,-84.52751272009046,1.153,1962,80,asbestos_cement,1.55,30.7,3,23.3,92.44,0.361,0.644,0.504,0.363,0.5055,7,WMN-02907,water,5.53,0.0,False,0,200.0,,,,2024,0.0,0.0,0
water_main,30.562611848367023,-84.30062843326155,30.527871319053187,-84.31019169232125,3.963,1987,80,pvc,0.7,69.1,3,12.89,56.39,0.381,0.631,0.368,0.228,0.2971,7,WMN-02908,water,1.86,0.97,False,0,200.0,,,,2024,0.0,0.0,0
water_main,32.39917768456753,-81.67152799432851,32.419092257467135,-81.66508607162514,2.291,1982,80,steel,1.1,71.4,3,60.76,259.84,0.454,0.258,1.0,0.784,0.8183,5,WMN-02909,water,1.48,0.0,False,0,200.0,,,,2022,0.0,0.0,0
water_main,31.111052009951464,-84.78935363642312,31.119890082343616,-84.7987360454739,1.326,1957,80,cast_iron,1.85,34.7,3,24.11,113.65,0.489,0.693,0.525,0.337,0.3395,7,WMN-02910,water,4.13,0.0,False,0,100.0,,,,2024,0.0,0.0,0
water_main,32.51558753044246,-81.8426496854901,32.50897363633775,-81.85123426600582,1.088,2021,80,ductile_iron,1.0,97.5,2,67.43,276.34,0.522,0.651,0.971,0.742,0.6608,5,WMN-02911,water,1.36,0.0,False,0,200.0,,,,2023,0.0,0.0,0
water_main,30.980681161908798,-84.32094080223204,30.954164950994542,-84.32469848389832,2.965,1945,80,ductile_iron,1.0,39.7,1,26.87,102.55,0.421,0.361,0.576,0.375,0.7131,7,WMN-02912,water,1.26,0.0,False,0,250.0,,,,2021,0.0,0.0,0
water_main,31.104729390372576,-84.24633654305903,31.100336023246264,-84.26683444195554,2.008,1952,80,ductile_iron,1.0,37.9,3,31.1,117.27,0.633,0.757,0.567,0.482,0.3212,7,WMN-02913,water,2.91,0.0,False,0,200.0,,,,2022,0.0,0.0,0
water_main,32.83491796966161,-82.07241744137184,32.84693331264312,-82.11529056516754,4.215,1969,80,pvc,0.7,61.7,3,85.25,316.38,0.521,0.616,1.0,0.622,0.443,5,WMN-02914,water,1.58,0.0,False,0,400.0,,,,2021,0.0,0.0,0
water_main,31.92439976896732,-84.13565178818384,31.930466794573846,-84.1356143287139,0.673,1993,80,ductile_iron,1.0,88.2,3,55.24,209.8,0.744,0.691,0.918,0.572,0.1112,4,WMN-02915,water,3.34,0.0,False,0,150.0,,,,2022,0.0,0.0,0
water_main,32.31519318804661,-84.0793534550158,32.2962276439256,-84.06318962976233,2.594,1989,80,cast_iron,1.85,59.0,3,68.36,254.02,0.82,0.635,0.953,0.654,0.093,4,WMN-02916,water,0.47,0.0,False,0,100.0,,,,2023,0.0,0.0,0
water_main,32.692643473361365,-81.66671121590092,32.681341215105704,-81.6638931368404,1.282,1964,80,ductile_iron,1.0,63.7,3,73.98,292.31,0.729,0.572,1.0,0.69,0.281,5,WMN-02917,water,3.91,0.0,False,0,400.0,,,,2025,0.0,0.0,0
water_main,31.41359162251019,-84.52919948560543,31.423563393346743,-84.49604103018132,3.33,2011,80,cast_iron,1.85,70.1,3,36.07,148.49,0.767,0.796,0.642,0.439,0.1006,7,WMN-02918,water,6.9,0.0,False,0,200.0,,,,2022,0.0,0.0,0
water_main,32.79035149971985,-81.96889391045492,32.82613618042121,-81.96517442547166,3.987,1976,80,ductile_iron,1.0,80.4,2,79.77,309.42,0.497,0.404,1.0,0.798,0.6407,5,WMN-02919,water,1.59,0.0,False,0,250.0,,,,2022,0.0,0.0,0
water_main,32.60401813685173,-81.93412906606792,32.59369693086162,-81.94450688204992,1.501,1952,80,cast_iron,1.85,19.6,3,72.43,288.03,0.643,0.44,0.957,0.708,0.5816,5,WMN-02920,water,1.1,0.0,False,0,300.0,,,,2024,0.0,0.0,0
water_main,31.43705246670461,-85.52522427620573,31.46082381723356,-85.5042437896293,3.303,1947,80,ductile_iron,1.0,48.6,3,39.01,155.81,0.591,0.581,0.65,0.257,0.3265,0,WMN-02921,water,5.1,0.0,False,0,150.0,,,,2024,0.0,0.0,0
water_main,30.758062857130934,-84.63336451560684,30.765931491302002,-84.62139500763749,1.437,1967,80,steel,1.1,51.8,3,18.44,75.02,0.377,0.624,0.323,0.334,0.2359,7,WMN-02922,water,1.98,0.0,False,0,150.0,,,,2024,0.0,0.0,0
water_main,32.55694143990506,-81.90082616811256,32.55744798873491,-81.83485414845899,6.172,1997,80,ductile_iron,1.0,73.5,3,66.82,282.13,0.502,0.521,1.0,0.777,0.5826,5,WMN-02923,water,2.7,1.45,False,0,200.0,,,,2023,0.0,0.0,0
water_main,31.14347015090904,-84.42879743610864,31.147129820185697,-84.42643868828215,0.464,1978,80,pvc,0.7,61.3,3,31.0,119.42,0.569,0.638,0.598,0.489,0.2765,7,WMN-02924,water,2.06,0.0,False,0,100.0,,,,2025,0.0,0.0,0
water_main,30.69961982534269,-84.12419704506635,30.683991665500226,-84.16702967504699,4.441,2003,80,pvc,0.7,79.4,2,17.56,74.02,0.189,0.603,0.328,0.464,0.5095,7,WMN-02925,water,1.59,0.0,False,0,300.0,,,,2022,0.0,0.0,0
water_main,32.67066377534902,-82.29004030844304,32.689343484642826,-82.34283674817428,5.351,1961,80,cast_iron,1.85,42.0,2,80.21,301.89,0.912,0.688,1.0,0.866,0.1312,5,WMN-02926,water,1.71,0.0,False,0,100.0,,,,2024,0.0,0.0,0
water_main,30.75619608386838,-84.31381584414538,30.79165513790583,-84.34935718521659,5.195,1974,80,ductile_iron,1.0,55.3,2,21.18,77.72,0.166,0.457,0.257,0.427,0.888,7,WMN-02927,water,4.0,0.0,False,0,100.0,,,,2023,0.0,0.0,0
water_main,31.985455897426,-81.96887609937905,31.989061677756776,-81.96838272033014,0.403,1992,80,asbestos_cement,1.55,58.8,3,54.02,220.07,0.823,0.675,0.846,1.0,0.1091,3,WMN-02928,water,1.9,0.0,False,0,300.0,,,,2024,0.0,0.0,0
water_main,31.16526218251431,-85.72707898919298,31.1853176694193,-85.70187006962715,3.269,1956,80,pvc,0.7,27.0,3,32.57,129.3,0.506,0.658,0.49,0.269,0.1674,0,WMN-02929,water,1.48,0.0,False,0,250.0,,,,2025,0.0,0.0,0
water_main,32.15835298621426,-81.65887427092942,32.138178607280295,-81.6375054976132,3.008,1960,80,cast_iron,1.85,21.5,3,51.14,232.84,0.662,0.549,0.815,0.834,0.4439,3,WMN-02930,water,1.18,0.0,False,0,400.0,,,,2019,0.0,0.0,0
water_main,32.3626484307573,-84.62317193450718,32.34736932124141,-84.63505945114336,2.029,2006,80,pvc,0.7,77.1,2,64.73,253.18,0.709,0.381,0.873,0.362,0.393,4,WMN-02931,water,4.18,0.0,False,0,250.0,,,,2024,0.0,0.0,0
water_main,30.70135410884313,-84.19933301344699,30.708354161917097,-84.21483902249506,1.672,1941,80,cast_iron,1.85,2.0,3,16.52,73.13,0.252,0.409,0.454,0.292,0.6768,7,WMN-02932,water,0.67,0.0,False,0,300.0,,,,2025,0.0,0.0,0
water_main,30.80213782421722,-83.96588644561308,30.84799568835225,-83.95915580763163,5.131,1989,80,steel,1.1,74.6,3,22.97,87.84,0.455,0.651,0.336,0.431,0.2317,7,WMN-02933,water,1.57,0.0,False,0,150.0,,,,2021,0.0,0.0,0
water_main,31.13003639764532,-85.36555103593301,31.13950163854759,-85.35774285575437,1.286,1962,80,ductile_iron,1.0,59.6,3,28.67,119.32,0.445,0.741,0.52,0.277,0.2084,0,WMN-02934,water,5.27,0.0,False,0,150.0,,,,2022,0.0,0.0,0
water_main,31.05859546247733,-84.64254656545911,31.03693442308168,-84.66292020759676,3.088,1997,80,asbestos_cement,1.55,65.7,2,24.58,108.33,0.238,0.54,0.503,0.437,0.4863,7,WMN-02935,water,1.6,0.0,False,0,400.0,,,,2022,0.0,0.0,0
water_main,32.48041203971713,-81.89617161786379,32.48359642569663,-81.89613361843564,0.353,1988,80,pvc,0.7,78.0,2,66.72,273.54,0.483,0.538,1.0,0.803,0.613,5,WMN-02936,water,0.47,0.0,False,0,250.0,,,,2022,0.0,0.0,0
water_main,31.5122678755819,-85.01188982485405,31.496623933041942,-85.0011765100584,2.011,1992,80,ductile_iron,1.0,63.1,3,37.96,158.51,0.804,0.529,0.65,0.471,0.1372,0,WMN-02937,water,0.87,0.0,False,0,100.0,,,,2024,0.0,0.0,0
water_main,31.129362138239653,-85.65490663837178,31.10487844952211,-85.65664286801784,2.723,1980,80,cast_iron,1.85,22.8,3,30.72,123.94,0.616,0.563,0.486,0.245,0.1985,0,WMN-02938,water,2.25,0.0,False,0,100.0,,,,2024,0.0,0.0,0
water_main,32.772397110195904,-83.90958246209857,32.74391923111358,-83.91393138281602,3.187,1972,80,ductile_iron,1.0,89.2,2,90.73,307.44,0.822,0.735,1.0,0.759,0.084,4,WMN-02939,water,0.75,0.0,False,0,150.0,,,,2025,0.0,0.0,0
water_main,32.02060414048567,-81.54964141614454,32.04704953905278,-81.53323230127964,3.317,1992,80,pvc,0.7,81.6,3,43.22,215.31,0.954,0.678,0.853,0.836,0.132,3,WMN-02940,water,1.67,0.0,False,0,150.0,,,,2025,0.0,0.0,0
water_main,30.75480685263588,-84.69980835526488,30.77217959509087,-84.71829055686078,2.613,1988,80,cast_iron,1.85,55.4,3,18.76,74.34,0.479,0.822,0.436,0.228,0.1913,7,WMN-02941,water,2.68,0.0,False,0,150.0,,,,2022,0.0,0.0,0
water_main,32.031562821431734,-84.46068618182312,32.0439339846342,-84.47785377620895,2.12,1949,80,pvc,0.7,41.9,3,57.15,217.68,0.75,0.659,0.871,0.572,0.287,4,WMN-02942,water,1.08,0.0,False,0,600.0,,,,2022,0.0,0.0,0
water_main,30.879651772661163,-84.77163818115032,30.877570842380845,-84.76107424984437,1.033,1981,80,pvc,0.7,85.3,2,17.38,87.99,0.468,0.573,0.479,0.245,0.2889,7,WMN-02943,water,1.99,0.0,False,0,250.0,,,,2025,0.0,0.0,0
water_main,32.32639905194851,-84.4930285843933,32.307839618706545,-84.4758205492893,2.617,1957,80,cast_iron,1.85,41.6,2,68.87,250.11,0.695,0.638,0.965,0.495,0.4082,4,WMN-02944,water,1.22,0.0,False,0,100.0,,,,2025,0.0,0.0,0
water_main,32.71458380355359,-81.78675273856598,32.68611457294425,-81.77519679580541,3.339,1946,80,cast_iron,1.85,6.7,3,79.58,297.26,0.666,0.769,1.0,0.588,0.4956,5,WMN-02945,water,6.3,0.0,False,0,150.0,,,,2025,0.0,0.0,0
water_main,32.38296145947108,-84.45564253186474,32.39241389772343,-84.46598896525941,1.429,1954,80,cast_iron,1.85,19.4,3,72.21,256.74,0.617,0.383,0.962,0.513,0.5194,4,WMN-02946,water,2.29,0.0,False,0,300.0,,,,2024,0.0,0.0,0
water_main,31.995992469016773,-84.24260254224575,32.00201776440356,-84.24782119785809,0.83,1928,80,pvc,0.7,42.2,3,59.13,216.25,0.911,0.548,0.774,0.489,0.1675,4,WMN-02947,water,5.75,0.0,False,0,100.0,,,,2016,0.0,0.0,0
water_main,32.90048240450675,-82.08791469342856,32.90625974186138,-82.08706165931996,0.646,1978,80,ductile_iron,1.0,65.3,3,92.76,323.95,0.717,0.659,1.0,0.712,0.3284,5,WMN-02948,water,1.65,0.0,False,0,250.0,,,,2023,0.0,0.0,0
water_main,32.41580633270817,-84.42890057590759,32.44721664104608,-84.37033913873925,6.501,1947,80,cast_iron,1.85,4.7,3,72.07,260.64,0.565,0.384,0.994,0.422,0.558,4,WMN-02949,water,1.82,0.0,False,0,250.0,,,,2026,0.0,0.0,0
water_main,32.5894541384623,-81.73090404722842,32.56888715821555,-81.7437607097605,2.58,1964,80,cast_iron,1.85,53.4,3,67.54,282.2,0.698,0.617,1.0,0.673,0.5017,5,WMN-02950,water,1.35,1.7,False,0,400.0,,,,2023,0.0,0.0,0
water_main,32.5456375238568,-84.29565509576378,32.532867840810866,-84.31016222540362,1.963,1980,80,pvc,0.7,57.5,3,76.07,276.57,0.763,0.736,1.0,0.591,0.3596,4,WMN-02951,water,2.25,0.0,False,0,100.0,,,,2021,0.0,0.0,0
water_main,33.0,-82.33886450082213,33.00140332717591,-82.30775475366032,2.9,1999,80,cast_iron,1.85,61.8,3,95.86,339.17,0.849,0.619,1.0,0.638,0.0916,5,WMN-02952,water,5.37,0.0,False,0,400.0,,,,2025,0.0,0.0,0
water_main,31.5074874336721,-85.71953335157737,31.51207252480984,-85.70407527741379,1.549,1942,80,ductile_iron,1.0,35.3,2,40.37,167.14,0.777,0.656,0.67,0.395,0.1408,0,WMN-02953,water,4.33,0.0,False,0,200.0,,,,2024,0.0,0.0,0
water_main,32.65068505988514,-84.34140505856227,32.65760570690383,-84.35012147026605,1.12,1979,80,ductile_iron,1.0,66.1,3,79.14,287.68,0.665,0.605,1.0,0.45,0.364,4,WMN-02954,water,3.21,0.0,False,0,600.0,,,,2025,0.0,0.0,0
water_main,31.0949543330473,-85.3584504142658,31.104390429216345,-85.36009107995986,1.059,2007,80,cast_iron,1.85,71.0,2,23.83,115.33,0.6,0.767,0.537,0.162,0.1765,0,WMN-02955,water,4.43,0.0,False,0,300.0,,,,2021,0.0,0.0,0
water_main,32.74995692361624,-81.711375969569,32.74383499993353,-81.72839855539885,1.728,1976,80,pvc,0.7,55.9,2,76.24,299.61,0.738,0.422,1.0,0.596,0.3242,5,WMN-02956,water,3.29,0.0,False,0,200.0,,,,2022,0.0,0.0,0
water_main,32.634691125131816,-81.53622819060948,32.63995763139918,-81.55587471372007,1.927,1996,80,ductile_iron,1.0,60.9,3,68.72,283.2,0.76,0.57,1.0,0.552,0.1729,5,WMN-02957,water,1.69,0.0,False,0,400.0,,,,2024,0.0,0.0,0
water_main,32.561580184373845,-81.72545660188452,32.589904800818864,-81.71662356242732,3.251,1966,80,asbestos_cement,1.55,53.3,2,74.7,278.99,0.495,0.458,0.986,0.598,0.546,5,WMN-02958,water,4.15,0.0,False,0,600.0,,,,2016,0.0,0.0,0
water_main,32.48721735787228,-81.69639923733756,32.4847330003449,-81.7036865525145,0.736,2012,80,cast_iron,1.85,75.1,3,64.89,270.13,0.545,0.553,0.984,0.674,0.6846,5,WMN-02959,water,1.3,0.0,False,0,100.0,,,,2024,0.0,0.0,0
water_main,30.89334795610753,-84.64039427445341,30.87242308477272,-84.65564767394996,2.74,1962,80,cast_iron,1.85,28.3,3,17.05,90.0,0.331,0.534,0.442,0.333,0.4086,7,WMN-02960,water,1.22,0.0,False,0,100.0,,,,2022,0.0,0.0,0
water_main,31.82808196884979,-84.72707931478689,31.819874859314037,-84.74890035333986,2.251,2011,80,steel,1.1,93.5,3,48.25,193.38,0.803,0.519,0.674,0.383,0.13,4,WMN-02961,water,0.2,0.0,False,0,250.0,,,,2025,0.0,0.0,0
water_main,30.616309077089937,-84.03583769970888,30.60455499868333,-84.04118352582147,1.401,1971,80,cast_iron,1.85,54.2,3,18.91,66.11,0.278,0.73,0.336,0.495,0.2069,7,WMN-02962,water,2.87,0.0,False,0,150.0,,,,2022,0.0,0.0,0
water_main,32.440858534653664,-84.60629764985734,32.414837928591126,-84.64417350394004,4.575,1987,80,pvc,0.7,72.2,3,67.45,261.97,0.614,0.421,0.902,0.407,0.5567,4,WMN-02963,water,2.47,0.0,False,0,200.0,,,,2024,0.0,0.0,0
water_main,31.114821601826844,-85.60142603921392,31.145889342738197,-85.6232592299321,4.025,1947,80,ductile_iron,1.0,42.9,3,31.35,121.35,0.559,0.528,0.595,0.189,0.2184,0,WMN-02964,water,1.67,0.0,False,0,150.0,,,,2023,0.0,0.0,0
water_main,30.996423138838555,-84.21302223722171,30.944620311717046,-84.25559782212592,7.034,1966,80,ductile_iron,1.0,48.1,2,20.87,105.7,0.325,0.589,0.456,0.468,0.6212,7,WMN-02965,water,2.67,0.0,False,0,100.0,,,,2019,0.0,0.0,0
water_main,32.23986639749775,-84.69258452971226,32.27550147237358,-84.70695104555764,4.179,1962,80,pvc,0.7,95.2,3,62.0,239.21,0.698,0.579,0.927,0.365,0.1689,4,WMN-02966,water,1.17,0.0,False,0,300.0,,,,2025,0.0,0.0,0
water_main,32.34914228777221,-84.48468089299955,32.34704674565329,-84.45752496916435,2.557,1952,80,ductile_iron,1.0,34.4,3,70.05,252.71,0.737,0.56,1.0,0.557,0.4576,4,WMN-02967,water,2.27,0.0,False,0,300.0,,,,2022,0.0,0.0,0
water_main,30.982282521585987,-84.24519295475807,30.979006291643465,-84.2119962531001,3.18,1981,80,cast_iron,1.85,38.4,3,21.55,103.69,0.214,0.467,0.455,0.359,0.7042,7,WMN-02968,water,3.72,0.0,False,0,250.0,,,,2024,0.0,0.0,0
water_main,32.27120550334934,-81.68755665473618,32.276839696128995,-81.67278391643917,1.521,1949,80,ductile_iron,1.0,51.8,3,58.0,245.97,0.462,0.473,0.94,0.784,0.7917,5,WMN-02969,water,4.43,0.0,False,0,200.0,,,,2025,0.0,0.0,0
water_main,32.00975351439584,-84.23496360457746,32.00825926697535,-84.26836329240612,3.148,2008,80,cast_iron,1.85,65.5,2,59.12,217.88,0.805,0.714,0.877,0.488,0.1599,4,WMN-02970,water,0.57,0.0,False,0,400.0,,,,2024,0.0,0.0,0
water_main,31.053028611122652,-84.01137554503863,31.067765296099136,-84.02468992043124,2.069,1965,80,asbestos_cement,1.55,58.5,3,31.5,114.97,0.491,0.691,0.41,0.509,0.1838,7,WMN-02971,water,0.47,0.0,False,0,600.0,,,,2019,0.0,0.0,0
water_main,32.85565161710252,-82.00830486318286,32.88663903278936,-81.97064537982544,4.915,1965,80,ductile_iron,1.0,44.8,3,85.68,317.45,0.593,0.458,1.0,0.671,0.5107,5,WMN-02972,water,3.25,0.0,False,0,150.0,,,,2023,0.0,0.0,0
water_main,31.775507884038518,-84.41572832646519,31.791603536881446,-84.41978549644318,1.827,1947,80,ductile_iron,1.0,16.5,2,47.31,189.71,0.771,0.596,0.708,0.448,0.2089,4,WMN-02973,water,0.82,0.0,False,0,200.0,,,,2023,0.0,0.0,0
water_main,31.10620722627899,-84.49192982553713,31.110529135458695,-84.4733746880546,1.828,1994,80,pvc,0.7,66.8,3,24.12,114.68,0.519,0.579,0.512,0.446,0.3638,7,WMN-02974,water,1.48,0.0,False,0,150.0,,,,2025,0.0,0.0,0
water_main,31.884955547626376,-85.08914956662123,31.85523561183323,-85.09965210110205,3.444,1975,80,pvc,0.7,78.3,3,47.6,200.31,0.837,0.623,0.859,0.496,0.1176,0,WMN-02975,water,3.51,0.0,False,0,100.0,,,,2022,0.0,0.0,0
water_main,32.608087830462736,-82.02459490252772,32.636265568779535,-82.06638064652398,5.005,1986,80,steel,1.1,39.2,2,75.05,290.28,0.659,0.478,0.995,0.776,0.4719,5,WMN-02976,water,1.75,0.0,False,0,300.0,,,,2024,0.0,0.0,0
water_main,31.563660011826666,-85.54189798916799,31.551879456140735,-85.51314882162526,3.017,1959,80,ductile_iron,1.0,43.7,3,41.19,170.14,0.728,0.694,0.719,0.43,0.2165,0,WMN-02977,water,5.42,0.0,False,0,300.0,,,,2022,0.0,0.0,0
water_main,30.991940196276037,-84.42737887215672,30.985550214377337,-84.40634890939903,2.123,1950,80,steel,1.1,35.8,3,24.01,102.61,0.488,0.486,0.486,0.457,0.5697,7,WMN-02978,water,2.0,0.0,False,0,150.0,,,,2023,0.0,0.0,0
water_main,32.93322159086393,-82.2505039751919,32.9285424089124,-82.25696675662783,0.795,1991,80,ductile_iron,1.0,85.0,3,95.69,330.41,0.866,0.528,1.0,0.743,0.1303,5,WMN-02979,water,2.12,0.0,False,0,100.0,,,,2022,0.0,0.0,0
water_main,32.04953883075551,-84.37567309982893,32.005121716643075,-84.36778949603222,4.986,1984,80,ductile_iron,1.0,74.4,3,61.22,220.56,0.983,0.657,0.863,0.509,0.248,4,WMN-02980,water,1.0,0.0,False,0,300.0,,,,2023,0.0,0.0,0
water_main,32.61834354776169,-81.77240956245691,32.62408855739079,-81.76368913118147,1.035,1948,80,pvc,0.7,44.5,3,71.24,286.28,0.698,0.475,1.0,0.636,0.5205,5,WMN-02981,water,4.87,0.0,False,0,150.0,,,,2023,0.0,0.0,0
water_main,31.842287918258876,-84.03724162487666,31.8359266840019,-84.07085507713377,3.247,1999,80,cast_iron,1.85,66.7,3,55.24,202.18,0.896,0.74,0.797,0.412,0.089,4,WMN-02982,water,2.03,0.0,False,0,200.0,,,,2023,0.0,0.0,0
water_main,32.54486109054081,-81.71384365837258,32.513029125239434,-81.71708193641517,3.546,1992,80,ductile_iron,1.0,89.4,3,69.19,276.89,0.449,0.506,0.967,0.656,0.567,5,WMN-02983,water,1.73,0.0,False,0,300.0,,,,2026,0.0,0.0,0
water_main,30.873689793015885,-84.41972438428111,30.87817149608162,-84.42623215430984,0.795,1947,80,ductile_iron,1.0,25.1,3,22.21,89.56,0.203,0.41,0.438,0.319,0.7484,7,WMN-02984,water,3.62,0.0,False,0,100.0,,,,2022,0.0,0.0,0
water_main,31.168590369548756,-84.03476580398149,31.15965148280486,-84.03283768931384,1.009,1967,80,cast_iron,1.85,47.7,3,34.06,127.43,0.6,0.666,0.551,0.478,0.1202,7,WMN-02985,water,1.14,0.0,False,0,150.0,,,,2024,0.0,0.0,0
water_main,30.913476688181674,-84.2543661373772,30.94691606165361,-84.23287564891017,4.239,1974,80,pvc,0.7,68.1,3,21.57,95.93,0.362,0.306,0.455,0.433,0.9225,7,WMN-02986,water,1.46,0.0,False,0,150.0,,,,2024,0.0,0.0,0
water_main,31.146590053515144,-84.55056606387478,31.1564109529928,-84.54394133679051,1.259,1955,80,cast_iron,1.85,15.7,3,26.42,118.68,0.384,0.439,0.65,0.362,0.3462,7,WMN-02987,water,3.72,0.0,False,0,250.0,,,,2020,0.0,0.0,0
water_main,32.0121685295251,-81.95042525806261,32.021648699755495,-81.95462323599155,1.124,1932,80,pvc,0.7,48.5,2,45.44,222.67,0.83,0.66,0.81,1.0,0.1262,3,WMN-02988,water,1.61,0.0,False,0,150.0,,,,2022,0.0,0.0,0
water_main,32.76829700150697,-82.0883965676818,32.76737107222156,-82.08292349227108,0.521,2008,80,pvc,0.7,84.6,3,78.71,309.28,0.739,0.437,1.0,0.706,0.461,5,WMN-02989,water,2.43,0.0,False,0,150.0,,,,2024,0.0,0.0,0
water_main,32.54354072015616,-84.31770684590134,32.54281203122265,-84.27073662682872,4.396,1937,80,ductile_iron,1.0,14.0,3,74.09,276.07,0.566,0.573,0.911,0.584,0.4115,4,WMN-02990,water,4.12,0.0,False,0,150.0,,,,2023,0.0,0.0,0
water_main,32.97765538171594,-81.75171786121219,32.976939187291585,-81.76094005673035,0.862,1962,80,pvc,0.7,67.2,3,89.67,325.73,0.729,0.625,1.0,0.561,0.1889,5,WMN-02991,water,1.73,0.0,False,0,100.0,,,,2024,0.0,0.0,0
water_main,30.98737911160651,-84.58704656096793,30.98767871821327,-84.5710376643838,1.524,1950,80,ductile_iron,1.0,36.5,3,24.99,100.75,0.519,0.418,0.574,0.326,0.4999,7,WMN-02992,water,1.36,0.0,False,0,100.0,,,,2025,0.0,0.0,0
water_main,30.88008792507205,-84.99859012715042,30.937197452803186,-85.00617543179764,6.38,1990,80,ductile_iron,1.0,63.2,3,21.05,88.28,0.403,0.634,0.448,0.27,0.1123,7,WMN-02993,water,4.13,0.0,False,0,200.0,,,,2023,0.0,0.0,0
water_main,32.794802675973095,-82.23300298861822,32.795706359984194,-82.21566286738776,1.621,1947,80,pvc,0.7,42.3,3,83.29,314.76,0.928,0.754,1.0,0.729,0.189,5,WMN-02994,water,2.39,0.0,False,0,250.0,,,,2024,0.0,0.0,0
water_main,30.795010591212186,-84.39499704822639,30.78504530669018,-84.39802536667551,1.143,1930,80,cast_iron,1.85,6.8,3,17.06,81.09,0.186,0.459,0.37,0.354,0.7855,7,WMN-02995,water,4.97,0.0,False,0,150.0,,,,2022,0.0,0.0,0
water_main,32.49350911114063,-82.21106635456086,32.50244846469649,-82.21423309417432,1.036,1996,80,pvc,0.7,69.4,3,75.1,280.96,0.775,0.544,1.0,0.897,0.1304,3,WMN-02996,water,4.02,0.0,False,0,600.0,,,,2025,0.0,0.0,0
water_main,32.48779721323462,-81.9580136012212,32.51432383518581,-81.94069736452421,3.361,1991,80,ductile_iron,1.0,54.9,3,66.17,275.62,0.692,0.556,0.881,0.806,0.4796,5,WMN-02997,water,1.37,0.0,False,0,250.0,,,,2025,0.0,0.0,0
water_main,32.406156877590504,-83.92283137405178,32.367278629624266,-83.89989390985335,4.821,1996,80,ductile_iron,1.0,90.1,3,79.65,266.57,0.856,0.641,0.972,0.713,0.0845,4,WMN-02998,water,3.86,0.0,False,0,200.0,,,,2024,0.0,0.0,0
water_main,32.71433727302001,-81.85044015577276,32.734992638059246,-81.86440733068896,2.638,1994,80,ductile_iron,1.0,82.0,3,76.62,298.56,0.485,0.467,1.0,0.641,0.6113,5,WMN-02999,water,2.57,0.0,False,0,100.0,,,,2024,0.0,0.0,0
water_main,30.775434412613727,-84.29489052115859,30.757717552297457,-84.32902799257582,3.804,2008,80,ductile_iron,1.0,89.7,3,20.46,80.09,0.129,0.325,0.453,0.362,0.9516,7,WMN-03000,water,5.3,0.98,False,0,100.0,,,,2024,0.0,0.0,0
water_main,32.5518569613556,-84.46358832202507,32.53579948778303,-84.46819277884907,1.834,1957,80,ductile_iron,1.0,54.1,3,73.57,275.41,0.507,0.453,1.0,0.541,0.7058,4,WMN-03001,water,2.2,0.0,False,0,150.0,,,,2025,0.0,0.0,0
water_main,31.342610835077096,-85.43302349935307,31.30984976927623,-85.43992406593638,3.695,1981,80,ductile_iron,1.0,64.5,3,34.52,143.87,0.568,0.552,0.593,0.393,0.3803,0,WMN-03002,water,2.05,0.0,False,0,200.0,,,,2023,0.0,0.0,0
water_main,32.86791699965038,-81.67364703208843,32.85651823385175,-81.67004354775966,1.309,1968,80,ductile_iron,1.0,49.5,3,84.1,311.91,0.816,0.61,1.0,0.598,0.1965,5,WMN-03003,water,1.76,0.0,False,0,300.0,,,,2022,0.0,0.0,0
water_main,30.718597382703635,-84.02402839010105,30.738931894480068,-83.99145304272504,3.842,1937,80,asbestos_cement,1.55,22.8,2,24.53,77.65,0.255,0.438,0.349,0.349,0.3001,7,WMN-03004,water,3.54,0.0,False,0,150.0,,,,2025,0.0,0.0,0
water_main,30.894520416154716,-84.32092547774408,30.879615131210933,-84.31922123223652,1.662,1981,80,cast_iron,1.85,56.7,3,20.37,92.99,0.256,0.468,0.441,0.435,0.9442,7,WMN-03005,water,2.02,0.0,False,0,900.0,,,,2020,0.0,0.0,0
water_main,32.86318675995781,-84.26620842990872,32.871276736232865,-84.28067163578693,1.62,1957,80,ductile_iron,1.0,32.0,3,91.63,312.2,0.726,0.674,1.0,0.528,0.1057,4,WMN-03006,water,1.61,0.0,False,0,200.0,,,,2025,0.0,0.0,0
water_main,32.479275797387274,-81.95217519981476,32.47566670901154,-81.96264933581485,1.059,1980,80,ductile_iron,1.0,71.7,3,70.76,274.55,0.692,0.476,0.897,0.77,0.4914,5,WMN-03007,water,2.95,0.0,False,0,150.0,,,,2024,0.0,0.0,0
water_main,30.81143276783033,-84.2230082832161,30.824745122024677,-84.22659060791605,1.517,1966,80,cast_iron,1.85,53.3,3,21.36,85.03,0.298,0.574,0.342,0.474,0.97,7,WMN-03008,water,2.12,0.0,False,0,300.0,,,,2022,0.0,0.0,0
water_main,32.67060530540772,-81.97213964846738,32.630544628225145,-81.9666255031421,4.476,1966,80,asbestos_cement,1.55,39.7,3,75.2,296.19,0.459,0.478,1.0,0.738,0.6231,5,WMN-03009,water,1.98,1.14,False,0,150.0,,,,2023,0.0,0.0,0
water_main,31.294243962660943,-85.5044704627342,31.302971636729406,-85.46100609276847,4.235,1960,80,cast_iron,1.85,34.4,3,32.23,139.61,0.638,0.542,0.604,0.377,0.4018,0,WMN-03010,water,1.34,0.0,False,0,200.0,,,,2023,0.0,0.0,0
water_main,31.91719610819663,-84.57416565927552,31.922034057434963,-84.56834612602705,0.767,1980,80,ductile_iron,1.0,58.5,2,50.99,204.05,0.653,0.704,0.718,0.518,0.2628,4,WMN-03011,water,2.23,0.0,False,0,250.0,,,,2024,0.0,0.0,0
water_main,32.45970230096029,-81.82493250554745,32.429714699337,-81.79532172947097,4.333,1991,80,ductile_iron,1.0,80.4,2,63.23,269.77,0.377,0.351,1.0,0.762,0.766,5,WMN-03012,water,3.69,0.0,False,0,150.0,,,,2021,0.0,0.0,0
water_main,32.781711930758426,-84.39547688277699,32.766824795559366,-84.37970700088736,2.213,1995,80,cast_iron,1.85,53.0,3,86.34,301.61,0.616,0.833,1.0,0.403,0.2214,4,WMN-03013,water,2.26,0.0,False,0,150.0,,,,2021,0.0,0.0,0
water_main,32.419749135341995,-84.36452805446942,32.42561648977653,-84.38404986164298,1.942,1971,80,ductile_iron,1.0,64.2,2,71.93,261.78,0.57,0.527,1.0,0.471,0.4511,4,WMN-03014,water,2.73,0.0,False,0,250.0,,,,2023,0.0,0.0,0
water_main,32.0046722238638,-84.61547549113301,32.00964827103803,-84.61642550206783,0.56,1968,80,cast_iron,1.85,40.6,3,60.26,213.49,0.731,0.489,0.9,0.434,0.2234,4,WMN-03015,water,1.92,0.0,False,0,400.0,,,,2024,0.0,0.0,0
water_main,32.34791204592076,-81.5,32.30769955999004,-81.51830829775987,4.782,1931,80,ductile_iron,1.0,16.9,2,58.31,250.64,0.709,0.558,0.881,0.684,0.339,5,WMN-03016,water,1.7,0.0,False,0,250.0,,,,2019,0.0,0.0,0
water_main,31.844804865821303,-85.27011947328823,31.83343220962837,-85.23952973724799,3.149,1990,80,cast_iron,1.85,77.2,3,54.07,197.48,0.926,0.688,0.661,0.542,0.1842,0,WMN-03017,water,3.37,0.0,False,0,200.0,,,,2026,0.0,0.0,0
water_main,32.638808121458034,-82.05735310553932,32.62971223818268,-82.07179180483612,1.685,1989,80,cast_iron,1.85,59.3,3,75.22,294.32,0.597,0.499,0.998,0.802,0.4545,5,WMN-03018,water,1.0,0.0,False,0,300.0,,,,2023,0.0,0.0,0
water_main,30.92726919866779,-84.00402620968268,30.925760043856283,-84.0240696295686,1.916,1982,80,ductile_iron,1.0,51.3,3,31.09,101.13,0.443,0.615,0.522,0.375,0.2811,7,WMN-03019,water,1.52,0.0,False,0,300.0,,,,2023,0.0,0.0,0
water_main,32.2325630704915,-81.86419905535098,32.23276613718897,-81.88233638539518,1.703,1956,80,ductile_iron,1.0,63.6,3,53.68,245.37,0.616,0.528,0.956,0.825,0.5929,3,WMN-03020,water,0.73,2.02,False,0,200.0,,,,2021,0.0,0.0,0
water_main,33.0,-82.13638367295172,33.0273247731339,-82.15399690726274,3.448,1978,80,ductile_iron,1.0,76.8,2,88.04,335.88,0.801,0.756,1.0,0.523,0.1653,5,WMN-03021,water,3.79,1.89,False,0,250.0,,,,2024,0.0,0.0,0
water_main,30.76001172901436,-83.81450219079635,30.778597406513757,-83.82901977051621,2.485,1947,80,ductile_iron,1.0,59.1,3,24.72,85.59,0.493,0.761,0.463,0.472,0.098,7,WMN-03022,water,0.77,0.0,False,0,200.0,,,,2025,0.0,0.0,0
water_main,32.917577997575734,-82.26527097779228,32.89257359659338,-82.289360839514,3.57,1975,80,ductile_iron,1.0,55.0,3,90.23,328.91,0.804,0.47,1.0,0.781,0.1268,5,WMN-03023,water,2.48,2.24,False,0,150.0,,,,2024,0.0,0.0,0
water_main,30.947840339733794,-84.72380049901587,30.95508582801699,-84.72996661592127,0.996,1979,80,pvc,0.7,76.6,3,19.98,95.68,0.4,0.584,0.451,0.296,0.4137,7,WMN-03024,water,2.55,0.0,False,0,200.0,,,,2026,0.0,0.0,0
water_main,31.763645913332095,-84.58394253244775,31.763711091640985,-84.56213758820056,2.058,1960,80,ductile_iron,1.0,46.6,3,44.63,186.94,0.843,0.779,0.647,0.503,0.1754,4,WMN-03025,water,3.77,0.0,False,0,600.0,,,,2018,0.0,0.0,0
water_main,31.345932355120826,-85.48896433166459,31.35004642581427,-85.4507214273223,3.654,1960,80,cast_iron,1.85,28.6,3,33.23,145.1,0.539,0.669,0.577,0.326,0.3967,0,WMN-03026,water,0.66,0.0,False,0,200.0,,,,2021,0.0,0.0,0
water_main,31.52883461536069,-84.46272304382332,31.53222146556753,-84.45078139932855,1.191,1969,80,pvc,0.7,60.8,3,39.64,161.86,0.74,0.603,0.657,0.401,0.093,7,WMN-03027,water,2.55,0.0,False,0,600.0,,,,2024,0.0,0.0,0
water_main,30.944999073105393,-84.53301909885307,30.955870439264455,-84.52287374574392,1.546,1987,80,ductile_iron,1.0,66.8,3,21.42,96.44,0.246,0.502,0.511,0.452,0.5159,7,WMN-03028,water,1.61,0.0,False,0,100.0,,,,2025,0.0,0.0,0
water_main,32.49210923301038,-81.82319719071307,32.47322566599731,-81.83539125441806,2.387,1948,80,cast_iron,1.85,36.1,1,60.6,273.33,0.431,0.484,0.983,0.744,0.7135,5,WMN-03029,water,1.7,0.0,False,0,250.0,,,,2023,0.0,0.0,0
water_main,32.30459161370882,-84.45616078209329,32.332948820559615,-84.47779435424133,3.745,1969,80,cast_iron,1.85,41.5,1,69.37,248.03,0.741,0.6,0.9,0.394,0.3522,4,WMN-03030,water,4.07,0.0,False,0,100.0,,,,2021,0.0,0.0,0
water_main,32.784578413446106,-84.30244413822697,32.8004829405251,-84.32690998041203,2.886,1971,80,pvc,0.7,52.9,3,87.47,303.01,0.776,0.757,1.0,0.539,0.1597,4,WMN-03031,water,1.64,0.0,False,0,200.0,,,,2022,0.0,0.0,0
water_main,32.55331439263096,-82.45254651220105,32.5664116485232,-82.47504721873813,2.558,1987,80,ductile_iron,1.0,71.3,3,77.34,291.07,0.805,0.697,1.0,0.945,0.0854,3,WMN-03032,water,4.63,0.0,False,0,200.0,,,,2024,0.0,0.0,0
water_main,31.00819898274098,-84.12628124313667,31.022735397047654,-84.12874705057403,1.631,1972,80,cast_iron,1.85,21.1,3,24.78,108.24,0.314,0.669,0.477,0.428,0.4334,7,WMN-03033,water,3.41,0.0,False,0,100.0,,,,2025,0.0,0.0,0
water_main,32.61435675196764,-81.89957054756428,32.635597238448604,-81.91326588532452,2.683,1978,80,cast_iron,1.85,36.8,3,72.5,288.48,0.576,0.536,1.0,0.697,0.6067,5,WMN-03034,water,5.15,0.0,False,0,250.0,,,,2024,0.0,0.0,0
water_main,32.135582258127116,-82.01724852580358,32.15815855990603,-82.01085046485613,2.577,1955,80,ductile_iron,1.0,40.3,3,54.33,237.69,0.765,0.522,0.83,0.932,0.1704,3,WMN-03035,water,5.42,0.0,False,0,300.0,,,,2026,0.0,0.0,0
water_main,31.046408534938415,-84.33505190694042,31.055749516460416,-84.34374233552873,1.326,1963,80,ductile_iron,1.0,48.0,3,21.72,109.68,0.598,0.598,0.507,0.401,0.4941,7,WMN-03036,water,2.24,0.0,False,0,200.0,,,,2022,0.0,0.0,0
water_main,32.335618815126104,-81.67137933753587,32.3418465152229,-81.65062201346765,2.066,2008,80,cast_iron,1.85,82.8,3,57.83,252.78,0.428,0.387,1.0,0.637,0.8453,5,WMN-03037,water,1.83,1.45,False,0,200.0,,,,2025,0.0,0.0,0
water_main,30.901129947292734,-84.62113442127288,30.906567010111527,-84.62772004224999,0.87,1940,80,ductile_iron,1.0,42.7,3,19.99,90.97,0.411,0.701,0.377,0.279,0.43,7,WMN-03038,water,0.83,0.0,False,0,150.0,,,,2021,0.0,0.0,0
water_main,32.32924131341393,-84.79228752554222,32.301845268668366,-84.80006591794933,3.127,1975,80,cast_iron,1.85,49.4,3,65.3,248.86,0.766,0.639,0.86,0.367,0.1487,4,WMN-03039,water,0.85,0.0,False,0,600.0,,,,2024,0.0,0.0,0
water_main,31.449682701172794,-85.47196260121451,31.44026581889103,-85.47264006519978,1.047,1958,80,asbestos_cement,1.55,48.7,3,37.46,156.35,0.7,0.746,0.568,0.438,0.3339,0,WMN-03040,water,3.38,1.26,False,0,100.0,,,,2025,0.0,0.0,0
water_main,30.975896058541863,-84.59555927969511,30.950718810980455,-84.58969376550566,2.85,2003,80,pvc,0.7,86.7,3,23.76,99.42,0.497,0.444,0.55,0.364,0.4972,7,WMN-03041,water,1.35,0.0,False,0,400.0,,,,2022,0.0,0.0,0
water_main,33.0,-82.04501505413442,33.021945972916264,-82.03209249730966,2.717,2006,80,ductile_iron,1.0,72.8,3,94.16,334.18,0.777,0.49,1.0,0.65,0.2229,5,WMN-03042,water,1.99,0.0,False,0,250.0,,,,2024,0.0,0.0,0
water_main,32.48963179737865,-81.94906033551888,32.48199222756314,-81.94072020391587,1.153,1933,80,ductile_iron,1.0,32.3,3,69.92,275.64,0.675,0.487,1.0,0.827,0.4988,5,WMN-03043,water,3.6,0.0,False,0,250.0,,,,2026,0.0,0.0,0
water_main,30.63950915998807,-84.02141062715225,30.64361910586895,-84.02561654234195,0.608,1963,80,steel,1.1,54.0,1,19.4,68.91,0.265,0.79,0.357,0.481,0.2135,7,WMN-03044,water,0.99,0.0,False,0,150.0,,,,2021,0.0,0.0,0
water_main,32.51750743959373,-84.16950923657927,32.515277446751284,-84.14580459165802,2.232,1971,80,cast_iron,1.85,45.6,2,76.93,275.15,0.804,0.684,1.0,0.623,0.1568,4,WMN-03045,water,5.43,0.0,False,0,400.0,,,,2025,0.0,0.0,0
water_main,32.61310449963864,-81.87119475984427,32.590176657874274,-81.84521574691782,3.518,1994,80,cast_iron,1.85,88.0,1,72.1,287.76,0.393,0.567,1.0,0.807,0.6057,5,WMN-03046,water,1.51,0.0,False,0,150.0,,,,2026,0.0,0.0,0
water_main,32.679383393583386,-84.60664072859606,32.70522845788482,-84.55842224781686,5.341,1994,80,pvc,0.7,86.6,3,78.48,288.44,0.691,0.571,1.0,0.408,0.4113,4,WMN-03047,water,2.61,0.0,False,0,150.0,,,,2024,0.0,0.0,0
water_main,32.42970420188387,-82.05948633296006,32.39255825975292,-82.0686426088324,4.211,2012,80,cast_iron,1.85,79.1,3,69.46,271.15,0.754,0.589,0.954,0.989,0.2557,5,WMN-03048,water,2.29,0.0,False,0,400.0,,,,2021,0.0,0.0,0
water_main,31.949527953385665,-84.48143888203187,31.954188845584387,-84.51073109049008,2.807,1990,80,cast_iron,1.85,81.4,2,54.13,208.38,0.806,0.573,0.802,0.402,0.3125,4,WMN-03049,water,1.15,0.0,False,0,250.0,,,,2021,0.0,0.0,0
water_main,32.35215368494954,-84.35806180965449,32.33602942607621,-84.36432244437923,1.884,2001,80,cast_iron,1.85,48.3,3,68.93,254.35,0.731,0.653,0.879,0.443,0.3373,4,WMN-03050,water,1.09,0.0,False,0,200.0,,,,2019,0.0,0.0,0
water_main,32.444629755334915,-81.7262026974335,32.46298751142966,-81.69756241275708,3.369,1985,80,pvc,0.7,76.0,3,63.9,266.03,0.474,0.476,0.953,0.756,0.8261,5,WMN-03051,water,0.37,0.0,False,0,200.0,,,,2020,0.0,0.0,0
water_main,32.10022716546754,-84.25321988248118,32.09793367231223,-84.24267687820233,1.024,1977,80,cast_iron,1.85,41.8,1,62.37,227.68,0.843,0.767,0.811,0.496,0.1493,4,WMN-03052,water,2.31,0.0,False,0,250.0,,,,2016,0.0,0.0,0
water_main,31.267514808609114,-84.35497291909576,31.26884977531243,-84.3907280225108,3.396,1941,80,cast_iron,1.85,9.3,2,31.14,133.99,0.662,0.6,0.562,0.452,0.1252,7,WMN-03053,water,3.27,0.0,False,0,100.0,,,,2023,0.0,0.0,0
water_main,32.59088973947219,-84.55837991817113,32.61107060049134,-84.59726404537051,4.271,1999,80,cast_iron,1.85,80.3,3,78.78,278.94,0.536,0.442,1.0,0.494,0.6464,4,WMN-03054,water,1.39,0.0,False,0,200.0,,,,2021,0.0,0.0,0
water_main,32.24164558460896,-81.62194148347808,32.23580372981269,-81.63016033804716,1.008,1954,80,ductile_iron,1.0,48.1,3,55.23,241.32,0.449,0.498,0.958,0.696,0.5832,5,WMN-03055,water,3.92,1.09,False,0,300.0,,,,2025,0.0,0.0,0
water_main,32.44056825943153,-84.7399076575998,32.446906673986575,-84.71316870923094,2.602,1981,80,cast_iron,1.85,51.6,3,69.06,261.33,0.825,0.639,0.972,0.39,0.2798,4,WMN-03056,water,1.37,0.0,False,0,250.0,,,,2022,0.0,0.0,0
water_main,32.686039285122845,-84.70464945117236,32.69368874360473,-84.68963645713437,1.64,1959,80,cast_iron,1.85,22.9,3,77.49,288.69,0.779,0.617,1.0,0.428,0.2599,4,WMN-03057,water,1.21,0.0,False,0,200.0,,,,2023,0.0,0.0,0
water_main,31.658517485526133,-85.36868930390577,31.66723883990967,-85.36577967409653,1.006,1954,80,cast_iron,1.85,27.4,3,44.33,178.02,0.833,0.653,0.797,0.454,0.3001,0,WMN-03058,water,1.68,2.41,False,0,200.0,,,,2025,0.0,0.0,0
water_main,32.64754247127933,-84.47480116800729,32.65218837560281,-84.47353959503977,0.529,1965,80,cast_iron,1.85,38.6,3,75.36,285.92,0.626,0.798,1.0,0.456,0.5546,4,WMN-03059,water,1.21,0.0,False,0,150.0,,,,2020,0.0,0.0,0
water_main,32.11193968702061,-81.71957632400928,32.122288735022536,-81.70161278992023,2.043,1956,80,ductile_iron,1.0,38.0,3,46.11,228.96,0.601,0.509,0.804,0.754,0.3656,3,WMN-03060,water,2.49,0.0,False,0,400.0,,,,2023,0.0,0.0,0
water_main,32.25408754213993,-81.5,32.26197021389374,-81.52597331401468,2.59,1984,80,steel,1.1,64.2,2,51.59,240.23,0.778,0.554,0.819,0.773,0.298,5,WMN-03061,water,2.83,0.0,False,0,200.0,,,,2022,0.0,0.0,0
water_main,32.04009964131294,-81.93720738139052,32.04617847708555,-81.93659987139465,0.677,1969,80,cast_iron,1.85,26.7,2,49.15,225.5,0.766,0.427,0.823,0.892,0.1505,3,WMN-03062,water,2.03,0.0,False,0,300.0,,,,2017,0.0,0.0,0
water_main,30.826023721836638,-84.57041841670564,30.816011604198177,-84.59867607441832,2.914,2003,80,pvc,0.7,85.2,2,18.43,82.96,0.387,0.596,0.434,0.324,0.3884,7,WMN-03063,water,2.45,0.0,False,0,200.0,,,,2020,0.0,0.0,0
water_main,31.437469312836487,-84.17159373336564,31.46158533772645,-84.1898887321626,3.189,1974,80,steel,1.1,59.8,2,38.65,155.23,0.649,0.73,0.63,0.498,0.0849,7,WMN-03064,water,2.43,0.0,False,0,200.0,,,,2023,0.0,0.0,0
water_main,32.659393413989555,-84.6750920389235,32.67173121067458,-84.65829823375094,2.083,1951,80,ductile_iron,1.0,40.5,2,79.86,285.86,0.657,0.526,1.0,0.261,0.3392,4,WMN-03065,water,1.54,0.0,False,0,900.0,,,,2021,0.0,0.0,0
water_main,30.774472870283567,-84.18194466605702,30.801549585278288,-84.1575833561374,3.799,2008,80,asbestos_cement,1.55,92.5,3,18.91,81.5,0.3,0.387,0.402,0.428,0.8276,7,WMN-03066,water,1.56,0.0,False,0,150.0,,,,2024,0.0,0.0,0
water_main,31.202182828080776,-84.05827531469504,31.17533101458178,-84.06626878413095,3.076,1974,80,steel,1.1,57.7,3,34.81,130.8,0.641,0.497,0.494,0.474,0.1122,7,WMN-03067,water,7.72,0.0,False,0,150.0,,,,2021,0.0,0.0,0
water_main,30.78903237628962,-84.48535421344218,30.791397066235177,-84.5172330512038,3.051,2012,80,pvc,0.7,69.7,3,17.31,79.53,0.271,0.458,0.384,0.367,0.5145,7,WMN-03068,water,1.55,0.0,False,0,900.0,,,,2023,0.0,0.0,0
water_main,31.37604331341445,-84.95051773871268,31.39185694017416,-84.94482084959677,1.836,1962,80,asbestos_cement,1.55,27.2,1,33.47,143.17,0.656,0.78,0.538,0.384,0.1038,0,WMN-03069,water,1.39,0.0,False,0,150.0,,,,2024,0.0,0.0,0
water_main,31.349066830227947,-85.14696538152056,31.385865724275746,-85.0945275942458,6.434,1972,80,ductile_iron,1.0,56.1,3,33.09,141.26,0.79,0.562,0.656,0.481,0.1483,0,WMN-03070,water,3.73,0.0,False,0,250.0,,,,2024,0.0,0.0,0
water_main,30.073100445820213,-84.0706592320143,30.05587153076778,-84.05127062447842,2.669,1991,80,pvc,0.7,92.8,3,0.78,5.28,0.151,0.772,0.195,0.259,0.0838,11,WMN-03071,water,0.65,0.0,False,0,100.0,,,,2025,0.0,0.0,0
water_main,30.906512855491492,-84.57263439305922,30.92830612634812,-84.55764124380538,2.809,1982,80,cast_iron,1.85,52.3,3,19.22,91.88,0.465,0.661,0.463,0.408,0.4689,7,WMN-03072,water,1.69,0.79,False,0,600.0,,,,2025,0.0,0.0,0
water_main,32.48175201120944,-84.4506421899898,32.49855092876113,-84.45547459569677,1.919,1988,80,ductile_iron,1.0,56.4,3,68.97,267.75,0.539,0.492,0.953,0.403,0.6845,4,WMN-03073,water,3.2,0.0,False,0,250.0,,,,2021,0.0,0.0,0
water_main,32.17617870989531,-81.5826219743752,32.17349347079653,-81.62239424704468,3.749,2008,80,ductile_iron,1.0,84.7,2,49.93,233.24,0.844,0.648,0.881,0.75,0.3627,3,WMN-03074,water,1.03,0.0,False,0,250.0,,,,2025,0.0,0.0,0
water_main,30.896415835140438,-84.22170287301051,30.921102812639482,-84.24383422592047,3.457,1949,80,cast_iron,1.85,22.4,3,24.9,94.48,0.229,0.392,0.467,0.482,0.9203,7,WMN-03075,water,3.87,0.0,False,0,100.0,,,,2021,0.0,0.0,0
water_main,31.05743333066135,-84.51552590506495,31.049764314979754,-84.52251280932003,1.08,1993,80,ductile_iron,1.0,74.8,2,27.67,109.07,0.587,0.364,0.428,0.38,0.4424,7,WMN-03076,water,1.11,0.87,False,0,400.0,,,,2024,0.0,0.0,0
water_main,31.020790978612904,-85.21335653577363,31.02136964294814,-85.17440736867073,3.706,1971,80,asbestos_cement,1.55,64.9,3,25.8,105.42,0.507,0.687,0.395,0.181,0.0984,0,WMN-03077,water,5.68,0.0,False,0,150.0,,,,2025,0.0,0.0,0
water_main,31.000811325015693,-84.22183859893768,31.029123539548944,-84.20326252206105,3.606,1978,80,asbestos_cement,1.55,46.0,3,27.05,106.06,0.377,0.485,0.53,0.505,0.6175,7,WMN-03078,water,0.8,0.0,False,0,150.0,,,,2024,0.0,0.0,0
water_main,32.856016492958446,-81.9618528420398,32.88480464027327,-82.0092930310078,5.457,1965,80,cast_iron,1.85,41.2,3,83.33,316.57,0.56,0.622,1.0,0.774,0.5461,5,WMN-03079,water,2.71,0.0,False,0,200.0,,,,2025,0.0,0.0,0
water_main,32.36310286370371,-84.47952596611142,32.368145189509676,-84.47903597609394,0.562,1939,80,pvc,0.7,52.3,3,65.96,254.31,0.687,0.612,0.974,0.465,0.4883,4,WMN-03080,water,2.99,0.0,False,0,150.0,,,,2025,0.0,0.0,0
water_main,32.74635890932703,-81.5,32.75617560764439,-81.4663897837932,3.322,1977,80,ductile_iron,1.0,61.3,3,74.08,294.87,0.875,0.859,1.0,0.614,0.1081,5,WMN-03081,water,1.24,0.0,False,0,100.0,,,,2023,0.0,0.0,0
water_main,32.566194093281226,-81.95995935510055,32.543154323614914,-81.96096123366824,2.559,2004,80,ductile_iron,1.0,78.5,3,72.19,284.36,0.628,0.69,1.0,0.828,0.5177,5,WMN-03082,water,2.67,0.0,False,0,250.0,,,,2023,0.0,0.0,0
water_main,30.66080578962513,-84.3734141930581,30.659923714881522,-84.40142318161489,2.676,1944,80,cast_iron,1.85,2.0,3,14.93,66.43,0.381,0.574,0.419,0.358,0.5067,7,WMN-03083,water,1.63,0.0,False,0,250.0,,,,2025,0.0,0.0,0
water_main,30.486627841502404,-84.77228090902372,30.4863391650188,-84.75661466534478,1.499,1999,80,ductile_iron,1.0,98.0,3,8.28,44.36,0.367,0.867,0.243,0.077,0.0854,9,WMN-03084,water,1.33,0.0,False,0,300.0,,,,2025,0.0,0.0,0
water_main,32.73943830095897,-81.95449833645694,32.739086906676725,-81.95905309867955,0.427,1964,80,ductile_iron,1.0,40.9,3,76.85,303.48,0.48,0.382,1.0,0.758,0.6739,5,WMN-03085,water,2.84,0.0,False,0,250.0,,,,2025,0.0,0.0,0
water_main,32.29564657758044,-81.95816654033302,32.29663729914107,-81.94406423959545,1.328,1948,80,pvc,0.7,48.1,1,62.11,254.29,0.621,0.656,0.907,0.938,0.4372,3,WMN-03086,water,0.75,0.0,False,0,600.0,,,,2020,0.0,0.0,0
water_main,30.901066142874427,-84.04721947854841,30.89314548199663,-84.02619155126301,2.187,2023,80,steel,1.1,100.0,2,27.92,97.55,0.475,0.441,0.456,0.394,0.4072,7,WMN-03087,water,5.22,0.0,False,0,100.0,,,,2022,0.0,0.0,0
water_main,30.726592197826275,-84.34757757479545,30.735750826356075,-84.33274259350353,1.743,1987,80,pvc,0.7,89.1,3,19.57,74.03,0.228,0.459,0.401,0.361,0.7523,7,WMN-03088,water,2.59,0.0,False,0,150.0,,,,2025,0.0,0.0,0
water_main,32.057679106902235,-81.94389566547885,32.08027160175299,-81.93169217324876,2.758,2021,80,cast_iron,1.85,100.0,3,49.13,227.59,0.783,0.725,0.765,0.894,0.1618,3,WMN-03089,water,7.32,0.0,False,0,150.0,,,,2024,0.0,0.0,0
water_main,32.74057198916165,-81.70937719665366,32.73297907242027,-81.70855069610141,0.846,1964,80,ductile_iron,1.0,30.7,3,73.39,298.52,0.605,0.582,1.0,0.714,0.3255,5,WMN-03090,water,2.12,0.0,False,0,100.0,,,,2020,0.0,0.0,0
water_main,32.87753187435193,-81.71371927086082,32.8651033736484,-81.67215621677975,4.113,1970,80,steel,1.1,51.4,3,85.89,313.82,0.731,0.636,1.0,0.594,0.2405,5,WMN-03091,water,2.44,0.0,False,0,100.0,,,,2023,0.0,0.0,0
water_main,32.40152895631769,-81.98638129652714,32.39530545689868,-81.97875792868243,0.994,1974,80,asbestos_cement,1.55,65.0,2,60.85,266.61,0.63,0.441,1.0,0.782,0.4027,5,WMN-03092,water,4.09,0.0,False,0,150.0,,,,2025,0.0,0.0,0
water_main,33.0,-81.9836968980226,33.002628686504394,-81.94420155935532,3.688,1987,80,asbestos_cement,1.55,65.5,3,91.72,332.98,0.73,0.514,1.0,0.676,0.2495,5,WMN-03093,water,2.34,0.0,False,0,150.0,,,,2020,0.0,0.0,0
water_main,31.12390637066266,-84.53652182383526,31.148059491657158,-84.51745674861037,3.236,1987,80,pvc,0.7,77.6,2,27.02,116.27,0.478,0.615,0.426,0.437,0.3679,7,WMN-03094,water,2.5,0.0,False,0,250.0,,,,2019,0.0,0.0,0
water_main,31.56591992554873,-85.04690554984306,31.55486545746098,-85.04268830771053,1.29,2001,80,steel,1.1,90.5,3,39.0,164.65,0.755,0.75,0.69,0.405,0.1682,0,WMN-03095,water,2.72,0.0,False,0,100.0,,,,2025,0.0,0.0,0
water_main,32.37880377180752,-81.5,32.37613550616993,-81.4798289681626,1.914,1968,80,cast_iron,1.85,43.1,1,58.04,254.07,0.654,0.705,0.952,0.669,0.3348,5,WMN-03096,water,0.88,0.0,False,0,250.0,,,,2022,0.0,0.0,0
water_main,33.0,-81.99387650450375,32.99869405859501,-82.01276695833161,1.765,1984,80,cast_iron,1.85,44.9,3,90.67,333.18,0.691,0.618,1.0,0.603,0.2464,5,WMN-03097,water,2.45,0.0,False,0,400.0,,,,2025,0.0,0.0,0
water_main,32.64219771508466,-84.61399089868632,32.64018004774684,-84.63987139327257,2.429,1982,80,pvc,0.7,68.0,3,77.38,284.27,0.632,0.53,1.0,0.46,0.473,4,WMN-03098,water,2.41,0.0,False,0,150.0,,,,2023,0.0,0.0,0
water_main,31.13450076280915,-84.4577345959929,31.117720833602412,-84.42229481310754,3.848,1991,80,cast_iron,1.85,65.1,3,26.93,118.14,0.441,0.724,0.52,0.409,0.3028,7,WMN-03099,water,0.76,1.44,False,0,200.0,,,,2023,0.0,0.0,0
water_main,30.64298980895353,-84.09277516073088,30.637369187489465,-84.09673589813455,0.73,1974,80,pvc,0.7,76.3,3,17.81,68.21,0.312,0.618,0.328,0.424,0.3258,7,WMN-03100,water,3.44,0.0,False,0,100.0,,,,2020,0.0,0.0,0
water_main,32.80259659776683,-81.84933239226699,32.81928166507726,-81.85628981004706,1.963,1955,80,cast_iron,1.85,14.3,3,83.44,308.34,0.732,0.536,1.0,0.628,0.5592,5,WMN-03101,water,2.61,0.0,False,0,200.0,,,,2024,0.0,0.0,0
water_main,32.66931027317012,-81.5,32.64304700767301,-81.56389932818468,6.644,1928,80,cast_iron,1.85,2.0,3,76.16,286.32,0.724,0.52,0.907,0.566,0.1291,5,WMN-03102,water,0.23,0.0,False,0,250.0,,,,2025,0.0,0.0,0
water_main,32.52202031490301,-81.5,32.52594578396158,-81.52166477964377,2.074,1990,80,pvc,0.7,73.4,3,69.81,269.97,0.834,0.657,0.863,0.752,0.2297,5,WMN-03103,water,3.57,1.02,False,0,200.0,,,,2024,0.0,0.0,0
water_main,31.572001206357424,-85.36979543419284,31.55206711011232,-85.37194478758956,2.222,1971,80,asbestos_cement,1.55,44.7,3,37.71,168.43,0.524,0.565,0.718,0.431,0.3175,0,WMN-03104,water,1.08,0.0,False,0,250.0,,,,2025,0.0,0.0,0
water_main,32.279433112731944,-84.724299788238,32.27465902332659,-84.74159558282494,1.707,2005,80,cast_iron,1.85,64.7,3,60.42,243.49,0.885,0.696,0.837,0.319,0.1722,4,WMN-03105,water,1.2,0.0,False,0,400.0,,,,2024,0.0,0.0,0
water_main,32.21497829670161,-81.68873890729024,32.21819404576122,-81.69529154747661,0.711,1954,80,ductile_iron,1.0,51.8,3,55.84,239.75,0.456,0.405,0.889,0.838,0.6463,3,WMN-03106,water,2.94,0.0,False,0,200.0,,,,2022,0.0,0.0,0
water_main,31.2107478562646,-84.8866270170427,31.18314980171991,-84.9405754756936,5.968,1942,80,cast_iron,1.85,10.8,2,29.27,124.69,0.561,0.536,0.6,0.44,0.1647,0,WMN-03107,water,2.34,0.0,False,0,200.0,,,,2023,0.0,0.0,0
water_main,31.981505849751724,-84.56129459883049,31.994814144143884,-84.57357279203885,1.876,1967,80,ductile_iron,1.0,44.7,3,53.91,211.28,0.767,0.799,0.728,0.278,0.2716,4,WMN-03108,water,3.93,0.0,False,0,600.0,,,,2024,0.0,0.0,0
water_main,31.925514819973202,-81.68747787187218,31.898031673724393,-81.70741100704001,3.582,1969,80,cast_iron,1.85,33.7,3,39.98,207.59,0.818,0.712,0.911,0.845,0.1079,3,WMN-03109,water,5.13,0.0,False,0,300.0,,,,2024,0.0,0.0,0
water_main,31.758178488032517,-84.63309312337775,31.75250681784644,-84.61812654236729,1.546,1973,80,pvc,0.7,59.3,3,47.32,186.03,0.777,0.638,0.635,0.402,0.1507,4,WMN-03110,water,2.5,2.0,False,0,250.0,,,,2025,0.0,0.0,0
water_main,31.620806708671964,-85.43155020536982,31.635044448869046,-85.41612537226824,2.15,1988,80,asbestos_cement,1.55,58.5,3,41.14,174.73,0.753,0.55,0.722,0.511,0.2707,0,WMN-03111,water,1.41,0.0,False,0,250.0,,,,2023,0.0,0.0,0
water_main,32.48616107632538,-82.4243599664433,32.48815367217945,-82.43979080694757,1.462,1963,80,asbestos_cement,1.55,28.4,3,66.65,283.27,1.0,0.705,1.0,0.958,0.0854,3,WMN-03112,water,0.74,0.0,False,0,400.0,,,,2025,0.0,0.0,0
water_main,30.94519452097566,-84.96530540423429,30.966486307694183,-84.97452842800864,2.521,1960,80,ductile_iron,1.0,62.2,3,17.13,95.39,0.499,0.669,0.44,0.226,0.142,7,WMN-03113,water,1.07,0.0,False,0,900.0,,,,2024,0.0,0.0,0
water_main,32.33902859506946,-84.69154704778742,32.317597567171234,-84.68537797412756,2.448,1989,80,cast_iron,1.85,70.8,3,64.52,250.22,0.757,0.679,0.946,0.396,0.2609,4,WMN-03114,water,5.05,0.0,False,0,100.0,,,,2019,0.0,0.0,0
water_main,32.47825568287667,-81.5,32.4959131500388,-81.5207375229116,2.759,1997,80,cast_iron,1.85,66.9,3,61.44,265.11,0.732,0.537,0.81,0.618,0.27,5,WMN-03115,water,0.63,0.0,False,0,600.0,,,,2025,0.0,0.0,0
water_main,32.700413049842936,-81.85828312100998,32.696774372367344,-81.89714305153802,3.652,1958,80,pvc,0.7,54.1,1,74.4,297.18,0.504,0.43,1.0,0.631,0.6216,5,WMN-03116,water,11.04,0.0,False,0,300.0,,,,2021,0.0,0.0,0
water_main,31.80069208602468,-85.25628064311418,31.810436471772864,-85.26835165597771,1.571,1956,80,ductile_iron,1.0,45.8,3,50.44,192.43,0.793,0.679,0.852,0.519,0.2201,0,WMN-03117,water,2.72,0.0,False,0,600.0,,,,2025,0.0,0.0,0
water_main,32.65019705234401,-84.51602640489621,32.635959656099054,-84.52303706722768,1.711,1969,80,cast_iron,1.85,31.5,3,79.42,285.86,0.565,0.357,1.0,0.354,0.5553,4,WMN-03118,water,2.16,0.0,False,0,250.0,,,,2026,0.0,0.0,0
water_main,32.99729372899753,-82.01299727759942,33.03928336075442,-82.01339307845132,4.661,1952,80,pvc,0.7,34.4,3,91.61,333.26,0.744,0.491,1.0,0.642,0.2431,5,WMN-03119,water,0.68,0.0,False,0,300.0,,,,2021,0.0,0.0,0
water_main,30.831871429481026,-84.52526135951607,30.795217507807305,-84.56534668266305,5.581,1962,80,ductile_iron,1.0,36.0,3,16.87,83.95,0.136,0.677,0.309,0.398,0.4698,7,WMN-03120,water,3.18,2.14,False,0,400.0,,,,2025,0.0,0.0,0
water_main,32.473748752546314,-81.86150365386287,32.44666564678244,-81.8497531824541,3.201,1982,80,ductile_iron,1.0,84.5,3,63.85,272.09,0.513,0.416,0.874,0.858,0.6866,5,WMN-03121,water,2.53,0.5,False,0,900.0,,,,2021,0.0,0.0,0
water_main,32.563594277502574,-81.57144430024057,32.559206687771095,-81.5630759197761,0.922,1958,80,cast_iron,1.85,31.3,3,63.33,276.02,0.701,0.619,1.0,0.561,0.2906,5,WMN-03122,water,1.39,0.0,False,0,600.0,,,,2024,0.0,0.0,0
water_main,30.675782319586023,-84.12995951615532,30.66355656951318,-84.18845172830765,5.747,1971,80,pvc,0.7,41.7,3,17.85,71.29,0.377,0.463,0.302,0.431,0.4667,7,WMN-03123,water,3.9,0.0,False,0,150.0,,,,2023,0.0,0.0,0
water_main,32.64616372783413,-81.97214659995751,32.645138333211364,-81.95845683764549,1.285,1963,80,cast_iron,1.85,38.8,2,77.07,293.48,0.616,0.575,1.0,0.743,0.5956,5,WMN-03124,water,2.6,0.0,False,0,200.0,,,,2021,0.0,0.0,0
water_main,32.34396284307308,-81.93997777465202,32.34144104274552,-81.95000317656498,0.981,1973,80,cast_iron,1.85,44.1,3,62.86,259.29,0.62,0.378,0.841,0.914,0.5242,3,WMN-03125,water,1.32,0.0,False,0,150.0,,,,2024,0.0,0.0,0
water_main,32.287563396736196,-82.1250948822478,32.29422350865885,-82.1342791748539,1.135,1959,80,steel,1.1,42.1,3,63.18,256.59,0.83,0.557,0.997,0.918,0.1382,3,WMN-03126,water,2.52,0.88,False,0,200.0,,,,2025,0.0,0.0,0
water_main,32.591442151043296,-81.5825986909758,32.5607813768737,-81.6179776481131,4.747,1971,80,ductile_iron,1.0,49.4,3,70.24,279.34,0.687,0.552,1.0,0.624,0.269,5,WMN-03127,water,2.59,0.0,False,0,200.0,,,,2021,0.0,0.0,0
water_main,31.198308335231957,-84.49563154317428,31.170289323977727,-84.50542161847204,3.246,1984,80,ductile_iron,1.0,70.5,3,32.13,124.87,0.537,0.656,0.647,0.474,0.239,7,WMN-03128,water,1.63,0.0,False,0,300.0,,,,2026,0.0,0.0,0
water_main,30.54832675058167,-84.80105194849969,30.54721761198562,-84.79290235648219,0.789,1947,80,cast_iron,1.85,2.0,3,5.98,51.17,0.392,0.579,0.337,0.216,0.0874,9,WMN-03129,water,1.12,1.05,False,0,100.0,,,,2024,0.0,0.0,0
water_main,31.405892505847397,-85.74482132475018,31.42592071693904,-85.73333074615924,2.475,1966,80,pvc,0.7,57.0,3,38.43,156.36,0.668,0.624,0.738,0.31,0.1644,0,WMN-03130,water,2.43,0.0,False,0,300.0,,,,2021,0.0,0.0,0
water_main,32.366018966781326,-84.47655578113992,32.35862758761017,-84.48418183043593,1.088,1976,80,ductile_iron,1.0,44.4,3,67.16,254.66,0.621,0.544,0.89,0.423,0.4938,4,WMN-03131,water,1.14,0.0,False,0,300.0,,,,2025,0.0,0.0,0
water_main,30.79525651008037,-84.39869369099037,30.777680323004518,-84.38538816599471,2.327,1974,80,pvc,0.7,72.2,3,20.91,81.08,0.237,0.541,0.434,0.316,0.775,7,WMN-03132,water,2.62,0.0,False,0,900.0,,,,2023,0.0,0.0,0
water_main,32.71574933356338,-84.7982976369947,32.70742707037494,-84.81854768162106,2.105,1971,80,ductile_iron,1.0,55.8,2,80.01,291.75,0.702,0.656,1.0,0.278,0.1417,4,WMN-03133,water,2.41,0.0,False,0,300.0,,,,2023,0.0,0.0,0
water_main,32.24387471750707,-81.71098496008125,32.23712935945807,-81.71496051397695,0.837,1955,80,ductile_iron,1.0,47.3,3,54.81,243.42,0.385,0.478,1.0,0.742,0.7557,3,WMN-03134,water,2.66,0.0,False,0,150.0,,,,2024,0.0,0.0,0
water_main,32.67396114499396,-81.97224604780338,32.66021039378228,-82.01095176282871,3.925,1996,80,cast_iron,1.85,79.7,3,75.26,296.56,0.547,0.564,1.0,0.682,0.6264,5,WMN-03135,water,4.81,0.0,False,0,600.0,,,,2025,0.0,0.0,0
water_main,32.60936719876926,-84.7136046516508,32.60561040498836,-84.71027689896255,0.52,1978,80,asbestos_cement,1.55,40.2,3,71.39,280.15,0.696,0.644,1.0,0.34,0.3234,4,WMN-03136,water,3.73,0.0,False,0,200.0,,,,2024,0.0,0.0,0
water_main,32.32750354001421,-81.85569275959526,32.32705900190342,-81.86668803350958,1.032,1985,80,ductile_iron,1.0,85.9,2,64.99,255.73,0.47,0.422,0.976,0.852,0.7758,3,WMN-03137,water,1.23,0.0,False,0,900.0,,,,2025,0.0,0.0,0
water_main,32.76003117570562,-84.43990481467087,32.76280587396573,-84.44025154028972,0.31,1943,80,asbestos_cement,1.55,8.0,2,84.48,298.74,0.855,0.673,1.0,0.486,0.2816,4,WMN-03138,water,1.23,0.0,False,0,400.0,,,,2020,0.0,0.0,0
water_main,32.79023894152886,-84.19542912149365,32.79273135535792,-84.20594393973181,1.019,1928,80,ductile_iron,1.0,28.6,3,90.87,305.06,1.0,0.65,1.0,0.564,0.1084,4,WMN-03139,water,2.55,1.82,False,0,300.0,,,,2024,0.0,0.0,0
water_main,32.446995345242016,-84.23972212475111,32.42037630993959,-84.23777010793843,2.96,1958,80,pvc,0.7,60.9,2,76.54,266.35,0.792,0.642,0.945,0.626,0.2337,4,WMN-03140,water,1.89,0.0,False,0,200.0,,,,2024,0.0,0.0,0
water_main,32.65222492626764,-84.2210186472489,32.679508240155535,-84.21885206616854,3.035,1972,80,pvc,0.7,57.3,2,83.28,289.38,0.788,0.676,1.0,0.62,0.181,4,WMN-03141,water,5.07,0.0,False,0,250.0,,,,2024,0.0,0.0,0
water_main,32.524013174208505,-84.48411747256098,32.505260038182264,-84.50935747441993,3.149,2021,80,pvc,0.7,100.0,3,73.61,272.13,0.55,0.535,1.0,0.424,0.7332,4,WMN-03142,water,3.15,2.41,False,0,100.0,,,,2022,0.0,0.0,0
water_main,30.86537419285809,-84.0901754879846,30.86018429554157,-84.1035918790606,1.402,1993,80,cast_iron,1.85,66.5,2,25.17,92.93,0.424,0.558,0.37,0.431,0.569,7,WMN-03143,water,0.12,0.0,False,0,150.0,,,,2023,0.0,0.0,0
water_main,30.814653967957963,-84.64447786874067,30.889491099142194,-84.64414385976252,8.307,2018,80,ductile_iron,1.0,86.5,3,14.05,81.24,0.384,0.492,0.399,0.268,0.2979,7,WMN-03144,water,1.92,0.0,False,0,150.0,,,,2021,0.0,0.0,0
water_main,30.378753092216503,-84.45824764041143,30.356564523003275,-84.44540231985638,2.753,1956,80,cast_iron,1.85,21.4,3,5.08,34.24,0.352,0.641,0.261,0.151,0.0917,9,WMN-03145,water,1.53,0.0,False,0,300.0,,,,2023,0.0,0.0,0
water_main,32.65952880040096,-81.79899613257967,32.641854538343004,-81.78411695071907,2.405,2023,80,asbestos_cement,1.55,100.0,3,73.68,291.41,0.633,0.506,1.0,0.625,0.535,5,WMN-03146,water,0.89,0.0,False,0,250.0,,,,2026,0.0,0.0,0
water_main,30.901020974834115,-84.252236698467,30.85029735555103,-84.23615095656821,5.835,1975,80,pvc,0.7,77.4,2,21.52,94.58,0.19,0.42,0.491,0.407,0.9493,7,WMN-03147,water,1.35,0.0,False,0,250.0,,,,2023,0.0,0.0,0
water_main,30.5866367982931,-84.61277275811914,30.585445820977117,-84.5962991359057,1.58,1998,80,ductile_iron,1.0,79.1,2,7.58,56.11,0.348,0.681,0.282,0.227,0.1198,9,WMN-03148,water,2.17,1.63,False,0,900.0,,,,2021,0.0,0.0,0
water_main,31.301527768303963,-85.64164893364071,31.289831027500032,-85.67479465570531,3.401,1981,80,ductile_iron,1.0,62.8,3,34.74,142.81,0.572,0.773,0.448,0.267,0.2997,0,WMN-03149,water,0.72,0.0,False,0,100.0,,,,2024,0.0,0.0,0
water_main,31.618114971415153,-85.46313120735934,31.62976179546659,-85.47180761923104,1.531,1948,80,asbestos_cement,1.55,28.3,3,44.25,174.91,0.75,0.532,0.709,0.432,0.2475,0,WMN-03150,water,4.45,0.0,False,0,200.0,,,,2024,0.0,0.0,0
water_main,30.635232835459774,-84.08024680914019,30.643861272882322,-84.07869966365395,0.969,1987,80,ductile_iron,1.0,69.7,3,15.87,67.53,0.332,0.832,0.274,0.334,0.292,7,WMN-03151,water,4.65,0.0,False,0,250.0,,,,2023,0.0,0.0,0
water_main,32.33420961560141,-81.5,32.319363612834394,-81.50194678865832,1.658,1969,80,ductile_iron,1.0,66.2,3,59.16,249.12,0.79,0.494,0.92,0.686,0.3379,5,WMN-03152,water,2.47,2.44,False,0,150.0,,,,2025,0.0,0.0,0
water_main,31.09976905896114,-85.5023544379799,31.105936569258063,-85.43703893403976,6.246,1939,80,ductile_iron,1.0,17.9,2,27.43,117.99,0.533,0.694,0.524,0.24,0.2287,0,WMN-03153,water,4.21,1.1,False,0,400.0,,,,2019,0.0,0.0,0
water_main,32.37113881518744,-81.51493999326554,32.382971774919625,-81.48579980869371,3.031,1933,80,cast_iron,1.85,2.0,2,62.83,253.52,0.524,0.583,0.996,0.756,0.375,5,WMN-03154,water,4.97,0.0,False,0,250.0,,,,2025,0.0,0.0,0
water_main,32.87341703389092,-81.98192291477358,32.86260488164048,-81.95089941692997,3.131,1954,80,asbestos_cement,1.55,37.6,3,87.22,318.9,0.41,0.733,1.0,0.621,0.5009,5,WMN-03155,water,2.37,0.84,False,0,200.0,,,,2023,0.0,0.0,0
water_main,30.608201235667387,-84.34920507047546,30.61650946151172,-84.36689482246587,1.925,1944,80,pvc,0.7,45.5,3,13.37,60.87,0.37,0.74,0.333,0.308,0.386,7,WMN-03156,water,2.91,1.91,False,0,100.0,,,,2024,0.0,0.0,0
water_main,32.277479863512916,-81.64468948468547,32.290045313917304,-81.66856620568251,2.639,1939,80,ductile_iron,1.0,35.6,3,54.99,245.77,0.517,0.433,0.939,0.752,0.7111,5,WMN-03157,water,3.39,0.0,False,0,100.0,,,,2023,0.0,0.0,0
water_main,30.684158102627062,-84.57021345445399,30.68579106704916,-84.55661410748553,1.311,1978,80,ductile_iron,1.0,72.2,2,15.4,67.21,0.404,0.694,0.37,0.247,0.2183,7,WMN-03158,water,0.21,0.0,False,0,100.0,,,,2024,0.0,0.0,0
water_main,31.868088996215526,-84.0908394792506,31.87156760163252,-84.08265205742167,0.863,1985,80,pvc,0.7,68.1,3,56.97,204.22,0.789,0.726,0.899,0.565,0.0971,4,WMN-03159,water,1.05,2.27,False,0,250.0,,,,2014,0.0,0.0,0
water_main,33.0,-81.96577973191627,33.01037311365414,-81.96115777416021,1.229,1973,80,ductile_iron,1.0,79.9,3,91.89,332.63,1.0,0.651,1.0,0.639,0.2535,5,WMN-03160,water,1.41,0.0,False,0,200.0,,,,2026,0.0,0.0,0
water_main,32.73231482187764,-84.45890351706088,32.7151379548075,-84.47041371278122,2.189,1970,80,cast_iron,1.85,39.6,3,84.94,295.48,0.784,0.631,0.968,0.502,0.3467,4,WMN-03161,water,1.1,0.0,False,0,200.0,,,,2024,0.0,0.0,0
water_main,31.98872283996618,-81.69969730675105,31.9999551963271,-81.6663729616349,3.376,2013,80,cast_iron,1.85,82.8,3,45.59,214.87,0.836,0.688,0.814,0.866,0.1489,3,WMN-03162,water,2.09,0.0,False,0,200.0,,,,2024,0.0,0.0,0
water_main,32.85179429517592,-81.88952143167488,32.86316119673426,-81.93386175438513,4.323,1958,80,pvc,0.7,55.8,3,81.18,314.63,0.593,0.467,1.0,0.619,0.5356,5,WMN-03163,water,2.45,0.0,False,0,300.0,,,,2018,0.0,0.0,0
water_main,32.21983937035363,-81.64533409344763,32.21811627856719,-81.6784645185129,3.117,1992,80,pvc,0.7,70.2,3,57.8,239.38,0.487,0.503,0.762,0.732,0.5857,3,WMN-03164,water,1.8,0.0,False,0,100.0,,,,2022,0.0,0.0,0
water_main,31.95755051903829,-81.6686093628167,31.963340374980955,-81.66073632819544,0.981,1997,80,cast_iron,1.85,54.2,3,43.12,210.76,0.922,0.718,0.859,0.885,0.1219,3,WMN-03165,water,2.02,0.0,False,0,300.0,,,,2023,0.0,0.0,0
water_main,32.3656346963967,-81.62188650279955,32.37912427689906,-81.64502628371808,2.636,1987,80,cast_iron,1.85,42.1,3,60.1,255.08,0.488,0.428,0.953,0.717,0.7075,5,WMN-03166,water,1.93,0.0,False,0,250.0,,,,2024,0.0,0.0,0
water_main,32.444312068028474,-84.50805712881922,32.455507769352,-84.50707592231792,1.246,1975,80,ductile_iron,1.0,64.9,3,71.74,263.07,0.564,0.431,0.979,0.482,0.6687,4,WMN-03167,water,3.72,0.0,False,0,150.0,,,,2023,0.0,0.0,0
water_main,32.35730925177357,-84.52100097695498,32.34327190390606,-84.51309227397162,1.726,2003,80,asbestos_cement,1.55,92.1,2,66.96,253.31,0.522,0.556,0.85,0.392,0.4771,4,WMN-03168,water,3.07,0.0,False,0,300.0,,,,2021,0.0,0.0,0
water_main,32.89483943801631,-84.74900544760754,32.89407666243816,-84.7423103887461,0.63,1958,80,pvc,0.7,52.1,2,85.54,311.73,0.899,0.832,1.0,0.388,0.0971,4,WMN-03169,water,1.8,0.0,False,0,150.0,,,,2021,0.0,0.0,0
water_main,30.477265900861518,-84.71443804391674,30.47522942067967,-84.70222695090555,1.19,1981,80,pvc,0.7,89.3,3,11.95,43.48,0.422,0.729,0.223,0.093,0.0863,9,WMN-03170,water,1.58,0.0,False,0,150.0,,,,2022,0.0,0.0,0
water_main,31.6130421385633,-85.15777348944604,31.611313156083206,-85.15098551754254,0.67,1986,80,ductile_iron,1.0,56.8,2,40.56,170.65,0.552,0.598,0.692,0.533,0.2653,0,WMN-03171,water,1.43,0.0,False,0,150.0,,,,2024,0.0,0.0,0
water_main,31.776745929281617,-84.53372113009283,31.781187933960247,-84.54860419721687,1.488,1990,80,pvc,0.7,78.4,3,44.26,188.76,0.795,0.751,0.743,0.29,0.2042,4,WMN-03172,water,1.87,0.0,False,0,250.0,,,,2024,0.0,0.0,0
water_main,32.85821376608499,-81.62535597864435,32.86694505156946,-81.63939969420774,1.629,1933,80,ductile_iron,1.0,22.4,3,81.98,309.83,0.795,0.852,1.0,0.61,0.1532,5,WMN-03173,water,1.15,0.0,False,0,250.0,,,,2024,0.0,0.0,0
water_main,32.10790880546246,-81.5,32.1085006544637,-81.50408202644213,0.389,1982,80,ductile_iron,1.0,52.0,3,46.03,224.0,0.738,0.706,0.823,0.846,0.1661,3,WMN-03174,water,3.49,0.0,False,0,900.0,,,,2022,0.0,0.0,0
water_main,32.430293831331454,-84.53772594777362,32.423285849347835,-84.52466220565155,1.45,1956,80,pvc,0.7,56.0,3,74.62,261.27,0.455,0.546,0.901,0.462,0.6312,4,WMN-03175,water,2.1,0.0,False,0,300.0,,,,2025,0.0,0.0,0
water_main,32.39958946756551,-82.36809008711579,32.419157374041724,-82.3800194962266,2.443,1989,80,cast_iron,1.85,47.9,3,68.73,272.93,0.954,0.624,1.0,1.0,0.0857,3,WMN-03176,water,3.05,0.0,False,0,200.0,,,,2022,0.0,0.0,0
water_main,32.67603860626134,-84.56367834477295,32.6746725520853,-84.57367141351095,0.946,1935,80,cast_iron,1.85,2.0,3,82.52,288.36,0.599,0.526,1.0,0.369,0.4664,4,WMN-03177,water,2.78,0.0,False,0,100.0,,,,2019,0.0,0.0,0
water_main,32.791812632529364,-81.67190591137611,32.79576720836908,-81.66131275786148,1.082,2003,80,pvc,0.7,99.6,2,79.65,303.43,0.813,0.671,1.0,0.517,0.2351,5,WMN-03178,water,0.55,0.0,False,0,150.0,,,,2025,0.0,0.0,0
water_main,30.48570982885946,-84.41466396754362,30.466317283678855,-84.4186682569946,2.186,1977,80,asbestos_cement,1.55,31.6,3,7.32,46.55,0.333,0.792,0.392,0.329,0.1408,9,WMN-03179,water,1.92,1.46,False,0,400.0,,,,2022,0.0,0.0,0
water_main,32.57395141276927,-84.50815204916012,32.57193593168204,-84.49325509525333,1.411,1938,80,pvc,0.7,37.4,3,75.45,277.46,0.553,0.376,0.952,0.397,0.7036,4,WMN-03180,water,0.54,0.0,False,0,400.0,,,,2022,0.0,0.0,0
water_main,31.857959519101534,-84.57575017157183,31.84123058439143,-84.58214377108145,1.952,1977,80,ductile_iron,1.0,64.0,3,50.59,197.47,0.799,0.639,0.831,0.457,0.2394,4,WMN-03181,water,0.95,0.0,False,0,200.0,,,,2026,0.0,0.0,0
water_main,32.62047169201982,-81.93012936656403,32.620318159124075,-81.9352176800497,0.476,2009,80,cast_iron,1.85,74.3,2,72.9,289.78,0.568,0.516,1.0,0.714,0.6002,5,WMN-03182,water,1.31,0.0,False,0,400.0,,,,2020,0.0,0.0,0
water_main,30.78210290616921,-84.38718494232332,30.779728218722283,-84.40857356688781,2.057,1998,80,ductile_iron,1.0,90.7,3,18.74,79.74,0.185,0.452,0.435,0.36,0.7882,7,WMN-03183,water,0.5,0.0,False,0,150.0,,,,2023,0.0,0.0,0
water_main,32.51911565674306,-81.93192241030457,32.51797196650127,-81.91912618871761,1.204,1968,80,pvc,0.7,65.2,3,67.2,278.57,0.515,0.627,0.985,0.843,0.5351,5,WMN-03184,water,2.09,0.0,False,0,900.0,,,,2022,0.0,0.0,0
water_main,30.621892071529242,-84.19993823822745,30.59807209135566,-84.19124859884131,2.771,1975,80,pvc,0.7,72.4,3,14.98,64.31,0.339,0.595,0.399,0.376,0.429,7,WMN-03185,water,2.75,0.0,False,0,150.0,,,,2023,0.0,0.0,0
water_main,32.27152438104449,-81.90092183373439,32.23356913028958,-81.89888885522356,4.217,1986,80,pvc,0.7,100.0,3,60.04,250.45,0.66,0.494,0.957,0.829,0.5741,3,WMN-03186,water,2.89,0.0,False,0,150.0,,,,2022,0.0,0.0,0
water_main,30.903809954924398,-84.58989507458463,30.900297466408215,-84.60791383369752,1.76,1978,80,ductile_iron,1.0,55.3,3,23.86,91.46,0.339,0.538,0.381,0.386,0.4533,7,WMN-03187,water,1.16,1.9,False,0,200.0,,,,2019,0.0,0.0,0
water_main,32.33464172517598,-82.19859929019097,32.28684945418836,-82.20629388285673,5.354,1980,80,pvc,0.7,74.2,2,67.29,263.11,0.803,0.538,0.929,0.881,0.1054,3,WMN-03188,water,2.63,0.0,False,0,200.0,,,,2025,0.0,0.0,0
water_main,31.645657931330657,-84.43494382227304,31.63355394461109,-84.41476401937112,2.333,1954,80,ductile_iron,1.0,44.7,3,42.34,175.1,0.716,0.564,0.79,0.34,0.1232,4,WMN-03189,water,3.16,0.0,False,0,300.0,,,,2019,0.0,0.0,0
water_main,31.934278816950158,-84.93659387914566,31.92183202410083,-84.85969781300776,7.374,1977,80,cast_iron,1.85,54.8,3,53.06,205.09,0.832,0.762,0.692,0.351,0.0909,0,WMN-03190,water,1.92,0.0,False,0,400.0,,,,2023,0.0,0.0,0
water_main,32.75043432219415,-82.06628960562487,32.753639489656756,-82.0773307257193,1.09,1960,80,asbestos_cement,1.55,24.4,3,77.56,306.88,0.605,0.544,1.0,0.785,0.5123,5,WMN-03191,water,2.19,0.0,False,0,100.0,,,,2025,0.0,0.0,0
water_main,31.021266312539463,-84.3041804752313,31.02840548588476,-84.32653484291605,2.269,1928,80,pvc,0.7,35.1,3,24.5,107.26,0.405,0.518,0.495,0.45,0.5833,7,WMN-03192,water,2.31,0.91,False,0,250.0,,,,2025,0.0,0.0,0
water_main,31.228061378128327,-84.40514646332714,31.23382726868194,-84.38913631977888,1.649,1971,80,cast_iron,1.85,31.5,3,30.27,129.05,0.599,0.769,0.407,0.411,0.1652,7,WMN-03193,water,1.28,0.0,False,0,150.0,,,,2023,0.0,0.0,0
water_main,30.638625819666025,-84.17038416989965,30.610258531569464,-84.12109605388882,5.663,1962,80,cast_iron,1.85,9.7,1,18.56,66.58,0.257,0.673,0.39,0.444,0.4413,7,WMN-03194,water,1.45,0.0,False,0,400.0,,,,2022,0.0,0.0,0
water_main,30.518938010596525,-84.29507791063536,30.554553110666497,-84.28743362651667,4.02,1973,80,pvc,0.7,72.0,3,10.23,51.62,0.302,0.69,0.205,0.328,0.2133,7,WMN-03195,water,2.32,0.0,False,0,400.0,,,,2024,0.0,0.0,0
water_main,32.78797137845864,-82.20147312511709,32.79772910816586,-82.14819174594483,5.089,1999,80,pvc,0.7,65.5,3,82.56,313.48,0.805,0.565,1.0,0.677,0.2333,5,WMN-03196,water,1.35,0.0,False,0,400.0,,,,2026,0.0,0.0,0
water_main,32.43980966186968,-81.73214507167629,32.42199752123938,-81.73420876070637,1.987,2007,80,pvc,0.7,92.5,3,62.45,265.62,0.47,0.527,1.0,0.717,0.8416,5,WMN-03197,water,2.56,0.0,False,0,100.0,,,,2025,0.0,0.0,0
water_main,30.998734126007516,-84.30203648386546,30.99469430643638,-84.30617777178307,0.597,1967,80,cast_iron,1.85,28.1,3,26.32,104.79,0.244,0.538,0.446,0.498,0.6608,7,WMN-03198,water,3.54,0.0,False,0,150.0,,,,2024,0.0,0.0,0
water_main,32.641415417506366,-81.71862539669657,32.6456390764767,-81.69889009912487,1.903,1962,80,steel,1.1,38.2,2,69.29,287.71,0.742,0.647,1.0,0.717,0.413,5,WMN-03199,water,2.19,0.0,False,0,100.0,,,,2024,0.0,0.0,0
water_main,32.653723048219206,-81.5,32.654304435915975,-81.51612876136892,1.509,1989,80,ductile_iron,1.0,73.7,3,74.07,284.59,0.687,0.595,1.0,0.437,0.1357,5,WMN-03200,water,2.56,0.0,False,0,200.0,,,,2024,0.0,0.0,0
water_main,33.0,-81.86584254899907,33.01690730573551,-81.88358867401249,2.5,1956,80,ductile_iron,1.0,31.1,3,91.67,330.59,0.843,0.533,1.0,0.62,0.2375,5,WMN-03201,water,0.82,0.0,False,0,200.0,,,,2025,0.0,0.0,0
water_main,30.670940219380682,-83.91342948205924,30.695521352491888,-83.89173527472623,3.426,2019,80,ductile_iron,1.0,95.5,3,20.05,74.11,0.395,0.548,0.432,0.436,0.1287,7,WMN-03202,water,1.82,1.13,False,0,300.0,,,,2023,0.0,0.0,0
water_main,32.6565592796824,-82.0539279161072,32.69268428629708,-82.0690822752737,4.253,1945,80,asbestos_cement,1.55,32.7,2,72.59,296.23,0.651,0.482,0.963,0.851,0.482,5,WMN-03203,water,4.42,0.0,False,0,250.0,,,,2025,0.0,0.0,0
water_main,32.45881294349614,-84.44682490547086,32.46913102201037,-84.45820169614787,1.564,2003,80,ductile_iron,1.0,77.3,1,70.47,265.24,0.399,0.5,1.0,0.51,0.6535,4,WMN-03204,water,1.46,0.0,False,0,200.0,,,,2021,0.0,0.0,0
water_main,30.961487702298744,-83.74072535869358,30.982134292007817,-83.73889289813066,2.298,1948,80,ductile_iron,1.0,42.4,3,26.72,109.12,0.632,0.729,0.424,0.364,0.0866,7,WMN-03205,water,0.82,0.0,False,0,100.0,,,,2022,0.0,0.0,0
water_main,32.373438629523115,-81.62491049185154,32.379033976626964,-81.64950009276515,2.387,1962,80,steel,1.1,58.6,2,61.37,256.01,0.453,0.517,1.0,0.625,0.7134,5,WMN-03206,water,2.1,0.0,False,0,200.0,,,,2025,0.0,0.0,0
water_main,32.78736508936952,-84.43625214760353,32.78319645483641,-84.43675180692911,0.465,2000,80,steel,1.1,65.5,2,86.08,301.81,0.694,0.644,1.0,0.442,0.2334,4,WMN-03207,water,3.75,0.0,False,0,300.0,,,,2022,0.0,0.0,0
water_main,32.24480000758252,-81.75866455411311,32.25323272351959,-81.76169737920877,0.978,1971,80,ductile_iron,1.0,40.4,1,56.32,244.53,0.404,0.437,0.943,0.746,0.7767,3,WMN-03208,water,1.82,2.1,False,0,150.0,,,,2021,0.0,0.0,0
water_main,32.67479399436229,-81.52689483036016,32.66760544028867,-81.5395679683086,1.428,1994,80,pvc,0.7,90.3,3,71.45,287.46,0.76,0.466,1.0,0.694,0.1424,5,WMN-03209,water,3.32,0.0,False,0,150.0,,,,2025,0.0,0.0,0
water_main,32.662179593066824,-84.50828530773566,32.67646765339333,-84.4943985591697,2.049,1993,80,steel,1.1,66.8,3,82.33,287.25,0.595,0.456,1.0,0.465,0.5274,4,WMN-03210,water,1.04,0.0,False,0,200.0,,,,2024,0.0,0.0,0
water_main,31.050934475105404,-84.10259949827896,31.081172209461585,-84.10695246930835,3.382,1971,80,ductile_iron,1.0,70.7,3,26.27,113.34,0.625,0.73,0.535,0.463,0.3028,7,WMN-03211,water,2.02,0.0,False,0,100.0,,,,2025,0.0,0.0,0
water_main,32.477495580049265,-82.02232018810732,32.527058404563896,-81.99650395943138,6.009,1986,80,ductile_iron,1.0,62.8,3,70.1,275.74,0.728,0.592,1.0,0.866,0.3438,5,WMN-03212,water,4.5,0.0,False,0,300.0,,,,2022,0.0,0.0,0
water_main,31.13770437787362,-84.79389530734285,31.150681536809774,-84.78056525715382,1.918,1979,80,pvc,0.7,67.4,3,26.85,116.6,0.451,0.548,0.545,0.529,0.3106,7,WMN-03213,water,2.44,0.0,False,0,150.0,,,,2023,0.0,0.0,0
water_main,32.81273499008265,-82.32902389908871,32.80500316403031,-82.27931025666646,4.717,1944,80,asbestos_cement,1.55,2.0,3,89.09,318.24,0.833,0.798,1.0,0.808,0.1121,5,WMN-03214,water,1.66,0.0,False,0,250.0,,,,2025,0.0,0.0,0
water_main,32.22805712136674,-81.61981263506385,32.24556311432401,-81.61566090391837,1.982,1928,80,pvc,0.7,20.1,3,51.89,239.77,0.626,0.426,1.0,0.798,0.549,3,WMN-03215,water,3.71,0.0,False,0,300.0,,,,2023,0.0,0.0,0
water_main,31.841883529345377,-85.40909822900062,31.844732583318347,-85.40209671471135,0.732,1941,80,pvc,0.7,54.9,3,45.74,198.94,0.857,0.699,0.595,0.534,0.163,0,WMN-03216,water,3.21,1.93,False,0,200.0,,,,2023,0.0,0.0,0
water_main,32.67646417947942,-82.00920936362904,32.675647122938805,-81.99574467603946,1.261,1985,80,ductile_iron,1.0,55.2,3,74.18,297.57,0.68,0.544,1.0,0.782,0.5824,5,WMN-03217,water,1.26,0.0,False,0,250.0,,,,2022,0.0,0.0,0
water_main,30.72083245056105,-84.46474242191955,30.715003634368248,-84.44252822029155,2.216,1971,80,ductile_iron,1.0,61.2,1,12.25,72.15,0.364,0.462,0.347,0.344,0.4574,7,WMN-03218,water,1.2,1.61,False,0,200.0,,,,2024,0.0,0.0,0
water_main,30.692722883498988,-83.80702838957849,30.700181459571944,-83.7919328914787,1.662,1984,80,pvc,0.7,89.7,1,19.75,78.24,0.318,0.865,0.386,0.472,0.0931,7,WMN-03219,water,1.3,0.0,False,0,600.0,,,,2019,0.0,0.0,0
water_main,33.0,-82.21870726061383,32.97096961380798,-82.26882367692245,5.67,1970,80,cast_iron,1.85,36.5,3,92.47,337.3,0.91,0.705,1.0,0.694,0.1219,5,WMN-03220,water,2.54,0.0,False,0,400.0,,,,2023,0.0,0.0,0
water_main,30.76833956393842,-84.35457707864337,30.776996566523202,-84.35645144567602,0.977,1990,80,pvc,0.7,88.9,2,16.93,78.58,0.237,0.427,0.389,0.309,0.845,7,WMN-03221,water,3.84,0.0,False,0,100.0,,,,2025,0.0,0.0,0
water_main,32.36498775180788,-81.77611880833598,32.3420305082185,-81.74014989134191,4.227,1938,80,pvc,0.7,51.4,2,59.74,258.23,0.361,0.226,0.995,0.822,0.9388,5,WMN-03222,water,4.2,0.0,False,0,150.0,,,,2024,0.0,0.0,0
water_main,30.782219853355272,-84.45483083253758,30.79168451488648,-84.46937066418523,1.74,2005,80,ductile_iron,1.0,74.5,3,16.24,79.06,0.272,0.437,0.378,0.429,0.5893,7,WMN-03223,water,2.56,0.0,False,0,400.0,,,,2025,0.0,0.0,0
water_main,32.87515761432071,-81.7304848783999,32.861716702843,-81.70050618416762,3.168,1928,80,asbestos_cement,1.55,3.8,3,81.05,313.91,0.716,0.749,1.0,0.544,0.2664,5,WMN-03224,water,4.61,0.0,False,0,150.0,,,,2024,0.0,0.0,0
water_main,31.779949670985935,-85.4710612171721,31.806541479942204,-85.46050753937881,3.115,1982,80,asbestos_cement,1.55,50.5,1,53.59,192.99,0.808,0.583,0.734,0.546,0.1693,0,WMN-03225,water,2.22,0.0,False,0,400.0,,,,2022,0.0,0.0,0
water_main,31.26551321796075,-84.99635449520675,31.284389453090654,-85.03052616958766,3.86,1958,80,ductile_iron,1.0,44.8,3,29.77,131.06,0.559,0.875,0.578,0.424,0.1069,0,WMN-03226,water,1.28,0.0,False,0,100.0,,,,2022,0.0,0.0,0
water_main,30.697540620100924,-84.57616493549023,30.71481897190487,-84.56328081154886,2.278,1959,80,asbestos_cement,1.55,30.2,3,15.77,68.66,0.294,0.623,0.372,0.267,0.2257,7,WMN-03227,water,1.01,0.0,False,0,400.0,,,,2024,0.0,0.0,0
water_main,30.848000791228067,-84.22702097624698,30.837005385286528,-84.22491011513405,1.237,1946,80,cast_iron,1.85,2.0,3,20.03,89.03,0.215,0.474,0.397,0.377,0.9862,7,WMN-03228,water,2.24,0.0,False,0,100.0,,,,2024,0.0,0.0,0
water_main,30.970972799538483,-84.04603557336605,30.96182920180184,-84.04642178909064,1.016,1955,80,pvc,0.7,62.3,3,26.72,105.32,0.558,0.664,0.579,0.451,0.3277,7,WMN-03229,water,2.43,0.0,False,0,600.0,,,,2024,0.0,0.0,0
water_main,32.66615607807419,-84.1284833214777,32.66782564009508,-84.14909071673584,1.935,1960,80,ductile_iron,1.0,62.1,3,86.66,292.24,0.941,0.675,1.0,0.571,0.1112,4,WMN-03230,water,1.51,0.0,False,0,150.0,,,,2025,0.0,0.0,0
water_main,32.33661039996772,-81.64219457840991,32.338042847918764,-81.65851554987917,1.539,1961,80,asbestos_cement,1.55,34.2,3,60.76,252.28,0.565,0.517,1.0,0.69,0.769,5,WMN-03231,water,4.63,0.0,False,0,300.0,,,,2025,0.0,0.0,0
water_main,32.38204629768227,-84.98924631532314,32.391545344770876,-85.0120088134292,2.38,1973,80,steel,1.1,47.9,3,63.97,254.96,0.849,0.664,0.957,0.432,0.0884,4,WMN-03232,water,2.43,0.0,False,0,400.0,,,,2025,0.0,0.0,0
water_main,31.425717505539744,-85.4651508827272,31.440040485096954,-85.45933977003068,1.682,1983,80,ductile_iron,1.0,51.3,1,39.45,153.58,0.642,0.699,0.599,0.427,0.3514,0,WMN-03233,water,3.43,0.0,False,0,400.0,,,,2025,0.0,0.0,0
water_main,32.58193247193667,-84.38262075032178,32.60666026088402,-84.35872699032122,3.54,1975,80,cast_iron,1.85,42.8,3,80.1,279.57,0.554,0.485,1.0,0.446,0.5392,4,WMN-03234,water,0.77,1.39,False,0,400.0,,,,2022,0.0,0.0,0
water_main,32.74751734778857,-84.39594807005,32.7504118166441,-84.42175938776695,2.431,1976,80,pvc,0.7,81.7,3,85.7,297.81,0.768,0.62,1.0,0.435,0.2747,4,WMN-03235,water,1.37,0.57,False,0,100.0,,,,2023,0.0,0.0,0
water_main,32.55143113387837,-81.70900892340796,32.5107613193122,-81.73029110938398,4.934,1971,80,cast_iron,1.85,45.3,3,66.44,277.52,0.602,0.619,1.0,0.767,0.5455,5,WMN-03236,water,0.67,0.0,False,0,250.0,,,,2025,0.0,0.0,0
water_main,32.6397588567115,-81.85796582546692,32.63617500915591,-81.872338599897,1.401,1953,80,asbestos_cement,1.55,20.3,3,73.62,290.44,0.589,0.476,0.966,0.717,0.6064,5,WMN-03237,water,2.43,1.77,False,0,150.0,,,,2025,0.0,0.0,0
water_main,32.157260955389134,-81.5,32.16084767723658,-81.48353029343114,1.598,2017,80,cast_iron,1.85,75.4,3,52.23,229.48,0.753,0.799,0.956,0.678,0.2086,3,WMN-03238,water,3.21,0.0,False,0,100.0,,,,2025,0.0,0.0,0
water_main,31.468378363175205,-85.47279490458234,31.46275507547941,-85.47663991857536,0.723,1953,80,cast_iron,1.85,28.5,3,37.81,158.44,0.599,0.503,0.624,0.383,0.3203,0,WMN-03239,water,2.34,0.0,False,0,200.0,,,,2024,0.0,0.0,0
water_main,32.49661495645698,-84.88191839819565,32.51354911909852,-84.87096787602444,2.141,1965,80,ductile_iron,1.0,58.2,3,72.8,267.42,0.852,0.641,0.926,0.366,0.1239,4,WMN-03240,water,4.29,0.0,False,0,100.0,,,,2021,0.0,0.0,0
water_main,30.887934062852707,-83.85761002586284,30.883798434857855,-83.8629861497876,0.688,1988,80,cast_iron,1.85,32.5,3,27.32,99.1,0.441,0.81,0.49,0.43,0.1152,7,WMN-03241,water,2.7,0.0,False,0,150.0,,,,2019,0.0,0.0,0
water_main,32.843728675914925,-82.11049182795671,32.8572090047063,-82.1358022416078,2.795,1959,80,pvc,0.7,70.6,3,86.26,318.06,0.782,0.745,1.0,0.718,0.3622,5,WMN-03242,water,0.65,0.7,False,0,200.0,,,,2020,0.0,0.0,0
water_main,31.1274387174747,-85.71829891189411,31.13524771458725,-85.73481263494895,1.793,1942,80,cast_iron,1.85,17.4,3,30.73,124.94,0.448,0.745,0.494,0.069,0.1559,0,WMN-03243,water,1.01,0.0,False,0,100.0,,,,2022,0.0,0.0,0
water_main,30.562425512815768,-84.4193955317987,30.59537956596931,-84.45310812710721,4.875,1980,80,pvc,0.7,76.4,3,9.9,55.02,0.119,0.819,0.355,0.313,0.2261,7,WMN-03244,water,1.67,0.0,False,0,100.0,,,,2019,0.0,0.0,0
water_main,33.0,-82.04086782301044,32.99862053933684,-82.05355797135087,1.191,1994,80,cast_iron,1.85,64.4,2,95.03,334.1,0.817,0.695,1.0,0.662,0.2252,5,WMN-03245,water,3.42,0.0,False,0,200.0,,,,2023,0.0,0.0,0
water_main,31.57997201399249,-85.27299768252469,31.557602722445466,-85.3027183949564,3.75,1981,80,ductile_iron,1.0,55.6,3,41.7,168.11,0.665,0.605,0.576,0.513,0.3264,0,WMN-03246,water,1.35,0.0,False,0,250.0,,,,2025,0.0,0.0,0
water_main,32.502509091323454,-84.43011995142227,32.50970720834983,-84.44678973440732,1.753,1958,80,pvc,0.7,53.7,3,79.2,270.26,0.444,0.607,0.947,0.432,0.6677,4,WMN-03247,water,4.31,0.0,False,0,250.0,,,,2024,0.0,0.0,0
water_main,32.03890579246913,-84.46408018360536,32.02642381353479,-84.46981449809813,1.487,1991,80,cast_iron,1.85,68.4,3,59.59,218.46,0.818,0.471,0.799,0.449,0.2829,4,WMN-03248,water,1.11,0.0,False,0,400.0,,,,2024,0.0,0.0,0
water_main,30.918189899063893,-84.38217175412495,30.914319139451777,-84.38610319247277,0.57,1967,80,cast_iron,1.85,26.6,2,23.51,94.9,0.274,0.517,0.422,0.336,0.7916,7,WMN-03249,water,2.28,2.33,False,0,200.0,,,,2025,0.0,0.0,0
water_main,30.688821491228286,-83.61375782148471,30.68516144991551,-83.61765268609177,0.551,1979,80,cast_iron,1.85,40.4,3,23.86,80.79,0.504,0.667,0.41,0.401,0.0839,7,WMN-03250,water,2.71,0.0,False,0,150.0,,,,2025,0.0,0.0,0
water_main,32.48429462415278,-84.01579077616414,32.50099286852373,-83.95092942763868,6.35,1967,80,cast_iron,1.85,24.4,3,79.14,273.77,0.768,0.712,1.0,0.654,0.0898,4,WMN-03251,water,3.24,0.0,False,0,200.0,,,,2023,0.0,0.0,0
water_main,31.509092135917534,-84.29333744689119,31.512149532318308,-84.26742936392297,2.475,1981,80,cast_iron,1.85,65.9,3,39.6,161.55,0.702,0.681,0.758,0.52,0.0874,7,WMN-03252,water,1.14,0.0,False,0,250.0,,,,2023,0.0,0.0,0
water_main,31.646682508322147,-85.42133049132698,31.648734258332876,-85.41783159350346,0.401,1955,80,cast_iron,1.85,28.6,2,46.17,177.45,0.785,0.731,0.77,0.46,0.2692,0,WMN-03253,water,2.62,0.0,False,0,150.0,,,,2019,0.0,0.0,0
water_main,32.35483807471399,-82.34105394756479,32.35043752424195,-82.34756737505013,0.782,1930,80,pvc,0.7,38.8,1,68.06,267.58,0.828,0.662,1.0,1.0,0.0859,3,WMN-03254,water,2.32,0.0,False,0,900.0,,,,2020,0.0,0.0,0
water_main,32.44776295637245,-81.59121537205506,32.44433729554751,-81.59469093318081,0.501,2012,80,pvc,0.7,87.6,1,61.07,263.57,0.614,0.569,1.0,0.656,0.5257,5,WMN-03255,water,2.9,0.0,False,0,300.0,,,,2023,0.0,0.0,0
water_main,32.79482576126176,-82.25071390679504,32.793178907773274,-82.2441824878142,0.636,1975,80,cast_iron,1.85,28.3,3,84.04,315.05,0.799,0.681,1.0,0.729,0.1692,5,WMN-03256,water,2.61,0.0,False,0,200.0,,,,2024,0.0,0.0,0
water_main,32.5088275058919,-81.95159302655951,32.52797364611929,-81.93631177606701,2.562,1979,80,ductile_iron,1.0,61.7,3,67.98,277.82,0.653,0.619,1.0,0.833,0.4971,5,WMN-03257,water,4.25,0.0,False,0,150.0,,,,2021,0.0,0.0,0
water_main,30.793144083210663,-84.08404106758242,30.8185091799257,-84.0880642258532,2.842,1955,80,cast_iron,1.85,27.4,3,23.19,85.0,0.294,0.587,0.429,0.497,0.5388,7,WMN-03258,water,3.63,0.0,False,0,250.0,,,,2023,0.0,0.0,0
water_main,32.25084546231312,-84.89149781936344,32.250061821405644,-84.87351112307286,1.691,2004,80,ductile_iron,1.0,80.4,3,64.78,240.15,0.88,0.616,0.92,0.381,0.0933,4,WMN-03259,water,2.75,0.0,False,0,400.0,,,,2020,0.0,0.0,0
water_main,30.923572697488627,-84.31472781923267,30.916837691047157,-84.32535942837697,1.258,1960,80,asbestos_cement,1.55,50.7,2,23.54,96.29,0.266,0.354,0.449,0.432,0.8884,7,WMN-03260,water,1.85,0.0,False,0,600.0,,,,2017,0.0,0.0,0
water_main,32.339514591834124,-82.01080879856326,32.357595382016896,-81.99373795158382,2.567,1978,80,ductile_iron,1.0,77.5,1,63.35,260.2,0.591,0.447,0.931,0.979,0.3259,3,WMN-03261,water,0.63,0.0,False,0,300.0,,,,2023,0.0,0.0,0
water_main,30.525698502369274,-84.24541624882305,30.52089712962997,-84.18933979746978,5.388,1970,80,steel,1.1,50.1,2,12.29,53.01,0.424,0.499,0.236,0.413,0.2241,7,WMN-03262,water,1.57,0.0,False,0,100.0,,,,2016,0.0,0.0,0
water_main,30.312084607766977,-84.19521549333257,30.31224403274544,-84.21500155202595,1.896,2014,80,asbestos_cement,1.55,86.3,3,6.27,29.98,0.273,0.698,0.128,0.229,0.0877,9,WMN-03263,water,2.91,0.0,False,0,250.0,,,,2025,0.0,0.0,0
water_main,32.88914694765646,-81.98265171026021,32.893902687580685,-81.96030917997749,2.148,2000,80,ductile_iron,1.0,82.0,3,86.46,320.66,0.677,0.618,1.0,0.614,0.4681,5,WMN-03264,water,2.47,0.0,False,0,150.0,,,,2023,0.0,0.0,0
water_main,30.612918287660793,-84.38327057926917,30.621170059392263,-84.3748073839987,1.222,1999,80,pvc,0.7,80.7,3,11.47,61.01,0.301,0.641,0.326,0.328,0.3626,7,WMN-03265,water,5.39,0.0,False,0,250.0,,,,2025,0.0,0.0,0
water_main,32.66722476039153,-81.79425965381552,32.64083088475409,-81.80833808436998,3.212,2021,80,ductile_iron,1.0,94.9,3,71.92,292.16,0.6,0.465,1.0,0.709,0.5248,5,WMN-03266,water,1.29,0.0,False,0,300.0,,,,2023,0.0,0.0,0
water_main,31.227762361042885,-85.59530418482247,31.22365849606479,-85.5501249150403,4.312,1967,80,ductile_iron,1.0,52.5,3,32.03,133.78,0.674,0.665,0.516,0.275,0.3245,0,WMN-03267,water,5.64,0.0,False,0,200.0,,,,2025,0.0,0.0,0
water_main,32.68715645226283,-81.84787593639244,32.660064786083666,-81.83301669055508,3.312,1997,80,cast_iron,1.85,62.7,3,76.02,295.49,0.666,0.471,1.0,0.66,0.6062,5,WMN-03268,water,0.98,0.0,False,0,100.0,,,,2022,0.0,0.0,0
water_main,30.85590787575659,-84.92957290597488,30.860843362604832,-84.94515307636564,1.582,1936,80,asbestos_cement,1.55,7.5,3,17.99,85.38,0.479,0.673,0.415,0.265,0.1384,7,WMN-03269,water,4.3,0.0,False,0,200.0,,,,2024,0.0,0.0,0
water_main,32.726474762098206,-82.12655264034058,32.7206321558459,-82.1028686308783,2.305,1978,80,steel,1.1,72.7,3,75.16,305.34,0.79,0.526,1.0,0.83,0.3774,5,WMN-03270,water,3.56,0.0,False,0,600.0,,,,2024,0.0,0.0,0
water_main,31.49581701104245,-85.39294506250953,31.494722058966836,-85.4026897566868,0.93,2010,80,pvc,0.7,97.6,3,37.14,160.3,0.622,0.379,0.802,0.471,0.32,0,WMN-03271,water,3.0,0.0,False,0,600.0,,,,2022,0.0,0.0,0
water_main,31.24024288157498,-85.69122764189977,31.276041852374757,-85.74283162395777,6.307,1987,80,pvc,0.7,92.0,3,34.79,136.94,0.608,0.609,0.594,0.284,0.2309,0,WMN-03272,water,4.32,0.0,False,0,400.0,,,,2025,0.0,0.0,0
water_main,31.583374278137043,-85.49185985070454,31.571952760277277,-85.53203519116339,4.005,1964,80,ductile_iron,1.0,53.5,2,39.95,171.5,0.652,0.46,0.689,0.454,0.2407,0,WMN-03273,water,5.27,0.0,False,0,400.0,,,,2024,0.0,0.0,0
water_main,32.327458776127045,-81.66829764607263,32.31326949469758,-81.66915279690018,1.577,1982,80,cast_iron,1.85,65.0,3,57.84,251.81,0.508,0.454,1.0,0.729,0.8334,5,WMN-03274,water,2.01,0.0,False,0,200.0,,,,2026,0.0,0.0,0
water_main,31.090344173356176,-84.55193324054524,31.068886166690962,-84.54593747987404,2.449,1956,80,ductile_iron,1.0,41.7,3,28.51,112.43,0.436,0.696,0.46,0.381,0.4223,7,WMN-03275,water,4.21,0.97,False,0,100.0,,,,2020,0.0,0.0,0
water_main,31.771310651177288,-85.22233732249094,31.724120563976445,-85.19947540125985,5.665,1956,80,ductile_iron,1.0,46.5,3,49.08,188.81,0.854,0.68,0.709,0.496,0.2363,0,WMN-03276,water,1.3,0.0,False,0,100.0,,,,2022,0.0,0.0,0
water_main,31.327865800706185,-85.4521476414863,31.28444340019578,-85.43660070815513,5.04,1955,80,pvc,0.7,44.5,3,33.93,142.52,0.46,0.623,0.643,0.369,0.3921,0,WMN-03277,water,1.26,0.0,False,0,100.0,,,,2023,0.0,0.0,0
water_main,31.64552759844645,-85.29394165143785,31.64826240043136,-85.28619577737427,0.792,1994,80,cast_iron,1.85,60.4,3,40.85,175.63,0.591,0.615,0.66,0.487,0.3271,0,WMN-03278,water,2.51,0.0,False,0,300.0,,,,2023,0.0,0.0,0
water_main,32.753248122089325,-81.88715643179775,32.74714877238422,-81.96119022653802,6.944,2007,80,pvc,0.7,83.3,3,74.95,303.64,0.417,0.583,1.0,0.679,0.6505,5,WMN-03279,water,3.72,0.0,False,0,900.0,,,,2023,0.0,0.0,0
water_main,32.353532607161775,-84.7561821846985,32.35860880992022,-84.73706969793209,1.879,1978,80,asbestos_cement,1.55,53.0,3,63.25,251.63,0.796,0.665,0.896,0.358,0.1953,4,WMN-03280,water,1.91,0.0,False,0,100.0,,,,2021,0.0,0.0,0
water_main,32.010719297628796,-84.05477681162174,31.974658756335522,-84.04969881937251,4.031,1994,80,ductile_iron,1.0,81.3,3,61.95,220.6,0.885,0.548,0.888,0.41,0.0917,4,WMN-03281,water,1.17,0.0,False,0,250.0,,,,2025,0.0,0.0,0
water_main,31.970486366383057,-81.87197167194365,31.961184588517884,-81.87347706165794,1.042,1979,80,cast_iron,1.85,42.8,3,42.19,216.44,0.885,0.752,0.845,0.926,0.1228,3,WMN-03282,water,1.77,0.0,False,0,150.0,,,,2021,0.0,0.0,0
water_main,31.164739732577907,-84.6906910635822,31.179248977916956,-84.69481626535739,1.658,1928,80,asbestos_cement,1.55,2.0,2,29.73,119.88,0.527,0.719,0.585,0.454,0.3587,7,WMN-03283,water,3.33,0.0,False,0,150.0,,,,2022,0.0,0.0,0
water_main,32.588346074929525,-83.96737759506884,32.59292568516915,-83.91874038539582,4.577,1950,80,ductile_iron,1.0,10.2,3,83.54,286.09,0.751,0.666,1.0,0.695,0.0859,4,WMN-03284,water,1.41,0.0,False,0,100.0,,,,2024,0.0,0.0,0
water_main,32.80009766125463,-84.82669137377563,32.78193383051921,-84.83135630624503,2.063,1977,80,cast_iron,1.85,42.6,2,83.77,301.09,0.926,0.609,1.0,0.359,0.1027,4,WMN-03285,water,3.22,0.0,False,0,100.0,,,,2021,0.0,0.0,0
water_main,32.77115874506475,-81.64623031613185,32.788236025911125,-81.68096914843407,3.756,1995,80,ductile_iron,1.0,76.3,1,81.09,300.6,0.848,0.743,1.0,0.659,0.2092,5,WMN-03286,water,1.77,0.0,False,0,200.0,,,,2023,0.0,0.0,0
water_main,30.65769863695829,-84.01918021788094,30.655544260860403,-84.02223328075776,0.377,2007,80,ductile_iron,1.0,83.5,3,21.54,70.97,0.48,0.619,0.415,0.452,0.2288,7,WMN-03287,water,1.07,0.0,False,0,100.0,,,,2025,0.0,0.0,0
water_main,32.74437149082723,-81.9721275541114,32.74224638915806,-81.9884187220084,1.539,1962,80,ductile_iron,1.0,53.4,3,77.84,304.38,0.538,0.432,1.0,0.653,0.6625,5,WMN-03288,water,0.68,0.0,False,0,250.0,,,,2018,0.0,0.0,0
water_main,30.59772512016525,-83.98652728969004,30.608158448909396,-83.9975175279028,1.563,1971,80,ductile_iron,1.0,63.9,2,20.14,64.82,0.39,0.752,0.339,0.414,0.1469,7,WMN-03289,water,2.84,0.0,False,0,200.0,,,,2016,0.0,0.0,0
water_main,32.72393811689305,-81.59114987318759,32.7143523750474,-81.5838933382337,1.261,1957,80,cast_iron,1.85,33.0,3,72.52,294.22,0.715,0.78,0.946,0.541,0.1689,5,WMN-03290,water,3.19,0.0,False,0,400.0,,,,2025,0.0,0.0,0
water_main,32.52646096179412,-81.92424505650457,32.53457515417972,-81.93858250186472,1.616,1953,80,ductile_iron,1.0,42.2,3,67.95,279.23,0.52,0.451,1.0,0.826,0.5487,5,WMN-03291,water,1.51,0.0,False,0,200.0,,,,2023,0.0,0.0,0
water_main,31.416895996059093,-85.13328630632665,31.400215955567486,-85.10772719789315,3.048,1987,80,steel,1.1,68.6,3,34.21,148.68,0.611,0.734,0.527,0.43,0.1694,0,WMN-03292,water,3.96,0.0,False,0,200.0,,,,2019,0.0,0.0,0
water_main,31.645479889035435,-85.32041682912853,31.630168693059947,-85.33247523800709,2.046,1983,80,pvc,0.7,74.9,1,42.27,175.95,0.568,0.724,0.716,0.519,0.3239,0,WMN-03293,water,2.54,0.0,False,0,150.0,,,,2021,0.0,0.0,0
water_main,31.272448022516304,-85.33493459495246,31.262603314475722,-85.34806432630977,1.657,1954,80,cast_iron,1.85,25.9,2,33.07,134.72,0.657,0.461,0.504,0.363,0.276,0,WMN-03294,water,1.28,0.0,False,0,150.0,,,,2025,0.0,0.0,0
water_main,31.391795009886145,-85.67663184094121,31.365741070790296,-85.71082166054711,4.343,1978,80,cast_iron,1.85,52.3,2,38.74,153.48,0.743,0.742,0.56,0.382,0.2326,0,WMN-03295,water,1.41,0.0,False,0,200.0,,,,2024,0.0,0.0,0
water_main,32.346227934205245,-84.30368070838514,32.35647970106158,-84.3138967719335,1.488,1944,80,cast_iron,1.85,2.0,3,75.8,254.34,0.748,0.477,0.959,0.51,0.2534,4,WMN-03296,water,1.33,0.0,False,0,250.0,,,,2018,0.0,0.0,0
water_main,31.171534197807283,-85.3121241859609,31.17110681882224,-85.3244731468029,1.174,1957,80,cast_iron,1.85,30.9,2,29.55,123.24,0.476,0.777,0.535,0.375,0.1982,0,WMN-03297,water,1.81,0.0,False,0,300.0,,,,2020,0.0,0.0,0
water_main,32.012906221708505,-81.59697487063791,32.02086172756996,-81.58078930910504,1.761,1991,80,pvc,0.7,75.9,3,47.42,215.42,0.819,0.73,0.8,0.834,0.1442,3,WMN-03298,water,0.47,0.0,False,0,400.0,,,,2024,0.0,0.0,0
water_main,32.17671577732765,-82.10858051033988,32.20254550141303,-82.12693421145148,3.346,1945,80,cast_iron,1.85,13.9,1,54.47,243.99,0.858,0.72,0.95,1.0,0.1226,3,WMN-03299,water,0.61,0.0,False,0,400.0,,,,2025,0.0,0.0,0
water_main,33.0,-81.89180615573522,33.00706345121366,-81.90252533676183,1.269,1993,80,ductile_iron,1.0,65.8,2,90.26,331.13,0.653,0.613,1.0,0.626,0.2475,5,WMN-03300,water,3.93,0.0,False,0,150.0,,,,2025,0.0,0.0,0
water_main,32.77390283520002,-82.15290900120553,32.75345127212129,-82.09603691475995,5.773,1954,80,ductile_iron,1.0,42.4,3,79.59,311.08,0.745,0.715,1.0,0.769,0.322,5,WMN-03301,water,2.91,0.0,False,0,250.0,,,,2024,0.0,0.0,0
water_main,31.59886509419664,-85.2940867713371,31.591724806957664,-85.27868429108574,1.658,1975,80,ductile_iron,1.0,64.5,3,42.93,170.46,0.761,0.416,0.671,0.423,0.3317,0,WMN-03302,water,1.71,0.0,False,0,200.0,,,,2024,0.0,0.0,0
water_main,31.80053694396596,-85.30810109084075,31.79674347743736,-85.29755054324086,1.081,1942,80,cast_iron,1.85,2.0,2,48.91,193.01,0.815,0.776,0.714,0.398,0.2218,0,WMN-03303,water,2.35,0.0,False,0,250.0,,,,2024,0.0,0.0,0
water_main,31.350643749508965,-84.89957277806346,31.36258081354494,-84.87285274360242,2.859,1974,80,cast_iron,1.85,72.4,3,32.47,140.24,0.78,0.794,0.593,0.371,0.1072,0,WMN-03304,water,3.6,0.0,False,0,300.0,,,,2024,0.0,0.0,0
water_main,30.967960842291497,-84.3678371800567,30.97493624436667,-84.3824649508445,1.593,2004,80,cast_iron,1.85,74.6,2,23.77,100.59,0.399,0.31,0.457,0.374,0.7027,7,WMN-03305,water,7.54,0.0,False,0,100.0,,,,2025,0.0,0.0,0
water_main,30.827704731355254,-84.35948313979014,30.836617153259876,-84.36077710432919,0.997,1974,80,cast_iron,1.85,49.6,2,24.34,85.12,0.221,0.543,0.389,0.442,0.9135,7,WMN-03306,water,3.22,0.0,False,0,200.0,,,,2020,0.0,0.0,0
water_main,30.756926928838645,-84.22789335376882,30.81534459948744,-84.21709178962568,6.566,1940,80,pvc,0.7,45.6,2,21.07,78.91,0.193,0.335,0.412,0.408,0.883,7,WMN-03307,water,0.28,0.0,False,0,200.0,,,,2024,0.0,0.0,0
water_main,32.314070340343136,-81.73107788881866,32.306380639385715,-81.7594292812339,2.793,1976,80,pvc,0.7,61.7,3,62.3,251.64,0.496,0.277,1.0,0.821,0.9186,5,WMN-03308,water,4.39,0.0,False,0,100.0,,,,2022,0.0,0.0,0
water_main,30.66896333291865,-84.55704667191314,30.65569381840629,-84.56737750064408,1.773,1978,80,cast_iron,1.85,73.1,3,13.07,65.62,0.358,0.607,0.367,0.242,0.2171,7,WMN-03309,water,2.57,0.0,False,0,250.0,,,,2020,0.0,0.0,0
water_main,32.69474263443608,-84.80131619784544,32.69133206058176,-84.80788528050803,0.721,2003,80,cast_iron,1.85,69.5,3,75.76,289.42,0.771,0.724,1.0,0.367,0.1489,4,WMN-03310,water,1.5,0.0,False,0,300.0,,,,2024,0.0,0.0,0
water_main,30.935437390956068,-84.05315119191086,30.92699355284521,-84.0495922886179,0.997,1946,80,cast_iron,1.85,2.0,2,22.34,101.27,0.275,0.724,0.43,0.408,0.3888,7,WMN-03311,water,2.11,0.0,False,0,200.0,,,,2022,0.0,0.0,0
water_main,31.49641972963031,-85.54553001778316,31.46525571207004,-85.55641200608574,3.609,1960,80,cast_iron,1.85,34.4,3,38.93,162.74,0.708,0.599,0.754,0.464,0.2628,0,WMN-03312,water,2.01,0.0,False,0,150.0,,,,2019,0.0,0.0,0
water_main,32.631553100457225,-81.90328831710566,32.6303973562043,-81.94225471371894,3.645,2022,80,ductile_iron,1.0,75.2,2,72.82,290.46,0.521,0.325,0.979,0.741,0.6181,5,WMN-03313,water,2.54,0.0,False,0,150.0,,,,2024,0.0,0.0,0
water_main,30.894093136268623,-85.50187516150608,30.864585704701852,-85.54317300259838,5.119,1962,80,cast_iron,1.85,25.3,3,19.92,95.15,0.461,0.691,0.434,0.04,0.0968,0,WMN-03314,water,2.62,0.0,False,0,150.0,,,,2024,0.0,0.0,0
water_main,32.38058195640855,-82.03646392776946,32.404991792269286,-82.03839648871458,2.716,1933,80,asbestos_cement,1.55,27.6,3,64.04,265.26,0.661,0.697,1.0,0.838,0.2829,3,WMN-03315,water,5.53,0.0,False,0,150.0,,,,2015,0.0,0.0,0
water_main,31.470301653277012,-85.59003163454354,31.505897536978416,-85.61819916401252,4.767,1981,80,pvc,0.7,63.9,2,40.16,160.61,0.708,0.617,0.544,0.351,0.2545,0,WMN-03316,water,4.01,0.0,False,0,100.0,,,,2024,0.0,0.0,0
water_main,30.87881166550399,-84.78119382652861,30.885529056406586,-84.74196946016232,3.81,1993,80,ductile_iron,1.0,56.4,1,20.38,87.88,0.244,0.591,0.514,0.296,0.2787,7,WMN-03317,water,3.76,0.0,False,0,150.0,,,,2023,0.0,0.0,0
water_main,32.19860173037491,-84.92580066746126,32.23073183098917,-84.86949226481659,6.379,1993,80,ductile_iron,1.0,79.2,3,60.77,234.41,0.916,0.703,0.904,0.364,0.0875,4,WMN-03318,water,3.25,0.0,False,0,100.0,,,,2024,0.0,0.0,0
water_main,30.728868363022315,-84.21913758395104,30.740157282665574,-84.2299639074009,1.624,2013,80,asbestos_cement,1.55,94.8,2,19.37,75.92,0.331,0.318,0.376,0.392,0.793,7,WMN-03319,water,1.23,0.0,False,0,150.0,,,,2019,0.0,0.0,0
water_main,31.71681937343748,-85.22676034953047,31.719485823906176,-85.23213463709551,0.587,1947,80,pvc,0.7,38.2,3,43.59,182.81,0.672,0.497,0.741,0.492,0.279,0,WMN-03320,water,1.51,0.0,False,0,150.0,,,,2025,0.0,0.0,0
water_main,31.84314673025084,-84.66657386938914,31.840526366317132,-84.65865175983792,0.802,1981,80,pvc,0.7,59.0,3,48.98,195.29,0.73,0.752,0.745,0.475,0.1684,4,WMN-03321,water,0.79,1.43,False,0,150.0,,,,2024,0.0,0.0,0
water_main,30.903488391278717,-84.23114854168658,30.89201400716182,-84.26840851655113,3.77,1928,80,cast_iron,1.85,2.0,3,18.59,95.14,0.291,0.236,0.445,0.314,0.9207,7,WMN-03322,water,1.91,0.0,False,0,200.0,,,,2016,0.0,0.0,0
water_main,32.543320614712606,-81.74112904662627,32.546985155555646,-81.75183055320349,1.081,1956,80,ductile_iron,1.0,55.7,2,67.47,277.29,0.437,0.566,1.0,0.714,0.6026,5,WMN-03323,water,4.72,0.0,False,0,300.0,,,,2021,0.0,0.0,0
water_main,30.64509525708981,-83.91567609310604,30.633462790496242,-83.91310357679197,1.314,1987,80,steel,1.1,59.2,3,18.43,71.21,0.397,0.759,0.297,0.445,0.1225,7,WMN-03324,water,0.7,0.0,False,0,200.0,,,,2023,0.0,0.0,0
water_main,31.18926175785856,-84.56169941136977,31.17405256731647,-84.53535734266967,3.018,1977,80,cast_iron,1.85,49.9,2,28.34,123.34,0.48,0.744,0.57,0.502,0.2929,7,WMN-03325,water,3.6,0.0,False,0,250.0,,,,2024,0.0,0.0,0
water_main,32.375564457302595,-81.70560485942279,32.37502041741475,-81.72482476175043,1.803,1989,80,cast_iron,1.85,70.4,2,60.28,257.93,0.325,0.482,0.972,0.794,0.9073,5,WMN-03326,water,2.45,0.0,False,0,600.0,,,,2023,0.0,0.0,0
water_main,30.782351171037583,-84.71555124734257,30.7844043366852,-84.72189143934432,0.646,1985,80,asbestos_cement,1.55,65.9,3,14.4,77.34,0.302,0.652,0.411,0.259,0.2121,7,WMN-03327,water,4.02,0.0,False,0,100.0,,,,2020,0.0,0.0,0
water_main,32.306018292956686,-81.96395858279517,32.297821384112936,-81.97221685635064,1.195,1939,80,cast_iron,1.85,2.0,2,60.54,255.56,0.773,0.704,0.926,0.963,0.4294,3,WMN-03328,water,2.93,0.0,False,0,600.0,,,,2018,0.0,0.0,0
water_main,30.914782040465894,-83.96999492002992,30.917921937281236,-84.00378348807867,3.237,1966,80,ductile_iron,1.0,65.8,3,27.38,100.28,0.528,0.564,0.56,0.424,0.2247,7,WMN-03329,water,1.32,0.0,False,0,150.0,,,,2021,0.0,0.0,0
water_main,31.100778562446763,-85.338872403523,31.090234431789305,-85.28941261833346,4.844,1987,80,ductile_iron,1.0,68.0,3,23.24,115.72,0.605,0.573,0.396,0.222,0.1701,0,WMN-03330,water,1.69,0.0,False,0,150.0,,,,2025,0.0,0.0,0
water_main,32.38148833819472,-84.4771706000298,32.40385587151743,-84.47128456370339,2.543,2006,80,ductile_iron,1.0,81.1,3,71.74,256.37,0.577,0.602,0.954,0.5,0.53,4,WMN-03331,water,0.33,0.0,False,0,600.0,,,,2018,0.0,0.0,0
water_main,31.821008353950205,-84.24455300250318,31.79685452323173,-84.23212496336272,2.926,1955,80,cast_iron,1.85,2.7,3,54.15,196.8,0.869,0.587,0.756,0.519,0.1498,4,WMN-03332,water,3.44,0.0,False,0,300.0,,,,2026,0.0,0.0,0
water_main,32.423325663286334,-84.62828975202227,32.395386000809495,-84.66441206985705,4.591,1976,80,steel,1.1,58.4,2,70.24,259.89,0.753,0.551,0.945,0.42,0.4882,4,WMN-03333,water,1.06,0.0,False,0,250.0,,,,2025,0.0,0.0,0
water_main,30.994535553369733,-84.21059911379231,30.977811297805474,-84.26817062756724,5.784,1958,80,cast_iron,1.85,25.1,3,25.94,105.52,0.366,0.521,0.453,0.405,0.6241,7,WMN-03334,water,0.8,1.98,False,0,150.0,,,,2025,0.0,0.0,0
water_main,30.763636131861336,-84.35946372189386,30.792876086426773,-84.38379264026524,3.99,1961,80,ductile_iron,1.0,37.3,3,15.21,78.0,0.28,0.495,0.466,0.375,0.8237,7,WMN-03335,water,0.76,0.0,False,0,150.0,,,,2023,0.0,0.0,0
water_main,30.710274201909275,-84.32852298105006,30.70858054159948,-84.31488423319438,1.315,2011,80,cast_iron,1.85,67.3,3,18.0,72.44,0.244,0.424,0.388,0.315,0.7326,7,WMN-03336,water,6.42,0.0,False,0,400.0,,,,2025,0.0,0.0,0
water_main,33.0,-84.7321385106619,33.01923659760331,-84.72377707335004,2.273,1947,80,pvc,0.7,55.4,3,89.04,323.45,0.937,0.614,1.0,0.407,0.0865,4,WMN-03337,water,2.28,0.0,False,0,150.0,,,,2025,0.0,0.0,0
water_main,32.427955140898405,-84.41751330505882,32.44651705255323,-84.41087171347439,2.152,1961,80,cast_iron,1.85,19.7,3,74.68,262.11,0.564,0.656,0.905,0.467,0.5625,4,WMN-03338,water,1.9,0.0,False,0,900.0,,,,2025,0.0,0.0,0
water_main,32.3109057098556,-82.04616148186251,32.2899998191424,-82.0362118236624,2.501,1928,80,pvc,0.7,52.5,3,61.16,257.71,0.834,0.632,0.98,0.903,0.242,3,WMN-03339,water,0.24,0.0,False,0,100.0,,,,2021,0.0,0.0,0
water_main,32.762755683792165,-82.13406420147612,32.73168751425377,-82.14680799434532,3.648,1983,80,ductile_iron,1.0,77.3,2,83.82,309.5,0.675,0.65,1.0,0.744,0.3627,5,WMN-03340,water,6.22,0.0,False,0,200.0,,,,2023,0.0,0.0,0
water_main,31.510011860773336,-85.2142286110783,31.501099543023763,-85.20912960477814,1.101,1947,80,cast_iron,1.85,32.1,3,40.43,159.73,0.554,0.625,0.742,0.423,0.2719,0,WMN-03341,water,1.9,0.0,False,0,900.0,,,,2019,0.0,0.0,0
water_main,30.968334590802957,-84.3673679172995,30.957632514391626,-84.35043930509515,2.002,1967,80,pvc,0.7,67.4,3,24.94,100.64,0.243,0.549,0.417,0.474,0.7023,7,WMN-03342,water,0.82,0.73,False,0,400.0,,,,2022,0.0,0.0,0
water_main,32.118511824017446,-84.57768057574745,32.1140485285758,-84.58726613824939,1.028,1928,80,ductile_iron,1.0,35.1,3,59.85,226.37,0.795,0.702,0.893,0.486,0.2074,4,WMN-03343,water,2.75,0.0,False,0,300.0,,,,2023,0.0,0.0,0
water_main,32.17182168160164,-81.74956774495136,32.11819875821338,-81.78766873527967,6.946,1962,80,cast_iron,1.85,12.9,3,55.2,236.24,0.454,0.555,0.974,0.745,0.5485,3,WMN-03344,water,1.92,0.0,False,0,900.0,,,,2022,0.0,0.0,0
water_main,32.475476967195505,-81.78132160766742,32.49042809623957,-81.79313593970626,1.995,1928,80,asbestos_cement,1.55,5.8,3,62.19,270.61,0.495,0.555,0.939,0.695,0.7726,5,WMN-03345,water,1.91,1.29,False,0,150.0,,,,2025,0.0,0.0,0
water_main,32.404906981917364,-84.42515095070475,32.3676953054299,-84.43189139629112,4.179,1940,80,ductile_iron,1.0,34.6,2,67.59,259.47,0.593,0.534,1.0,0.378,0.5318,4,WMN-03346,water,1.44,0.0,False,0,150.0,,,,2024,0.0,0.0,0
water_main,32.399719402303035,-84.73651411790505,32.43066829571953,-84.71073962889605,4.2,1972,80,ductile_iron,1.0,55.7,2,70.94,256.8,0.891,0.711,1.0,0.392,0.2565,4,WMN-03347,water,0.92,0.0,False,0,400.0,,,,2025,0.0,0.0,0
water_main,30.947091854939355,-84.5647038244998,30.956512656026426,-84.5854880468843,2.238,1973,80,ductile_iron,1.0,33.6,3,20.97,96.44,0.289,0.547,0.525,0.452,0.4969,7,WMN-03348,water,2.68,0.84,False,0,600.0,,,,2022,0.0,0.0,0
water_main,30.795442301269382,-85.48153561761532,30.801699098985896,-85.47013614463017,1.29,1981,80,pvc,0.7,83.2,3,15.12,83.88,0.464,0.646,0.355,0.168,0.086,0,WMN-03349,water,0.58,0.0,False,0,200.0,,,,2021,0.0,0.0,0
water_main,31.604790535431015,-85.22882433924339,31.588405933853675,-85.22152786916341,1.945,1977,80,cast_iron,1.85,48.8,3,39.94,170.39,0.683,0.717,0.696,0.484,0.3138,0,WMN-03350,water,4.52,0.0,False,0,200.0,,,,2023,0.0,0.0,0
water_main,32.80496547295704,-82.37758375041788,32.81567707522881,-82.39726884428795,2.188,1979,80,ductile_iron,1.0,77.9,3,83.22,318.05,0.855,0.666,1.0,0.794,0.097,5,WMN-03351,water,6.41,0.0,False,0,150.0,,,,2019,0.0,0.0,0
water_main,31.705396790589887,-84.51922851689152,31.66008457921712,-84.51428791523789,5.051,1965,80,ductile_iron,1.0,64.4,3,44.97,180.96,0.687,0.669,0.77,0.487,0.1546,4,WMN-03352,water,2.77,0.0,False,0,250.0,,,,2023,0.0,0.0,0
water_main,30.971634848169757,-83.99529506052203,30.963510843482112,-84.00876161667513,1.567,1986,80,pvc,0.7,62.6,1,29.42,106.19,0.369,0.74,0.457,0.419,0.2316,7,WMN-03353,water,1.47,0.73,False,0,200.0,,,,2020,0.0,0.0,0
water_main,30.689191136932045,-84.20220012909462,30.695048211750766,-84.2325009761731,2.965,1943,80,asbestos_cement,1.55,16.9,2,16.32,71.74,0.276,0.716,0.394,0.34,0.6427,7,WMN-03354,water,2.07,0.0,False,0,100.0,,,,2025,0.0,0.0,0
water_main,32.36398747645288,-84.75184109903158,32.371115716708495,-84.72931375882759,2.255,1984,80,ductile_iron,1.0,66.6,3,68.31,252.8,0.778,0.827,0.906,0.334,0.2078,4,WMN-03355,water,3.43,0.0,False,0,150.0,,,,2024,0.0,0.0,0
water_main,31.361038403598634,-85.9278530612509,31.411338496348993,-85.86475521408771,8.182,1980,80,ductile_iron,1.0,65.3,3,40.42,155.11,0.839,0.637,0.557,0.314,0.0924,0,WMN-03356,water,1.43,0.0,False,0,250.0,,,,2021,0.0,0.0,0
water_main,32.80886338319435,-84.56394168626296,32.80622633523304,-84.5806069747709,1.582,1978,80,cast_iron,1.85,53.4,3,84.22,303.1,0.733,0.662,1.0,0.423,0.205,4,WMN-03357,water,1.93,0.0,False,0,250.0,,,,2024,0.0,0.0,0
water_main,32.521974217595144,-81.5,32.52964083110239,-81.49941375870935,0.853,2017,80,ductile_iron,1.0,90.3,3,68.16,269.96,0.86,0.828,1.0,0.71,0.2297,5,WMN-03358,water,1.93,0.0,False,0,900.0,,,,2024,0.0,0.0,0
water_main,30.827903220125204,-84.47335013733203,30.871211281062433,-84.44719446769416,5.415,1965,80,ductile_iron,1.0,59.5,2,20.33,83.96,0.424,0.502,0.404,0.383,0.588,7,WMN-03359,water,2.89,0.0,False,0,200.0,,,,2022,0.0,0.0,0
water_main,31.98200128696035,-84.4679903299559,31.985235307855127,-84.44100722825183,2.566,1995,80,ductile_iron,1.0,77.5,3,53.51,212.11,0.716,0.589,0.816,0.485,0.3087,4,WMN-03360,water,1.26,0.0,False,0,400.0,,,,2022,0.0,0.0,0
water_main,30.96861321238966,-83.90101443347648,31.001354671774717,-83.86799469491599,4.805,1985,80,cast_iron,1.85,42.8,2,34.06,107.35,0.421,0.726,0.552,0.473,0.1295,7,WMN-03361,water,0.51,0.87,False,0,200.0,,,,2024,0.0,0.0,0
water_main,32.55707576282506,-84.83202140765724,32.57500483819653,-84.84858103265147,2.522,1974,80,ductile_iron,1.0,48.2,2,73.92,274.11,0.836,0.703,1.0,0.335,0.1625,4,WMN-03362,water,0.95,0.0,False,0,100.0,,,,2025,0.0,0.0,0
water_main,32.00231360757401,-84.29015409151063,32.0062458730944,-84.26311315267492,2.583,1965,80,ductile_iron,1.0,41.2,3,58.66,216.33,0.95,0.704,0.841,0.364,0.2035,4,WMN-03363,water,2.67,0.0,False,0,250.0,,,,2025,0.0,0.0,0
water_main,33.0,-82.32344220803581,32.999279394238684,-82.30057129244094,2.131,1958,80,asbestos_cement,1.55,34.3,3,96.74,338.94,0.857,0.867,1.0,0.905,0.0937,5,WMN-03364,water,5.44,0.0,False,0,150.0,,,,2024,0.0,0.0,0
water_main,31.388533126687975,-84.3268774496127,31.37363446104741,-84.33306508579423,1.755,1999,80,cast_iron,1.85,70.8,3,39.04,147.75,0.73,0.656,0.728,0.426,0.0899,7,WMN-03365,water,1.96,0.79,False,0,200.0,,,,2024,0.0,0.0,0
water_main,31.788017242953167,-84.1835036930291,31.79743097507573,-84.17620569065598,1.251,1986,80,ductile_iron,1.0,53.8,2,50.9,193.98,0.808,0.772,0.664,0.493,0.1141,4,WMN-03366,water,1.15,0.0,False,0,250.0,,,,2025,0.0,0.0,0
water_main,30.757529884566782,-84.53471412420053,30.75434584745168,-84.55172194484216,1.66,1952,80,ductile_iron,1.0,38.0,3,11.8,75.62,0.288,0.528,0.297,0.326,0.3612,7,WMN-03367,water,2.86,0.0,False,0,100.0,,,,2026,0.0,0.0,0
water_main,32.841600466286565,-84.93711623435388,32.83391651190441,-84.94854955870807,1.365,1977,80,ductile_iron,1.0,63.9,2,85.08,305.81,0.974,0.817,1.0,0.295,0.0861,4,WMN-03368,water,3.61,0.0,False,0,150.0,,,,2024,0.0,0.0,0
water_main,31.15585188860181,-84.48103341080846,31.12180658606337,-84.47434517121756,3.832,1977,80,pvc,0.7,77.7,3,27.53,120.29,0.542,0.444,0.513,0.442,0.2851,7,WMN-03369,water,1.07,0.0,False,0,600.0,,,,2022,0.0,0.0,0
water_main,31.552789933857827,-85.00656280227582,31.608772693536586,-84.98657643568531,6.495,1964,80,ductile_iron,1.0,60.1,3,41.3,162.99,0.691,0.545,0.756,0.483,0.1409,0,WMN-03370,water,3.66,0.0,False,0,150.0,,,,2023,0.0,0.0,0
water_main,32.417871344254806,-84.6980466228678,32.43318130796698,-84.69981658025478,1.707,1989,80,ductile_iron,1.0,80.4,1,72.13,258.95,0.722,0.664,0.898,0.259,0.3408,4,WMN-03371,water,3.49,0.0,False,0,150.0,,,,2025,0.0,0.0,0
water_main,32.270780170154424,-81.5,32.26291447722436,-81.50583913559443,1.031,1957,80,asbestos_cement,1.55,21.4,3,50.94,242.08,0.743,0.692,0.931,0.671,0.3104,5,WMN-03372,water,5.65,0.0,False,0,250.0,,,,2023,0.0,0.0,0
water_main,31.4728047138636,-85.24273136576747,31.480209468615374,-85.24410648410024,0.832,1979,80,ductile_iron,1.0,67.8,2,36.05,155.89,0.717,0.625,0.6,0.482,0.2685,0,WMN-03373,water,2.63,0.0,False,0,400.0,,,,2019,0.0,0.0,0
water_main,31.765891310318167,-84.86150741157275,31.766321300526428,-84.87625726178068,1.393,1952,80,steel,1.1,43.5,3,47.45,186.29,0.803,0.625,0.831,0.401,0.0959,0,WMN-03374,water,2.27,0.0,False,0,200.0,,,,2024,0.0,0.0,0
water_main,31.885777123213426,-81.66080434988771,31.829675527314237,-81.63401599227025,6.72,1928,80,ductile_iron,1.0,25.8,3,42.73,202.63,0.681,0.617,0.834,0.822,0.095,3,WMN-03375,water,1.59,0.0,False,0,200.0,,,,2025,0.0,0.0,0
water_main,30.78850352646787,-84.17952165283828,30.787477298344214,-84.17676180831137,0.287,1991,80,pvc,0.7,69.2,3,18.43,83.09,0.318,0.396,0.447,0.421,0.8439,7,WMN-03376,water,4.43,0.0,False,0,150.0,,,,2019,0.0,0.0,0
water_main,30.811058486678174,-84.02044970453993,30.805347298163227,-83.98421637410674,3.512,1961,80,pvc,0.7,74.8,3,19.08,87.97,0.455,0.59,0.434,0.392,0.3542,7,WMN-03377,water,6.2,0.0,False,0,200.0,,,,2025,0.0,0.0,0
water_main,32.57685685555082,-82.10754167640981,32.58247117339024,-82.08257893586257,2.417,1960,80,cast_iron,1.85,23.7,3,73.21,288.39,0.743,0.796,0.957,0.932,0.2936,5,WMN-03378,water,0.57,0.81,False,0,150.0,,,,2023,0.0,0.0,0
water_main,32.01637456317956,-81.911532262971,32.001149074367255,-81.8977265610212,2.132,1980,80,asbestos_cement,1.55,29.8,3,47.89,222.35,0.931,0.555,0.89,0.893,0.1429,3,WMN-03379,water,1.97,0.0,False,0,100.0,,,,2022,0.0,0.0,0
water_main,32.34303119777001,-81.80712705062803,32.36222489281114,-81.81522686915375,2.262,1978,80,pvc,0.7,72.2,3,57.83,256.45,0.463,0.303,0.971,0.868,0.8977,5,WMN-03380,water,3.81,0.0,False,0,200.0,,,,2024,0.0,0.0,0
water_main,30.83785818479698,-84.40332697569819,30.843377184431237,-84.41006772164529,0.888,1983,80,ductile_iron,1.0,71.9,3,19.21,85.76,0.214,0.386,0.412,0.434,0.7974,7,WMN-03381,water,1.32,0.0,False,0,400.0,,,,2023,0.0,0.0,0
water_main,30.594921953237147,-83.9639026221201,30.59358054497806,-83.95304220479757,1.048,1973,80,ductile_iron,1.0,65.5,3,20.81,64.87,0.248,0.641,0.391,0.481,0.1311,7,WMN-03382,water,0.46,0.0,False,0,150.0,,,,2025,0.0,0.0,0
water_main,31.035653283634424,-84.41506410671838,31.052070414000557,-84.44595275470573,3.457,1959,80,cast_iron,1.85,35.4,3,27.71,107.59,0.493,0.582,0.478,0.493,0.4847,7,WMN-03383,water,3.81,0.0,False,0,200.0,,,,2021,0.0,0.0,0
water_main,31.054089128767448,-83.98862518229545,31.041990428498842,-83.98530795380168,1.38,1943,80,ductile_iron,1.0,41.8,3,30.55,115.45,0.559,0.549,0.536,0.534,0.1616,7,WMN-03384,water,2.96,0.0,False,0,900.0,,,,2024,0.0,0.0,0
water_main,32.23857697769718,-82.14814010760597,32.243084528505854,-82.14413591902068,0.626,1983,80,cast_iron,1.85,45.9,3,54.41,251.57,0.949,0.549,0.946,0.993,0.1152,3,WMN-03385,water,2.39,0.0,False,0,300.0,,,,2023,0.0,0.0,0
water_main,32.470095649218806,-84.62907080420418,32.46239858330228,-84.59812398327041,3.021,1963,80,ductile_iron,1.0,64.1,3,71.59,265.08,0.537,0.5,1.0,0.463,0.5442,4,WMN-03386,water,6.59,0.0,False,0,900.0,,,,2020,0.0,0.0,0
water_main,32.422478291578926,-81.61662931436918,32.428990585777434,-81.60119154808713,1.617,1978,80,pvc,0.7,86.1,3,60.62,261.28,0.663,0.447,0.912,0.804,0.6377,5,WMN-03387,water,4.68,0.0,False,0,900.0,,,,2021,0.0,0.0,0
water_main,31.38781638407303,-84.68341979471923,31.366908563106435,-84.6811209628628,2.331,2001,80,asbestos_cement,1.55,79.8,3,36.1,144.67,0.57,0.778,0.671,0.391,0.1166,7,WMN-03388,water,2.91,1.11,False,0,150.0,,,,2021,0.0,0.0,0
water_main,32.587650108104604,-81.71073107367864,32.62117135740697,-81.72372798006104,3.914,2008,80,pvc,0.7,88.6,3,68.86,281.58,0.596,0.47,1.0,0.709,0.4757,5,WMN-03389,water,3.87,0.0,False,0,200.0,,,,2022,0.0,0.0,0
water_main,30.69958503212217,-84.5872617476627,30.676927952642306,-84.5702641736593,2.993,1929,80,ductile_iron,1.0,35.1,2,11.75,68.81,0.391,0.559,0.418,0.292,0.216,7,WMN-03390,water,1.47,0.0,False,0,250.0,,,,2025,0.0,0.0,0
water_main,31.08797656734366,-84.52132302231144,31.101544782071716,-84.49837960263199,2.65,1986,80,steel,1.1,75.2,3,26.08,112.41,0.39,0.477,0.417,0.392,0.4064,7,WMN-03391,water,3.84,0.0,False,0,900.0,,,,2019,0.0,0.0,0
water_main,32.73184722222691,-81.8017814790718,32.69654002638324,-81.85333267535259,6.207,1979,80,cast_iron,1.85,53.7,3,77.6,299.49,0.667,0.458,1.0,0.71,0.5198,5,WMN-03392,water,1.15,0.0,False,0,250.0,,,,2023,0.0,0.0,0
water_main,32.494537649705975,-84.37248839434446,32.484810375131595,-84.37023512819724,1.1,1976,80,cast_iron,1.85,33.2,3,69.42,269.99,0.486,0.56,0.943,0.424,0.5434,4,WMN-03393,water,4.66,2.22,False,0,200.0,,,,2025,0.0,0.0,0
water_main,32.50969704858403,-81.96323502054153,32.526511833844985,-81.94940069641993,2.272,1985,80,asbestos_cement,1.55,71.3,2,67.49,278.15,0.513,0.707,1.0,0.84,0.4752,5,WMN-03394,water,1.83,0.0,False,0,150.0,,,,2025,0.0,0.0,0
water_main,32.2714627934813,-84.77283848522931,32.27561795442172,-84.78522715079099,1.251,1966,80,pvc,0.7,48.7,3,65.48,242.48,0.799,0.482,0.806,0.473,0.1358,4,WMN-03395,water,2.29,0.0,False,0,100.0,,,,2022,0.0,0.0,0
water_main,31.619987869808515,-85.19166858967726,31.623514618275024,-85.19127640880846,0.393,1999,80,cast_iron,1.85,58.7,3,41.52,171.72,0.753,0.557,0.692,0.557,0.2917,0,WMN-03396,water,2.53,0.0,False,0,250.0,,,,2022,0.0,0.0,0
water_main,32.992035899744266,-82.21549882161479,32.99983661120121,-82.21776244912962,0.891,1953,80,ductile_iron,1.0,34.4,3,94.33,336.37,0.885,0.654,1.0,0.618,0.1264,5,WMN-03397,water,3.13,0.0,False,0,900.0,,,,2024,0.0,0.0,0
water_main,31.15921742899261,-84.62687053434689,31.157082728819876,-84.63572954221196,0.874,2006,80,ductile_iron,1.0,94.1,3,27.75,119.58,0.353,0.568,0.469,0.413,0.3682,7,WMN-03398,water,5.38,0.0,False,0,150.0,,,,2025,0.0,0.0,0
water_main,32.44639055395206,-82.2083682884434,32.432910835680836,-82.22409055953435,2.099,1985,80,cast_iron,1.85,58.4,3,69.24,275.68,0.771,0.58,1.0,0.903,0.1184,3,WMN-03399,water,0.4,0.0,False,0,150.0,,,,2023,0.0,0.0,0
water_main,31.014925575248803,-85.67939906358325,31.00961438369795,-85.70017047179498,2.062,1977,80,ductile_iron,1.0,64.1,3,25.71,111.7,0.62,0.667,0.448,0.129,0.1197,0,WMN-03400,water,1.27,0.0,False,0,300.0,,,,2025,0.0,0.0,0
water_main,30.98903345815599,-83.94042527781123,31.012354850169952,-83.93443063925287,2.651,1994,80,ductile_iron,1.0,76.1,1,25.79,108.99,0.527,0.676,0.561,0.497,0.1537,7,WMN-03401,water,2.04,0.0,False,0,200.0,,,,2026,0.0,0.0,0
water_main,31.03074081797035,-84.29390220103043,31.03467744109923,-84.32032347534057,2.551,1951,80,pvc,0.7,39.3,3,27.71,108.44,0.39,0.552,0.584,0.378,0.5523,7,WMN-03402,water,1.55,0.0,False,0,600.0,,,,2021,0.0,0.0,0
water_main,33.0,-81.64532881391258,33.003202732779656,-81.61015057059002,3.294,1969,80,ductile_iron,1.0,58.4,3,88.44,325.98,0.88,0.573,1.0,0.539,0.115,5,WMN-03403,water,0.68,0.0,False,0,100.0,,,,2020,0.0,0.0,0
water_main,32.96287595354518,-81.99052307118512,32.97485964404447,-81.96433970968329,2.778,1951,80,ductile_iron,1.0,40.1,3,92.48,329.0,0.825,0.553,1.0,0.576,0.3125,5,WMN-03404,water,4.51,0.0,False,0,100.0,,,,2025,0.0,0.0,0
water_main,30.970639181045193,-84.15631618620047,30.949258316541624,-84.16802030023293,2.622,2004,80,cast_iron,1.85,83.0,3,24.46,103.64,0.392,0.681,0.495,0.506,0.594,7,WMN-03405,water,2.16,0.0,False,0,300.0,,,,2024,0.0,0.0,0
water_main,32.15421252018305,-82.08494979971492,32.13962503429948,-82.10985358631297,2.846,1974,80,pvc,0.7,56.6,1,54.2,241.05,0.72,0.757,0.846,0.936,0.1291,3,WMN-03406,water,1.38,0.0,False,0,400.0,,,,2025,0.0,0.0,0
water_main,30.88055109508436,-83.9854411701025,30.873468795269456,-83.97843475820041,1.031,1988,80,asbestos_cement,1.55,58.5,3,25.26,96.23,0.38,0.595,0.476,0.461,0.2664,7,WMN-03407,water,1.25,0.0,False,0,200.0,,,,2025,0.0,0.0,0
water_main,30.631120180577966,-84.44122469548019,30.630025097762278,-84.46397485417796,2.176,1974,80,asbestos_cement,1.55,53.2,3,11.58,62.42,0.38,0.525,0.353,0.246,0.3238,7,WMN-03408,water,4.44,0.86,False,0,300.0,,,,2021,0.0,0.0,0
water_main,32.368813381619795,-82.15936957410662,32.36904497995639,-82.12270556625245,3.437,1982,80,cast_iron,1.85,55.3,2,62.58,266.23,0.954,0.586,1.0,0.946,0.1283,3,WMN-03409,water,2.06,0.0,False,0,200.0,,,,2025,0.0,0.0,0
water_main,32.781764627875646,-84.71988775720365,32.77716800505495,-84.72050601490969,0.513,1984,80,ductile_iron,1.0,53.9,2,82.76,299.26,0.8,0.662,1.0,0.431,0.154,4,WMN-03410,water,0.57,0.0,False,0,250.0,,,,2022,0.0,0.0,0
water_main,31.140593111293256,-84.7033085605113,31.13867636288624,-84.69737023663556,0.603,1935,80,pvc,0.7,50.7,3,30.79,117.15,0.463,0.512,0.585,0.487,0.3871,7,WMN-03411,water,3.14,0.0,False,0,150.0,,,,2025,0.0,0.0,0
water_main,32.63291312235092,-84.46682998638445,32.64871039957677,-84.4677954223737,1.756,1990,80,pvc,0.7,87.0,3,77.81,284.37,0.582,0.51,1.0,0.491,0.5825,4,WMN-03412,water,3.66,0.0,False,0,250.0,,,,2020,0.0,0.0,0
water_main,33.0,-81.88491120823433,33.00683278648864,-81.83269563804528,4.92,2002,80,pvc,0.7,78.2,2,89.89,330.98,0.733,0.682,1.0,0.585,0.2452,5,WMN-03413,water,1.49,0.0,False,0,250.0,,,,2022,0.0,0.0,0
water_main,32.298541340999634,-81.80148685696724,32.30473934440804,-81.85193657511607,4.783,1982,80,cast_iron,1.85,57.6,2,55.47,251.39,0.415,0.496,0.991,0.828,0.8612,3,WMN-03414,water,1.09,0.0,False,0,250.0,,,,2023,0.0,0.0,0
water_main,31.143382885013697,-84.64988610202337,31.16155742694247,-84.66188387932843,2.317,2009,80,ductile_iron,1.0,92.8,3,28.46,117.7,0.423,0.63,0.613,0.39,0.3953,7,WMN-03415,water,0.29,0.0,False,0,100.0,,,,2022,0.0,0.0,0
water_main,32.57251245593211,-81.71741355070063,32.63083809621754,-81.71958857102592,6.477,1963,80,pvc,0.7,48.4,1,69.27,280.04,0.57,0.435,0.875,0.628,0.5134,5,WMN-03416,water,1.02,0.0,False,0,100.0,,,,2024,0.0,0.0,0
water_main,32.87107046575525,-84.44375292680171,32.88750192153487,-84.43405746120996,2.036,1970,80,ductile_iron,1.0,48.5,3,85.57,311.03,0.821,0.771,1.0,0.505,0.1395,4,WMN-03417,water,6.72,0.0,False,0,300.0,,,,2023,0.0,0.0,0
water_main,30.76931755343686,-84.28126875863497,30.76740940735832,-84.28784620354712,0.662,1957,80,steel,1.1,31.5,3,21.7,79.58,0.211,0.529,0.412,0.336,0.9445,7,WMN-03418,water,2.22,0.0,False,0,250.0,,,,2022,0.0,0.0,0
water_main,30.546107831874256,-84.20441412203276,30.521985700968536,-84.20409830982128,2.678,1993,80,ductile_iron,1.0,81.7,3,13.42,55.83,0.359,0.609,0.295,0.308,0.2493,7,WMN-03419,water,0.17,0.0,False,0,250.0,,,,2023,0.0,0.0,0
water_main,31.518119253526358,-85.43169825655089,31.525308821441115,-85.51032817165054,7.483,2014,80,asbestos_cement,1.55,99.0,1,39.35,163.33,0.722,0.603,0.727,0.417,0.3052,0,WMN-03420,water,2.63,0.0,False,0,150.0,,,,2024,0.0,0.0,0
water_main,31.488609000871957,-85.36927801767499,31.450128213284305,-85.34570117262192,4.819,1988,80,cast_iron,1.85,52.1,3,37.49,159.17,0.53,0.597,0.721,0.417,0.3205,0,WMN-03421,water,1.4,0.0,False,0,300.0,,,,2022,0.0,0.0,0
water_main,32.81987826800194,-82.06466785721764,32.805172295312154,-82.0031957693062,5.962,1990,80,cast_iron,1.85,67.1,3,88.63,314.56,0.594,0.452,1.0,0.718,0.4746,5,WMN-03422,water,4.57,0.0,False,0,900.0,,,,2023,0.0,0.0,0
water_main,31.93983754253898,-81.5,31.961867243384223,-81.48375926649604,2.884,1992,80,cast_iron,1.85,53.8,3,42.89,205.35,0.868,0.639,0.678,0.797,0.0936,3,WMN-03423,water,1.88,0.0,False,0,200.0,,,,2019,0.0,0.0,0
water_main,32.453316864887675,-81.6575662825147,32.43846653959101,-81.66671379884097,1.858,1962,80,pvc,0.7,77.3,3,60.1,265.56,0.607,0.586,0.978,0.702,0.6898,5,WMN-03424,water,0.89,0.0,False,0,150.0,,,,2024,0.0,0.0,0
water_main,32.03184387565595,-85.37545810916257,32.01268003387524,-85.37868666820398,2.149,1972,80,ductile_iron,1.0,56.8,3,57.42,219.55,0.771,0.692,0.8,0.484,0.094,0,WMN-03425,water,3.57,0.0,False,0,250.0,,,,2025,0.0,0.0,0
water_main,32.355709507393115,-84.85937423905752,32.31114034344741,-84.86556296535393,4.981,1976,80,pvc,0.7,86.3,3,67.51,251.76,0.867,0.699,1.0,0.286,0.117,4,WMN-03426,water,4.17,0.0,False,0,250.0,,,,2021,0.0,0.0,0
water_main,31.497516679023903,-85.4386001180415,31.490080023777292,-85.41992938311647,1.95,1977,80,cast_iron,1.85,48.6,3,36.74,161.15,0.635,0.503,0.635,0.342,0.312,0,WMN-03427,water,1.7,0.0,False,0,150.0,,,,2022,0.0,0.0,0
water_main,32.209599951816536,-81.79120625034497,32.21962298112621,-81.78316894855591,1.344,1951,80,cast_iron,1.85,16.7,2,53.61,241.3,0.314,0.325,0.985,0.865,0.6508,3,WMN-03428,water,3.01,0.0,False,0,200.0,,,,2020,0.0,0.0,0
water_main,32.70880549373149,-84.3316441051158,32.69724973978251,-84.34096234758725,1.55,1931,80,asbestos_cement,1.55,20.5,3,84.06,294.24,0.896,0.582,1.0,0.577,0.2671,4,WMN-03429,water,5.83,2.45,False,0,150.0,,,,2025,0.0,0.0,0
water_main,32.512766628741,-81.5,32.521629065442376,-81.49744844083183,1.012,2008,80,pvc,0.7,93.2,3,63.69,268.94,0.738,0.743,0.961,0.657,0.2382,5,WMN-03430,water,0.65,0.0,False,0,200.0,,,,2021,0.0,0.0,0
water_main,30.92122876255291,-85.33669963668805,30.9175524227469,-85.3453589352384,0.92,1981,80,ductile_iron,1.0,88.0,1,19.42,95.76,0.575,0.647,0.46,0.204,0.0952,0,WMN-03431,water,1.09,0.0,False,0,900.0,,,,2023,0.0,0.0,0
water_main,32.47816255448634,-81.5,32.47741038285844,-81.48988081694904,0.951,1988,80,cast_iron,1.85,73.9,3,62.72,265.1,0.795,0.652,0.946,0.624,0.2701,5,WMN-03432,water,3.97,0.0,False,0,150.0,,,,2024,0.0,0.0,0
water_main,32.32795393341301,-81.97607103176594,32.3265035805376,-81.96099394807406,1.423,1950,80,cast_iron,1.85,20.4,1,57.24,258.23,0.65,0.529,0.96,0.84,0.4095,3,WMN-03433,water,2.9,1.33,False,0,300.0,,,,2022,0.0,0.0,0
water_main,32.732062915693874,-84.5577994991931,32.72868917567446,-84.60333010686008,4.268,2024,80,ductile_iron,1.0,100.0,3,81.45,294.62,0.797,0.566,1.0,0.436,0.3435,4,WMN-03434,water,1.95,0.0,False,0,250.0,,,,2021,0.0,0.0,0
water_main,31.032212307825176,-84.6524412869634,31.052521101341537,-84.61669252363546,4.08,1976,80,pvc,0.7,56.0,3,23.34,105.35,0.346,0.702,0.457,0.366,0.4962,7,WMN-03435,water,6.23,0.0,False,0,200.0,,,,2021,0.0,0.0,0
water_main,32.5474323618204,-84.5405972939879,32.53547942196589,-84.50148929680623,3.892,1988,80,pvc,0.7,68.9,3,73.96,274.25,0.589,0.342,0.974,0.361,0.7136,4,WMN-03436,water,2.75,0.0,False,0,100.0,,,,2024,0.0,0.0,0
water_main,30.443139981810788,-84.38526266633416,30.407101788914925,-84.36828291241567,4.318,1972,80,asbestos_cement,1.55,30.2,3,10.21,42.14,0.338,0.626,0.3,0.284,0.1193,9,WMN-03437,water,4.06,0.0,False,0,200.0,,,,2023,0.0,0.0,0
water_main,30.807009672063256,-84.29922524725414,30.81438618829491,-84.30457381507587,0.965,1975,80,asbestos_cement,1.55,59.2,3,22.75,83.54,0.136,0.427,0.432,0.439,1.0,7,WMN-03438,water,2.94,0.0,False,0,600.0,,,,2017,0.0,0.0,0
water_main,31.25699892619003,-84.3107235892028,31.245186367866214,-84.31716152519807,1.447,2023,80,asbestos_cement,1.55,100.0,3,31.91,133.35,0.66,0.643,0.561,0.421,0.1247,7,WMN-03439,water,1.39,0.0,False,0,250.0,,,,2023,0.0,0.0,0
water_main,32.25133518837035,-81.78088051542015,32.24000577305332,-81.83450614027808,5.189,1985,80,ductile_iron,1.0,87.5,3,55.47,245.72,0.622,0.502,0.89,0.867,0.7825,3,WMN-03440,water,3.15,0.0,False,0,600.0,,,,2026,0.0,0.0,0
water_main,32.584118816769134,-84.6823167611576,32.59253023147839,-84.63692010744816,4.347,1947,80,asbestos_cement,1.55,41.7,3,75.57,277.47,0.641,0.615,0.948,0.425,0.4108,4,WMN-03441,water,2.74,0.0,False,0,150.0,,,,2021,0.0,0.0,0
water_main,32.502740077487715,-84.8294464881678,32.47121479448517,-84.8544793076967,4.211,1964,80,ductile_iron,1.0,52.7,1,73.56,268.08,0.881,0.827,1.0,0.318,0.1666,4,WMN-03442,water,3.17,0.0,False,0,200.0,,,,2020,0.0,0.0,0
water_main,31.354935479083608,-85.60579441244465,31.343034867229836,-85.58570817983946,2.317,1957,80,ductile_iron,1.0,50.0,3,37.56,148.08,0.516,0.497,0.591,0.374,0.327,0,WMN-03443,water,2.5,0.0,False,0,250.0,,,,2025,0.0,0.0,0
water_main,32.25005861030955,-84.57707179904587,32.273736558294516,-84.57301675409964,2.656,1934,80,cast_iron,1.85,2.0,3,64.5,240.98,0.726,0.56,1.0,0.339,0.2534,4,WMN-03444,water,1.57,0.0,False,0,200.0,,,,2024,0.0,0.0,0
water_main,32.59301169590837,-81.55709206139295,32.59560418224474,-81.60711103680366,4.687,1972,80,cast_iron,1.85,41.0,3,68.69,278.99,0.692,0.63,0.964,0.587,0.2329,5,WMN-03445,water,1.4,0.0,False,0,200.0,,,,2013,0.0,0.0,0
water_main,32.55768059869392,-81.5,32.54531502477103,-81.51341498771676,1.86,1992,80,cast_iron,1.85,57.8,3,64.97,273.93,0.86,0.655,1.0,0.604,0.1982,5,WMN-03446,water,1.56,0.0,False,0,250.0,,,,2022,0.0,0.0,0
water_main,32.43824638721199,-81.76728602775663,32.435560125074105,-81.7910410951236,2.245,1962,80,asbestos_cement,1.55,33.8,3,61.58,266.18,0.395,0.429,1.0,0.785,0.8549,5,WMN-03447,water,1.36,0.0,False,0,150.0,,,,2025,0.0,0.0,0
water_main,32.66277535136771,-84.71456725423309,32.67666804064571,-84.72371917298076,1.763,1999,80,steel,1.1,82.8,3,78.04,286.07,0.651,0.655,1.0,0.453,0.2708,4,WMN-03448,water,2.76,0.82,False,0,100.0,,,,2020,0.0,0.0,0
water_main,32.42728220536605,-82.22227317322745,32.43065140163301,-82.20128603572651,2.002,1991,80,ductile_iron,1.0,61.1,3,68.31,273.79,0.765,0.752,1.0,0.95,0.1091,3,WMN-03449,water,2.14,0.0,False,0,300.0,,,,2022,0.0,0.0,0
water_main,31.002969009826668,-84.34222417586732,30.961017606572746,-84.38537490883967,6.208,1982,80,cast_iron,1.85,45.1,3,23.34,104.77,0.32,0.415,0.502,0.492,0.6259,7,WMN-03450,water,1.72,0.0,False,0,150.0,,,,2022,0.0,0.0,0
water_main,33.0,-81.735233716408,33.025781576041894,-81.74047421551846,2.903,1979,80,cast_iron,1.85,55.7,2,91.35,327.86,0.97,0.715,1.0,0.563,0.1589,5,WMN-03451,water,4.46,0.0,False,0,100.0,,,,2023,0.0,0.0,0
water_main,32.68995017062367,-84.21044503421115,32.67846707421275,-84.21465800851077,1.334,1928,80,ductile_iron,1.0,24.8,2,81.81,293.72,0.844,0.59,1.0,0.651,0.153,4,WMN-03452,water,0.32,0.0,False,0,150.0,,,,2024,0.0,0.0,0
water_main,32.026005470432274,-84.654911524867,32.02286252118035,-84.65089480541526,0.514,1989,80,ductile_iron,1.0,63.7,3,54.79,215.65,0.853,0.752,0.805,0.419,0.1865,4,WMN-03453,water,3.52,0.0,False,0,250.0,,,,2024,0.0,0.0,0
water_main,32.314426507341814,-81.80424321069971,32.303215469114,-81.79446559901002,1.546,1962,80,cast_iron,1.85,34.9,3,57.02,253.21,0.413,0.203,0.975,0.797,0.8793,3,WMN-03454,water,3.46,0.0,False,0,100.0,,,,2024,0.0,0.0,0
water_main,32.58280141762364,-81.99019657209287,32.572825647030605,-81.97772586862563,1.608,1945,80,cast_iron,1.85,9.2,2,71.33,286.8,0.626,0.561,0.987,0.804,0.4925,5,WMN-03455,water,6.27,0.0,False,0,600.0,,,,2026,0.0,0.0,0
water_main,31.302532559350773,-84.1449876674588,31.31516415405019,-84.14447450387463,1.403,1947,80,cast_iron,1.85,18.3,3,35.41,140.64,0.683,0.649,0.54,0.475,0.0941,7,WMN-03456,water,1.1,0.0,False,0,200.0,,,,2021,0.0,0.0,0
water_main,32.45722849362013,-81.7978706881789,32.43645290175083,-81.81125368176056,2.625,1966,80,pvc,0.7,46.3,3,66.55,268.93,0.427,0.36,1.0,0.793,0.801,5,WMN-03457,water,3.52,0.0,False,0,250.0,,,,2022,0.0,0.0,0
water_main,31.01841289981268,-84.40432543604706,31.028269451220766,-84.40638707526188,1.112,1982,80,cast_iron,1.85,44.0,2,26.07,105.79,0.352,0.583,0.539,0.409,0.5318,7,WMN-03458,water,2.99,0.0,False,0,200.0,,,,2025,0.0,0.0,0
water_main,31.154586770140995,-85.76319179892977,31.219884489363203,-85.75123366742004,7.337,1975,80,cast_iron,1.85,31.3,3,29.97,128.83,0.692,0.819,0.594,0.145,0.14,0,WMN-03459,water,2.53,0.0,False,0,150.0,,,,2026,0.0,0.0,0
water_main,30.98421044762213,-84.01335905370186,30.986533876725165,-83.99710549996936,1.568,1993,80,ductile_iron,1.0,74.4,3,26.94,107.3,0.48,0.615,0.502,0.387,0.2503,7,WMN-03460,water,1.15,0.0,False,0,400.0,,,,2022,0.0,0.0,0
water_main,31.0689025204123,-84.7027594631539,31.045302621693814,-84.69270071404695,2.789,2025,80,steel,1.1,100.0,3,27.15,109.2,0.564,0.516,0.443,0.373,0.4599,7,WMN-03461,water,5.05,0.0,False,0,900.0,,,,2021,0.0,0.0,0
water_main,32.33429876563085,-81.5,32.354805435809375,-81.5452659927916,4.817,1979,80,ductile_iron,1.0,65.0,3,60.04,249.13,0.817,0.652,1.0,0.652,0.3379,5,WMN-03462,water,2.07,0.0,False,0,100.0,,,,2022,0.0,0.0,0
water_main,32.76045421582393,-82.00495076856129,32.76167847485443,-82.03033570275394,2.373,1958,80,cast_iron,1.85,17.0,3,80.48,306.81,0.665,0.526,1.0,0.744,0.6225,5,WMN-03463,water,2.97,0.0,False,0,250.0,,,,2022,0.0,0.0,0
water_main,31.23296579772153,-84.55343913591906,31.24388252067272,-84.55200591031638,1.219,1982,80,cast_iron,1.85,26.2,2,27.59,128.25,0.541,0.754,0.552,0.432,0.2304,7,WMN-03464,water,1.92,0.0,False,0,250.0,,,,2023,0.0,0.0,0
water_main,31.448223708799492,-85.29145679282635,31.468015384250876,-85.29998476513032,2.341,1963,80,pvc,0.7,82.1,2,41.0,153.7,0.688,0.503,0.665,0.404,0.2854,0,WMN-03465,water,7.15,0.0,False,0,250.0,,,,2024,0.0,0.0,0
water_main,32.36773360942826,-81.73481535411868,32.36197577481342,-81.71193643525172,2.238,1990,80,ductile_iron,1.0,68.8,3,61.79,257.67,0.406,0.441,0.986,0.808,0.942,5,WMN-03466,water,0.87,0.0,False,0,300.0,,,,2024,0.0,0.0,0
water_main,33.0,-82.24021892739354,32.98653083982142,-82.23160722211797,1.696,1996,80,cast_iron,1.85,60.9,2,95.36,337.66,0.727,0.629,1.0,0.721,0.1137,5,WMN-03467,water,2.89,0.0,False,0,250.0,,,,2025,0.0,0.0,0
water_main,32.76882177215435,-81.5,32.777690719271405,-81.47660998732175,2.395,1961,80,pvc,0.7,43.3,3,73.77,297.36,0.933,0.633,1.0,0.602,0.1046,5,WMN-03468,water,2.13,0.0,False,0,100.0,,,,2023,0.0,0.0,0
water_main,31.395275248062404,-85.297032756142,31.381996063327463,-85.33031774286165,3.481,1953,80,ductile_iron,1.0,54.5,3,32.74,147.89,0.613,0.68,0.64,0.304,0.2723,0,WMN-03469,water,2.9,0.0,False,0,400.0,,,,2026,0.0,0.0,0
water_main,32.44037749204112,-81.5,32.44659153773724,-81.52070525414715,2.059,1966,80,ductile_iron,1.0,65.3,1,63.31,260.91,0.723,0.585,0.961,0.682,0.3016,5,WMN-03470,water,1.51,1.69,False,0,150.0,,,,2020,0.0,0.0,0
water_main,32.4568218325311,-84.53324842124526,32.45765118059483,-84.54223658021797,0.847,2024,80,asbestos_cement,1.55,90.5,3,71.02,264.25,0.441,0.581,0.94,0.485,0.6793,4,WMN-03471,water,1.45,0.0,False,0,100.0,,,,2023,0.0,0.0,0
water_main,30.865295784251984,-84.42334910179528,30.892307385313455,-84.40207448747175,3.619,1951,80,pvc,0.7,46.4,3,17.76,88.59,0.309,0.47,0.362,0.367,0.741,7,WMN-03472,water,1.62,0.0,False,0,300.0,,,,2022,0.0,0.0,0
water_main,31.21007852232597,-84.4575720742806,31.190500568566275,-84.43999709728881,2.74,1977,80,asbestos_cement,1.55,54.2,3,29.91,126.53,0.684,0.571,0.505,0.523,0.2042,7,WMN-03473,water,0.49,0.0,False,0,150.0,,,,2022,0.0,0.0,0
water_main,32.85284724981734,-81.56305702079929,32.84897927954204,-81.5793643297997,1.58,1997,80,ductile_iron,1.0,77.5,3,83.52,307.96,0.944,0.787,0.994,0.584,0.1156,5,WMN-03474,water,4.48,0.96,False,0,600.0,,,,2024,0.0,0.0,0
water_main,31.25310468409735,-84.55052581248422,31.23675831770051,-84.57958173264188,3.301,2011,80,asbestos_cement,1.55,93.7,1,29.88,130.51,0.595,0.577,0.664,0.476,0.2056,7,WMN-03475,water,1.37,0.0,False,0,100.0,,,,2023,0.0,0.0,0
raw_water_intake,30.195618082138022,-83.61975935055207,30.195618082138022,-83.61975935055207,0.0,1986,60,standard,1.0,65.8,1,11.61,25.96,0.257,0.746,0.245,0.92,0.1137,11,INT-03476,water,0.4,0.0,False,0,,,,,2024,0.0,0.0,0
raw_water_intake,30.52362421468433,-84.0852100814855,30.52362421468433,-84.0852100814855,0.0,1986,60,standard,1.0,50.5,3,12.71,55.07,0.383,0.624,0.293,0.811,0.2094,7,INT-03477,water,0.54,2.42,False,0,,,,,2024,0.0,0.0,0
raw_water_intake,31.975826313340168,-84.13348509992323,31.975826313340168,-84.13348509992323,0.0,1985,60,standard,1.0,51.9,3,58.32,215.54,0.79,0.563,0.796,0.925,0.1497,4,INT-03478,water,0.15,1.09,False,0,,,,,2015,0.0,0.0,0
raw_water_intake,30.688121688322724,-84.63659944965822,30.688121688322724,-84.63659944965822,0.0,1982,60,standard,1.0,73.6,3,13.66,67.24,0.241,0.704,0.418,0.523,0.2263,7,INT-03479,water,1.61,0.0,False,0,,,,,2025,0.0,0.0,0
raw_water_intake,30.355642061371228,-82.00581610768187,30.355642061371228,-82.00581610768187,0.0,1969,60,standard,1.0,49.8,3,0.3,39.9,0.284,0.709,0.208,0.551,0.1137,8,INT-03480,water,0.27,0.0,False,0,,,,,2021,0.0,0.0,0
raw_water_intake,30.36365121809817,-83.94886810285863,30.36365121809817,-83.94886810285863,0.0,1957,60,standard,1.0,34.8,3,10.67,39.44,0.256,0.746,0.137,0.801,0.1158,11,INT-03481,water,2.78,0.0,False,0,,,,,2022,0.0,0.0,0
raw_water_intake,30.004273928394973,-83.31543781475953,30.004273928394973,-83.31543781475953,0.0,2022,60,standard,1.0,100.0,3,7.02,8.59,0.246,0.618,0.174,0.943,0.1137,11,INT-03482,water,0.87,1.93,False,0,,,,,2023,0.0,0.0,0
raw_water_intake,30.451257007678727,-84.46283592366834,30.451257007678727,-84.46283592366834,0.0,1985,60,standard,1.0,55.2,1,13.94,42.25,0.254,0.667,0.31,0.515,0.1483,9,INT-03483,water,0.16,0.0,False,0,,,,,2024,0.0,0.0,0
raw_water_intake,29.97246640667006,-83.20163141597278,29.97246640667006,-83.20163141597278,0.0,1958,60,standard,1.0,31.3,3,6.72,6.07,0.236,0.568,0.098,0.904,0.1137,11,INT-03484,water,0.69,0.0,False,0,,,,,2021,0.0,0.0,0
raw_water_intake,30.870500334309586,-84.99150371007528,30.870500334309586,-84.99150371007528,0.0,1972,60,standard,1.0,38.3,3,17.9,87.19,0.435,0.85,0.514,0.525,0.1537,7,INT-03485,water,0.18,0.0,False,0,,,,,2026,0.0,0.0,0
raw_water_intake,30.391014253723412,-82.798758904749,30.391014253723412,-82.798758904749,0.0,1979,60,standard,1.0,51.3,3,11.89,53.59,0.283,0.727,0.359,0.928,0.1137,8,INT-03486,water,1.03,0.0,False,0,,,,,2025,0.0,0.0,0
raw_water_intake,30.78367998007249,-81.81827521447212,30.78367998007249,-81.81827521447212,0.0,1988,60,standard,1.0,42.7,3,10.08,83.59,0.359,0.62,0.44,0.843,0.1137,8,INT-03487,water,1.6,0.0,False,0,,,,,2022,0.0,0.0,0
raw_water_intake,30.317918978199035,-82.28107229009352,30.317918978199035,-82.28107229009352,0.0,1983,60,standard,1.0,61.1,2,3.48,40.59,0.312,0.601,0.336,0.637,0.1137,8,INT-03488,water,0.45,0.0,False,0,,,,,2023,0.0,0.0,0
raw_water_intake,30.329731817210273,-85.14356622241608,30.329731817210273,-85.14356622241608,0.0,1977,60,standard,1.0,49.5,3,4.21,28.08,0.286,0.615,0.319,0.039,0.1137,9,INT-03489,water,0.22,1.17,False,0,,,,,2025,0.0,0.0,0
raw_water_intake,31.00290183923507,-82.60117487297434,31.00290183923507,-82.60117487297434,0.0,1977,60,standard,1.0,39.9,3,28.06,120.45,0.461,0.663,0.471,0.89,0.1137,10,INT-03490,water,1.46,0.0,False,0,,,,,2024,0.0,0.0,0
raw_water_intake,30.783119135243897,-84.1287550068234,30.783119135243897,-84.1287550068234,0.0,1972,60,standard,1.0,32.7,3,19.57,83.22,0.251,0.422,0.293,0.832,0.9223,7,INT-03491,water,1.12,0.0,False,0,,,,,2025,0.0,0.0,0
raw_water_intake,30.585462482512124,-81.92173515089068,30.585462482512124,-81.92173515089068,0.0,1952,60,standard,1.0,18.2,2,3.29,63.72,0.382,0.652,0.36,0.631,0.1137,8,INT-03492,water,0.45,0.0,False,0,,,,,2023,0.0,0.0,0
raw_water_intake,30.188830463979613,-82.26983822981795,30.188830463979613,-82.26983822981795,0.0,2002,60,standard,1.0,100.0,3,0.3,26.09,0.253,0.769,0.213,0.733,0.1137,8,INT-03493,water,0.83,0.0,False,0,,,,,2021,0.0,0.0,0
raw_water_intake,30.86451397484442,-83.86333373599629,30.86451397484442,-83.86333373599629,0.0,1965,60,standard,1.0,25.4,3,27.19,96.4,0.41,0.822,0.461,0.978,0.1622,7,INT-03494,water,0.05,0.0,False,0,,,,,2023,0.0,0.0,0
raw_water_intake,30.62833662378132,-83.09904604571626,30.62833662378132,-83.09904604571626,0.0,1973,60,standard,1.0,38.2,3,23.4,79.54,0.39,0.513,0.317,0.843,0.1137,10,INT-03495,water,0.33,1.24,False,0,,,,,2023,0.0,0.0,0
raw_water_intake,30.314005581152426,-84.47807692779443,30.314005581152426,-84.47807692779443,0.0,1968,60,standard,1.0,52.4,2,2.96,26.87,0.277,0.784,0.155,0.477,0.1164,9,INT-03496,water,0.89,0.0,False,0,,,,,2023,0.0,0.0,0
raw_water_intake,30.904591219959453,-85.07447876059605,30.904591219959453,-85.07447876059605,0.0,1986,60,standard,1.0,70.5,2,18.97,91.4,0.442,0.744,0.391,0.564,0.129,0,INT-03497,water,1.23,0.0,False,0,,,,,2023,0.0,0.0,0
raw_water_intake,30.662080004529223,-85.92525010788007,30.662080004529223,-85.92525010788007,0.0,1983,60,standard,1.0,75.4,2,20.35,77.48,0.484,0.674,0.504,0.06,0.1137,0,INT-03498,water,0.88,0.0,False,0,,,,,2023,0.0,0.0,0
raw_water_intake,31.19082066733421,-82.89090103359405,31.19082066733421,-82.89090103359405,0.0,1942,60,standard,1.0,2.3,3,39.73,142.51,0.667,0.726,0.631,1.0,0.1137,10,INT-03499,water,0.94,0.0,False,0,,,,,2025,0.0,0.0,0
raw_water_intake,30.38056748595788,-82.38718928552017,30.38056748595788,-82.38718928552017,0.0,1968,60,standard,1.0,44.2,3,5.48,49.07,0.365,0.679,0.349,0.684,0.1137,8,INT-03500,water,0.47,0.0,False,0,,,,,2024,0.0,0.0,0
raw_water_intake,30.10042912509588,-85.57866440607579,30.10042912509588,-85.57866440607579,0.0,1970,60,standard,1.0,56.7,3,1.8,8.35,0.168,0.779,0.151,0.024,0.1137,9,INT-03501,water,0.44,1.61,False,0,,,,,2021,0.0,0.0,0
raw_water_intake,30.746594044866,-85.05037557791847,30.746594044866,-85.05037557791847,0.0,1961,60,standard,1.0,44.6,3,14.92,73.72,0.425,0.602,0.342,0.423,0.1197,9,INT-03502,water,0.52,0.0,False,0,,,,,2024,0.0,0.0,0
raw_water_intake,30.02428722592366,-83.22314100577829,30.02428722592366,-83.22314100577829,0.0,1982,60,standard,1.0,53.4,3,3.5,11.65,0.267,0.628,0.229,1.0,0.1137,11,INT-03503,water,0.3,0.0,False,0,,,,,2024,0.0,0.0,0
raw_water_intake,30.70214553538122,-85.04562804803264,30.70214553538122,-85.04562804803264,0.0,1968,60,standard,1.0,39.7,2,11.84,68.76,0.476,0.626,0.239,0.416,0.1175,9,INT-03504,water,0.14,0.0,False,0,,,,,2025,0.0,0.0,0
raw_water_intake,30.612478770234606,-81.81696808018509,30.612478770234606,-81.81696808018509,0.0,1965,60,standard,1.0,31.7,3,5.46,64.56,0.42,0.631,0.36,0.64,0.1137,8,INT-03505,water,1.2,0.0,False,0,,,,,2024,0.0,0.0,0
raw_water_intake,30.96391784382959,-84.35037345225327,30.96391784382959,-84.35037345225327,0.0,1994,60,standard,1.0,79.0,2,25.08,100.34,0.094,0.451,0.392,0.788,1.0,7,INT-03506,water,0.36,0.0,False,0,,,,,2023,0.0,0.0,0
raw_water_intake,30.20873675937662,-83.64284346937342,30.20873675937662,-83.64284346937342,0.0,2016,60,standard,1.0,75.2,3,11.83,27.07,0.336,0.541,0.187,0.889,0.1137,11,INT-03507,water,0.47,0.0,False,0,,,,,2025,0.0,0.0,0
raw_water_intake,30.439012686968216,-84.52672834887136,30.439012686968216,-84.52672834887136,0.0,1998,60,standard,1.0,81.9,3,6.12,40.33,0.326,0.632,0.283,0.397,0.1304,9,INT-03508,water,1.27,0.0,False,0,,,,,2021,0.0,0.0,0
raw_water_intake,30.084246820631652,-82.04982618004739,30.084246820631652,-82.04982618004739,0.0,1956,60,standard,1.0,20.7,2,2.09,10.62,0.078,0.752,0.172,0.612,0.1137,8,INT-03509,water,0.12,0.82,False,0,,,,,2025,0.0,0.0,0
raw_water_intake,31.150984511651494,-82.86410967543598,31.150984511651494,-82.86410967543598,0.0,1954,60,standard,1.0,31.7,3,31.51,138.07,0.69,0.57,0.566,1.0,0.1137,10,INT-03510,water,3.12,0.0,False,0,,,,,2022,0.0,0.0,0
raw_water_intake,30.034937275609547,-83.7133167220007,30.034937275609547,-83.7133167220007,0.0,2007,60,standard,1.0,72.8,3,8.96,6.7,0.124,0.601,0.091,0.886,0.1137,11,INT-03511,water,0.84,1.06,False,0,,,,,2024,0.0,0.0,0
raw_water_intake,30.38221380346057,-81.94567814128425,30.38221380346057,-81.94567814128425,0.0,1986,60,standard,1.0,53.4,3,2.3,41.65,0.284,0.586,0.268,0.707,0.1137,8,INT-03512,water,1.08,0.0,False,0,,,,,2021,0.0,0.0,0
raw_water_intake,30.420002630244532,-85.85275974100581,30.420002630244532,-85.85275974100581,0.0,1942,60,standard,1.0,12.2,2,12.31,49.1,0.274,0.837,0.259,0.032,0.1137,9,INT-03513,water,3.15,0.0,False,0,,,,,2024,0.0,0.0,0
raw_water_intake,30.21089275676937,-84.17847687980651,30.21089275676937,-84.17847687980651,0.0,2012,60,standard,1.0,65.5,3,5.08,18.99,0.224,0.683,0.281,0.567,0.1142,9,INT-03514,water,0.61,0.0,False,0,,,,,2024,0.0,0.0,0
raw_water_intake,31.53422662818582,-84.74155598993472,31.53422662818582,-84.74155598993472,0.0,1988,60,standard,1.0,53.3,2,41.14,160.72,0.709,0.62,0.658,0.881,0.1213,4,INT-03515,water,1.33,0.0,False,0,,,,,2025,0.0,0.0,0
