asset_id,downstream_assets,customers_affected,population_water_affected,critical_facilities_affected,cascade_population_water,cascade_delay_hours,consequence_score
TSS-00001,9,0.0,0.0,0,0.0,,0.0
TSS-00002,392,443272.0,1552807.0,70,0.0,,2695987.0
TSS-00003,3,0.0,0.0,0,0.0,,0.0
TSS-00004,41,13496.0,40011.0,3,0.0,,75251.0
TSS-00005,207,430363.0,776773.0,64,0.0,,1884680.5
TSS-00006,6,0.0,0.0,0,0.0,,0.0
TSS-00007,239,165755.0,440339.0,12,0.0,,860726.5
TSS-00008,531,167557.0,2115023.0,43,0.0,,2555415.5
TSS-00009,145,383327.0,826206.0,47,0.0,,1808023.5
TSS-00010,8,0.0,0.0,0,0.0,,0.0
TSS-00011,27,0.0,0.0,0,0.0,,0.0
TSS-00012,471,10057.0,3473397.0,63,0.0,,3530039.5
TSS-00013,15,0.0,0.0,0,0.0,,0.0
TSS-00014,6,0.0,0.0,0,0.0,,0.0
TSS-00015,5,0.0,0.0,0,0.0,,0.0
TSS-00016,16,0.0,0.0,0,0.0,,0.0
TSS-00017,23,1845.0,0.0,0,0.0,,4612.5
TSS-00018,3,0.0,0.0,0,0.0,,0.0
TSS-00019,34,933.0,0.0,0,0.0,,2332.5
TSS-00020,47,16628.0,23256.0,3,0.0,,66326.0
TSS-00021,24,999.0,15491.0,0,0.0,,17988.5
TSS-00022,14,0.0,0.0,0,0.0,,0.0
TSS-00023,7,0.0,0.0,0,0.0,,0.0
TSS-00024,67,48602.0,151787.0,8,0.0,,277292.0
TSS-00025,210,267468.0,908204.0,40,0.0,,1596874.0
TSS-00026,146,91008.0,297769.0,12,0.0,,531289.0
TSS-00027,9,0.0,0.0,0,0.0,,0.0
TSS-00028,103,84022.0,86228.0,10,0.0,,301283.0
TSS-00029,7,0.0,0.0,0,0.0,,0.0
TSS-00030,222,4384.0,1435988.0,25,0.0,,1459448.0
TSS-00031,24,0.0,0.0,0,0.0,,0.0
TSS-00032,325,560131.0,1026297.0,64,0.0,,2458624.5
TSS-00033,12,0.0,0.0,0,0.0,,0.0
TSS-00034,23,0.0,0.0,0,0.0,,0.0
TSS-00035,54,17952.0,60155.0,3,0.0,,106535.0
TSS-00036,5,0.0,0.0,0,0.0,,0.0
TSS-00037,8,0.0,0.0,0,0.0,,0.0
TSS-00038,8,0.0,0.0,0,0.0,,0.0
TSS-00039,1,0.0,0.0,0,0.0,,0.0
TSS-00040,36,0.0,0.0,0,0.0,,0.0
TSS-00041,18,0.0,0.0,0,0.0,,0.0
TSS-00042,95,3848.0,320195.0,4,0.0,,331815.0
TSS-00043,286,264280.0,826776.0,32,0.0,,1503476.0
TSS-00044,113,21733.0,310390.0,7,0.0,,368222.5
TSS-00045,45,21848.0,99795.0,4,0.0,,156415.0
TSS-00046,54,33082.0,40468.0,6,0.0,,126173.0
TSS-00047,8,0.0,0.0,0,0.0,,0.0
TSS-00048,98,43807.0,120135.0,5,0.0,,232152.5
TSS-00049,29,0.0,0.0,0,0.0,,0.0
TSS-00050,18,0.0,0.0,0,0.0,,0.0
TSS-00051,5,0.0,0.0,0,0.0,,0.0
TSS-00052,21,0.0,0.0,0,0.0,,0.0
TSS-00053,11,0.0,0.0,0,0.0,,0.0
TSS-00054,16,0.0,0.0,0,0.0,,0.0
TSS-00055,66,88908.0,97852.0,6,0.0,,323122.0
TSS-00056,17,0.0,0.0,0,0.0,,0.0
TSS-00057,25,14687.0,18511.0,2,0.0,,56228.5
TSS-00058,10,0.0,0.0,0,0.0,,0.0
TSS-00059,7,0.0,0.0,0,0.0,,0.0
TSS-00060,5,0.0,0.0,0,0.0,,0.0
DSS-00061,3,5276.0,0.0,0,0.0,,13190.0
DSS-00062,3,0.0,14410.0,0,14410.0,0.0,28820.0
DSS-00063,2,2048.0,0.0,0,0.0,,5120.0
DSS-00064,8,0.0,103810.0,0,67319.6,4.0,171129.6
DSS-00065,18,4111.0,80056.0,5,62685.4,2.6666666666666665,155518.9
DSS-00066,5,13749.0,0.0,1,0.0,,34872.5
DSS-00067,2,2744.0,0.0,1,0.0,,7360.0
DSS-00068,13,7640.0,15106.0,1,15106.0,0.0,49812.0
DSS-00069,4,8615.0,26265.0,3,9192.8,72.0,58495.3
DSS-00070,17,4726.0,75627.0,1,75627.0,0.0,163569.0
DSS-00071,5,4810.0,0.0,1,0.0,,12525.0
DSS-00072,1,1147.0,0.0,0,0.0,,2867.5
DSS-00073,18,34940.0,20948.0,4,20948.0,0.0,131246.0
DSS-00074,13,13627.0,15980.0,2,12387.5,12.0,63435.0
DSS-00075,0,0.0,0.0,0,0.0,,0.0
DSS-00076,9,24135.0,0.0,2,0.0,,61337.5
DSS-00077,7,2286.0,5640.0,1,1974.0,12.0,13829.0
DSS-00078,5,0.0,28928.0,0,28928.0,0.0,57856.0
DSS-00079,0,0.0,0.0,0,0.0,,0.0
DSS-00080,4,11984.0,35255.0,2,12339.2,24.0,78554.2
DSS-00081,5,0.0,22701.0,1,7945.3,12.0,31146.3
DSS-00082,11,6708.0,24464.0,2,24464.0,0.0,66698.0
DSS-00083,2,6095.0,0.0,0,0.0,,15237.5
DSS-00084,13,0.0,108074.0,1,108074.0,0.0,216648.0
DSS-00085,3,3373.0,0.0,0,0.0,,8432.5
DSS-00086,11,5444.0,24526.0,0,20381.6,4.0,58517.6
DSS-00087,10,0.0,35702.0,2,35702.0,0.0,72404.0
DSS-00088,0,0.0,0.0,0,0.0,,0.0
DSS-00089,0,0.0,0.0,0,0.0,,0.0
DSS-00090,4,2131.0,8171.0,3,8171.0,0.0,23169.5
DSS-00091,0,0.0,0.0,0,0.0,,0.0
DSS-00092,7,18677.0,15538.0,2,15538.0,0.0,78768.5
DSS-00093,2,2654.0,0.0,0,0.0,,6635.0
DSS-00094,7,9680.0,0.0,1,0.0,,24700.0
DSS-00095,2,4805.0,0.0,1,0.0,,12512.5
DSS-00096,9,10069.0,11305.0,1,11305.0,0.0,48282.5
DSS-00097,1,7729.0,0.0,0,0.0,,19322.5
DSS-00098,1,0.0,31187.0,0,31187.0,0.0,62374.0
DSS-00099,0,0.0,0.0,0,0.0,,0.0
DSS-00100,5,5205.0,13784.0,1,4824.4,8.0,32120.9
DSS-00101,3,0.0,12104.0,0,12104.0,0.0,24208.0
DSS-00102,23,12474.0,65320.0,2,65320.0,0.0,162825.0
DSS-00103,9,6458.0,31983.0,5,19705.8,4.0,70333.8
DSS-00104,3,3680.0,0.0,1,0.0,,9700.0
DSS-00105,5,13039.0,47711.0,3,47711.0,0.0,129519.5
DSS-00106,3,1845.0,0.0,0,0.0,8.0,4612.5
DSS-00107,12,3237.0,8922.0,1,3122.7,12.0,20637.2
DSS-00108,16,22167.0,75362.0,3,75362.0,0.0,207641.5
DSS-00109,7,0.0,10065.0,0,10065.0,0.0,20130.0
DSS-00110,9,0.0,169376.0,2,169376.0,0.0,339752.0
DSS-00111,6,2838.0,48113.0,3,28185.3,4.0,84893.3
DSS-00112,10,5730.0,7075.0,0,2476.2,24.0,23876.2
DSS-00113,13,6334.0,8150.0,2,8150.0,0.0,33135.0
DSS-00114,2,20602.0,0.0,0,0.0,,51505.0
DSS-00115,4,3285.0,26481.0,1,26481.0,0.0,61674.5
DSS-00116,1,5990.0,0.0,0,0.0,,14975.0
DSS-00117,7,12157.0,0.0,0,0.0,,30392.5
DSS-00118,3,5268.0,0.0,0,0.0,,13170.0
DSS-00119,8,1925.0,71094.0,0,60216.2,16.0,136122.7
DSS-00120,13,6953.0,23926.0,1,23926.0,0.0,65734.5
DSS-00121,1,3403.0,0.0,0,0.0,,8507.5
DSS-00122,4,0.0,30216.0,2,30216.0,0.0,61432.0
DSS-00123,0,0.0,0.0,0,0.0,,0.0
DSS-00124,4,6058.0,0.0,1,0.0,,15645.0
DSS-00125,10,9752.0,0.0,2,0.0,,25380.0
DSS-00126,2,4571.0,0.0,1,0.0,,11927.5
DSS-00127,11,17792.0,51362.0,0,30927.9,12.0,126769.9
DSS-00128,3,17592.0,0.0,1,0.0,,44480.0
DSS-00129,1,2208.0,0.0,0,0.0,,5520.0
DSS-00130,1,12064.0,0.0,2,0.0,,31160.0
DSS-00131,6,4323.0,8156.0,0,8156.0,0.0,27119.5
DSS-00132,23,4020.0,82967.0,2,44137.9,9.0,138154.9
DSS-00133,0,0.0,0.0,0,0.0,,0.0
DSS-00134,10,0.0,139373.0,3,78904.1,4.0,219777.1
DSS-00135,5,4861.0,20426.0,1,7149.1,12.0,40227.6
DSS-00136,9,2470.0,3998.0,0,3998.0,0.0,14171.0
DSS-00137,9,1745.0,21017.0,0,21017.0,0.0,46396.5
DSS-00138,5,2867.0,0.0,0,0.0,,7167.5
DSS-00139,5,18042.0,20625.0,5,7218.7,48.0,75448.7
DSS-00140,36,23421.0,246543.0,10,205452.0,4.0,515547.5
DSS-00141,3,14376.0,0.0,1,0.0,,36440.0
DSS-00142,15,8870.0,36772.0,2,36772.0,0.0,96719.0
DSS-00143,2,23055.0,0.0,1,0.0,,58137.5
DSS-00144,16,8739.0,60559.0,1,39090.2,6.0,121996.7
DSS-00145,0,0.0,0.0,0,0.0,,0.0
DSS-00146,3,3156.0,0.0,1,0.0,,8390.0
DSS-00147,7,3659.0,8714.0,1,8714.0,0.0,27075.5
DSS-00148,20,8280.0,29363.0,0,29363.0,0.0,79426.0
DSS-00149,8,7346.0,44816.0,1,15685.6,8.0,79366.6
DSS-00150,5,0.0,15846.0,0,15846.0,0.0,31692.0
DSS-00151,4,20101.0,0.0,1,0.0,,50752.5
DSS-00152,15,17998.0,16331.0,1,16331.0,0.0,78157.0
DSS-00153,5,6515.0,23702.0,3,23702.0,0.0,65191.5
DSS-00154,0,0.0,0.0,0,0.0,,0.0
DSS-00155,9,6588.0,41895.0,1,34644.2,24.0,93509.2
DSS-00156,6,1018.0,8880.0,0,3108.0,24.0,14533.0
DSS-00157,3,0.0,10712.0,0,10712.0,0.0,21424.0
DSS-00158,10,1327.0,17925.0,1,17925.0,0.0,39667.5
DSS-00159,7,8212.0,21826.0,0,21826.0,0.0,64182.0
DSS-00160,1,6668.0,0.0,0,0.0,,16670.0
DSS-00161,11,7680.0,107815.0,2,107815.0,0.0,235830.0
DSS-00162,0,0.0,0.0,0,0.0,,0.0
DSS-00163,3,0.0,10231.0,0,10231.0,0.0,20462.0
DSS-00164,2,14498.0,0.0,1,0.0,,36745.0
DSS-00165,2,5812.0,0.0,0,0.0,,14530.0
DSS-00166,0,0.0,0.0,0,0.0,,0.0
DSS-00167,9,13053.0,85467.0,1,85467.0,0.0,204066.5
DSS-00168,15,68188.0,111075.0,10,66013.8,4.0,352558.8
DSS-00169,10,0.0,71918.0,1,71918.0,0.0,144336.0
DSS-00170,4,17432.0,0.0,1,0.0,,44080.0
DSS-00171,3,3808.0,0.0,1,0.0,,10020.0
DSS-00172,2,10269.0,0.0,0,0.0,,25672.5
DSS-00173,6,18573.0,0.0,3,0.0,,47932.5
DSS-00174,1,8256.0,0.0,1,0.0,,21140.0
DSS-00175,1,16860.0,0.0,2,0.0,,43150.0
DSS-00176,1,4706.0,0.0,1,0.0,,12265.0
DSS-00177,0,0.0,0.0,0,0.0,,0.0
DSS-00178,3,26196.0,0.0,0,0.0,,65490.0
DSS-00179,4,0.0,41843.0,0,41843.0,0.0,83686.0
DSS-00180,7,11276.0,16336.0,2,16336.0,0.0,61862.0
DSS-00181,4,1517.0,8577.0,0,8577.0,0.0,20946.5
DSS-00182,0,0.0,0.0,0,0.0,,0.0
DSS-00183,0,0.0,0.0,0,0.0,,0.0
DSS-00184,7,13810.0,44956.0,0,44956.0,0.0,124437.0
DSS-00185,12,28455.0,133951.0,3,80504.8,12.0,287093.3
DSS-00186,0,0.0,0.0,0,0.0,,0.0
DSS-00187,5,2628.0,11024.0,0,11024.0,0.0,28618.0
DSS-00188,2,6060.0,0.0,1,0.0,,15650.0
DSS-00189,7,9028.0,107027.0,1,107027.0,0.0,237124.0
DSS-00190,7,5640.0,48906.0,1,48906.0,0.0,112412.0
DSS-00191,2,9703.0,0.0,0,0.0,,24257.5
DSS-00192,6,54514.0,49570.0,5,17349.5,8.0,205704.5
DSS-00193,8,1604.0,31355.0,5,18007.9,24.0,55872.9
DSS-00194,6,5748.0,0.0,1,0.0,,14870.0
DSS-00195,6,8248.0,0.0,1,0.0,,21120.0
DSS-00196,0,0.0,0.0,0,0.0,,0.0
DSS-00197,10,2684.0,10154.0,0,3553.9,8.0,20417.9
DSS-00198,2,3453.0,0.0,1,0.0,,9132.5
DSS-00199,11,12164.0,46783.0,2,46783.0,0.0,124976.0
DSS-00200,7,42179.0,55216.0,4,19325.6,8.0,181989.1
DSS-00201,9,39262.0,87079.0,7,87079.0,0.0,275813.0
DSS-00202,21,67235.0,48253.0,5,48253.0,0.0,267093.5
DSS-00203,6,9280.0,0.0,1,0.0,,23700.0
DSS-00204,1,5534.0,0.0,1,0.0,,14335.0
DSS-00205,4,7537.0,69464.0,2,69464.0,0.0,158770.5
DSS-00206,0,0.0,0.0,0,0.0,,0.0
DSS-00207,2,15727.0,0.0,0,0.0,,39317.5
DSS-00208,1,7696.0,0.0,0,0.0,,19240.0
DSS-00209,4,4627.0,13658.0,0,13658.0,0.0,38883.5
DSS-00210,18,7332.0,16606.0,0,16606.0,0.0,51542.0
DSS-00211,1,720.0,0.0,0,0.0,,1800.0
DSS-00212,1,0.0,47913.0,1,47913.0,0.0,96326.0
DSS-00213,6,7635.0,88180.0,2,88180.0,0.0,196447.5
DSS-00214,7,15274.0,0.0,1,0.0,,38685.0
DSS-00215,0,0.0,0.0,0,0.0,,0.0
DSS-00216,10,17991.0,22236.0,1,7782.6,24.0,75496.1
DSS-00217,5,9480.0,38742.0,0,38742.0,0.0,101184.0
DSS-00218,0,0.0,0.0,0,0.0,,0.0
DSS-00219,11,24284.0,34429.0,3,34429.0,0.0,131068.0
DSS-00220,4,29525.0,0.0,4,0.0,,75812.5
DSS-00221,12,114771.0,0.0,9,0.0,,291427.5
DSS-00222,14,45819.0,100361.0,8,76128.4,36.0,295036.9
DSS-00223,16,8609.0,161679.0,6,118493.6,36.0,304695.1
DSS-00224,6,5760.0,26651.0,0,9327.8,48.0,50378.8
DSS-00225,6,0.0,13410.0,1,13410.0,0.0,27320.0
DSS-00226,13,5336.0,73192.0,1,54631.9,2.6666666666666665,141663.9
DSS-00227,14,17366.0,93582.0,2,85175.6,2.6666666666666665,223172.6
DSS-00228,8,3728.0,13375.0,0,4681.2,12.0,27376.2
DSS-00229,8,1856.0,6746.0,0,6746.0,0.0,18132.0
DSS-00230,6,25878.0,0.0,1,0.0,,65195.0
DSS-00231,11,11496.0,103379.0,0,103379.0,0.0,235498.0
DSS-00232,5,2450.0,7261.0,1,7261.0,0.0,21147.0
DSS-00233,4,0.0,9119.0,0,9119.0,0.0,18238.0
DSS-00234,7,10334.0,13524.0,1,13524.0,0.0,53383.0
DSS-00235,4,0.0,19776.0,1,19776.0,0.0,40052.0
DSS-00236,5,0.0,10072.0,0,10072.0,0.0,20144.0
DSS-00237,17,20175.0,71693.0,1,62077.6,4.0,184708.1
DSS-00238,16,30064.0,138274.0,2,83600.6,6.0,298034.6
DSS-00239,1,2931.0,0.0,0,0.0,,7327.5
DSS-00240,2,1766.0,0.0,0,0.0,,4415.0
DSS-00241,0,0.0,0.0,0,0.0,,0.0
DSS-00242,8,14528.0,52032.0,0,52032.0,0.0,140384.0
DSS-00243,0,0.0,0.0,0,0.0,,0.0
DSS-00244,8,21259.0,30376.0,4,30376.0,0.0,115899.5
DSS-00245,2,4766.0,0.0,0,0.0,,11915.0
DSS-00246,11,18829.0,34235.0,4,34235.0,0.0,117542.5
DSS-00247,8,4653.0,56678.0,2,56678.0,0.0,125988.5
DSS-00248,4,21190.0,0.0,0,0.0,,52975.0
DSS-00249,6,6839.0,64810.0,0,22683.5,40.0,104591.0
DSS-00250,3,26259.0,0.0,3,0.0,,67147.5
DSS-00251,0,0.0,0.0,0,0.0,,0.0
DSS-00252,6,8705.0,17088.0,0,5980.8,24.0,44831.3
DSS-00253,7,0.0,56947.0,1,39671.3,18.666666666666668,97118.3
DSS-00254,6,0.0,23625.0,0,23625.0,0.0,47250.0
DSS-00255,2,0.0,71859.0,1,71859.0,0.0,144218.0
DSS-00256,22,43738.0,133165.0,9,108898.6,2.0,355908.6
DSS-00257,3,11047.0,0.0,0,0.0,,27617.5
DSS-00258,5,3881.0,14076.0,1,14076.0,0.0,38354.5
DSS-00259,5,0.0,11159.0,0,3905.6,8.0,15064.6
DSS-00260,18,24141.0,108028.0,2,87406.1,2.0,256786.6
DSS-00261,2,5600.0,0.0,0,0.0,,14000.0
DSS-00262,5,2392.0,32305.0,1,32305.0,0.0,71090.0
DSS-00263,3,4592.0,8867.0,0,8867.0,0.0,29214.0
DSS-00264,2,2693.0,0.0,0,0.0,,6732.5
DSS-00265,8,12734.0,15625.0,1,15625.0,0.0,63585.0
DSS-00266,3,2918.0,0.0,0,0.0,,7295.0
DSS-00267,10,2282.0,36732.0,0,26508.2,8.0,68945.2
DSS-00268,10,10342.0,64909.0,3,64909.0,0.0,157173.0
DSS-00269,17,25973.0,39306.0,3,39306.0,0.0,145044.5
DSS-00270,7,29663.0,0.0,5,0.0,,76657.5
DSS-00271,8,2733.0,45962.0,0,45962.0,0.0,98756.5
DSS-00272,7,0.0,20458.0,0,17462.2,6.0,37920.2
DSS-00273,8,26166.0,82490.0,4,82490.0,0.0,232395.0
DSS-00274,8,18327.0,0.0,4,0.0,,47817.5
DSS-00275,6,1632.0,31978.0,1,31978.0,0.0,68536.0
DSS-00276,4,2378.0,13549.0,0,13549.0,0.0,33043.0
DSS-00277,4,13255.0,0.0,3,0.0,,34637.5
DSS-00278,8,2839.0,10709.0,0,10709.0,0.0,28515.5
DSS-00279,2,9746.0,0.0,0,0.0,,24365.0
DSS-00280,3,22771.0,0.0,2,0.0,,57927.5
DSS-00281,12,5861.0,59242.0,2,48312.2,4.0,123206.7
DSS-00282,8,7954.0,40132.0,2,40132.0,0.0,101149.0
DSS-00283,1,3146.0,0.0,0,0.0,,7865.0
DSS-00284,16,8500.0,69301.0,2,69301.0,0.0,160852.0
DSS-00285,2,17150.0,0.0,3,0.0,,44375.0
DSS-00286,106,14729.0,523323.0,8,530241.4,6.0,1094386.9
DSS-00287,3,4614.0,0.0,1,0.0,,12035.0
DSS-00288,2,1344.0,7583.0,0,7583.0,0.0,18526.0
DSS-00289,6,0.0,45451.0,0,45451.0,0.0,90902.0
DSS-00290,13,8256.0,29961.0,0,23654.7,4.0,74255.7
DSS-00291,443,1567.0,3473397.0,61,1220803.9,12.0,4728618.4
DSS-00292,23,21848.0,71250.0,4,60999.5,3.0,188869.5
DSS-00293,7,2744.0,33496.0,0,33496.0,0.0,73852.0
DSS-00294,3,12206.0,0.0,1,0.0,,31015.0
DSS-00295,10,6340.0,11504.0,0,4026.4,12.0,31380.4
DSS-00296,3,0.0,35491.0,2,12421.8,24.0,48912.8
DSS-00297,15,3408.0,42538.0,1,14888.3,32.0,66446.3
DSS-00298,1,2077.0,0.0,0,0.0,,5192.5
DSS-00299,5,1234.0,38100.0,1,38100.0,0.0,79785.0
DSS-00300,4,17174.0,0.0,1,0.0,,43435.0
DSS-00301,0,0.0,0.0,0,0.0,,0.0
DSS-00302,10,3915.0,8147.0,0,8147.0,0.0,26081.5
DSS-00303,0,0.0,0.0,0,0.0,,0.0
DSS-00304,0,0.0,0.0,0,0.0,,0.0
DSS-00305,0,0.0,0.0,0,0.0,,0.0
DSS-00306,8,8163.0,0.0,0,0.0,,20407.5
DSS-00307,7,19569.0,31312.0,2,31312.0,0.0,112546.5
DSS-00308,76,930.0,320195.0,4,115654.3,6.0,440174.3
DSS-00309,11,5079.0,46760.0,0,46760.0,0.0,106217.5
DSS-00310,22,130938.0,157493.0,10,97650.8,6.0,587488.8
DSS-00311,7,13069.0,0.0,2,0.0,,33672.5
DSS-00312,8,0.0,13225.0,0,13225.0,0.0,26450.0
DSS-00313,13,9570.0,20496.0,2,20496.0,0.0,65917.0
DSS-00314,0,0.0,0.0,0,0.0,,0.0
DSS-00315,1,3792.0,0.0,3,0.0,,10980.0
DSS-00316,0,0.0,0.0,0,0.0,,0.0
DSS-00317,3,1552.0,0.0,0,0.0,12.0,3880.0
DSS-00318,10,17916.0,13316.0,2,13316.0,0.0,72422.0
DSS-00319,5,18646.0,0.0,1,0.0,,47115.0
DSS-00320,0,0.0,0.0,0,0.0,,0.0
DSS-00321,5,3635.0,23619.0,0,17666.3,24.0,50372.8
DSS-00322,14,17194.0,68134.0,0,23846.9,18.0,134965.9
DSS-00323,14,39595.0,71070.0,7,71070.0,0.0,244627.5
DSS-00324,5,4653.0,11416.0,0,11416.0,0.0,34464.5
DSS-00325,3,9380.0,0.0,2,0.0,,24450.0
DSS-00326,0,0.0,0.0,0,0.0,,0.0
DSS-00327,4,1233.0,5300.0,1,5300.0,0.0,14182.5
DSS-00328,5,1522.0,4491.0,0,4491.0,0.0,12787.0
DSS-00329,4,11611.0,0.0,4,0.0,,31027.5
DSS-00330,8,7140.0,4360.0,1,4360.0,0.0,27070.0
DSS-00331,1,4027.0,0.0,0,0.0,,10067.5
DSS-00332,15,18198.0,67929.0,3,37323.8,12.0,152247.8
DSS-00333,9,17587.0,24816.0,5,24816.0,0.0,96099.5
DSS-00334,5,15900.0,0.0,3,0.0,,41250.0
DSS-00335,1,3998.0,0.0,1,0.0,,10495.0
DSS-00336,6,11336.0,0.0,0,0.0,,28340.0
DSS-00337,14,2943.0,10091.0,2,10091.0,0.0,28539.5
DSS-00338,10,5365.0,30031.0,1,30031.0,0.0,73974.5
DSS-00339,11,25525.0,22918.0,3,22918.0,0.0,111148.5
DSS-00340,11,5125.0,9088.0,1,9088.0,0.0,31488.5
DSS-00341,0,0.0,0.0,0,0.0,,0.0
DSS-00342,2,8347.0,0.0,1,0.0,,21367.5
DSS-00343,4,30546.0,0.0,2,0.0,,77365.0
DSS-00344,12,2320.0,12463.0,0,12463.0,0.0,30726.0
DSS-00345,2,0.0,15491.0,0,15491.0,0.0,30982.0
DSS-00346,3,6906.0,0.0,1,0.0,,17765.0
DSS-00347,4,2432.0,0.0,1,0.0,0.0,6580.0
DSS-00348,10,10458.0,16434.0,1,16434.0,0.0,59513.0
DSS-00349,8,9541.0,30106.0,2,10537.1,48.0,65495.6
DSS-00350,3,3059.0,0.0,1,0.0,,8147.5
DSS-00351,3,22241.0,0.0,0,0.0,,55602.5
DSS-00352,0,0.0,0.0,0,0.0,,0.0
DSS-00353,191,0.0,1435988.0,24,1435988.0,0.0,2883976.0
DSS-00354,5,4932.0,25330.0,1,18950.2,6.0,57110.2
DSS-00355,1,6350.0,0.0,2,0.0,,16875.0
DSS-00356,1,7105.0,0.0,1,0.0,,18262.5
DSS-00357,23,24354.0,94458.0,2,94458.0,0.0,250801.0
DSS-00358,0,0.0,0.0,0,0.0,,0.0
DSS-00359,6,5167.0,15236.0,1,15236.0,0.0,43889.5
DSS-00360,2,0.0,11277.0,1,3946.9,24.0,15723.9
DSS-00361,2,2674.0,0.0,1,0.0,,7185.0
DSS-00362,5,0.0,28545.0,0,9990.8,8.0,38535.8
DSS-00363,7,4261.0,103249.0,2,55872.4,12.0,170773.9
DSS-00364,15,1738.0,26784.0,1,18016.2,12.0,49645.2
DSS-00365,3,0.0,4689.0,0,4689.0,0.0,9378.0
DSS-00366,7,10335.0,0.0,0,0.0,,25837.5
DSS-00367,366,3927.0,1891708.0,25,1891708.0,0.0,3805733.5
DSS-00368,16,39177.0,46485.0,4,46485.0,0.0,192912.5
DSS-00369,1,933.0,0.0,0,0.0,,2332.5
DSS-00370,9,2110.0,16838.0,0,5893.3,24.0,28006.3
DSS-00371,1,5766.0,0.0,1,0.0,,14915.0
DSS-00372,10,10402.0,37439.0,4,24484.5,6.0,89928.5
DSS-00373,24,0.0,50514.0,2,54789.9,12.0,106303.9
DSS-00374,2,5710.0,0.0,0,0.0,,14275.0
DSS-00375,1,1208.0,0.0,0,0.0,,3020.0
DSS-00376,2,9796.0,0.0,0,0.0,,24490.0
DSS-00377,0,0.0,0.0,0,0.0,,0.0
DSS-00378,3,26156.0,0.0,1,0.0,,65890.0
DSS-00379,3,14057.0,0.0,0,0.0,,35142.5
DSS-00380,14,25467.0,72659.0,4,72659.0,0.0,210985.5
DSS-00381,7,0.0,35986.0,1,35986.0,0.0,72472.0
DSS-00382,1,999.0,0.0,0,0.0,,2497.5
DSS-00383,2,1278.0,0.0,0,0.0,,3195.0
DSS-00384,1,3270.0,0.0,0,0.0,,8175.0
DSS-00385,9,43843.0,56110.0,5,56110.0,0.0,224327.5
DSS-00386,2,0.0,45709.0,0,45709.0,0.0,91418.0
DSS-00387,8,39473.0,26788.0,2,26788.0,0.0,153258.5
DSS-00388,4,1837.0,9068.0,0,3173.8,8.0,16834.3
DSS-00389,0,0.0,0.0,0,0.0,,0.0
DSS-00390,4,6270.0,11643.0,2,11643.0,0.0,39961.0
DSS-00391,1,2461.0,0.0,0,0.0,,6152.5
DSS-00392,8,8751.0,18774.0,0,18774.0,0.0,59425.5
DSS-00393,6,5942.0,6938.0,0,6938.0,0.0,28731.0
DSS-00394,3,2775.0,5058.0,0,5058.0,0.0,17053.5
DSS-00395,8,3129.0,13682.0,1,13682.0,0.0,35686.5
DSS-00396,3,14567.0,0.0,1,0.0,,36917.5
DSS-00397,2,18889.0,0.0,2,0.0,,48222.5
DSS-00398,3,16481.0,0.0,0,0.0,,41202.5
DSS-00399,6,5007.0,7799.0,1,7799.0,0.0,28615.5
DSS-00400,1,1165.0,0.0,0,0.0,,2912.5
DSS-00401,0,0.0,0.0,0,0.0,,0.0
DSS-00402,13,4678.0,10686.0,2,3740.1,72.0,27121.1
DSS-00403,4,14226.0,37226.0,1,37226.0,0.0,110517.0
DSS-00404,0,0.0,0.0,0,0.0,,0.0
DSS-00405,10,4028.0,156216.0,3,79101.3,16.0,246887.3
DSS-00406,15,7764.0,93416.0,4,93416.0,0.0,208242.0
DSS-00407,15,24320.0,30917.0,5,10820.9,72.0,105037.9
DSS-00408,8,8868.0,5553.0,1,5553.0,0.0,33776.0
DSS-00409,1,2315.0,0.0,0,0.0,,5787.5
DSS-00410,72,11045.0,310390.0,5,327650.0,0.0,668152.5
TLS-00411,0,0.0,0.0,0,0.0,,0.0
TLS-00412,0,0.0,0.0,0,0.0,,0.0
TLS-00413,0,0.0,0.0,0,0.0,,0.0
TLS-00414,0,0.0,0.0,0,0.0,,0.0
TLS-00415,0,0.0,0.0,0,0.0,,0.0
TLS-00416,0,0.0,0.0,0,0.0,,0.0
TLS-00417,0,0.0,0.0,0,0.0,,0.0
TLS-00418,0,0.0,0.0,0,0.0,,0.0
TLS-00419,0,0.0,0.0,0,0.0,,0.0
TLS-00420,0,0.0,0.0,0,0.0,,0.0
TLS-00421,0,0.0,0.0,0,0.0,,0.0
TLS-00422,0,0.0,0.0,0,0.0,,0.0
TLS-00423,0,0.0,0.0,0,0.0,,0.0
TLS-00424,0,0.0,0.0,0,0.0,,0.0
TLS-00425,0,0.0,0.0,0,0.0,,0.0
TLS-00426,0,0.0,0.0,0,0.0,,0.0
TLS-00427,0,0.0,0.0,0,0.0,,0.0
TLS-00428,0,0.0,0.0,0,0.0,,0.0
TLS-00429,0,0.0,0.0,0,0.0,,0.0
TLS-00430,0,0.0,0.0,0,0.0,,0.0
TLS-00431,0,0.0,0.0,0,0.0,,0.0
TLS-00432,0,0.0,0.0,0,0.0,,0.0
TLS-00433,0,0.0,0.0,0,0.0,,0.0
TLS-00434,0,0.0,0.0,0,0.0,,0.0
TLS-00435,0,0.0,0.0,0,0.0,,0.0
TLS-00436,0,0.0,0.0,0,0.0,,0.0
TLS-00437,0,0.0,0.0,0,0.0,,0.0
TLS-00438,0,0.0,0.0,0,0.0,,0.0
TLS-00439,0,0.0,0.0,0,0.0,,0.0
TLS-00440,0,0.0,0.0,0,0.0,,0.0
TLS-00441,0,0.0,0.0,0,0.0,,0.0
TLS-00442,0,0.0,0.0,0,0.0,,0.0
TLS-00443,0,0.0,0.0,0,0.0,,0.0
TLS-00444,0,0.0,0.0,0,0.0,,0.0
TLS-00445,0,0.0,0.0,0,0.0,,0.0
TLS-00446,0,0.0,0.0,0,0.0,,0.0
TLS-00447,0,0.0,0.0,0,0.0,,0.0
TLS-00448,0,0.0,0.0,0,0.0,,0.0
TLS-00449,0,0.0,0.0,0,0.0,,0.0
TLS-00450,0,0.0,0.0,0,0.0,,0.0
TLS-00451,0,0.0,0.0,0,0.0,,0.0
TLS-00452,0,0.0,0.0,0,0.0,,0.0
TLS-00453,0,0.0,0.0,0,0.0,,0.0
TLS-00454,0,0.0,0.0,0,0.0,,0.0
TLS-00455,0,0.0,0.0,0,0.0,,0.0
TLS-00456,0,0.0,0.0,0,0.0,,0.0
TLS-00457,0,0.0,0.0,0,0.0,,0.0
TLS-00458,0,0.0,0.0,0,0.0,,0.0
TLS-00459,0,0.0,0.0,0,0.0,,0.0
TLS-00460,0,0.0,0.0,0,0.0,,0.0
TLS-00461,0,0.0,0.0,0,0.0,,0.0
TLS-00462,0,0.0,0.0,0,0.0,,0.0
TLS-00463,0,0.0,0.0,0,0.0,,0.0
TLS-00464,0,0.0,0.0,0,0.0,,0.0
TLS-00465,0,0.0,0.0,0,0.0,,0.0
TLS-00466,0,0.0,0.0,0,0.0,,0.0
TLS-00467,0,0.0,0.0,0,0.0,,0.0
TLS-00468,0,0.0,0.0,0,0.0,,0.0
TLS-00469,0,0.0,0.0,0,0.0,,0.0
TLS-00470,0,0.0,0.0,0,0.0,,0.0
TLS-00471,0,0.0,0.0,0,0.0,,0.0
TLS-00472,0,0.0,0.0,0,0.0,,0.0
TLS-00473,0,0.0,0.0,0,0.0,,0.0
TLS-00474,0,0.0,0.0,0,0.0,,0.0
TLS-00475,0,0.0,0.0,0,0.0,,0.0
TLS-00476,0,0.0,0.0,0,0.0,,0.0
TLS-00477,0,0.0,0.0,0,0.0,,0.0
TLS-00478,0,0.0,0.0,0,0.0,,0.0
TLS-00479,0,0.0,0.0,0,0.0,,0.0
TLS-00480,0,0.0,0.0,0,0.0,,0.0
TLS-00481,0,0.0,0.0,0,0.0,,0.0
TLS-00482,0,0.0,0.0,0,0.0,,0.0
TLS-00483,0,0.0,0.0,0,0.0,,0.0
TLS-00484,0,0.0,0.0,0,0.0,,0.0
TLS-00485,0,0.0,0.0,0,0.0,,0.0
TLS-00486,0,0.0,0.0,0,0.0,,0.0
TLS-00487,0,0.0,0.0,0,0.0,,0.0
TLS-00488,0,0.0,0.0,0,0.0,,0.0
TLS-00489,0,0.0,0.0,0,0.0,,0.0
TLS-00490,0,0.0,0.0,0,0.0,,0.0
TLS-00491,0,0.0,0.0,0,0.0,,0.0
TLS-00492,0,0.0,0.0,0,0.0,,0.0
TLS-00493,0,0.0,0.0,0,0.0,,0.0
TLS-00494,0,0.0,0.0,0,0.0,,0.0
TLS-00495,0,0.0,0.0,0,0.0,,0.0
TLS-00496,0,0.0,0.0,0,0.0,,0.0
TLS-00497,0,0.0,0.0,0,0.0,,0.0
TLS-00498,0,0.0,0.0,0,0.0,,0.0
TLS-00499,0,0.0,0.0,0,0.0,,0.0
TLS-00500,0,0.0,0.0,0,0.0,,0.0
TLS-00501,0,0.0,0.0,0,0.0,,0.0
TLS-00502,0,0.0,0.0,0,0.0,,0.0
TLS-00503,0,0.0,0.0,0,0.0,,0.0
TLS-00504,0,0.0,0.0,0,0.0,,0.0
TLS-00505,0,0.0,0.0,0,0.0,,0.0
TLS-00506,0,0.0,0.0,0,0.0,,0.0
TLS-00507,0,0.0,0.0,0,0.0,,0.0
TLS-00508,0,0.0,0.0,0,0.0,,0.0
TLS-00509,0,0.0,0.0,0,0.0,,0.0
TLS-00510,0,0.0,0.0,0,0.0,,0.0
TLS-00511,0,0.0,0.0,0,0.0,,0.0
TLS-00512,0,0.0,0.0,0,0.0,,0.0
TLS-00513,0,0.0,0.0,0,0.0,,0.0
TLS-00514,0,0.0,0.0,0,0.0,,0.0
TLS-00515,0,0.0,0.0,0,0.0,,0.0
TLS-00516,0,0.0,0.0,0,0.0,,0.0
TLS-00517,0,0.0,0.0,0,0.0,,0.0
TLS-00518,0,0.0,0.0,0,0.0,,0.0
TLS-00519,0,0.0,0.0,0,0.0,,0.0
TLS-00520,0,0.0,0.0,0,0.0,,0.0
TLS-00521,0,0.0,0.0,0,0.0,,0.0
TLS-00522,0,0.0,0.0,0,0.0,,0.0
TLS-00523,0,0.0,0.0,0,0.0,,0.0
TLS-00524,0,0.0,0.0,0,0.0,,0.0
TLS-00525,0,0.0,0.0,0,0.0,,0.0
TLS-00526,0,0.0,0.0,0,0.0,,0.0
TLS-00527,0,0.0,0.0,0,0.0,,0.0
TLS-00528,0,0.0,0.0,0,0.0,,0.0
TLS-00529,0,0.0,0.0,0,0.0,,0.0
TLS-00530,0,0.0,0.0,0,0.0,,0.0
TLS-00531,0,0.0,0.0,0,0.0,,0.0
TLS-00532,0,0.0,0.0,0,0.0,,0.0
TLS-00533,0,0.0,0.0,0,0.0,,0.0
TLS-00534,0,0.0,0.0,0,0.0,,0.0
TLS-00535,0,0.0,0.0,0,0.0,,0.0
TLS-00536,0,0.0,0.0,0,0.0,,0.0
TLS-00537,0,0.0,0.0,0,0.0,,0.0
TLS-00538,0,0.0,0.0,0,0.0,,0.0
TLS-00539,0,0.0,0.0,0,0.0,,0.0
TLS-00540,0,0.0,0.0,0,0.0,,0.0
TLS-00541,0,0.0,0.0,0,0.0,,0.0
TLS-00542,0,0.0,0.0,0,0.0,,0.0
TLS-00543,0,0.0,0.0,0,0.0,,0.0
TLS-00544,0,0.0,0.0,0,0.0,,0.0
TLS-00545,0,0.0,0.0,0,0.0,,0.0
TLS-00546,0,0.0,0.0,0,0.0,,0.0
TLS-00547,0,0.0,0.0,0,0.0,,0.0
TLS-00548,0,0.0,0.0,0,0.0,,0.0
TLS-00549,0,0.0,0.0,0,0.0,,0.0
TLS-00550,0,0.0,0.0,0,0.0,,0.0
TLS-00551,0,0.0,0.0,0,0.0,,0.0
TLS-00552,0,0.0,0.0,0,0.0,,0.0
TLS-00553,0,0.0,0.0,0,0.0,,0.0
TLS-00554,0,0.0,0.0,0,0.0,,0.0
TLS-00555,0,0.0,0.0,0,0.0,,0.0
TLS-00556,0,0.0,0.0,0,0.0,,0.0
TLS-00557,0,0.0,0.0,0,0.0,,0.0
TLS-00558,0,0.0,0.0,0,0.0,,0.0
TLS-00559,0,0.0,0.0,0,0.0,,0.0
TLS-00560,0,0.0,0.0,0,0.0,,0.0
TLS-00561,0,0.0,0.0,0,0.0,,0.0
TLS-00562,0,0.0,0.0,0,0.0,,0.0
TLS-00563,0,0.0,0.0,0,0.0,,0.0
TLS-00564,0,0.0,0.0,0,0.0,,0.0
TLS-00565,0,0.0,0.0,0,0.0,,0.0
TLS-00566,0,0.0,0.0,0,0.0,,0.0
TLS-00567,0,0.0,0.0,0,0.0,,0.0
TLS-00568,0,0.0,0.0,0,0.0,,0.0
TLS-00569,0,0.0,0.0,0,0.0,,0.0
TLS-00570,0,0.0,0.0,0,0.0,,0.0
TLS-00571,0,0.0,0.0,0,0.0,,0.0
TLS-00572,0,0.0,0.0,0,0.0,,0.0
TLS-00573,0,0.0,0.0,0,0.0,,0.0
TLS-00574,0,0.0,0.0,0,0.0,,0.0
TLS-00575,0,0.0,0.0,0,0.0,,0.0
TLS-00576,0,0.0,0.0,0,0.0,,0.0
TLS-00577,0,0.0,0.0,0,0.0,,0.0
TLS-00578,0,0.0,0.0,0,0.0,,0.0
TLS-00579,0,0.0,0.0,0,0.0,,0.0
TLS-00580,0,0.0,0.0,0,0.0,,0.0
TLS-00581,0,0.0,0.0,0,0.0,,0.0
TLS-00582,0,0.0,0.0,0,0.0,,0.0
TLS-00583,0,0.0,0.0,0,0.0,,0.0
TLS-00584,0,0.0,0.0,0,0.0,,0.0
TLS-00585,0,0.0,0.0,0,0.0,,0.0
TLS-00586,0,0.0,0.0,0,0.0,,0.0
TLS-00587,0,0.0,0.0,0,0.0,,0.0
TLS-00588,0,0.0,0.0,0,0.0,,0.0
TLS-00589,0,0.0,0.0,0,0.0,,0.0
TLS-00590,0,0.0,0.0,0,0.0,,0.0
TLS-00591,0,0.0,0.0,0,0.0,,0.0
TLS-00592,0,0.0,0.0,0,0.0,,0.0
TLS-00593,0,0.0,0.0,0,0.0,,0.0
TLS-00594,0,0.0,0.0,0,0.0,,0.0
TLS-00595,0,0.0,0.0,0,0.0,,0.0
TLS-00596,0,0.0,0.0,0,0.0,,0.0
TLS-00597,0,0.0,0.0,0,0.0,,0.0
TLS-00598,0,0.0,0.0,0,0.0,,0.0
TLS-00599,0,0.0,0.0,0,0.0,,0.0
TLS-00600,0,0.0,0.0,0,0.0,,0.0
TLS-00601,0,0.0,0.0,0,0.0,,0.0
TLS-00602,0,0.0,0.0,0,0.0,,0.0
TLS-00603,0,0.0,0.0,0,0.0,,0.0
TLS-00604,0,0.0,0.0,0,0.0,,0.0
TLS-00605,0,0.0,0.0,0,0.0,,0.0
TLS-00606,0,0.0,0.0,0,0.0,,0.0
TLS-00607,0,0.0,0.0,0,0.0,,0.0
TLS-00608,0,0.0,0.0,0,0.0,,0.0
TLS-00609,0,0.0,0.0,0,0.0,,0.0
TLS-00610,0,0.0,0.0,0,0.0,,0.0
TLS-00611,0,0.0,0.0,0,0.0,,0.0
TLS-00612,0,0.0,0.0,0,0.0,,0.0
TLS-00613,0,0.0,0.0,0,0.0,,0.0
TLS-00614,0,0.0,0.0,0,0.0,,0.0
TLS-00615,0,0.0,0.0,0,0.0,,0.0
TLS-00616,0,0.0,0.0,0,0.0,,0.0
TLS-00617,0,0.0,0.0,0,0.0,,0.0
TLS-00618,0,0.0,0.0,0,0.0,,0.0
TLS-00619,0,0.0,0.0,0,0.0,,0.0
TLS-00620,0,0.0,0.0,0,0.0,,0.0
TLS-00621,0,0.0,0.0,0,0.0,,0.0
TLS-00622,0,0.0,0.0,0,0.0,,0.0
TLS-00623,0,0.0,0.0,0,0.0,,0.0
TLS-00624,0,0.0,0.0,0,0.0,,0.0
TLS-00625,0,0.0,0.0,0,0.0,,0.0
TLS-00626,0,0.0,0.0,0,0.0,,0.0
TLS-00627,0,0.0,0.0,0,0.0,,0.0
TLS-00628,0,0.0,0.0,0,0.0,,0.0
TLS-00629,0,0.0,0.0,0,0.0,,0.0
TLS-00630,0,0.0,0.0,0,0.0,,0.0
TLS-00631,0,0.0,0.0,0,0.0,,0.0
TLS-00632,0,0.0,0.0,0,0.0,,0.0
TLS-00633,0,0.0,0.0,0,0.0,,0.0
TLS-00634,0,0.0,0.0,0,0.0,,0.0
TLS-00635,0,0.0,0.0,0,0.0,,0.0
TLS-00636,0,0.0,0.0,0,0.0,,0.0
TLS-00637,0,0.0,0.0,0,0.0,,0.0
TLS-00638,0,0.0,0.0,0,0.0,,0.0
TLS-00639,0,0.0,0.0,0,0.0,,0.0
TLS-00640,0,0.0,0.0,0,0.0,,0.0
TLS-00641,0,0.0,0.0,0,0.0,,0.0
TLS-00642,0,0.0,0.0,0,0.0,,0.0
TLS-00643,0,0.0,0.0,0,0.0,,0.0
TLS-00644,0,0.0,0.0,0,0.0,,0.0
TLS-00645,0,0.0,0.0,0,0.0,,0.0
TLS-00646,0,0.0,0.0,0,0.0,,0.0
TLS-00647,0,0.0,0.0,0,0.0,,0.0
TLS-00648,0,0.0,0.0,0,0.0,,0.0
TLS-00649,0,0.0,0.0,0,0.0,,0.0
TLS-00650,0,0.0,0.0,0,0.0,,0.0
TLS-00651,0,0.0,0.0,0,0.0,,0.0
TLS-00652,0,0.0,0.0,0,0.0,,0.0
TLS-00653,0,0.0,0.0,0,0.0,,0.0
TLS-00654,0,0.0,0.0,0,0.0,,0.0
TLS-00655,0,0.0,0.0,0,0.0,,0.0
TLS-00656,0,0.0,0.0,0,0.0,,0.0
TLS-00657,0,0.0,0.0,0,0.0,,0.0
TLS-00658,0,0.0,0.0,0,0.0,,0.0
TLS-00659,0,0.0,0.0,0,0.0,,0.0
TLS-00660,0,0.0,0.0,0,0.0,,0.0
TLS-00661,0,0.0,0.0,0,0.0,,0.0
TLS-00662,0,0.0,0.0,0,0.0,,0.0
TLS-00663,0,0.0,0.0,0,0.0,,0.0
TLS-00664,0,0.0,0.0,0,0.0,,0.0
TLS-00665,0,0.0,0.0,0,0.0,,0.0
TLS-00666,0,0.0,0.0,0,0.0,,0.0
TLS-00667,0,0.0,0.0,0,0.0,,0.0
TLS-00668,0,0.0,0.0,0,0.0,,0.0
TLS-00669,0,0.0,0.0,0,0.0,,0.0
TLS-00670,0,0.0,0.0,0,0.0,,0.0
TLS-00671,0,0.0,0.0,0,0.0,,0.0
TLS-00672,0,0.0,0.0,0,0.0,,0.0
TLS-00673,0,0.0,0.0,0,0.0,,0.0
TLS-00674,0,0.0,0.0,0,0.0,,0.0
TLS-00675,0,0.0,0.0,0,0.0,,0.0
TLS-00676,0,0.0,0.0,0,0.0,,0.0
TLS-00677,0,0.0,0.0,0,0.0,,0.0
TLS-00678,0,0.0,0.0,0,0.0,,0.0
TLS-00679,0,0.0,0.0,0,0.0,,0.0
TLS-00680,0,0.0,0.0,0,0.0,,0.0
TLS-00681,0,0.0,0.0,0,0.0,,0.0
TLS-00682,0,0.0,0.0,0,0.0,,0.0
TLS-00683,0,0.0,0.0,0,0.0,,0.0
TLS-00684,0,0.0,0.0,0,0.0,,0.0
TLS-00685,0,0.0,0.0,0,0.0,,0.0
TLS-00686,0,0.0,0.0,0,0.0,,0.0
TLS-00687,0,0.0,0.0,0,0.0,,0.0
TLS-00688,0,0.0,0.0,0,0.0,,0.0
TLS-00689,0,0.0,0.0,0,0.0,,0.0
TLS-00690,0,0.0,0.0,0,0.0,,0.0
TLS-00691,0,0.0,0.0,0,0.0,,0.0
TLS-00692,0,0.0,0.0,0,0.0,,0.0
TLS-00693,0,0.0,0.0,0,0.0,,0.0
TLS-00694,0,0.0,0.0,0,0.0,,0.0
TLS-00695,0,0.0,0.0,0,0.0,,0.0
TLS-00696,0,0.0,0.0,0,0.0,,0.0
TLS-00697,0,0.0,0.0,0,0.0,,0.0
TLS-00698,0,0.0,0.0,0,0.0,,0.0
TLS-00699,0,0.0,0.0,0,0.0,,0.0
TLS-00700,0,0.0,0.0,0,0.0,,0.0
TLS-00701,0,0.0,0.0,0,0.0,,0.0
TLS-00702,0,0.0,0.0,0,0.0,,0.0
TLS-00703,0,0.0,0.0,0,0.0,,0.0
TLS-00704,0,0.0,0.0,0,0.0,,0.0
TLS-00705,0,0.0,0.0,0,0.0,,0.0
TLS-00706,0,0.0,0.0,0,0.0,,0.0
TLS-00707,0,0.0,0.0,0,0.0,,0.0
TLS-00708,0,0.0,0.0,0,0.0,,0.0
TLS-00709,0,0.0,0.0,0,0.0,,0.0
TLS-00710,0,0.0,0.0,0,0.0,,0.0
TLS-00711,0,0.0,0.0,0,0.0,,0.0
TLS-00712,0,0.0,0.0,0,0.0,,0.0
TLS-00713,0,0.0,0.0,0,0.0,,0.0
TLS-00714,0,0.0,0.0,0,0.0,,0.0
TLS-00715,0,0.0,0.0,0,0.0,,0.0
TLS-00716,0,0.0,0.0,0,0.0,,0.0
TLS-00717,0,0.0,0.0,0,0.0,,0.0
TLS-00718,0,0.0,0.0,0,0.0,,0.0
TLS-00719,0,0.0,0.0,0,0.0,,0.0
TLS-00720,0,0.0,0.0,0,0.0,,0.0
TLS-00721,0,0.0,0.0,0,0.0,,0.0
TLS-00722,0,0.0,0.0,0,0.0,,0.0
TLS-00723,0,0.0,0.0,0,0.0,,0.0
TLS-00724,0,0.0,0.0,0,0.0,,0.0
TLS-00725,0,0.0,0.0,0,0.0,,0.0
TLS-00726,0,0.0,0.0,0,0.0,,0.0
TLS-00727,0,0.0,0.0,0,0.0,,0.0
TLS-00728,0,0.0,0.0,0,0.0,,0.0
TLS-00729,0,0.0,0.0,0,0.0,,0.0
TLS-00730,0,0.0,0.0,0,0.0,,0.0
TLS-00731,0,0.0,0.0,0,0.0,,0.0
TLS-00732,0,0.0,0.0,0,0.0,,0.0
TLS-00733,0,0.0,0.0,0,0.0,,0.0
TLS-00734,0,0.0,0.0,0,0.0,,0.0
TLS-00735,0,0.0,0.0,0,0.0,,0.0
TLS-00736,0,0.0,0.0,0,0.0,,0.0
TLS-00737,0,0.0,0.0,0,0.0,,0.0
TLS-00738,0,0.0,0.0,0,0.0,,0.0
TLS-00739,0,0.0,0.0,0,0.0,,0.0
TLS-00740,0,0.0,0.0,0,0.0,,0.0
TLS-00741,0,0.0,0.0,0,0.0,,0.0
TLS-00742,0,0.0,0.0,0,0.0,,0.0
TLS-00743,0,0.0,0.0,0,0.0,,0.0
TLS-00744,0,0.0,0.0,0,0.0,,0.0
TLS-00745,0,0.0,0.0,0,0.0,,0.0
TLS-00746,0,0.0,0.0,0,0.0,,0.0
TLS-00747,0,0.0,0.0,0,0.0,,0.0
TLS-00748,0,0.0,0.0,0,0.0,,0.0
TLS-00749,0,0.0,0.0,0,0.0,,0.0
TLS-00750,0,0.0,0.0,0,0.0,,0.0
TLS-00751,0,0.0,0.0,0,0.0,,0.0
TLS-00752,0,0.0,0.0,0,0.0,,0.0
TLS-00753,0,0.0,0.0,0,0.0,,0.0
TLS-00754,0,0.0,0.0,0,0.0,,0.0
TLS-00755,0,0.0,0.0,0,0.0,,0.0
TLS-00756,0,0.0,0.0,0,0.0,,0.0
TLS-00757,0,0.0,0.0,0,0.0,,0.0
TLS-00758,0,0.0,0.0,0,0.0,,0.0
TLS-00759,0,0.0,0.0,0,0.0,,0.0
TLS-00760,0,0.0,0.0,0,0.0,,0.0
TLS-00761,0,0.0,0.0,0,0.0,,0.0
TLS-00762,0,0.0,0.0,0,0.0,,0.0
TLS-00763,0,0.0,0.0,0,0.0,,0.0
TLS-00764,0,0.0,0.0,0,0.0,,0.0
TLS-00765,0,0.0,0.0,0,0.0,,0.0
TLS-00766,0,0.0,0.0,0,0.0,,0.0
TLS-00767,0,0.0,0.0,0,0.0,,0.0
TLS-00768,0,0.0,0.0,0,0.0,,0.0
TLS-00769,0,0.0,0.0,0,0.0,,0.0
TLS-00770,0,0.0,0.0,0,0.0,,0.0
TLS-00771,0,0.0,0.0,0,0.0,,0.0
TLS-00772,0,0.0,0.0,0,0.0,,0.0
TLS-00773,0,0.0,0.0,0,0.0,,0.0
TLS-00774,0,0.0,0.0,0,0.0,,0.0
TLS-00775,0,0.0,0.0,0,0.0,,0.0
TLS-00776,0,0.0,0.0,0,0.0,,0.0
TLS-00777,0,0.0,0.0,0,0.0,,0.0
TLS-00778,0,0.0,0.0,0,0.0,,0.0
TLS-00779,0,0.0,0.0,0,0.0,,0.0
TLS-00780,0,0.0,0.0,0,0.0,,0.0
TLS-00781,0,0.0,0.0,0,0.0,,0.0
TLS-00782,0,0.0,0.0,0,0.0,,0.0
TLS-00783,0,0.0,0.0,0,0.0,,0.0
TLS-00784,0,0.0,0.0,0,0.0,,0.0
TLS-00785,0,0.0,0.0,0,0.0,,0.0
TLS-00786,0,0.0,0.0,0,0.0,,0.0
TLS-00787,0,0.0,0.0,0,0.0,,0.0
TLS-00788,0,0.0,0.0,0,0.0,,0.0
TLS-00789,0,0.0,0.0,0,0.0,,0.0
TLS-00790,0,0.0,0.0,0,0.0,,0.0
TLS-00791,0,0.0,0.0,0,0.0,,0.0
TLS-00792,0,0.0,0.0,0,0.0,,0.0
TLS-00793,0,0.0,0.0,0,0.0,,0.0
TLS-00794,0,0.0,0.0,0,0.0,,0.0
TLS-00795,0,0.0,0.0,0,0.0,,0.0
TLS-00796,0,0.0,0.0,0,0.0,,0.0
TLS-00797,0,0.0,0.0,0,0.0,,0.0
TLS-00798,0,0.0,0.0,0,0.0,,0.0
TLS-00799,0,0.0,0.0,0,0.0,,0.0
TLS-00800,0,0.0,0.0,0,0.0,,0.0
TLS-00801,0,0.0,0.0,0,0.0,,0.0
TLS-00802,0,0.0,0.0,0,0.0,,0.0
TLS-00803,0,0.0,0.0,0,0.0,,0.0
TLS-00804,0,0.0,0.0,0,0.0,,0.0
TLS-00805,0,0.0,0.0,0,0.0,,0.0
TLS-00806,0,0.0,0.0,0,0.0,,0.0
TLS-00807,0,0.0,0.0,0,0.0,,0.0
TLS-00808,0,0.0,0.0,0,0.0,,0.0
TLS-00809,0,0.0,0.0,0,0.0,,0.0
TLS-00810,0,0.0,0.0,0,0.0,,0.0
TLS-00811,0,0.0,0.0,0,0.0,,0.0
TLS-00812,0,0.0,0.0,0,0.0,,0.0
TLS-00813,0,0.0,0.0,0,0.0,,0.0
TLS-00814,0,0.0,0.0,0,0.0,,0.0
TLS-00815,0,0.0,0.0,0,0.0,,0.0
TLS-00816,0,0.0,0.0,0,0.0,,0.0
TLS-00817,0,0.0,0.0,0,0.0,,0.0
TLS-00818,0,0.0,0.0,0,0.0,,0.0
TLS-00819,0,0.0,0.0,0,0.0,,0.0
TLS-00820,0,0.0,0.0,0,0.0,,0.0
TLS-00821,0,0.0,0.0,0,0.0,,0.0
TLS-00822,0,0.0,0.0,0,0.0,,0.0
TLS-00823,0,0.0,0.0,0,0.0,,0.0
TLS-00824,0,0.0,0.0,0,0.0,,0.0
TLS-00825,0,0.0,0.0,0,0.0,,0.0
TLS-00826,0,0.0,0.0,0,0.0,,0.0
TLS-00827,0,0.0,0.0,0,0.0,,0.0
TLS-00828,0,0.0,0.0,0,0.0,,0.0
TLS-00829,0,0.0,0.0,0,0.0,,0.0
TLS-00830,0,0.0,0.0,0,0.0,,0.0
TLS-00831,0,0.0,0.0,0,0.0,,0.0
TLS-00832,0,0.0,0.0,0,0.0,,0.0
TLS-00833,0,0.0,0.0,0,0.0,,0.0
TLS-00834,0,0.0,0.0,0,0.0,,0.0
TLS-00835,0,0.0,0.0,0,0.0,,0.0
TLS-00836,0,0.0,0.0,0,0.0,,0.0
TLS-00837,0,0.0,0.0,0,0.0,,0.0
TLS-00838,0,0.0,0.0,0,0.0,,0.0
TLS-00839,0,0.0,0.0,0,0.0,,0.0
TLS-00840,0,0.0,0.0,0,0.0,,0.0
TLS-00841,0,0.0,0.0,0,0.0,,0.0
TLS-00842,0,0.0,0.0,0,0.0,,0.0
TLS-00843,0,0.0,0.0,0,0.0,,0.0
TLS-00844,0,0.0,0.0,0,0.0,,0.0
TLS-00845,0,0.0,0.0,0,0.0,,0.0
TLS-00846,0,0.0,0.0,0,0.0,,0.0
TLS-00847,0,0.0,0.0,0,0.0,,0.0
TLS-00848,0,0.0,0.0,0,0.0,,0.0
TLS-00849,0,0.0,0.0,0,0.0,,0.0
TLS-00850,0,0.0,0.0,0,0.0,,0.0
TLS-00851,0,0.0,0.0,0,0.0,,0.0
TLS-00852,0,0.0,0.0,0,0.0,,0.0
TLS-00853,0,0.0,0.0,0,0.0,,0.0
TLS-00854,0,0.0,0.0,0,0.0,,0.0
TLS-00855,0,0.0,0.0,0,0.0,,0.0
TLS-00856,0,0.0,0.0,0,0.0,,0.0
TLS-00857,0,0.0,0.0,0,0.0,,0.0
TLS-00858,0,0.0,0.0,0,0.0,,0.0
TLS-00859,0,0.0,0.0,0,0.0,,0.0
TLS-00860,0,0.0,0.0,0,0.0,,0.0
TLS-00861,0,0.0,0.0,0,0.0,,0.0
TLS-00862,0,0.0,0.0,0,0.0,,0.0
TLS-00863,0,0.0,0.0,0,0.0,,0.0
TLS-00864,0,0.0,0.0,0,0.0,,0.0
TLS-00865,0,0.0,0.0,0,0.0,,0.0
TLS-00866,0,0.0,0.0,0,0.0,,0.0
TLS-00867,0,0.0,0.0,0,0.0,,0.0
TLS-00868,0,0.0,0.0,0,0.0,,0.0
TLS-00869,0,0.0,0.0,0,0.0,,0.0
TLS-00870,0,0.0,0.0,0,0.0,,0.0
TLS-00871,0,0.0,0.0,0,0.0,,0.0
TLS-00872,0,0.0,0.0,0,0.0,,0.0
TLS-00873,0,0.0,0.0,0,0.0,,0.0
TLS-00874,0,0.0,0.0,0,0.0,,0.0
TLS-00875,0,0.0,0.0,0,0.0,,0.0
TLS-00876,0,0.0,0.0,0,0.0,,0.0
TLS-00877,0,0.0,0.0,0,0.0,,0.0
TLS-00878,0,0.0,0.0,0,0.0,,0.0
TLS-00879,0,0.0,0.0,0,0.0,,0.0
TLS-00880,0,0.0,0.0,0,0.0,,0.0
TLS-00881,0,0.0,0.0,0,0.0,,0.0
TLS-00882,0,0.0,0.0,0,0.0,,0.0
TLS-00883,0,0.0,0.0,0,0.0,,0.0
TLS-00884,0,0.0,0.0,0,0.0,,0.0
TLS-00885,0,0.0,0.0,0,0.0,,0.0
TLS-00886,0,0.0,0.0,0,0.0,,0.0
TLS-00887,0,0.0,0.0,0,0.0,,0.0
TLS-00888,0,0.0,0.0,0,0.0,,0.0
TLS-00889,0,0.0,0.0,0,0.0,,0.0
TLS-00890,0,0.0,0.0,0,0.0,,0.0
TLS-00891,0,0.0,0.0,0,0.0,,0.0
TLS-00892,0,0.0,0.0,0,0.0,,0.0
TLS-00893,0,0.0,0.0,0,0.0,,0.0
TLS-00894,0,0.0,0.0,0,0.0,,0.0
TLS-00895,0,0.0,0.0,0,0.0,,0.0
TLS-00896,0,0.0,0.0,0,0.0,,0.0
TLS-00897,0,0.0,0.0,0,0.0,,0.0
TLS-00898,0,0.0,0.0,0,0.0,,0.0
TLS-00899,0,0.0,0.0,0,0.0,,0.0
TLS-00900,0,0.0,0.0,0,0.0,,0.0
TLS-00901,0,0.0,0.0,0,0.0,,0.0
TLS-00902,0,0.0,0.0,0,0.0,,0.0
TLS-00903,0,0.0,0.0,0,0.0,,0.0
TLS-00904,0,0.0,0.0,0,0.0,,0.0
TLS-00905,0,0.0,0.0,0,0.0,,0.0
TLS-00906,0,0.0,0.0,0,0.0,,0.0
TLS-00907,0,0.0,0.0,0,0.0,,0.0
TLS-00908,0,0.0,0.0,0,0.0,,0.0
TLS-00909,0,0.0,0.0,0,0.0,,0.0
TLS-00910,0,0.0,0.0,0,0.0,,0.0
TLS-00911,0,0.0,0.0,0,0.0,,0.0
TLS-00912,0,0.0,0.0,0,0.0,,0.0
TLS-00913,0,0.0,0.0,0,0.0,,0.0
TLS-00914,0,0.0,0.0,0,0.0,,0.0
TLS-00915,0,0.0,0.0,0,0.0,,0.0
TLS-00916,0,0.0,0.0,0,0.0,,0.0
TLS-00917,0,0.0,0.0,0,0.0,,0.0
TLS-00918,0,0.0,0.0,0,0.0,,0.0
TLS-00919,0,0.0,0.0,0,0.0,,0.0
TLS-00920,0,0.0,0.0,0,0.0,,0.0
TLS-00921,0,0.0,0.0,0,0.0,,0.0
TLS-00922,0,0.0,0.0,0,0.0,,0.0
TLS-00923,0,0.0,0.0,0,0.0,,0.0
TLS-00924,0,0.0,0.0,0,0.0,,0.0
TLS-00925,0,0.0,0.0,0,0.0,,0.0
TLS-00926,0,0.0,0.0,0,0.0,,0.0
TLS-00927,0,0.0,0.0,0,0.0,,0.0
TLS-00928,0,0.0,0.0,0,0.0,,0.0
TLS-00929,0,0.0,0.0,0,0.0,,0.0
TLS-00930,0,0.0,0.0,0,0.0,,0.0
TLS-00931,0,0.0,0.0,0,0.0,,0.0
TLS-00932,0,0.0,0.0,0,0.0,,0.0
TLS-00933,0,0.0,0.0,0,0.0,,0.0
TLS-00934,0,0.0,0.0,0,0.0,,0.0
TLS-00935,0,0.0,0.0,0,0.0,,0.0
TLS-00936,0,0.0,0.0,0,0.0,,0.0
TLS-00937,0,0.0,0.0,0,0.0,,0.0
TLS-00938,0,0.0,0.0,0,0.0,,0.0
TLS-00939,0,0.0,0.0,0,0.0,,0.0
TLS-00940,0,0.0,0.0,0,0.0,,0.0
TLS-00941,0,0.0,0.0,0,0.0,,0.0
TLS-00942,0,0.0,0.0,0,0.0,,0.0
TLS-00943,0,0.0,0.0,0,0.0,,0.0
TLS-00944,0,0.0,0.0,0,0.0,,0.0
TLS-00945,0,0.0,0.0,0,0.0,,0.0
TLS-00946,0,0.0,0.0,0,0.0,,0.0
TLS-00947,0,0.0,0.0,0,0.0,,0.0
TLS-00948,0,0.0,0.0,0,0.0,,0.0
TLS-00949,0,0.0,0.0,0,0.0,,0.0
TLS-00950,0,0.0,0.0,0,0.0,,0.0
TLS-00951,0,0.0,0.0,0,0.0,,0.0
TLS-00952,0,0.0,0.0,0,0.0,,0.0
TLS-00953,0,0.0,0.0,0,0.0,,0.0
TLS-00954,0,0.0,0.0,0,0.0,,0.0
TLS-00955,0,0.0,0.0,0,0.0,,0.0
TLS-00956,0,0.0,0.0,0,0.0,,0.0
TLS-00957,0,0.0,0.0,0,0.0,,0.0
TLS-00958,0,0.0,0.0,0,0.0,,0.0
TLS-00959,0,0.0,0.0,0,0.0,,0.0
TLS-00960,0,0.0,0.0,0,0.0,,0.0
TLS-00961,0,0.0,0.0,0,0.0,,0.0
TLS-00962,0,0.0,0.0,0,0.0,,0.0
TLS-00963,0,0.0,0.0,0,0.0,,0.0
TLS-00964,0,0.0,0.0,0,0.0,,0.0
TLS-00965,0,0.0,0.0,0,0.0,,0.0
TLS-00966,0,0.0,0.0,0,0.0,,0.0
TLS-00967,0,0.0,0.0,0,0.0,,0.0
TLS-00968,0,0.0,0.0,0,0.0,,0.0
TLS-00969,0,0.0,0.0,0,0.0,,0.0
TLS-00970,0,0.0,0.0,0,0.0,,0.0
TLS-00971,0,0.0,0.0,0,0.0,,0.0
TLS-00972,0,0.0,0.0,0,0.0,,0.0
TLS-00973,0,0.0,0.0,0,0.0,,0.0
TLS-00974,0,0.0,0.0,0,0.0,,0.0
TLS-00975,0,0.0,0.0,0,0.0,,0.0
TLS-00976,0,0.0,0.0,0,0.0,,0.0
TLS-00977,0,0.0,0.0,0,0.0,,0.0
TLS-00978,0,0.0,0.0,0,0.0,,0.0
TLS-00979,0,0.0,0.0,0,0.0,,0.0
TLS-00980,0,0.0,0.0,0,0.0,,0.0
TLS-00981,0,0.0,0.0,0,0.0,,0.0
TLS-00982,0,0.0,0.0,0,0.0,,0.0
TLS-00983,0,0.0,0.0,0,0.0,,0.0
TLS-00984,0,0.0,0.0,0,0.0,,0.0
TLS-00985,0,0.0,0.0,0,0.0,,0.0
TLS-00986,0,0.0,0.0,0,0.0,,0.0
TLS-00987,0,0.0,0.0,0,0.0,,0.0
TLS-00988,0,0.0,0.0,0,0.0,,0.0
TLS-00989,0,0.0,0.0,0,0.0,,0.0
TLS-00990,0,0.0,0.0,0,0.0,,0.0
TLS-00991,0,0.0,0.0,0,0.0,,0.0
TLS-00992,0,0.0,0.0,0,0.0,,0.0
TLS-00993,0,0.0,0.0,0,0.0,,0.0
TLS-00994,0,0.0,0.0,0,0.0,,0.0
TLS-00995,0,0.0,0.0,0,0.0,,0.0
TLS-00996,0,0.0,0.0,0,0.0,,0.0
TLS-00997,0,0.0,0.0,0,0.0,,0.0
TLS-00998,0,0.0,0.0,0,0.0,,0.0
TLS-00999,0,0.0,0.0,0,0.0,,0.0
TLS-01000,0,0.0,0.0,0,0.0,,0.0
TLS-01001,0,0.0,0.0,0,0.0,,0.0
TLS-01002,0,0.0,0.0,0,0.0,,0.0
TLS-01003,0,0.0,0.0,0,0.0,,0.0
TLS-01004,0,0.0,0.0,0,0.0,,0.0
TLS-01005,0,0.0,0.0,0,0.0,,0.0
TLS-01006,0,0.0,0.0,0,0.0,,0.0
TLS-01007,0,0.0,0.0,0,0.0,,0.0
TLS-01008,0,0.0,0.0,0,0.0,,0.0
TLS-01009,0,0.0,0.0,0,0.0,,0.0
TLS-01010,0,0.0,0.0,0,0.0,,0.0
TLS-01011,0,0.0,0.0,0,0.0,,0.0
TLS-01012,0,0.0,0.0,0,0.0,,0.0
TLS-01013,0,0.0,0.0,0,0.0,,0.0
TLS-01014,0,0.0,0.0,0,0.0,,0.0
TLS-01015,0,0.0,0.0,0,0.0,,0.0
TLS-01016,0,0.0,0.0,0,0.0,,0.0
TLS-01017,0,0.0,0.0,0,0.0,,0.0
TLS-01018,0,0.0,0.0,0,0.0,,0.0
TLS-01019,0,0.0,0.0,0,0.0,,0.0
TLS-01020,0,0.0,0.0,0,0.0,,0.0
TLS-01021,0,0.0,0.0,0,0.0,,0.0
TLS-01022,0,0.0,0.0,0,0.0,,0.0
TLS-01023,0,0.0,0.0,0,0.0,,0.0
TLS-01024,0,0.0,0.0,0,0.0,,0.0
TLS-01025,0,0.0,0.0,0,0.0,,0.0
TLS-01026,0,0.0,0.0,0,0.0,,0.0
TLS-01027,0,0.0,0.0,0,0.0,,0.0
TLS-01028,0,0.0,0.0,0,0.0,,0.0
TLS-01029,0,0.0,0.0,0,0.0,,0.0
TLS-01030,0,0.0,0.0,0,0.0,,0.0
TLS-01031,0,0.0,0.0,0,0.0,,0.0
TLS-01032,0,0.0,0.0,0,0.0,,0.0
TLS-01033,0,0.0,0.0,0,0.0,,0.0
TLS-01034,0,0.0,0.0,0,0.0,,0.0
TLS-01035,0,0.0,0.0,0,0.0,,0.0
TLS-01036,0,0.0,0.0,0,0.0,,0.0
TLS-01037,0,0.0,0.0,0,0.0,,0.0
TLS-01038,0,0.0,0.0,0,0.0,,0.0
TLS-01039,0,0.0,0.0,0,0.0,,0.0
TLS-01040,0,0.0,0.0,0,0.0,,0.0
TLS-01041,0,0.0,0.0,0,0.0,,0.0
TLS-01042,0,0.0,0.0,0,0.0,,0.0
TLS-01043,0,0.0,0.0,0,0.0,,0.0
TLS-01044,0,0.0,0.0,0,0.0,,0.0
TLS-01045,0,0.0,0.0,0,0.0,,0.0
TLS-01046,0,0.0,0.0,0,0.0,,0.0
TLS-01047,0,0.0,0.0,0,0.0,,0.0
TLS-01048,0,0.0,0.0,0,0.0,,0.0
TLS-01049,0,0.0,0.0,0,0.0,,0.0
TLS-01050,0,0.0,0.0,0,0.0,,0.0
TLS-01051,0,0.0,0.0,0,0.0,,0.0
TLS-01052,0,0.0,0.0,0,0.0,,0.0
TLS-01053,0,0.0,0.0,0,0.0,,0.0
TLS-01054,0,0.0,0.0,0,0.0,,0.0
TLS-01055,0,0.0,0.0,0,0.0,,0.0
TLS-01056,0,0.0,0.0,0,0.0,,0.0
TLS-01057,0,0.0,0.0,0,0.0,,0.0
TLS-01058,0,0.0,0.0,0,0.0,,0.0
TLS-01059,0,0.0,0.0,0,0.0,,0.0
TLS-01060,0,0.0,0.0,0,0.0,,0.0
TLS-01061,0,0.0,0.0,0,0.0,,0.0
TLS-01062,0,0.0,0.0,0,0.0,,0.0
TLS-01063,0,0.0,0.0,0,0.0,,0.0
TLS-01064,0,0.0,0.0,0,0.0,,0.0
TLS-01065,0,0.0,0.0,0,0.0,,0.0
TLS-01066,0,0.0,0.0,0,0.0,,0.0
TLS-01067,0,0.0,0.0,0,0.0,,0.0
TLS-01068,0,0.0,0.0,0,0.0,,0.0
TLS-01069,0,0.0,0.0,0,0.0,,0.0
TLS-01070,0,0.0,0.0,0,0.0,,0.0
TLS-01071,0,0.0,0.0,0,0.0,,0.0
TLS-01072,0,0.0,0.0,0,0.0,,0.0
TLS-01073,0,0.0,0.0,0,0.0,,0.0
TLS-01074,0,0.0,0.0,0,0.0,,0.0
TLS-01075,0,0.0,0.0,0,0.0,,0.0
TLS-01076,0,0.0,0.0,0,0.0,,0.0
TLS-01077,0,0.0,0.0,0,0.0,,0.0
TLS-01078,0,0.0,0.0,0,0.0,,0.0
TLS-01079,0,0.0,0.0,0,0.0,,0.0
TLS-01080,0,0.0,0.0,0,0.0,,0.0
TLS-01081,0,0.0,0.0,0,0.0,,0.0
TLS-01082,0,0.0,0.0,0,0.0,,0.0
TLS-01083,0,0.0,0.0,0,0.0,,0.0
TLS-01084,0,0.0,0.0,0,0.0,,0.0
TLS-01085,0,0.0,0.0,0,0.0,,0.0
TLS-01086,0,0.0,0.0,0,0.0,,0.0
TLS-01087,0,0.0,0.0,0,0.0,,0.0
TLS-01088,0,0.0,0.0,0,0.0,,0.0
TLS-01089,0,0.0,0.0,0,0.0,,0.0
TLS-01090,0,0.0,0.0,0,0.0,,0.0
TLS-01091,0,0.0,0.0,0,0.0,,0.0
TLS-01092,0,0.0,0.0,0,0.0,,0.0
TLS-01093,0,0.0,0.0,0,0.0,,0.0
TLS-01094,0,0.0,0.0,0,0.0,,0.0
TLS-01095,0,0.0,0.0,0,0.0,,0.0
TLS-01096,0,0.0,0.0,0,0.0,,0.0
TLS-01097,0,0.0,0.0,0,0.0,,0.0
TLS-01098,0,0.0,0.0,0,0.0,,0.0
TLS-01099,0,0.0,0.0,0,0.0,,0.0
TLS-01100,0,0.0,0.0,0,0.0,,0.0
TLS-01101,0,0.0,0.0,0,0.0,,0.0
TLS-01102,0,0.0,0.0,0,0.0,,0.0
TLS-01103,0,0.0,0.0,0,0.0,,0.0
TLS-01104,0,0.0,0.0,0,0.0,,0.0
TLS-01105,0,0.0,0.0,0,0.0,,0.0
TLS-01106,0,0.0,0.0,0,0.0,,0.0
TLS-01107,0,0.0,0.0,0,0.0,,0.0
TLS-01108,0,0.0,0.0,0,0.0,,0.0
TLS-01109,0,0.0,0.0,0,0.0,,0.0
TLS-01110,0,0.0,0.0,0,0.0,,0.0
TLS-01111,0,0.0,0.0,0,0.0,,0.0
TLS-01112,0,0.0,0.0,0,0.0,,0.0
TLS-01113,0,0.0,0.0,0,0.0,,0.0
TLS-01114,0,0.0,0.0,0,0.0,,0.0
TLS-01115,0,0.0,0.0,0,0.0,,0.0
TLS-01116,0,0.0,0.0,0,0.0,,0.0
TLS-01117,0,0.0,0.0,0,0.0,,0.0
TLS-01118,0,0.0,0.0,0,0.0,,0.0
TLS-01119,0,0.0,0.0,0,0.0,,0.0
TLS-01120,0,0.0,0.0,0,0.0,,0.0
TLS-01121,0,0.0,0.0,0,0.0,,0.0
TLS-01122,0,0.0,0.0,0,0.0,,0.0
TLS-01123,0,0.0,0.0,0,0.0,,0.0
TLS-01124,0,0.0,0.0,0,0.0,,0.0
TLS-01125,0,0.0,0.0,0,0.0,,0.0
TLS-01126,0,0.0,0.0,0,0.0,,0.0
TLS-01127,0,0.0,0.0,0,0.0,,0.0
TLS-01128,0,0.0,0.0,0,0.0,,0.0
TLS-01129,0,0.0,0.0,0,0.0,,0.0
TLS-01130,0,0.0,0.0,0,0.0,,0.0
TLS-01131,0,0.0,0.0,0,0.0,,0.0
TLS-01132,0,0.0,0.0,0,0.0,,0.0
TLS-01133,0,0.0,0.0,0,0.0,,0.0
TLS-01134,0,0.0,0.0,0,0.0,,0.0
TLS-01135,0,0.0,0.0,0,0.0,,0.0
TLS-01136,0,0.0,0.0,0,0.0,,0.0
TLS-01137,0,0.0,0.0,0,0.0,,0.0
TLS-01138,0,0.0,0.0,0,0.0,,0.0
TLS-01139,0,0.0,0.0,0,0.0,,0.0
TLS-01140,0,0.0,0.0,0,0.0,,0.0
TLS-01141,0,0.0,0.0,0,0.0,,0.0
TLS-01142,0,0.0,0.0,0,0.0,,0.0
TLS-01143,0,0.0,0.0,0,0.0,,0.0
TLS-01144,0,0.0,0.0,0,0.0,,0.0
TLS-01145,0,0.0,0.0,0,0.0,,0.0
TLS-01146,0,0.0,0.0,0,0.0,,0.0
TLS-01147,0,0.0,0.0,0,0.0,,0.0
TLS-01148,0,0.0,0.0,0,0.0,,0.0
TLS-01149,0,0.0,0.0,0,0.0,,0.0
TLS-01150,0,0.0,0.0,0,0.0,,0.0
TLS-01151,0,0.0,0.0,0,0.0,,0.0
TLS-01152,0,0.0,0.0,0,0.0,,0.0
TLS-01153,0,0.0,0.0,0,0.0,,0.0
TLS-01154,0,0.0,0.0,0,0.0,,0.0
TLS-01155,0,0.0,0.0,0,0.0,,0.0
TLS-01156,0,0.0,0.0,0,0.0,,0.0
TLS-01157,0,0.0,0.0,0,0.0,,0.0
TLS-01158,0,0.0,0.0,0,0.0,,0.0
TLS-01159,0,0.0,0.0,0,0.0,,0.0
TLS-01160,0,0.0,0.0,0,0.0,,0.0
TLS-01161,0,0.0,0.0,0,0.0,,0.0
TLS-01162,0,0.0,0.0,0,0.0,,0.0
TLS-01163,0,0.0,0.0,0,0.0,,0.0
TLS-01164,0,0.0,0.0,0,0.0,,0.0
TLS-01165,0,0.0,0.0,0,0.0,,0.0
TLS-01166,0,0.0,0.0,0,0.0,,0.0
TLS-01167,0,0.0,0.0,0,0.0,,0.0
TLS-01168,0,0.0,0.0,0,0.0,,0.0
TLS-01169,0,0.0,0.0,0,0.0,,0.0
TLS-01170,0,0.0,0.0,0,0.0,,0.0
TLS-01171,0,0.0,0.0,0,0.0,,0.0
TLS-01172,0,0.0,0.0,0,0.0,,0.0
TLS-01173,0,0.0,0.0,0,0.0,,0.0
TLS-01174,0,0.0,0.0,0,0.0,,0.0
TLS-01175,0,0.0,0.0,0,0.0,,0.0
TLS-01176,0,0.0,0.0,0,0.0,,0.0
TLS-01177,0,0.0,0.0,0,0.0,,0.0
TLS-01178,0,0.0,0.0,0,0.0,,0.0
TLS-01179,0,0.0,0.0,0,0.0,,0.0
TLS-01180,0,0.0,0.0,0,0.0,,0.0
TLS-01181,0,0.0,0.0,0,0.0,,0.0
TLS-01182,0,0.0,0.0,0,0.0,,0.0
TLS-01183,0,0.0,0.0,0,0.0,,0.0
TLS-01184,0,0.0,0.0,0,0.0,,0.0
TLS-01185,0,0.0,0.0,0,0.0,,0.0
TLS-01186,0,0.0,0.0,0,0.0,,0.0
TLS-01187,0,0.0,0.0,0,0.0,,0.0
TLS-01188,0,0.0,0.0,0,0.0,,0.0
TLS-01189,0,0.0,0.0,0,0.0,,0.0
TLS-01190,0,0.0,0.0,0,0.0,,0.0
TLS-01191,0,0.0,0.0,0,0.0,,0.0
TLS-01192,0,0.0,0.0,0,0.0,,0.0
TLS-01193,0,0.0,0.0,0,0.0,,0.0
TLS-01194,0,0.0,0.0,0,0.0,,0.0
TLS-01195,0,0.0,0.0,0,0.0,,0.0
TLS-01196,0,0.0,0.0,0,0.0,,0.0
TLS-01197,0,0.0,0.0,0,0.0,,0.0
TLS-01198,0,0.0,0.0,0,0.0,,0.0
TLS-01199,0,0.0,0.0,0,0.0,,0.0
TLS-01200,0,0.0,0.0,0,0.0,,0.0
TLS-01201,0,0.0,0.0,0,0.0,,0.0
TLS-01202,0,0.0,0.0,0,0.0,,0.0
TLS-01203,0,0.0,0.0,0,0.0,,0.0
TLS-01204,0,0.0,0.0,0,0.0,,0.0
TLS-01205,0,0.0,0.0,0,0.0,,0.0
TLS-01206,0,0.0,0.0,0,0.0,,0.0
TLS-01207,0,0.0,0.0,0,0.0,,0.0
TLS-01208,0,0.0,0.0,0,0.0,,0.0
TLS-01209,0,0.0,0.0,0,0.0,,0.0
TLS-01210,0,0.0,0.0,0,0.0,,0.0
TLS-01211,0,0.0,0.0,0,0.0,,0.0
TLS-01212,0,0.0,0.0,0,0.0,,0.0
TLS-01213,0,0.0,0.0,0,0.0,,0.0
TLS-01214,0,0.0,0.0,0,0.0,,0.0
TLS-01215,0,0.0,0.0,0,0.0,,0.0
TLS-01216,0,0.0,0.0,0,0.0,,0.0
TLS-01217,0,0.0,0.0,0,0.0,,0.0
TLS-01218,0,0.0,0.0,0,0.0,,0.0
TLS-01219,0,0.0,0.0,0,0.0,,0.0
TLS-01220,0,0.0,0.0,0,0.0,,0.0
TLS-01221,0,0.0,0.0,0,0.0,,0.0
TLS-01222,0,0.0,0.0,0,0.0,,0.0
TLS-01223,0,0.0,0.0,0,0.0,,0.0
TLS-01224,0,0.0,0.0,0,0.0,,0.0
TLS-01225,0,0.0,0.0,0,0.0,,0.0
TLS-01226,0,0.0,0.0,0,0.0,,0.0
TLS-01227,0,0.0,0.0,0,0.0,,0.0
TLS-01228,0,0.0,0.0,0,0.0,,0.0
TLS-01229,0,0.0,0.0,0,0.0,,0.0
TLS-01230,0,0.0,0.0,0,0.0,,0.0
TLS-01231,0,0.0,0.0,0,0.0,,0.0
TLS-01232,0,0.0,0.0,0,0.0,,0.0
TLS-01233,0,0.0,0.0,0,0.0,,0.0
TLS-01234,0,0.0,0.0,0,0.0,,0.0
TLS-01235,0,0.0,0.0,0,0.0,,0.0
TLS-01236,0,0.0,0.0,0,0.0,,0.0
TLS-01237,0,0.0,0.0,0,0.0,,0.0
TLS-01238,0,0.0,0.0,0,0.0,,0.0
TLS-01239,0,0.0,0.0,0,0.0,,0.0
TLS-01240,0,0.0,0.0,0,0.0,,0.0
TLS-01241,0,0.0,0.0,0,0.0,,0.0
TLS-01242,0,0.0,0.0,0,0.0,,0.0
TLS-01243,0,0.0,0.0,0,0.0,,0.0
TLS-01244,0,0.0,0.0,0,0.0,,0.0
TLS-01245,0,0.0,0.0,0,0.0,,0.0
TLS-01246,0,0.0,0.0,0,0.0,,0.0
TLS-01247,0,0.0,0.0,0,0.0,,0.0
TLS-01248,0,0.0,0.0,0,0.0,,0.0
TLS-01249,0,0.0,0.0,0,0.0,,0.0
TLS-01250,0,0.0,0.0,0,0.0,,0.0
TLS-01251,0,0.0,0.0,0,0.0,,0.0
TLS-01252,0,0.0,0.0,0,0.0,,0.0
TLS-01253,0,0.0,0.0,0,0.0,,0.0
TLS-01254,0,0.0,0.0,0,0.0,,0.0
TLS-01255,0,0.0,0.0,0,0.0,,0.0
TLS-01256,0,0.0,0.0,0,0.0,,0.0
TLS-01257,0,0.0,0.0,0,0.0,,0.0
TLS-01258,0,0.0,0.0,0,0.0,,0.0
TLS-01259,0,0.0,0.0,0,0.0,,0.0
TLS-01260,0,0.0,0.0,0,0.0,,0.0
TLS-01261,0,0.0,0.0,0,0.0,,0.0
TLS-01262,0,0.0,0.0,0,0.0,,0.0
TLS-01263,0,0.0,0.0,0,0.0,,0.0
TLS-01264,0,0.0,0.0,0,0.0,,0.0
TLS-01265,0,0.0,0.0,0,0.0,,0.0
TLS-01266,0,0.0,0.0,0,0.0,,0.0
TLS-01267,0,0.0,0.0,0,0.0,,0.0
TLS-01268,0,0.0,0.0,0,0.0,,0.0
TLS-01269,0,0.0,0.0,0,0.0,,0.0
TLS-01270,0,0.0,0.0,0,0.0,,0.0
TLS-01271,0,0.0,0.0,0,0.0,,0.0
TLS-01272,0,0.0,0.0,0,0.0,,0.0
TLS-01273,0,0.0,0.0,0,0.0,,0.0
TLS-01274,0,0.0,0.0,0,0.0,,0.0
TLS-01275,0,0.0,0.0,0,0.0,,0.0
TLS-01276,0,0.0,0.0,0,0.0,,0.0
TLS-01277,0,0.0,0.0,0,0.0,,0.0
TLS-01278,0,0.0,0.0,0,0.0,,0.0
TLS-01279,0,0.0,0.0,0,0.0,,0.0
TLS-01280,0,0.0,0.0,0,0.0,,0.0
TLS-01281,0,0.0,0.0,0,0.0,,0.0
TLS-01282,0,0.0,0.0,0,0.0,,0.0
TLS-01283,0,0.0,0.0,0,0.0,,0.0
TLS-01284,0,0.0,0.0,0,0.0,,0.0
TLS-01285,0,0.0,0.0,0,0.0,,0.0
TLS-01286,0,0.0,0.0,0,0.0,,0.0
TLS-01287,0,0.0,0.0,0,0.0,,0.0
TLS-01288,0,0.0,0.0,0,0.0,,0.0
TLS-01289,0,0.0,0.0,0,0.0,,0.0
TLS-01290,0,0.0,0.0,0,0.0,,0.0
TLS-01291,0,0.0,0.0,0,0.0,,0.0
TLS-01292,0,0.0,0.0,0,0.0,,0.0
TLS-01293,0,0.0,0.0,0,0.0,,0.0
TLS-01294,0,0.0,0.0,0,0.0,,0.0
TLS-01295,0,0.0,0.0,0,0.0,,0.0
TLS-01296,0,0.0,0.0,0,0.0,,0.0
TLS-01297,0,0.0,0.0,0,0.0,,0.0
TLS-01298,0,0.0,0.0,0,0.0,,0.0
TLS-01299,0,0.0,0.0,0,0.0,,0.0
TLS-01300,0,0.0,0.0,0,0.0,,0.0
TLS-01301,0,0.0,0.0,0,0.0,,0.0
TLS-01302,0,0.0,0.0,0,0.0,,0.0
TLS-01303,0,0.0,0.0,0,0.0,,0.0
TLS-01304,0,0.0,0.0,0,0.0,,0.0
TLS-01305,0,0.0,0.0,0,0.0,,0.0
TLS-01306,0,0.0,0.0,0,0.0,,0.0
TLS-01307,0,0.0,0.0,0,0.0,,0.0
TLS-01308,0,0.0,0.0,0,0.0,,0.0
TLS-01309,0,0.0,0.0,0,0.0,,0.0
TLS-01310,0,0.0,0.0,0,0.0,,0.0
DFR-01311,0,3588.0,0.0,1,0.0,,9470.0
DFR-01312,0,11496.0,0.0,0,0.0,,28740.0
DFR-01313,1,1636.0,0.0,0,0.0,,4090.0
DFR-01314,0,4191.0,0.0,2,0.0,,11477.5
DFR-01315,0,2521.0,0.0,1,0.0,,6802.5
DFR-01316,0,4070.0,0.0,1,0.0,,10675.0
DFR-01317,0,1805.0,0.0,0,0.0,,4512.5
DFR-01318,0,10132.0,0.0,3,0.0,,26830.0
DFR-01319,0,4405.0,0.0,0,0.0,,11012.5
DFR-01320,0,3196.0,0.0,0,0.0,,7990.0
DFR-01321,0,4172.0,0.0,1,0.0,,10930.0
DFR-01322,1,6146.0,0.0,1,0.0,,15865.0
DFR-01323,1,2048.0,0.0,0,0.0,,5120.0
DFR-01324,0,1261.0,0.0,0,0.0,,3152.5
DFR-01325,0,4187.0,0.0,0,0.0,,10467.5
DFR-01326,0,4473.0,0.0,0,0.0,,11182.5
DFR-01327,1,1851.0,0.0,0,0.0,,4627.5
DFR-01328,1,8649.0,0.0,1,0.0,,22122.5
DFR-01329,0,3798.0,0.0,0,0.0,,9495.0
DFR-01330,0,2574.0,0.0,0,0.0,,6435.0
DFR-01331,0,14324.0,0.0,2,0.0,,36810.0
DFR-01332,0,8397.0,0.0,0,0.0,,20992.5
DFR-01333,0,4814.0,0.0,1,0.0,,12535.0
DFR-01334,0,693.0,0.0,0,0.0,,1732.5
DFR-01335,1,1543.0,0.0,1,0.0,,4357.5
DFR-01336,1,2105.0,0.0,1,0.0,,5762.5
DFR-01337,0,3927.0,0.0,0,0.0,,9817.5
DFR-01338,0,7465.0,0.0,0,0.0,,18662.5
DFR-01339,2,2733.0,0.0,0,0.0,,6832.5
DFR-01340,1,3235.0,0.0,2,0.0,,9087.5
DFR-01341,0,2330.0,0.0,0,0.0,,5825.0
DFR-01342,1,7942.0,0.0,0,0.0,,19855.0
DFR-01343,1,5595.0,0.0,0,0.0,,13987.5
DFR-01344,1,3732.0,0.0,1,0.0,,9830.0
DFR-01345,1,2771.0,0.0,0,0.0,,6927.5
DFR-01346,0,3776.0,0.0,0,0.0,,9440.0
DFR-01347,1,3945.0,0.0,1,0.0,,10362.5
DFR-01348,0,10496.0,0.0,0,0.0,,26240.0
DFR-01349,0,1632.0,0.0,0,0.0,,4080.0
DFR-01350,0,2568.0,0.0,0,0.0,,6420.0
DFR-01351,1,3915.0,0.0,2,0.0,,10787.5
DFR-01352,0,1198.0,0.0,0,0.0,,2995.0
DFR-01353,1,9762.0,0.0,1,0.0,,24905.0
DFR-01354,0,5401.0,0.0,0,0.0,,13502.5
DFR-01355,0,14766.0,0.0,0,0.0,,36915.0
DFR-01356,1,772.0,0.0,0,0.0,,1930.0
DFR-01357,1,4001.0,0.0,1,0.0,,10502.5
DFR-01358,2,6533.0,0.0,2,0.0,,17332.5
DFR-01359,1,5708.0,0.0,0,0.0,,14270.0
DFR-01360,1,2429.0,0.0,2,0.0,,7072.5
DFR-01361,0,2525.0,0.0,0,0.0,,6312.5
DFR-01362,0,4349.0,0.0,0,0.0,,10872.5
DFR-01363,0,6953.0,0.0,0,0.0,,17382.5
DFR-01364,0,11204.0,0.0,0,0.0,,28010.0
DFR-01365,0,1648.0,0.0,1,0.0,,4620.0
DFR-01366,0,1226.0,0.0,0,0.0,,3065.0
DFR-01367,0,5861.0,0.0,1,0.0,,15152.5
DFR-01368,0,822.0,0.0,0,0.0,,2055.0
DFR-01369,1,2755.0,0.0,0,0.0,,6887.5
DFR-01370,0,1552.0,0.0,0,0.0,,3880.0
DFR-01371,0,1769.0,0.0,1,0.0,,4922.5
DFR-01372,0,2044.0,0.0,1,0.0,,5610.0
DFR-01373,1,6411.0,0.0,1,0.0,,16527.5
DFR-01374,0,6271.0,0.0,0,0.0,,15677.5
DFR-01375,0,1343.0,0.0,0,0.0,,3357.5
DFR-01376,0,3193.0,0.0,1,0.0,,8482.5
DFR-01377,0,4608.0,0.0,1,0.0,,12020.0
DFR-01378,1,1814.0,0.0,0,0.0,,4535.0
DFR-01379,0,5258.0,0.0,0,0.0,,13145.0
DFR-01380,0,1906.0,0.0,1,0.0,,5265.0
DFR-01381,0,1671.0,0.0,0,0.0,,4177.5
DFR-01382,0,4565.0,0.0,0,0.0,,11412.5
DFR-01383,0,12301.0,0.0,1,0.0,,31252.5
DFR-01384,0,5395.0,0.0,0,0.0,,13487.5
DFR-01385,0,2895.0,0.0,1,0.0,,7737.5
DFR-01386,0,1126.0,0.0,0,0.0,,2815.0
DFR-01387,0,2780.0,0.0,0,0.0,,6950.0
DFR-01388,0,2977.0,0.0,0,0.0,,7442.5
DFR-01389,0,2093.0,0.0,0,0.0,,5232.5
DFR-01390,0,6668.0,0.0,0,0.0,,16670.0
DFR-01391,1,1275.0,0.0,0,0.0,,3187.5
DFR-01392,1,3635.0,0.0,0,0.0,,9087.5
DFR-01393,1,5340.0,0.0,1,0.0,,13850.0
DFR-01394,0,15798.0,0.0,1,0.0,,39995.0
DFR-01395,0,3146.0,0.0,0,0.0,,7865.0
DFR-01396,0,2919.0,0.0,0,0.0,,7297.5
DFR-01397,0,5492.0,0.0,0,0.0,,13730.0
DFR-01398,0,5793.0,0.0,1,0.0,,14982.5
DFR-01399,0,677.0,0.0,0,0.0,,1692.5
DFR-01400,0,1608.0,0.0,0,0.0,,4020.0
DFR-01401,0,1141.0,0.0,0,0.0,,2852.5
DFR-01402,0,6317.0,0.0,1,0.0,,16292.5
DFR-01403,0,1470.0,0.0,1,0.0,,4175.0
DFR-01404,0,7771.0,0.0,1,0.0,,19927.5
DFR-01405,0,7958.0,0.0,0,0.0,,19895.0
DFR-01406,0,5462.0,0.0,0,0.0,,13655.0
DFR-01407,0,9581.0,0.0,0,0.0,,23952.5
DFR-01408,0,2377.0,0.0,0,0.0,,5942.5
DFR-01409,0,3525.0,0.0,0,0.0,,8812.5
DFR-01410,0,12060.0,0.0,2,0.0,,31150.0
DFR-01411,0,4513.0,0.0,0,0.0,,11282.5
DFR-01412,0,4210.0,0.0,0,0.0,,10525.0
DFR-01413,0,7308.0,0.0,0,0.0,,18270.0
DFR-01414,0,2509.0,0.0,0,0.0,,6272.5
DFR-01415,1,2136.0,0.0,0,0.0,,5340.0
DFR-01416,0,2200.0,0.0,0,0.0,,5500.0
DFR-01417,1,6438.0,0.0,0,0.0,,16095.0
DFR-01418,0,5431.0,0.0,0,0.0,,13577.5
DFR-01419,0,5766.0,0.0,1,0.0,,14915.0
DFR-01420,3,8085.0,0.0,1,0.0,,20712.5
DFR-01421,1,2145.0,0.0,0,0.0,,5362.5
DFR-01422,0,1106.0,0.0,0,0.0,,2765.0
DFR-01423,1,17440.0,0.0,3,0.0,,45100.0
DFR-01424,0,7735.0,0.0,2,0.0,,20337.5
DFR-01425,1,1137.0,0.0,0,0.0,,2842.5
DFR-01426,0,12519.0,0.0,0,0.0,,31297.5
DFR-01427,1,983.0,0.0,0,0.0,,2457.5
DFR-01428,1,3424.0,0.0,0,0.0,,8560.0
DFR-01429,0,1726.0,0.0,0,0.0,,4315.0
DFR-01430,0,2956.0,0.0,0,0.0,,7390.0
DFR-01431,0,7696.0,0.0,0,0.0,,19240.0
DFR-01432,0,1753.0,0.0,0,0.0,,4382.5
DFR-01433,0,6399.0,0.0,0,0.0,,15997.5
DFR-01434,0,3474.0,0.0,0,0.0,,8685.0
DFR-01435,0,14870.0,0.0,1,0.0,,37675.0
DFR-01436,0,5828.0,0.0,1,0.0,,15070.0
DFR-01437,0,5818.0,0.0,0,0.0,,14545.0
DFR-01438,0,3296.0,0.0,1,0.0,,8740.0
DFR-01439,0,1859.0,0.0,1,0.0,,5147.5
DFR-01440,0,1736.0,0.0,0,0.0,,4340.0
DFR-01441,1,1669.0,0.0,2,0.0,,5172.5
DFR-01442,1,9926.0,0.0,1,0.0,,25315.0
DFR-01443,0,1029.0,0.0,1,0.0,,3072.5
DFR-01444,0,7525.0,0.0,0,0.0,,18812.5
DFR-01445,1,7346.0,0.0,0,0.0,,18365.0
DFR-01446,0,3403.0,0.0,0,0.0,,8507.5
DFR-01447,0,4749.0,0.0,0,0.0,,11872.5
DFR-01448,0,1608.0,0.0,0,0.0,,4020.0
DFR-01449,0,9334.0,0.0,0,0.0,,23335.0
DFR-01450,0,799.0,0.0,0,0.0,,1997.5
DFR-01451,0,2593.0,0.0,0,0.0,,6482.5
DFR-01452,0,751.0,0.0,0,0.0,,1877.5
DFR-01453,0,4723.0,0.0,1,0.0,,12307.5
DFR-01454,0,1965.0,0.0,0,0.0,,4912.5
DFR-01455,0,5320.0,0.0,0,0.0,,13300.0
DFR-01456,0,7583.0,0.0,1,0.0,,19457.5
DFR-01457,0,7729.0,0.0,0,0.0,,19322.5
DFR-01458,2,1295.0,0.0,0,0.0,,3237.5
DFR-01459,0,9717.0,0.0,1,0.0,,24792.5
DFR-01460,0,2940.0,0.0,0,0.0,,7350.0
DFR-01461,0,1068.0,0.0,0,0.0,,2670.0
DFR-01462,1,7067.0,0.0,1,0.0,,18167.5
DFR-01463,1,1280.0,0.0,0,0.0,,3200.0
DFR-01464,1,906.0,0.0,0,0.0,,2265.0
DFR-01465,0,2697.0,0.0,1,0.0,,7242.5
DFR-01466,0,1734.0,0.0,0,0.0,,4335.0
DFR-01467,0,2208.0,0.0,0,0.0,,5520.0
DFR-01468,0,8933.0,0.0,0,0.0,,22332.5
DFR-01469,0,7349.0,0.0,1,0.0,,18872.5
DFR-01470,1,2711.0,0.0,0,0.0,,6777.5
DFR-01471,1,2474.0,0.0,0,0.0,,6185.0
DFR-01472,1,1340.0,0.0,0,0.0,,3350.0
DFR-01473,0,6261.0,0.0,0,0.0,,15652.5
DFR-01474,0,908.0,0.0,0,0.0,,2270.0
DFR-01475,0,3655.0,0.0,0,0.0,,9137.5
DFR-01476,0,2922.0,0.0,0,0.0,,7305.0
DFR-01477,0,8256.0,0.0,1,0.0,,21140.0
DFR-01478,0,8609.0,0.0,0,0.0,,21522.5
DFR-01479,1,5614.0,0.0,2,0.0,,15035.0
DFR-01480,0,16860.0,0.0,2,0.0,,43150.0
DFR-01481,0,1605.0,0.0,0,0.0,,4012.5
DFR-01482,1,7537.0,0.0,0,0.0,,18842.5
DFR-01483,0,1608.0,0.0,0,0.0,,4020.0
DFR-01484,0,1032.0,0.0,1,0.0,,3080.0
DFR-01485,0,1037.0,0.0,0,0.0,,2592.5
DFR-01486,0,1670.0,0.0,0,0.0,,4175.0
DFR-01487,3,13810.0,0.0,0,0.0,,34525.0
DFR-01488,0,2095.0,0.0,1,0.0,,5737.5
DFR-01489,0,15080.0,0.0,1,0.0,,38200.0
DFR-01490,0,1941.0,0.0,1,0.0,,5352.5
DFR-01491,0,1771.0,0.0,0,0.0,,4427.5
DFR-01492,0,8228.0,0.0,1,0.0,,21070.0
DFR-01493,0,930.0,0.0,0,0.0,,2325.0
DFR-01494,1,7113.0,0.0,2,0.0,,18782.5
DFR-01495,1,1799.0,0.0,0,0.0,,4497.5
DFR-01496,1,1234.0,0.0,0,0.0,,3085.0
DFR-01497,0,14643.0,0.0,0,0.0,,36607.5
DFR-01498,0,2650.0,0.0,1,0.0,,7125.0
DFR-01499,0,1922.0,0.0,0,0.0,,4805.0
DFR-01500,0,1778.0,0.0,0,0.0,,4445.0
DFR-01501,0,1901.0,0.0,0,0.0,,4752.5
DFR-01502,0,3864.0,0.0,1,0.0,,10160.0
DFR-01503,0,1327.0,0.0,1,0.0,,3817.5
DFR-01504,1,4306.0,0.0,2,0.0,,11765.0
DFR-01505,0,6314.0,0.0,2,0.0,,16785.0
DFR-01506,0,3040.0,0.0,0,0.0,,7600.0
DFR-01507,0,2054.0,0.0,0,0.0,,5135.0
DFR-01508,0,3387.0,0.0,0,0.0,,8467.5
DFR-01509,0,810.0,0.0,0,0.0,,2025.0
DFR-01510,2,5231.0,0.0,0,0.0,,13077.5
DFR-01511,0,13093.0,0.0,2,0.0,,33732.5
DFR-01512,0,720.0,0.0,0,0.0,,1800.0
DFR-01513,0,7925.0,0.0,0,0.0,,19812.5
DFR-01514,0,12392.0,0.0,0,0.0,,30980.0
DFR-01515,0,670.0,0.0,1,0.0,,2175.0
DFR-01516,0,1399.0,0.0,1,0.0,,3997.5
DFR-01517,1,1766.0,0.0,0,0.0,,4415.0
DFR-01518,0,3590.0,0.0,1,0.0,,9475.0
DFR-01519,1,2498.0,0.0,0,0.0,,6245.0
DFR-01520,0,1168.0,0.0,0,0.0,,2920.0
DFR-01521,0,5856.0,0.0,1,0.0,,15140.0
DFR-01522,0,6149.0,0.0,1,0.0,,15872.5
DFR-01523,0,5288.0,0.0,0,0.0,,13220.0
DFR-01524,0,4186.0,0.0,1,0.0,,10965.0
DFR-01525,0,11984.0,0.0,2,0.0,,30960.0
DFR-01526,0,859.0,0.0,0,0.0,,2147.5
DFR-01527,0,2916.0,0.0,0,0.0,,7290.0
DFR-01528,0,4517.0,0.0,0,0.0,,11292.5
DFR-01529,0,14517.0,0.0,1,0.0,,36792.5
DFR-01530,0,10342.0,0.0,3,0.0,,27355.0
DFR-01531,0,3529.0,0.0,1,0.0,,9322.5
DFR-01532,1,4278.0,0.0,2,0.0,,11695.0
DFR-01533,0,5257.0,0.0,0,0.0,,13142.5
DFR-01534,0,2384.0,0.0,0,0.0,,5960.0
DFR-01535,0,2282.0,0.0,0,0.0,,5705.0
DFR-01536,0,8530.0,0.0,0,0.0,,21325.0
DFR-01537,0,2077.0,0.0,0,0.0,,5192.5
DFR-01538,1,3871.0,0.0,0,0.0,,9677.5
DFR-01539,0,6686.0,0.0,1,0.0,,17215.0
DFR-01540,0,3998.0,0.0,1,0.0,,10495.0
DFR-01541,0,3161.0,0.0,1,0.0,,8402.5
DFR-01542,0,4129.0,0.0,0,0.0,,10322.5
DFR-01543,0,2315.0,0.0,0,0.0,,5787.5
DFR-01544,0,927.0,0.0,0,0.0,,2317.5
DFR-01545,0,6322.0,0.0,0,0.0,,15805.0
DFR-01546,0,12776.0,0.0,0,0.0,,31940.0
DFR-01547,0,1873.0,0.0,1,0.0,,5182.5
DFR-01548,0,1179.0,0.0,0,0.0,,2947.5
DFR-01549,0,2630.0,0.0,0,0.0,,6575.0
DFR-01550,0,3215.0,0.0,2,0.0,,9037.5
DFR-01551,0,1522.0,0.0,0,0.0,,3805.0
DFR-01552,0,11799.0,0.0,0,0.0,,29497.5
DFR-01553,0,2744.0,0.0,0,0.0,,6860.0
DFR-01554,0,8956.0,0.0,0,0.0,,22390.0
DFR-01555,0,3798.0,0.0,0,0.0,,9495.0
DFR-01556,0,3010.0,0.0,0,0.0,,7525.0
DFR-01557,0,1208.0,0.0,0,0.0,,3020.0
DFR-01558,0,5365.0,0.0,1,0.0,,13912.5
DFR-01559,1,2531.0,0.0,1,0.0,,6827.5
DFR-01560,0,3514.0,0.0,0,0.0,,8785.0
DFR-01561,0,4391.0,0.0,0,0.0,,10977.5
DFR-01562,0,651.0,0.0,0,0.0,,1627.5
DFR-01563,0,3350.0,0.0,1,0.0,,8875.0
DFR-01564,0,2531.0,0.0,0,0.0,,6327.5
DFR-01565,0,2611.0,0.0,0,0.0,,6527.5
DFR-01566,0,1678.0,0.0,0,0.0,,4195.0
DFR-01567,0,7511.0,0.0,1,0.0,,19277.5
DFR-01568,0,4027.0,0.0,0,0.0,,10067.5
DFR-01569,0,3330.0,0.0,0,0.0,,8325.0
DFR-01570,0,4640.0,0.0,0,0.0,,11600.0
DFR-01571,0,12657.0,0.0,1,0.0,,32142.5
DFR-01572,0,4326.0,0.0,0,0.0,,10815.0
DFR-01573,1,11335.0,0.0,1,0.0,,28837.5
DFR-01574,0,5930.0,0.0,0,0.0,,14825.0
DFR-01575,0,6189.0,0.0,1,0.0,,15972.5
DFR-01576,0,1018.0,0.0,0,0.0,,2545.0
DFR-01577,0,1121.0,0.0,0,0.0,,2802.5
DFR-01578,0,9560.0,0.0,1,0.0,,24400.0
DFR-01579,0,2993.0,0.0,0,0.0,,7482.5
DFR-01580,0,4221.0,0.0,0,0.0,,10552.5
DFR-01581,0,2655.0,0.0,0,0.0,,6637.5
DFR-01582,0,6522.0,0.0,0,0.0,,16305.0
DFR-01583,0,8599.0,0.0,0,0.0,,21497.5
DFR-01584,0,1824.0,0.0,0,0.0,,4560.0
DFR-01585,0,4117.0,0.0,0,0.0,,10292.5
DFR-01586,1,1738.0,0.0,1,0.0,,4845.0
DFR-01587,2,2615.0,0.0,0,0.0,,6537.5
DFR-01588,0,9315.0,0.0,0,0.0,,23287.5
DFR-01589,1,2320.0,0.0,0,0.0,,5800.0
DFR-01590,1,2790.0,0.0,1,0.0,,7475.0
DFR-01591,1,2568.0,0.0,0,0.0,,6420.0
DFR-01592,1,1604.0,0.0,1,0.0,,4510.0
DFR-01593,1,7881.0,0.0,0,0.0,,19702.5
DFR-01594,0,11056.0,0.0,1,0.0,,28140.0
DFR-01595,1,1034.0,0.0,0,0.0,,2585.0
DFR-01596,0,1735.0,0.0,0,0.0,,4337.5
DFR-01597,1,3612.0,0.0,0,0.0,,9030.0
DFR-01598,0,6705.0,0.0,1,0.0,,17262.5
DFR-01599,0,5640.0,0.0,0,0.0,,14100.0
DFR-01600,0,7311.0,0.0,0,0.0,,18277.5
DFR-01601,0,4252.0,0.0,1,0.0,,11130.0
DFR-01602,1,5812.0,0.0,0,0.0,,14530.0
DFR-01603,0,1245.0,0.0,0,0.0,,3112.5
DFR-01604,0,999.0,0.0,0,0.0,,2497.5
DFR-01605,1,6450.0,0.0,2,0.0,,17125.0
DFR-01606,0,5597.0,0.0,0,0.0,,13992.5
DFR-01607,0,3743.0,0.0,1,0.0,,9857.5
DFR-01608,1,3367.0,0.0,0,0.0,,8417.5
DFR-01609,0,4555.0,0.0,1,0.0,,11887.5
DFR-01610,1,2470.0,0.0,0,0.0,,6175.0
DFR-01611,1,6598.0,0.0,1,0.0,,16995.0
DFR-01612,0,2990.0,0.0,0,0.0,,7475.0
DFR-01613,0,4833.0,0.0,0,0.0,,12082.5
DFR-01614,0,5110.0,0.0,0,0.0,,12775.0
DFR-01615,1,3042.0,0.0,0,0.0,,7605.0
DFR-01616,0,2826.0,0.0,0,0.0,,7065.0
DFR-01617,1,684.0,0.0,0,0.0,,1710.0
DFR-01618,0,10727.0,0.0,1,0.0,,27317.5
DFR-01619,0,2176.0,0.0,1,0.0,,5940.0
DFR-01620,1,3447.0,0.0,0,0.0,,8617.5
DFR-01621,1,1834.0,0.0,1,0.0,,5085.0
DFR-01622,0,5354.0,0.0,0,0.0,,13385.0
DFR-01623,0,1579.0,0.0,0,0.0,,3947.5
DFR-01624,0,7590.0,0.0,2,0.0,,19975.0
DFR-01625,0,1507.0,0.0,0,0.0,,3767.5
DFR-01626,0,3167.0,0.0,0,0.0,,7917.5
DFR-01627,1,2131.0,0.0,1,0.0,,5827.5
DFR-01628,0,3165.0,0.0,0,0.0,,7912.5
DFR-01629,0,2260.0,0.0,0,0.0,,5650.0
DFR-01630,0,3703.0,0.0,1,0.0,,9757.5
DFR-01631,0,5814.0,0.0,3,0.0,,16035.0
DFR-01632,0,5800.0,0.0,0,0.0,,14500.0
DFR-01633,0,810.0,0.0,0,0.0,,2025.0
DFR-01634,0,2381.0,0.0,0,0.0,,5952.5
DFR-01635,1,978.0,0.0,1,0.0,,2945.0
DFR-01636,0,5003.0,0.0,0,0.0,,12507.5
DFR-01637,1,3285.0,0.0,1,0.0,,8712.5
DFR-01638,0,8152.0,0.0,0,0.0,,20380.0
DFR-01639,0,1447.0,0.0,0,0.0,,3617.5
DFR-01640,0,5668.0,0.0,0,0.0,,14170.0
DFR-01641,0,2609.0,0.0,1,0.0,,7022.5
DFR-01642,0,4282.0,0.0,1,0.0,,11205.0
DFR-01643,0,2344.0,0.0,0,0.0,,5860.0
DFR-01644,0,4747.0,0.0,0,0.0,,11867.5
DFR-01645,1,6272.0,0.0,0,0.0,,15680.0
DFR-01646,0,2461.0,0.0,0,0.0,,6152.5
DFR-01647,0,4310.0,0.0,1,0.0,,11275.0
DFR-01648,0,3846.0,0.0,0,0.0,,9615.0
DFR-01649,4,4810.0,0.0,1,0.0,,12525.0
DFR-01650,0,1165.0,0.0,0,0.0,,2912.5
DFR-01651,0,3239.0,0.0,1,0.0,,8597.5
DFR-01652,0,1980.0,0.0,0,0.0,,4950.0
DFR-01653,0,3792.0,0.0,3,0.0,,10980.0
DFR-01654,0,8830.0,0.0,0,0.0,,22075.0
DFR-01655,0,5899.0,0.0,1,0.0,,15247.5
DFR-01656,1,5189.0,0.0,0,0.0,,12972.5
DFR-01657,1,2968.0,0.0,0,0.0,,7420.0
DFR-01658,0,2203.0,0.0,1,0.0,,6007.5
DFR-01659,0,5329.0,0.0,0,0.0,,13322.5
DFR-01660,0,3211.0,0.0,0,0.0,,8027.5
DFR-01661,0,5990.0,0.0,0,0.0,,14975.0
DFR-01662,0,3216.0,0.0,0,0.0,,8040.0
DFR-01663,0,7941.0,0.0,0,0.0,,19852.5
DFR-01664,0,3580.0,0.0,0,0.0,,8950.0
DFR-01665,0,12911.0,0.0,1,0.0,,32777.5
DFR-01666,0,6350.0,0.0,2,0.0,,16875.0
DFR-01667,0,8818.0,0.0,1,0.0,,22545.0
DFR-01668,2,3559.0,0.0,0,0.0,,8897.5
DFR-01669,0,10542.0,0.0,1,0.0,,26855.0
DFR-01670,2,3422.0,0.0,0,0.0,,8555.0
DFR-01671,1,2072.0,0.0,0,0.0,,5180.0
DFR-01672,0,2392.0,0.0,1,0.0,,6480.0
DFR-01673,0,4978.0,0.0,0,0.0,,12445.0
DFR-01674,1,5031.0,0.0,2,0.0,,13577.5
DFR-01675,0,888.0,0.0,0,0.0,,2220.0
DFR-01676,0,7481.0,0.0,1,0.0,,19202.5
DFR-01677,0,7878.0,0.0,2,0.0,,20695.0
DFR-01678,0,9654.0,0.0,0,0.0,,24135.0
DFR-01679,0,7924.0,0.0,0,0.0,,19810.0
DFR-01680,0,3887.0,0.0,0,0.0,,9717.5
DFR-01681,0,10545.0,0.0,0,0.0,,26362.5
DFR-01682,1,3124.0,0.0,1,0.0,,8310.0
DFR-01683,0,2931.0,0.0,0,0.0,,7327.5
DFR-01684,0,7215.0,0.0,0,0.0,,18037.5
DFR-01685,1,1048.0,0.0,0,0.0,,2620.0
DFR-01686,0,5444.0,0.0,0,0.0,,13610.0
DFR-01687,0,10602.0,0.0,0,0.0,,26505.0
DFR-01688,1,1323.0,0.0,0,0.0,,3307.5
DFR-01689,0,1049.0,0.0,0,0.0,,2622.5
DFR-01690,0,1473.0,0.0,0,0.0,,3682.5
DFR-01691,1,2487.0,0.0,1,0.0,,6717.5
DFR-01692,0,7680.0,0.0,1,0.0,,19700.0
DFR-01693,0,10381.0,0.0,1,0.0,,26452.5
DFR-01694,0,2122.0,0.0,0,0.0,,5305.0
DFR-01695,1,8376.0,0.0,2,0.0,,21940.0
DFR-01696,2,7311.0,0.0,1,0.0,,18777.5
DFR-01697,0,4856.0,0.0,2,0.0,,13140.0
DFR-01698,0,3553.0,0.0,0,0.0,,8882.5
DFR-01699,0,5825.0,0.0,0,0.0,,14562.5
DFR-01700,0,1868.0,0.0,0,0.0,,4670.0
DFR-01701,1,4965.0,0.0,0,0.0,,12412.5
DFR-01702,0,1814.0,0.0,1,0.0,,5035.0
DFR-01703,2,4546.0,0.0,1,0.0,,11865.0
DFR-01704,1,2184.0,0.0,0,0.0,,5460.0
DFR-01705,0,1344.0,0.0,0,0.0,,3360.0
DFR-01706,0,12841.0,0.0,0,0.0,,32102.5
DFR-01707,1,977.0,0.0,0,0.0,,2442.5
DFR-01708,0,3668.0,0.0,0,0.0,,9170.0
DFR-01709,0,1084.0,0.0,0,0.0,,2710.0
DFR-01710,1,2994.0,0.0,0,0.0,,7485.0
DFR-01711,0,8083.0,0.0,0,0.0,,20207.5
DFR-01712,0,9692.0,0.0,1,0.0,,24730.0
DFR-01713,0,15813.0,0.0,1,0.0,,40032.5
DFR-01714,0,14920.0,0.0,2,0.0,,38300.0
DFR-01715,0,2111.0,0.0,0,0.0,,5277.5
DFR-01716,1,3453.0,0.0,0,0.0,,8632.5
DFR-01717,0,3470.0,0.0,0,0.0,,8675.0
DFR-01718,0,2126.0,0.0,0,0.0,,5315.0
DFR-01719,1,4720.0,0.0,1,0.0,,12300.0
DFR-01720,1,2744.0,0.0,1,0.0,,7360.0
DFR-01721,0,1233.0,0.0,1,0.0,,3582.5
DFR-01722,1,1223.0,0.0,0,0.0,,3057.5
DFR-01723,0,6028.0,0.0,0,0.0,,15070.0
DFR-01724,1,7272.0,0.0,0,0.0,,18180.0
DFR-01725,1,2199.0,0.0,0,0.0,,5497.5
DFR-01726,0,7535.0,0.0,1,0.0,,19337.5
DFR-01727,0,1459.0,0.0,0,0.0,,3647.5
DFR-01728,2,1411.0,0.0,1,0.0,,4027.5
DFR-01729,0,1905.0,0.0,1,0.0,,5262.5
DFR-01730,0,1393.0,0.0,0,0.0,,3482.5
DFR-01731,0,2608.0,0.0,1,0.0,,7020.0
DFR-01732,0,1393.0,0.0,1,0.0,,3982.5
DFR-01733,0,1441.0,0.0,0,0.0,,3602.5
DFR-01734,0,1027.0,0.0,0,0.0,,2567.5
DFR-01735,0,2650.0,0.0,1,0.0,,7125.0
DFR-01736,0,861.0,0.0,0,0.0,,2152.5
DFR-01737,0,1625.0,0.0,0,0.0,,4062.5
DFR-01738,0,3143.0,0.0,1,0.0,,8357.5
DFR-01739,0,1299.0,0.0,0,0.0,,3247.5
DFR-01740,5,1698.0,0.0,0,0.0,,4245.0
DFR-01741,1,2728.0,0.0,0,0.0,,6820.0
DFR-01742,0,7501.0,0.0,0,0.0,,18752.5
DFR-01743,0,2232.0,0.0,0,0.0,,5580.0
DFR-01744,0,6645.0,0.0,0,0.0,,16612.5
DFR-01745,0,1645.0,0.0,0,0.0,,4112.5
DFR-01746,1,4376.0,0.0,2,0.0,,11940.0
DFR-01747,0,12922.0,0.0,1,0.0,,32805.0
DFR-01748,0,1255.0,0.0,0,0.0,,3137.5
DFR-01749,0,6905.0,0.0,0,0.0,,17262.5
DFR-01750,0,3192.0,0.0,0,0.0,,7980.0
DFR-01751,0,7132.0,0.0,1,0.0,,18330.0
DFR-01752,0,3368.0,0.0,0,0.0,,8420.0
DFR-01753,0,1988.0,0.0,1,0.0,,5470.0
DFR-01754,0,1734.0,0.0,0,0.0,,4335.0
DFR-01755,0,3413.0,0.0,0,0.0,,8532.5
DFR-01756,0,2496.0,0.0,0,0.0,,6240.0
DFR-01757,0,4261.0,0.0,1,0.0,,11152.5
DFR-01758,0,1889.0,0.0,0,0.0,,4722.5
DFR-01759,0,3464.0,0.0,0,0.0,,8660.0
DFR-01760,1,9914.0,0.0,0,0.0,,24785.0
DFR-01761,0,1801.0,0.0,0,0.0,,4502.5
DFR-01762,0,3270.0,0.0,0,0.0,,8175.0
DFR-01763,0,3716.0,0.0,0,0.0,,9290.0
DFR-01764,0,10618.0,0.0,0,0.0,,26545.0
DFR-01765,1,2785.0,0.0,0,0.0,,6962.5
DFR-01766,0,1925.0,0.0,0,0.0,,4812.5
DFR-01767,0,3112.0,0.0,0,0.0,,7780.0
DFR-01768,1,13785.0,0.0,3,0.0,,35962.5
DFR-01769,0,9028.0,0.0,0,0.0,,22570.0
DFR-01770,1,4875.0,0.0,0,0.0,,12187.5
DFR-01771,0,1848.0,0.0,1,0.0,,5120.0
DFR-01772,1,4869.0,0.0,1,0.0,,12672.5
DFR-01773,1,4928.0,0.0,0,0.0,,12320.0
DFR-01774,0,16762.0,0.0,3,0.0,,43405.0
DFR-01775,0,3374.0,0.0,0,0.0,,8435.0
DFR-01776,0,10375.0,0.0,0,0.0,,25937.5
DFR-01777,0,5260.0,0.0,1,0.0,,13650.0
DFR-01778,3,6698.0,0.0,1,0.0,,17245.0
DFR-01779,1,5710.0,0.0,0,0.0,,14275.0
DFR-01780,1,3642.0,0.0,0,0.0,,9105.0
DFR-01781,0,9148.0,0.0,1,0.0,,23370.0
DFR-01782,0,762.0,0.0,0,0.0,,1905.0
DFR-01783,0,5205.0,0.0,1,0.0,,13512.5
DFR-01784,0,4916.0,0.0,0,0.0,,12290.0
DFR-01785,0,3706.0,0.0,0,0.0,,9265.0
DFR-01786,0,6722.0,0.0,1,0.0,,17305.0
DFR-01787,0,14729.0,0.0,0,0.0,,36822.5
DFR-01788,0,3233.0,0.0,0,0.0,,8082.5
DFR-01789,1,1567.0,0.0,0,0.0,,3917.5
DFR-01790,0,2869.0,0.0,0,0.0,,7172.5
DFR-01791,1,8705.0,0.0,0,0.0,,21762.5
DFR-01792,0,3923.0,0.0,2,0.0,,10807.5
DFR-01793,0,9575.0,0.0,2,0.0,,24937.5
DFR-01794,0,4546.0,0.0,0,0.0,,11365.0
DFR-01795,0,6615.0,0.0,0,0.0,,16537.5
DFR-01796,0,2323.0,0.0,0,0.0,,5807.5
DFR-01797,1,2967.0,0.0,0,0.0,,7417.5
DFR-01798,0,1888.0,0.0,0,0.0,,4720.0
DFR-01799,0,8751.0,0.0,0,0.0,,21877.5
DFR-01800,0,2628.0,0.0,0,0.0,,6570.0
DFR-01801,1,6809.0,0.0,0,0.0,,17022.5
DFR-01802,0,4095.0,0.0,0,0.0,,10237.5
DFR-01803,1,9480.0,0.0,0,0.0,,23700.0
DFR-01804,0,4530.0,0.0,0,0.0,,11325.0
DFR-01805,0,1731.0,0.0,0,0.0,,4327.5
DFR-01806,0,7105.0,0.0,1,0.0,,18262.5
DFR-01807,0,4202.0,0.0,1,0.0,,11005.0
DFR-01808,2,2286.0,0.0,0,0.0,,5715.0
DFR-01809,1,1517.0,0.0,0,0.0,,3792.5
DFR-01810,0,1754.0,0.0,0,0.0,,4385.0
DFR-01811,0,4454.0,0.0,0,0.0,,11135.0
DFR-01812,0,1571.0,0.0,0,0.0,,3927.5
DFR-01813,3,762.0,0.0,0,0.0,,1905.0
DFR-01814,0,6054.0,0.0,0,0.0,,15135.0
DFR-01815,0,4037.0,0.0,0,0.0,,10092.5
DFR-01816,1,9691.0,0.0,1,0.0,,24727.5
DFR-01817,0,4613.0,0.0,1,0.0,,12032.5
DFR-01818,0,1147.0,0.0,0,0.0,,2867.5
DFR-01819,0,1682.0,0.0,1,0.0,,4705.0
DFR-01820,0,3660.0,0.0,0,0.0,,9150.0
DFR-01821,0,5919.0,0.0,1,0.0,,15297.5
DFR-01822,0,7969.0,0.0,1,0.0,,20422.5
DFR-01823,0,6519.0,0.0,2,0.0,,17297.5
DFR-01824,0,6337.0,0.0,1,0.0,,16342.5
DFR-01825,0,1566.0,0.0,0,0.0,,3915.0
DFR-01826,0,6104.0,0.0,0,0.0,,15260.0
DFR-01827,0,11028.0,0.0,0,0.0,,27570.0
DFR-01828,0,9457.0,0.0,2,0.0,,24642.5
DFR-01829,0,1342.0,0.0,1,0.0,,3855.0
DFR-01830,2,2422.0,0.0,0,0.0,,6055.0
DFR-01831,0,4454.0,0.0,0,0.0,,11135.0
DFR-01832,0,2166.0,0.0,0,0.0,,5415.0
DFR-01833,0,2433.0,0.0,0,0.0,,6082.5
DFR-01834,1,1535.0,0.0,1,0.0,,4337.5
DFR-01835,0,1293.0,0.0,1,0.0,,3732.5
DFR-01836,2,4424.0,0.0,1,0.0,,11560.0
DFR-01837,0,714.0,0.0,0,0.0,,1785.0
DFR-01838,2,1202.0,0.0,0,0.0,,3005.0
DFR-01839,0,13039.0,0.0,2,0.0,,33597.5
DFR-01840,2,1354.0,0.0,1,0.0,,3885.0
DFR-01841,0,1332.0,0.0,0,0.0,,3330.0
DFR-01842,0,2314.0,0.0,1,0.0,,6285.0
DFR-01843,0,3683.0,0.0,1,0.0,,9707.5
DFR-01844,0,5534.0,0.0,1,0.0,,14335.0
DFR-01845,0,2085.0,0.0,0,0.0,,5212.5
DFR-01846,0,1805.0,0.0,0,0.0,,4512.5
DFR-01847,0,3006.0,0.0,0,0.0,,7515.0
DFR-01848,0,7320.0,0.0,0,0.0,,18300.0
DFR-01849,0,1586.0,0.0,0,0.0,,3965.0
DFR-01850,0,8688.0,0.0,0,0.0,,21720.0
DFR-01851,1,7668.0,0.0,0,0.0,,19170.0
DFR-01852,0,1652.0,0.0,0,0.0,,4130.0
DFR-01853,0,3058.0,0.0,0,0.0,,7645.0
DFR-01854,0,1062.0,0.0,0,0.0,,2655.0
DFR-01855,0,1530.0,0.0,0,0.0,,3825.0
DFR-01856,1,8277.0,0.0,1,0.0,,21192.5
DFR-01857,0,7607.0,0.0,0,0.0,,19017.5
DFR-01858,0,8477.0,0.0,0,0.0,,21192.5
DFR-01859,2,4726.0,0.0,0,0.0,,11815.0
DFR-01860,0,8364.0,0.0,2,0.0,,21910.0
DFR-01861,1,1278.0,0.0,0,0.0,,3195.0
DFR-01862,0,1567.0,0.0,0,0.0,,3917.5
DFR-01863,1,8828.0,0.0,1,0.0,,22570.0
DFR-01864,0,9404.0,0.0,1,0.0,,24010.0
DFR-01865,0,9874.0,0.0,0,0.0,,24685.0
DFR-01866,1,1004.0,0.0,0,0.0,,2510.0
DFR-01867,0,15179.0,0.0,2,0.0,,38947.5
DFR-01868,0,2445.0,0.0,0,0.0,,6112.5
DFR-01869,0,8669.0,0.0,3,0.0,,23172.5
DFR-01870,1,2451.0,0.0,2,0.0,,7127.5
DFR-01871,0,1603.0,0.0,1,0.0,,4507.5
DFR-01872,0,5625.0,0.0,0,0.0,,14062.5
DFR-01873,1,2602.0,0.0,0,0.0,,6505.0
DFR-01874,0,6814.0,0.0,1,0.0,,17535.0
DFR-01875,0,3533.0,0.0,1,0.0,,9332.5
DFR-01876,0,4205.0,0.0,3,0.0,,12012.5
DFR-01877,1,19836.0,0.0,2,0.0,,50590.0
DFR-01878,0,639.0,0.0,0,0.0,,1597.5
DFR-01879,0,1467.0,0.0,0,0.0,,3667.5
DFR-01880,0,6441.0,0.0,0,0.0,,16102.5
DFR-01881,1,3687.0,0.0,1,0.0,,9717.5
DFR-01882,0,4706.0,0.0,1,0.0,,12265.0
DFR-01883,0,1824.0,0.0,0,0.0,,4560.0
DFR-01884,0,3953.0,0.0,0,0.0,,9882.5
DFR-01885,0,15131.0,0.0,1,0.0,,38327.5
DFR-01886,0,7522.0,0.0,1,0.0,,19305.0
DFR-01887,0,1715.0,0.0,0,0.0,,4287.5
DFR-01888,0,3675.0,0.0,0,0.0,,9187.5
DFR-01889,0,2595.0,0.0,0,0.0,,6487.5
DFR-01890,0,1883.0,0.0,1,0.0,,5207.5
DFR-01891,0,10176.0,0.0,2,0.0,,26440.0
DFR-01892,0,2226.0,0.0,0,0.0,,5565.0
DFR-01893,0,3676.0,0.0,0,0.0,,9190.0
DFR-01894,0,1386.0,0.0,0,0.0,,3465.0
DFR-01895,0,12064.0,0.0,2,0.0,,31160.0
DFR-01896,0,2868.0,0.0,1,0.0,,7670.0
DFR-01897,1,2232.0,0.0,0,0.0,,5580.0
DFR-01898,2,1405.0,0.0,0,0.0,,3512.5
DFR-01899,1,5932.0,0.0,0,0.0,,14830.0
DFR-01900,0,4839.0,0.0,1,0.0,,12597.5
DFR-01901,2,4028.0,0.0,0,0.0,,10070.0
DFR-01902,0,4415.0,0.0,0,0.0,,11037.5
DFR-01903,0,3286.0,0.0,1,0.0,,8715.0
DFR-01904,0,4861.0,0.0,1,0.0,,12652.5
DFR-01905,0,8910.0,0.0,2,0.0,,23275.0
DFR-01906,0,1978.0,0.0,1,0.0,,5445.0
DFR-01907,0,1922.0,0.0,0,0.0,,4805.0
DFR-01908,0,1300.0,0.0,0,0.0,,3250.0
DFR-01909,0,3728.0,0.0,0,0.0,,9320.0
DFR-01910,0,2306.0,0.0,1,0.0,,6265.0
DFR-01911,0,4409.0,0.0,0,0.0,,11022.5
DFR-01912,0,3914.0,0.0,0,0.0,,9785.0
DFR-01913,0,7268.0,0.0,0,0.0,,18170.0
DFR-01914,0,1802.0,0.0,0,0.0,,4505.0
DFR-01915,0,3325.0,0.0,0,0.0,,8312.5
DFR-01916,0,2615.0,0.0,0,0.0,,6537.5
DFR-01917,0,2095.0,0.0,0,0.0,,5237.5
DFR-01918,0,1756.0,0.0,0,0.0,,4390.0
DFR-01919,0,7268.0,0.0,1,0.0,,18670.0
DFR-01920,0,2838.0,0.0,1,0.0,,7595.0
DFR-01921,0,2914.0,0.0,0,0.0,,7285.0
DFR-01922,1,1922.0,0.0,0,0.0,,4805.0
DFR-01923,1,1446.0,0.0,0,0.0,,3615.0
DFR-01924,0,2239.0,0.0,0,0.0,,5597.5
DFR-01925,0,10913.0,0.0,0,0.0,,27282.5
DFR-01926,0,779.0,0.0,0,0.0,,1947.5
DFR-01927,0,9914.0,0.0,0,0.0,,24785.0
DFR-01928,0,4006.0,0.0,0,0.0,,10015.0
DFR-01929,0,2986.0,0.0,0,0.0,,7465.0
DFR-01930,1,5616.0,0.0,0,0.0,,14040.0
DFR-01931,0,1705.0,0.0,1,0.0,,4762.5
DFR-01932,1,2247.0,0.0,0,0.0,,5617.5
DFR-01933,0,1968.0,0.0,1,0.0,,5420.0
DFR-01934,1,1749.0,0.0,0,0.0,,4372.5
DFR-01935,1,2410.0,0.0,1,0.0,,6525.0
DFR-01936,0,889.0,0.0,0,0.0,,2222.5
DFR-01937,0,2105.0,0.0,0,0.0,,5262.5
DFR-01938,0,3179.0,0.0,0,0.0,,7947.5
DFR-01939,0,3596.0,0.0,0,0.0,,8990.0
DFR-01940,0,3276.0,0.0,0,0.0,,8190.0
DFR-01941,0,3052.0,0.0,0,0.0,,7630.0
DFR-01942,2,3231.0,0.0,1,0.0,,8577.5
DFR-01943,0,3405.0,0.0,0,0.0,,8512.5
DFR-01944,0,6408.0,0.0,0,0.0,,16020.0
DFR-01945,0,1195.0,0.0,0,0.0,,2987.5
DFR-01946,0,1865.0,0.0,0,0.0,,4662.5
DFR-01947,0,3127.0,0.0,0,0.0,,7817.5
DFR-01948,1,9567.0,0.0,0,0.0,,23917.5
DFR-01949,1,18689.0,0.0,0,0.0,,46722.5
DFR-01950,0,2794.0,0.0,0,0.0,,6985.0
DFR-01951,0,9301.0,0.0,0,0.0,,23252.5
DFR-01952,0,1781.0,0.0,0,0.0,,4452.5
DFR-01953,0,6595.0,0.0,0,0.0,,16487.5
DFR-01954,0,4656.0,0.0,0,0.0,,11640.0
DFR-01955,0,1403.0,0.0,0,0.0,,3507.5
DFR-01956,0,8301.0,0.0,1,0.0,,21252.5
DFR-01957,0,2725.0,0.0,0,0.0,,6812.5
DFR-01958,0,2353.0,0.0,0,0.0,,5882.5
DFR-01959,0,5454.0,0.0,0,0.0,,13635.0
DFR-01960,1,11467.0,0.0,0,0.0,,28667.5
DFR-01961,0,6391.0,0.0,0,0.0,,15977.5
DFR-01962,0,2312.0,0.0,0,0.0,,5780.0
DFR-01963,0,9095.0,0.0,0,0.0,,22737.5
DFR-01964,0,2378.0,0.0,0,0.0,,5945.0
DFR-01965,0,1802.0,0.0,0,0.0,,4505.0
DFR-01966,1,2731.0,0.0,0,0.0,,6827.5
DFR-01967,1,4111.0,0.0,1,0.0,,10777.5
DFR-01968,0,10925.0,0.0,0,0.0,,27312.5
DFR-01969,2,1329.0,0.0,0,0.0,,3322.5
DFR-01970,0,1957.0,0.0,1,0.0,,5392.5
DFR-01971,0,3637.0,0.0,0,0.0,,9092.5
DFR-01972,1,7083.0,0.0,1,0.0,,18207.5
DFR-01973,0,2353.0,0.0,1,0.0,,6382.5
DFR-01974,0,929.0,0.0,0,0.0,,2322.5
DFR-01975,1,4901.0,0.0,1,0.0,,12752.5
DFR-01976,0,3311.0,0.0,0,0.0,,8277.5
DFR-01977,0,11240.0,0.0,0,0.0,,28100.0
DFR-01978,0,7764.0,0.0,1,0.0,,19910.0
DFR-01979,1,9746.0,0.0,0,0.0,,24365.0
DFR-01980,0,2239.0,0.0,0,0.0,,5597.5
DFR-01981,1,1269.0,0.0,0,0.0,,3172.5
DFR-01982,0,7197.0,0.0,0,0.0,,17992.5
DFR-01983,0,9653.0,0.0,0,0.0,,24132.5
DFR-01984,0,7265.0,0.0,0,0.0,,18162.5
DFR-01985,1,5308.0,0.0,1,0.0,,13770.0
DFR-01986,0,1747.0,0.0,0,0.0,,4367.5
DFR-01987,0,1692.0,0.0,0,0.0,,4230.0
DFR-01988,0,8749.0,0.0,0,0.0,,21872.5
DFR-01989,0,714.0,0.0,0,0.0,,1785.0
DFR-01990,0,933.0,0.0,0,0.0,,2332.5
DFR-01991,0,4020.0,0.0,0,0.0,,10050.0
DFR-01992,0,1768.0,0.0,0,0.0,,4420.0
DFR-01993,0,590.0,0.0,0,0.0,,1475.0
DFR-01994,0,3515.0,0.0,1,0.0,,9287.5
DFR-01995,0,4031.0,0.0,0,0.0,,10077.5
DFR-01996,0,3167.0,0.0,0,0.0,,7917.5
DFR-01997,0,2419.0,0.0,0,0.0,,6047.5
DFR-01998,0,2513.0,0.0,0,0.0,,6282.5
DFR-01999,0,7635.0,0.0,1,0.0,,19587.5
DFR-02000,0,4627.0,0.0,0,0.0,,11567.5
DFR-02001,0,9372.0,0.0,1,0.0,,23930.0
DFR-02002,0,6015.0,0.0,1,0.0,,15537.5
DFR-02003,1,4217.0,0.0,0,0.0,,10542.5
DFR-02004,0,1085.0,0.0,0,0.0,,2712.5
DFR-02005,0,10320.0,0.0,1,0.0,,26300.0
DFR-02006,0,8145.0,0.0,0,0.0,,20362.5
DFR-02007,0,4439.0,0.0,2,0.0,,12097.5
DFR-02008,0,1508.0,0.0,0,0.0,,3770.0
DFR-02009,0,8663.0,0.0,2,0.0,,22657.5
DFR-02010,0,3289.0,0.0,1,0.0,,8722.5
RCL-02011,0,0.0,0.0,0,0.0,,0.0
RCL-02012,0,0.0,0.0,0,0.0,,0.0
RCL-02013,0,0.0,0.0,0,0.0,,0.0
RCL-02014,0,0.0,0.0,0,0.0,,0.0
RCL-02015,0,0.0,0.0,0,0.0,,0.0
RCL-02016,0,0.0,0.0,0,0.0,,0.0
RCL-02017,0,0.0,0.0,0,0.0,,0.0
RCL-02018,0,0.0,0.0,0,0.0,,0.0
RCL-02019,0,0.0,0.0,0,0.0,,0.0
RCL-02020,0,0.0,0.0,0,0.0,,0.0
RCL-02021,0,0.0,0.0,0,0.0,,0.0
RCL-02022,0,0.0,0.0,0,0.0,,0.0
RCL-02023,0,0.0,0.0,0,0.0,,0.0
RCL-02024,0,0.0,0.0,0,0.0,,0.0
RCL-02025,0,0.0,0.0,0,0.0,,0.0
RCL-02026,0,0.0,0.0,0,0.0,,0.0
RCL-02027,0,0.0,0.0,0,0.0,,0.0
RCL-02028,0,0.0,0.0,0,0.0,,0.0
RCL-02029,0,0.0,0.0,0,0.0,,0.0
RCL-02030,0,0.0,0.0,0,0.0,,0.0
RCL-02031,0,0.0,0.0,0,0.0,,0.0
RCL-02032,0,0.0,0.0,0,0.0,,0.0
RCL-02033,0,0.0,0.0,0,0.0,,0.0
RCL-02034,0,0.0,0.0,0,0.0,,0.0
RCL-02035,0,0.0,0.0,0,0.0,,0.0
RCL-02036,0,0.0,0.0,0,0.0,,0.0
RCL-02037,0,0.0,0.0,0,0.0,,0.0
RCL-02038,0,0.0,0.0,0,0.0,,0.0
RCL-02039,0,0.0,0.0,0,0.0,,0.0
RCL-02040,0,0.0,0.0,0,0.0,,0.0
RCL-02041,0,0.0,0.0,0,0.0,,0.0
RCL-02042,0,0.0,0.0,0,0.0,,0.0
RCL-02043,0,0.0,0.0,0,0.0,,0.0
RCL-02044,0,0.0,0.0,0,0.0,,0.0
RCL-02045,0,0.0,0.0,0,0.0,,0.0
RCL-02046,0,0.0,0.0,0,0.0,,0.0
RCL-02047,0,0.0,0.0,0,0.0,,0.0
RCL-02048,0,0.0,0.0,0,0.0,,0.0
RCL-02049,0,0.0,0.0,0,0.0,,0.0
RCL-02050,0,0.0,0.0,0,0.0,,0.0
RCL-02051,0,0.0,0.0,0,0.0,,0.0
RCL-02052,0,0.0,0.0,0,0.0,,0.0
RCL-02053,0,0.0,0.0,0,0.0,,0.0
RCL-02054,0,0.0,0.0,0,0.0,,0.0
RCL-02055,0,0.0,0.0,0,0.0,,0.0
RCL-02056,0,0.0,0.0,0,0.0,,0.0
RCL-02057,0,0.0,0.0,0,0.0,,0.0
RCL-02058,0,0.0,0.0,0,0.0,,0.0
RCL-02059,0,0.0,0.0,0,0.0,,0.0
RCL-02060,0,0.0,0.0,0,0.0,,0.0
RCL-02061,0,0.0,0.0,0,0.0,,0.0
RCL-02062,0,0.0,0.0,0,0.0,,0.0
RCL-02063,0,0.0,0.0,0,0.0,,0.0
RCL-02064,0,0.0,0.0,0,0.0,,0.0
RCL-02065,0,0.0,0.0,0,0.0,,0.0
RCL-02066,0,0.0,0.0,0,0.0,,0.0
RCL-02067,0,0.0,0.0,0,0.0,,0.0
RCL-02068,0,0.0,0.0,0,0.0,,0.0
RCL-02069,0,0.0,0.0,0,0.0,,0.0
RCL-02070,0,0.0,0.0,0,0.0,,0.0
RCL-02071,0,0.0,0.0,0,0.0,,0.0
RCL-02072,0,0.0,0.0,0,0.0,,0.0
RCL-02073,0,0.0,0.0,0,0.0,,0.0
RCL-02074,0,0.0,0.0,0,0.0,,0.0
RCL-02075,0,0.0,0.0,0,0.0,,0.0
RCL-02076,0,0.0,0.0,0,0.0,,0.0
RCL-02077,0,0.0,0.0,0,0.0,,0.0
RCL-02078,0,0.0,0.0,0,0.0,,0.0
RCL-02079,0,0.0,0.0,0,0.0,,0.0
RCL-02080,0,0.0,0.0,0,0.0,,0.0
RCL-02081,0,0.0,0.0,0,0.0,,0.0
RCL-02082,0,0.0,0.0,0,0.0,,0.0
RCL-02083,0,0.0,0.0,0,0.0,,0.0
RCL-02084,0,0.0,0.0,0,0.0,,0.0
RCL-02085,0,0.0,0.0,0,0.0,,0.0
RCL-02086,0,0.0,0.0,0,0.0,,0.0
RCL-02087,0,0.0,0.0,0,0.0,,0.0
RCL-02088,0,0.0,0.0,0,0.0,,0.0
RCL-02089,0,0.0,0.0,0,0.0,,0.0
RCL-02090,0,0.0,0.0,0,0.0,,0.0
RCL-02091,0,0.0,0.0,0,0.0,,0.0
RCL-02092,0,0.0,0.0,0,0.0,,0.0
RCL-02093,0,0.0,0.0,0,0.0,,0.0
RCL-02094,0,0.0,0.0,0,0.0,,0.0
RCL-02095,0,0.0,0.0,0,0.0,,0.0
RCL-02096,0,0.0,0.0,0,0.0,,0.0
RCL-02097,0,0.0,0.0,0,0.0,,0.0
RCL-02098,0,0.0,0.0,0,0.0,,0.0
RCL-02099,0,0.0,0.0,0,0.0,,0.0
RCL-02100,0,0.0,0.0,0,0.0,,0.0
RCL-02101,0,0.0,0.0,0,0.0,,0.0
RCL-02102,0,0.0,0.0,0,0.0,,0.0
RCL-02103,0,0.0,0.0,0,0.0,,0.0
RCL-02104,0,0.0,0.0,0,0.0,,0.0
RCL-02105,0,0.0,0.0,0,0.0,,0.0
RCL-02106,0,0.0,0.0,0,0.0,,0.0
RCL-02107,0,0.0,0.0,0,0.0,,0.0
RCL-02108,0,0.0,0.0,0,0.0,,0.0
RCL-02109,0,0.0,0.0,0,0.0,,0.0
RCL-02110,0,0.0,0.0,0,0.0,,0.0
RCL-02111,0,0.0,0.0,0,0.0,,0.0
RCL-02112,0,0.0,0.0,0,0.0,,0.0
RCL-02113,0,0.0,0.0,0,0.0,,0.0
RCL-02114,0,0.0,0.0,0,0.0,,0.0
RCL-02115,0,0.0,0.0,0,0.0,,0.0
RCL-02116,0,0.0,0.0,0,0.0,,0.0
RCL-02117,0,0.0,0.0,0,0.0,,0.0
RCL-02118,0,0.0,0.0,0,0.0,,0.0
RCL-02119,0,0.0,0.0,0,0.0,,0.0
RCL-02120,0,0.0,0.0,0,0.0,,0.0
RCL-02121,0,0.0,0.0,0,0.0,,0.0
RCL-02122,0,0.0,0.0,0,0.0,,0.0
RCL-02123,0,0.0,0.0,0,0.0,,0.0
RCL-02124,0,0.0,0.0,0,0.0,,0.0
RCL-02125,0,0.0,0.0,0,0.0,,0.0
RCL-02126,0,0.0,0.0,0,0.0,,0.0
RCL-02127,0,0.0,0.0,0,0.0,,0.0
RCL-02128,0,0.0,0.0,0,0.0,,0.0
RCL-02129,0,0.0,0.0,0,0.0,,0.0
RCL-02130,0,0.0,0.0,0,0.0,,0.0
RCL-02131,0,0.0,0.0,0,0.0,,0.0
RCL-02132,0,0.0,0.0,0,0.0,,0.0
RCL-02133,0,0.0,0.0,0,0.0,,0.0
RCL-02134,0,0.0,0.0,0,0.0,,0.0
RCL-02135,0,0.0,0.0,0,0.0,,0.0
RCL-02136,0,0.0,0.0,0,0.0,,0.0
RCL-02137,0,0.0,0.0,0,0.0,,0.0
RCL-02138,0,0.0,0.0,0,0.0,,0.0
RCL-02139,0,0.0,0.0,0,0.0,,0.0
RCL-02140,0,0.0,0.0,0,0.0,,0.0
RCL-02141,0,0.0,0.0,0,0.0,,0.0
RCL-02142,0,0.0,0.0,0,0.0,,0.0
RCL-02143,0,0.0,0.0,0,0.0,,0.0
RCL-02144,0,0.0,0.0,0,0.0,,0.0
RCL-02145,0,0.0,0.0,0,0.0,,0.0
RCL-02146,0,0.0,0.0,0,0.0,,0.0
RCL-02147,0,0.0,0.0,0,0.0,,0.0
RCL-02148,0,0.0,0.0,0,0.0,,0.0
RCL-02149,0,0.0,0.0,0,0.0,,0.0
RCL-02150,0,0.0,0.0,0,0.0,,0.0
RCL-02151,0,0.0,0.0,0,0.0,,0.0
RCL-02152,0,0.0,0.0,0,0.0,,0.0
RCL-02153,0,0.0,0.0,0,0.0,,0.0
RCL-02154,0,0.0,0.0,0,0.0,,0.0
RCL-02155,0,0.0,0.0,0,0.0,,0.0
RCL-02156,0,0.0,0.0,0,0.0,,0.0
RCL-02157,0,0.0,0.0,0,0.0,,0.0
RCL-02158,0,0.0,0.0,0,0.0,,0.0
RCL-02159,0,0.0,0.0,0,0.0,,0.0
RCL-02160,0,0.0,0.0,0,0.0,,0.0
RCL-02161,0,0.0,0.0,0,0.0,,0.0
RCL-02162,0,0.0,0.0,0,0.0,,0.0
RCL-02163,0,0.0,0.0,0,0.0,,0.0
RCL-02164,0,0.0,0.0,0,0.0,,0.0
RCL-02165,0,0.0,0.0,0,0.0,,0.0
RCL-02166,0,0.0,0.0,0,0.0,,0.0
RCL-02167,0,0.0,0.0,0,0.0,,0.0
RCL-02168,0,0.0,0.0,0,0.0,,0.0
RCL-02169,0,0.0,0.0,0,0.0,,0.0
RCL-02170,0,0.0,0.0,0,0.0,,0.0
RCL-02171,0,0.0,0.0,0,0.0,,0.0
RCL-02172,0,0.0,0.0,0,0.0,,0.0
RCL-02173,0,0.0,0.0,0,0.0,,0.0
RCL-02174,0,0.0,0.0,0,0.0,,0.0
RCL-02175,0,0.0,0.0,0,0.0,,0.0
RCL-02176,0,0.0,0.0,0,0.0,,0.0
RCL-02177,0,0.0,0.0,0,0.0,,0.0
RCL-02178,0,0.0,0.0,0,0.0,,0.0
RCL-02179,0,0.0,0.0,0,0.0,,0.0
RCL-02180,0,0.0,0.0,0,0.0,,0.0
RCL-02181,0,0.0,0.0,0,0.0,,0.0
RCL-02182,0,0.0,0.0,0,0.0,,0.0
RCL-02183,0,0.0,0.0,0,0.0,,0.0
RCL-02184,0,0.0,0.0,0,0.0,,0.0
RCL-02185,0,0.0,0.0,0,0.0,,0.0
RCL-02186,0,0.0,0.0,0,0.0,,0.0
RCL-02187,0,0.0,0.0,0,0.0,,0.0
RCL-02188,0,0.0,0.0,0,0.0,,0.0
RCL-02189,0,0.0,0.0,0,0.0,,0.0
RCL-02190,0,0.0,0.0,0,0.0,,0.0
RCL-02191,0,0.0,0.0,0,0.0,,0.0
RCL-02192,0,0.0,0.0,0,0.0,,0.0
RCL-02193,0,0.0,0.0,0,0.0,,0.0
RCL-02194,0,0.0,0.0,0,0.0,,0.0
RCL-02195,0,0.0,0.0,0,0.0,,0.0
RCL-02196,0,0.0,0.0,0,0.0,,0.0
RCL-02197,0,0.0,0.0,0,0.0,,0.0
RCL-02198,0,0.0,0.0,0,0.0,,0.0
RCL-02199,0,0.0,0.0,0,0.0,,0.0
RCL-02200,0,0.0,0.0,0,0.0,,0.0
RCL-02201,0,0.0,0.0,0,0.0,,0.0
RCL-02202,0,0.0,0.0,0,0.0,,0.0
RCL-02203,0,0.0,0.0,0,0.0,,0.0
RCL-02204,0,0.0,0.0,0,0.0,,0.0
RCL-02205,0,0.0,0.0,0,0.0,,0.0
RCL-02206,0,0.0,0.0,0,0.0,,0.0
RCL-02207,0,0.0,0.0,0,0.0,,0.0
RCL-02208,0,0.0,0.0,0,0.0,,0.0
RCL-02209,0,0.0,0.0,0,0.0,,0.0
RCL-02210,0,0.0,0.0,0,0.0,,0.0
WTP-02211,96,0.0,523323.0,7,0.0,,526823.0
WTP-02212,72,0.0,314678.0,4,0.0,,316678.0
WTP-02213,0,0.0,0.0,0,0.0,,0.0
WTP-02214,0,0.0,0.0,0,0.0,,0.0
WTP-02215,0,0.0,0.0,0,0.0,,0.0
WTP-02216,0,0.0,0.0,0,0.0,,0.0
WTP-02217,66,0.0,310390.0,5,0.0,,312890.0
WTP-02218,0,0.0,0.0,0,0.0,,0.0
WTP-02219,364,0.0,1891708.0,25,0.0,,1904208.0
WTP-02220,0,0.0,0.0,0,0.0,,0.0
WTP-02221,183,0.0,1425279.0,24,0.0,,1437279.0
WTP-02222,440,0.0,3473397.0,61,0.0,,3503897.0
WTP-02223,0,0.0,0.0,0,0.0,,0.0
WTP-02224,6,0.0,10709.0,0,0.0,,10709.0
WTP-02225,23,0.0,50514.0,2,0.0,,51514.0
PMP-02226,2,0.0,12104.0,0,0.0,,12104.0
PMP-02227,5,0.0,12740.0,0,0.0,,12740.0
PMP-02228,2,0.0,10231.0,0,0.0,,10231.0
PMP-02229,1,0.0,21657.0,0,0.0,,21657.0
PMP-02230,2,0.0,11619.0,0,0.0,,11619.0
PMP-02231,5,0.0,8410.0,1,0.0,,8910.0
PMP-02232,1,0.0,7261.0,1,0.0,,7761.0
PMP-02233,2,0.0,35826.0,0,0.0,,35826.0
PMP-02234,7,0.0,56517.0,1,0.0,,57017.0
PMP-02235,1,0.0,13316.0,0,0.0,,13316.0
PMP-02236,3,0.0,4491.0,0,0.0,,4491.0
PMP-02237,3,0.0,38685.0,0,0.0,,38685.0
PMP-02238,2,0.0,5300.0,0,0.0,,5300.0
PMP-02239,0,0.0,5434.0,0,0.0,,5434.0
PMP-02240,1,0.0,11348.0,0,0.0,,11348.0
PMP-02241,4,0.0,51726.0,0,0.0,,51726.0
PMP-02242,3,0.0,6404.0,0,0.0,,6404.0
PMP-02243,4,0.0,52032.0,0,0.0,,52032.0
PMP-02244,3,0.0,10821.0,3,0.0,,12321.0
PMP-02245,9,0.0,12217.0,1,0.0,,12717.0
PMP-02246,0,0.0,7727.0,0,0.0,,7727.0
PMP-02247,4,0.0,24799.0,0,0.0,,24799.0
PMP-02248,4,0.0,16735.0,0,0.0,,16735.0
PMP-02249,5,0.0,24776.0,0,0.0,,24776.0
PMP-02250,0,0.0,15226.0,1,0.0,,15726.0
PMP-02251,6,0.0,20496.0,1,0.0,,20996.0
PMP-02252,7,0.0,21074.0,0,0.0,,21074.0
PMP-02253,4,0.0,22236.0,1,0.0,,22736.0
PMP-02254,4,0.0,15625.0,1,0.0,,16125.0
PMP-02255,8,0.0,95240.0,2,0.0,,96240.0
PMP-02256,3,0.0,27069.0,1,0.0,,27569.0
PMP-02257,0,0.0,3998.0,0,0.0,,3998.0
PMP-02258,5,0.0,10709.0,0,0.0,,10709.0
PMP-02259,0,0.0,7583.0,0,0.0,,7583.0
PMP-02260,0,0.0,7764.0,0,0.0,,7764.0
PMP-02261,3,0.0,41750.0,1,0.0,,42250.0
PMP-02262,2,0.0,19930.0,0,0.0,,19930.0
PMP-02263,6,0.0,18774.0,0,0.0,,18774.0
PMP-02264,1,0.0,40728.0,0,0.0,,40728.0
PMP-02265,3,0.0,19559.0,1,0.0,,20059.0
PMP-02266,4,0.0,63217.0,0,0.0,,63217.0
PMP-02267,4,0.0,28928.0,0,0.0,,28928.0
PMP-02268,1,0.0,14528.0,0,0.0,,14528.0
PMP-02269,4,0.0,45962.0,0,0.0,,45962.0
PMP-02270,1,0.0,48956.0,0,0.0,,48956.0
PMP-02271,3,0.0,47711.0,1,0.0,,48211.0
PMP-02272,0,0.0,31187.0,0,0.0,,31187.0
PMP-02273,0,0.0,49570.0,0,0.0,,49570.0
PMP-02274,1,0.0,16620.0,1,0.0,,17120.0
PMP-02275,6,0.0,84113.0,0,0.0,,84113.0
PMP-02276,3,0.0,8615.0,0,0.0,,8615.0
PMP-02277,0,0.0,9569.0,1,0.0,,10069.0
PMP-02278,9,0.0,15496.0,0,0.0,,15496.0
PMP-02279,4,0.0,37333.0,1,0.0,,37833.0
PMP-02280,1,0.0,8171.0,2,0.0,,9171.0
PMP-02281,7,0.0,12699.0,1,0.0,,13199.0
PMP-02282,1,0.0,71859.0,1,0.0,,72359.0
PMP-02283,4,0.0,46377.0,0,0.0,,46377.0
PMP-02284,8,0.0,30031.0,0,0.0,,30031.0
PMP-02285,4,0.0,24662.0,0,0.0,,24662.0
PMP-02286,8,0.0,32795.0,0,0.0,,32795.0
PMP-02287,3,0.0,11024.0,0,0.0,,11024.0
PMP-02288,2,0.0,6376.0,0,0.0,,6376.0
PMP-02289,1,0.0,58403.0,0,0.0,,58403.0
PMP-02290,3,0.0,17260.0,0,0.0,,17260.0
PMP-02291,1,0.0,11155.0,0,0.0,,11155.0
PMP-02292,9,0.0,71918.0,1,0.0,,72418.0
PMP-02293,1,0.0,5517.0,0,0.0,,5517.0
PMP-02294,5,0.0,12845.0,0,0.0,,12845.0
PMP-02295,1,0.0,23702.0,2,0.0,,24702.0
PMP-02296,1,0.0,15854.0,0,0.0,,15854.0
PMP-02297,8,0.0,13489.0,0,0.0,,13489.0
PMP-02298,5,0.0,40132.0,0,0.0,,40132.0
PMP-02299,7,0.0,10154.0,0,0.0,,10154.0
PMP-02300,2,0.0,10434.0,0,0.0,,10434.0
PMP-02301,0,0.0,14076.0,0,0.0,,14076.0
PMP-02302,4,0.0,31978.0,1,0.0,,32478.0
PMP-02303,7,0.0,48253.0,1,0.0,,48753.0
PMP-02304,4,0.0,22701.0,1,0.0,,23201.0
PMP-02305,0,0.0,14767.0,0,0.0,,14767.0
PMP-02306,6,0.0,22981.0,0,0.0,,22981.0
PMP-02307,3,0.0,78603.0,0,0.0,,78603.0
PMP-02308,3,0.0,49372.0,0,0.0,,49372.0
PMP-02309,5,0.0,6746.0,0,0.0,,6746.0
PMP-02310,2,0.0,4689.0,0,0.0,,4689.0
PMP-02311,4,0.0,69325.0,1,0.0,,69825.0
PMP-02312,3,0.0,10072.0,0,0.0,,10072.0
PMP-02313,0,0.0,30658.0,2,0.0,,31658.0
PMP-02314,0,0.0,8577.0,0,0.0,,8577.0
PMP-02315,8,0.0,39306.0,0,0.0,,39306.0
PMP-02316,8,0.0,12472.0,0,0.0,,12472.0
PMP-02317,7,0.0,33029.0,1,0.0,,33529.0
PMP-02318,0,0.0,15515.0,0,0.0,,15515.0
PMP-02319,0,0.0,47913.0,1,0.0,,48413.0
PMP-02320,9,0.0,13452.0,0,0.0,,13452.0
PMP-02321,1,0.0,9158.0,0,0.0,,9158.0
PMP-02322,3,0.0,5527.0,1,0.0,,6027.0
PMP-02323,3,0.0,9119.0,0,0.0,,9119.0
PMP-02324,7,0.0,7236.0,0,0.0,,7236.0
PMP-02325,0,0.0,17509.0,1,0.0,,18009.0
PMP-02326,1,0.0,20625.0,0,0.0,,20625.0
PMP-02327,4,0.0,47671.0,0,0.0,,47671.0
PMP-02328,2,0.0,14886.0,0,0.0,,14886.0
PMP-02329,1,0.0,8489.0,0,0.0,,8489.0
PMP-02330,1,0.0,28554.0,1,0.0,,29054.0
PMP-02331,5,0.0,48906.0,1,0.0,,49406.0
PMP-02332,4,0.0,23287.0,0,0.0,,23287.0
PMP-02333,8,0.0,9088.0,1,0.0,,9588.0
PMP-02334,2,0.0,28430.0,1,0.0,,28930.0
PMP-02335,3,0.0,26724.0,2,0.0,,27724.0
PMP-02336,1,0.0,37578.0,0,0.0,,37578.0
PMP-02337,5,0.0,7075.0,0,0.0,,7075.0
PMP-02338,4,0.0,27530.0,0,0.0,,27530.0
PMP-02339,2,0.0,32159.0,1,0.0,,32659.0
PMP-02340,0,0.0,69724.0,1,0.0,,70224.0
PMP-02341,4,0.0,29829.0,1,0.0,,30329.0
PMP-02342,3,0.0,56110.0,1,0.0,,56610.0
PMP-02343,2,0.0,35255.0,0,0.0,,35255.0
PMP-02344,1,0.0,10111.0,0,0.0,,10111.0
PMP-02345,4,0.0,48539.0,0,0.0,,48539.0
PMP-02346,3,0.0,35157.0,1,0.0,,35657.0
PMP-02347,1,0.0,7799.0,0,0.0,,7799.0
PMP-02348,0,0.0,27107.0,0,0.0,,27107.0
PMP-02349,4,0.0,8880.0,0,0.0,,8880.0
PMP-02350,4,0.0,30106.0,1,0.0,,30606.0
PMP-02351,6,0.0,13375.0,0,0.0,,13375.0
PMP-02352,1,0.0,26265.0,2,0.0,,27265.0
PMP-02353,2,0.0,17978.0,0,0.0,,17978.0
PMP-02354,1,0.0,9843.0,0,0.0,,9843.0
PMP-02355,0,0.0,8867.0,0,0.0,,8867.0
PMP-02356,1,0.0,15538.0,0,0.0,,15538.0
PMP-02357,3,0.0,48914.0,2,0.0,,49914.0
PMP-02358,7,0.0,59535.0,1,0.0,,60035.0
PMP-02359,3,0.0,20426.0,0,0.0,,20426.0
PMP-02360,4,0.0,18845.0,1,0.0,,19345.0
PMP-02361,6,0.0,92065.0,2,0.0,,93065.0
PMP-02362,0,0.0,5058.0,0,0.0,,5058.0
PMP-02363,3,0.0,82490.0,0,0.0,,82490.0
PMP-02364,3,0.0,17455.0,0,0.0,,17455.0
PMP-02365,0,0.0,41183.0,0,0.0,,41183.0
PMP-02366,1,0.0,9815.0,0,0.0,,9815.0
PMP-02367,2,0.0,15770.0,0,0.0,,15770.0
PMP-02368,8,0.0,16331.0,0,0.0,,16331.0
PMP-02369,2,0.0,14793.0,0,0.0,,14793.0
PMP-02370,5,0.0,5813.0,0,0.0,,5813.0
PMP-02371,2,0.0,38100.0,1,0.0,,38600.0
PMP-02372,0,0.0,39090.0,1,0.0,,39590.0
PMP-02373,2,0.0,4609.0,0,0.0,,4609.0
PMP-02374,1,0.0,45709.0,0,0.0,,45709.0
PMP-02375,3,0.0,24121.0,0,0.0,,24121.0
PMP-02376,4,0.0,17615.0,1,0.0,,18115.0
PMP-02377,5,0.0,10686.0,1,0.0,,11186.0
PMP-02378,2,0.0,31726.0,0,0.0,,31726.0
PMP-02379,0,0.0,14461.0,0,0.0,,14461.0
PMP-02380,4,0.0,21891.0,1,0.0,,22391.0
PMP-02381,5,0.0,31874.0,0,0.0,,31874.0
PMP-02382,2,0.0,26788.0,0,0.0,,26788.0
PMP-02383,3,0.0,60131.0,1,0.0,,60631.0
PMP-02384,4,0.0,82225.0,1,0.0,,82725.0
PMP-02385,4,0.0,13524.0,0,0.0,,13524.0
PMP-02386,5,0.0,33496.0,0,0.0,,33496.0
PMP-02387,4,0.0,8714.0,0,0.0,,8714.0
PMP-02388,0,0.0,9645.0,1,0.0,,10145.0
PMP-02389,3,0.0,41843.0,0,0.0,,41843.0
PMP-02390,2,0.0,13658.0,0,0.0,,13658.0
PMP-02391,2,0.0,28193.0,0,0.0,,28193.0
PMP-02392,7,0.0,20948.0,1,0.0,,21448.0
PMP-02393,6,0.0,47085.0,1,0.0,,47585.0
PMP-02394,5,0.0,6151.0,0,0.0,,6151.0
PMP-02395,2,0.0,17014.0,0,0.0,,17014.0
PMP-02396,4,0.0,16815.0,0,0.0,,16815.0
PMP-02397,0,0.0,6623.0,0,0.0,,6623.0
PMP-02398,7,0.0,8150.0,1,0.0,,8650.0
PMP-02399,3,0.0,5640.0,1,0.0,,6140.0
PMP-02400,3,0.0,34429.0,1,0.0,,34929.0
PMP-02401,7,0.0,8147.0,0,0.0,,8147.0
PMP-02402,8,0.0,30917.0,0,0.0,,30917.0
PMP-02403,1,0.0,46344.0,2,0.0,,47344.0
PMP-02404,2,0.0,38742.0,0,0.0,,38742.0
PMP-02405,3,0.0,11352.0,0,0.0,,11352.0
PMP-02406,3,0.0,30740.0,0,0.0,,30740.0
PMP-02407,1,0.0,9068.0,0,0.0,,9068.0
PMP-02408,3,0.0,19776.0,1,0.0,,20276.0
PMP-02409,1,0.0,13095.0,2,0.0,,14095.0
PMP-02410,4,0.0,71070.0,1,0.0,,71570.0
PMP-02411,5,0.0,66439.0,4,0.0,,68439.0
PMP-02412,2,0.0,10712.0,0,0.0,,10712.0
PMP-02413,3,0.0,21220.0,0,0.0,,21220.0
PMP-02414,3,0.0,13784.0,0,0.0,,13784.0
PMP-02415,6,0.0,16434.0,0,0.0,,16434.0
PMP-02416,2,0.0,21826.0,0,0.0,,21826.0
PMP-02417,2,0.0,13549.0,0,0.0,,13549.0
PMP-02418,3,0.0,31437.0,0,0.0,,31437.0
PMP-02419,8,0.0,10066.0,0,0.0,,10066.0
PMP-02420,4,0.0,15994.0,1,0.0,,16494.0
PMP-02421,9,0.0,12463.0,0,0.0,,12463.0
PMP-02422,3,0.0,13295.0,0,0.0,,13295.0
PMP-02423,5,0.0,13410.0,1,0.0,,13910.0
PMP-02424,0,0.0,11643.0,0,0.0,,11643.0
PMP-02425,2,0.0,56139.0,0,0.0,,56139.0
PMP-02426,0,0.0,18960.0,0,0.0,,18960.0
PMP-02427,3,0.0,8244.0,0,0.0,,8244.0
PMP-02428,1,0.0,15236.0,1,0.0,,15736.0
PMP-02429,0,0.0,20348.0,0,0.0,,20348.0
PMP-02430,2,0.0,26651.0,0,0.0,,26651.0
PMP-02431,0,0.0,30362.0,0,0.0,,30362.0
PMP-02432,1,0.0,27720.0,0,0.0,,27720.0
PMP-02433,1,0.0,30369.0,0,0.0,,30369.0
PMP-02434,8,0.0,66632.0,1,0.0,,67132.0
PMP-02435,3,0.0,87079.0,1,0.0,,87579.0
PMP-02436,4,0.0,28545.0,0,0.0,,28545.0
PMP-02437,1,0.0,9226.0,0,0.0,,9226.0
PMP-02438,9,0.0,37980.0,1,0.0,,38480.0
PMP-02439,3,0.0,63080.0,2,0.0,,64080.0
PMP-02440,1,0.0,24816.0,1,0.0,,25316.0
PMP-02441,7,0.0,11952.0,0,0.0,,11952.0
PMP-02442,3,0.0,19897.0,0,0.0,,19897.0
PMP-02443,2,0.0,29573.0,1,0.0,,30073.0
PMP-02444,8,0.0,64909.0,0,0.0,,64909.0
PMP-02445,2,0.0,20844.0,0,0.0,,20844.0
PMP-02446,0,0.0,9578.0,0,0.0,,9578.0
PMP-02447,4,0.0,6491.0,0,0.0,,6491.0
PMP-02448,2,0.0,55216.0,1,0.0,,55716.0
PMP-02449,4,0.0,15846.0,0,0.0,,15846.0
PMP-02450,8,0.0,8922.0,0,0.0,,8922.0
PMP-02451,1,0.0,17088.0,0,0.0,,17088.0
PMP-02452,3,0.0,37281.0,2,0.0,,38281.0
PMP-02453,6,0.0,10065.0,0,0.0,,10065.0
PMP-02454,2,0.0,44956.0,0,0.0,,44956.0
PMP-02455,1,0.0,69464.0,2,0.0,,70464.0
PMP-02456,4,0.0,6540.0,0,0.0,,6540.0
PMP-02457,5,0.0,13682.0,0,0.0,,13682.0
PMP-02458,4,0.0,12528.0,0,0.0,,12528.0
PMP-02459,11,0.0,23926.0,1,0.0,,24426.0
PMP-02460,2,0.0,5553.0,0,0.0,,5553.0
PMP-02461,0,0.0,19925.0,0,0.0,,19925.0
PMP-02462,2,0.0,11305.0,0,0.0,,11305.0
PMP-02463,2,0.0,35339.0,0,0.0,,35339.0
PMP-02464,1,0.0,15352.0,1,0.0,,15852.0
PMP-02465,2,0.0,65428.0,1,0.0,,65928.0
PMP-02466,2,0.0,35491.0,2,0.0,,36491.0
PMP-02467,1,0.0,30376.0,0,0.0,,30376.0
PMP-02468,2,0.0,53885.0,0,0.0,,53885.0
PMP-02469,7,0.0,16891.0,0,0.0,,16891.0
PMP-02470,5,0.0,107027.0,1,0.0,,107527.0
PMP-02471,0,0.0,6938.0,0,0.0,,6938.0
PMP-02472,0,0.0,5973.0,0,0.0,,5973.0
PMP-02473,2,0.0,11361.0,0,0.0,,11361.0
PMP-02474,3,0.0,23114.0,1,0.0,,23614.0
PMP-02475,2,0.0,17538.0,0,0.0,,17538.0
PMP-02476,7,0.0,93029.0,1,0.0,,93529.0
PMP-02477,9,0.0,35702.0,2,0.0,,36702.0
PMP-02478,1,0.0,10416.0,0,0.0,,10416.0
PMP-02479,12,0.0,56168.0,0,0.0,,56168.0
PMP-02480,3,0.0,11504.0,0,0.0,,11504.0
PMP-02481,2,0.0,8156.0,0,0.0,,8156.0
PMP-02482,2,0.0,12933.0,0,0.0,,12933.0
PMP-02483,4,0.0,10453.0,0,0.0,,10453.0
PMP-02484,2,0.0,5115.0,0,0.0,,5115.0
PMP-02485,5,0.0,23625.0,0,0.0,,23625.0
PMP-02486,5,0.0,54161.0,0,0.0,,54161.0
PMP-02487,4,0.0,51215.0,2,0.0,,52215.0
PMP-02488,1,0.0,26481.0,0,0.0,,26481.0
PMP-02489,2,0.0,28958.0,1,0.0,,29458.0
PMP-02490,1,0.0,21003.0,0,0.0,,21003.0
PMP-02491,1,0.0,7412.0,0,0.0,,7412.0
PMP-02492,2,0.0,22918.0,0,0.0,,22918.0
PMP-02493,1,0.0,65096.0,1,0.0,,65596.0
PMP-02494,2,0.0,26764.0,0,0.0,,26764.0
PMP-02495,8,0.0,46783.0,0,0.0,,46783.0
PMP-02496,3,0.0,61073.0,1,0.0,,61573.0
PMP-02497,6,0.0,46529.0,0,0.0,,46529.0
PMP-02498,3,0.0,16336.0,1,0.0,,16836.0
PMP-02499,3,0.0,24594.0,2,0.0,,25594.0
PMP-02500,2,0.0,14410.0,0,0.0,,14410.0
PMP-02501,3,0.0,9702.0,0,0.0,,9702.0
PMP-02502,1,0.0,11277.0,1,0.0,,11777.0
PMP-02503,5,0.0,44816.0,1,0.0,,45316.0
PMP-02504,2,0.0,30131.0,0,0.0,,30131.0
PMP-02505,3,0.0,38290.0,1,0.0,,38790.0
PMP-02506,3,0.0,49626.0,1,0.0,,50126.0
PMP-02507,0,0.0,34011.0,0,0.0,,34011.0
PMP-02508,0,0.0,4360.0,0,0.0,,4360.0
PMP-02509,4,0.0,47299.0,0,0.0,,47299.0
PMP-02510,1,0.0,20534.0,1,0.0,,21034.0
PMP-02511,2,0.0,18888.0,1,0.0,,19388.0
PMP-02512,1,0.0,11416.0,0,0.0,,11416.0
PMP-02513,0,0.0,9942.0,0,0.0,,9942.0
PMP-02514,0,0.0,5410.0,0,0.0,,5410.0
PMP-02515,1,0.0,11002.0,0,0.0,,11002.0
PMP-02516,4,0.0,31312.0,0,0.0,,31312.0
PMP-02517,8,0.0,19767.0,1,0.0,,20267.0
PMP-02518,4,0.0,45877.0,1,0.0,,46377.0
PMP-02519,5,0.0,65317.0,2,0.0,,66317.0
PMP-02520,0,0.0,17765.0,1,0.0,,18265.0
PMP-02521,1,0.0,37226.0,1,0.0,,37726.0
PMP-02522,6,0.0,35986.0,1,0.0,,36486.0
PMP-02523,1,0.0,24231.0,0,0.0,,24231.0
PMP-02524,4,0.0,11159.0,0,0.0,,11159.0
PMP-02525,8,0.0,10091.0,2,0.0,,11091.0
TNK-02526,0,0.0,0.0,0,0.0,,0.0
TNK-02527,0,0.0,0.0,0,0.0,,0.0
TNK-02528,0,0.0,0.0,0,0.0,,0.0
TNK-02529,0,0.0,0.0,0,0.0,,0.0
TNK-02530,0,0.0,0.0,0,0.0,,0.0
TNK-02531,0,0.0,0.0,0,0.0,,0.0
TNK-02532,0,0.0,0.0,0,0.0,,0.0
TNK-02533,0,0.0,0.0,0,0.0,,0.0
TNK-02534,0,0.0,0.0,0,0.0,,0.0
TNK-02535,0,0.0,0.0,0,0.0,,0.0
TNK-02536,0,0.0,0.0,0,0.0,,0.0
TNK-02537,0,0.0,0.0,0,0.0,,0.0
TNK-02538,0,0.0,0.0,0,0.0,,0.0
TNK-02539,0,0.0,0.0,0,0.0,,0.0
TNK-02540,0,0.0,0.0,0,0.0,,0.0
TNK-02541,0,0.0,0.0,0,0.0,,0.0
TNK-02542,0,0.0,0.0,0,0.0,,0.0
TNK-02543,0,0.0,0.0,0,0.0,,0.0
TNK-02544,0,0.0,0.0,0,0.0,,0.0
TNK-02545,0,0.0,0.0,0,0.0,,0.0
TNK-02546,0,0.0,0.0,0,0.0,,0.0
TNK-02547,0,0.0,0.0,0,0.0,,0.0
TNK-02548,0,0.0,0.0,0,0.0,,0.0
TNK-02549,0,0.0,0.0,0,0.0,,0.0
TNK-02550,0,0.0,0.0,0,0.0,,0.0
TNK-02551,0,0.0,0.0,0,0.0,,0.0
TNK-02552,0,0.0,0.0,0,0.0,,0.0
TNK-02553,0,0.0,0.0,0,0.0,,0.0
TNK-02554,0,0.0,0.0,0,0.0,,0.0
TNK-02555,0,0.0,0.0,0,0.0,,0.0
TNK-02556,0,0.0,0.0,0,0.0,,0.0
TNK-02557,0,0.0,0.0,0,0.0,,0.0
TNK-02558,0,0.0,0.0,0,0.0,,0.0
TNK-02559,0,0.0,0.0,0,0.0,,0.0
TNK-02560,0,0.0,0.0,0,0.0,,0.0
TNK-02561,0,0.0,0.0,0,0.0,,0.0
TNK-02562,0,0.0,0.0,0,0.0,,0.0
TNK-02563,0,0.0,0.0,0,0.0,,0.0
TNK-02564,0,0.0,0.0,0,0.0,,0.0
TNK-02565,0,0.0,0.0,0,0.0,,0.0
TNK-02566,0,0.0,0.0,0,0.0,,0.0
TNK-02567,0,0.0,0.0,0,0.0,,0.0
TNK-02568,0,0.0,0.0,0,0.0,,0.0
TNK-02569,0,0.0,0.0,0,0.0,,0.0
TNK-02570,0,0.0,0.0,0,0.0,,0.0
TNK-02571,0,0.0,0.0,0,0.0,,0.0
TNK-02572,0,0.0,0.0,0,0.0,,0.0
TNK-02573,0,0.0,0.0,0,0.0,,0.0
TNK-02574,0,0.0,0.0,0,0.0,,0.0
TNK-02575,0,0.0,0.0,0,0.0,,0.0
TNK-02576,0,0.0,0.0,0,0.0,,0.0
TNK-02577,0,0.0,0.0,0,0.0,,0.0
TNK-02578,0,0.0,0.0,0,0.0,,0.0
TNK-02579,0,0.0,0.0,0,0.0,,0.0
TNK-02580,0,0.0,0.0,0,0.0,,0.0
TNK-02581,0,0.0,0.0,0,0.0,,0.0
TNK-02582,0,0.0,0.0,0,0.0,,0.0
TNK-02583,0,0.0,0.0,0,0.0,,0.0
TNK-02584,0,0.0,0.0,0,0.0,,0.0
TNK-02585,0,0.0,0.0,0,0.0,,0.0
TNK-02586,0,0.0,0.0,0,0.0,,0.0
TNK-02587,0,0.0,0.0,0,0.0,,0.0
TNK-02588,0,0.0,0.0,0,0.0,,0.0
TNK-02589,0,0.0,0.0,0,0.0,,0.0
TNK-02590,0,0.0,0.0,0,0.0,,0.0
TNK-02591,0,0.0,0.0,0,0.0,,0.0
TNK-02592,0,0.0,0.0,0,0.0,,0.0
TNK-02593,0,0.0,0.0,0,0.0,,0.0
TNK-02594,0,0.0,0.0,0,0.0,,0.0
TNK-02595,0,0.0,0.0,0,0.0,,0.0
TNK-02596,0,0.0,0.0,0,0.0,,0.0
TNK-02597,0,0.0,0.0,0,0.0,,0.0
TNK-02598,0,0.0,0.0,0,0.0,,0.0
TNK-02599,0,0.0,0.0,0,0.0,,0.0
TNK-02600,0,0.0,0.0,0,0.0,,0.0
TNK-02601,0,0.0,0.0,0,0.0,,0.0
TNK-02602,0,0.0,0.0,0,0.0,,0.0
TNK-02603,0,0.0,0.0,0,0.0,,0.0
TNK-02604,0,0.0,0.0,0,0.0,,0.0
TNK-02605,0,0.0,0.0,0,0.0,,0.0
TNK-02606,0,0.0,0.0,0,0.0,,0.0
TNK-02607,0,0.0,0.0,0,0.0,,0.0
TNK-02608,0,0.0,0.0,0,0.0,,0.0
TNK-02609,0,0.0,0.0,0,0.0,,0.0
TNK-02610,0,0.0,0.0,0,0.0,,0.0
TNK-02611,0,0.0,0.0,0,0.0,,0.0
TNK-02612,0,0.0,0.0,0,0.0,,0.0
TNK-02613,0,0.0,0.0,0,0.0,,0.0
TNK-02614,0,0.0,0.0,0,0.0,,0.0
TNK-02615,0,0.0,0.0,0,0.0,,0.0
TNK-02616,0,0.0,0.0,0,0.0,,0.0
TNK-02617,0,0.0,0.0,0,0.0,,0.0
TNK-02618,0,0.0,0.0,0,0.0,,0.0
TNK-02619,0,0.0,0.0,0,0.0,,0.0
TNK-02620,0,0.0,0.0,0,0.0,,0.0
TNK-02621,0,0.0,0.0,0,0.0,,0.0
TNK-02622,0,0.0,0.0,0,0.0,,0.0
TNK-02623,0,0.0,0.0,0,0.0,,0.0
TNK-02624,0,0.0,0.0,0,0.0,,0.0
TNK-02625,0,0.0,0.0,0,0.0,,0.0
TNK-02626,0,0.0,0.0,0,0.0,,0.0
TNK-02627,0,0.0,0.0,0,0.0,,0.0
TNK-02628,0,0.0,0.0,0,0.0,,0.0
TNK-02629,0,0.0,0.0,0,0.0,,0.0
TNK-02630,0,0.0,0.0,0,0.0,,0.0
TNK-02631,0,0.0,0.0,0,0.0,,0.0
TNK-02632,0,0.0,0.0,0,0.0,,0.0
TNK-02633,0,0.0,0.0,0,0.0,,0.0
TNK-02634,0,0.0,0.0,0,0.0,,0.0
TNK-02635,0,0.0,0.0,0,0.0,,0.0
TNK-02636,0,0.0,0.0,0,0.0,,0.0
TNK-02637,0,0.0,0.0,0,0.0,,0.0
TNK-02638,0,0.0,0.0,0,0.0,,0.0
TNK-02639,0,0.0,0.0,0,0.0,,0.0
TNK-02640,0,0.0,0.0,0,0.0,,0.0
TNK-02641,0,0.0,0.0,0,0.0,,0.0
TNK-02642,0,0.0,0.0,0,0.0,,0.0
TNK-02643,0,0.0,0.0,0,0.0,,0.0
TNK-02644,0,0.0,0.0,0,0.0,,0.0
TNK-02645,0,0.0,0.0,0,0.0,,0.0
TNK-02646,0,0.0,0.0,0,0.0,,0.0
TNK-02647,0,0.0,0.0,0,0.0,,0.0
TNK-02648,0,0.0,0.0,0,0.0,,0.0
TNK-02649,0,0.0,0.0,0,0.0,,0.0
TNK-02650,0,0.0,0.0,0,0.0,,0.0
TNK-02651,0,0.0,0.0,0,0.0,,0.0
TNK-02652,0,0.0,0.0,0,0.0,,0.0
TNK-02653,0,0.0,0.0,0,0.0,,0.0
TNK-02654,0,0.0,0.0,0,0.0,,0.0
TNK-02655,0,0.0,0.0,0,0.0,,0.0
TNK-02656,0,0.0,0.0,0,0.0,,0.0
TNK-02657,0,0.0,0.0,0,0.0,,0.0
TNK-02658,0,0.0,0.0,0,0.0,,0.0
TNK-02659,0,0.0,0.0,0,0.0,,0.0
TNK-02660,0,0.0,0.0,0,0.0,,0.0
TNK-02661,0,0.0,0.0,0,0.0,,0.0
TNK-02662,0,0.0,0.0,0,0.0,,0.0
TNK-02663,0,0.0,0.0,0,0.0,,0.0
TNK-02664,0,0.0,0.0,0,0.0,,0.0
TNK-02665,0,0.0,0.0,0,0.0,,0.0
TNK-02666,0,0.0,0.0,0,0.0,,0.0
TNK-02667,0,0.0,0.0,0,0.0,,0.0
TNK-02668,0,0.0,0.0,0,0.0,,0.0
TNK-02669,0,0.0,0.0,0,0.0,,0.0
TNK-02670,0,0.0,0.0,0,0.0,,0.0
TNK-02671,0,0.0,0.0,0,0.0,,0.0
TNK-02672,0,0.0,0.0,0,0.0,,0.0
TNK-02673,0,0.0,0.0,0,0.0,,0.0
TNK-02674,0,0.0,0.0,0,0.0,,0.0
TNK-02675,0,0.0,0.0,0,0.0,,0.0
WMN-02676,0,0.0,0.0,0,0.0,,0.0
WMN-02677,0,0.0,0.0,0,0.0,,0.0
WMN-02678,0,0.0,0.0,0,0.0,,0.0
WMN-02679,0,0.0,0.0,0,0.0,,0.0
WMN-02680,0,0.0,0.0,0,0.0,,0.0
WMN-02681,0,0.0,0.0,0,0.0,,0.0
WMN-02682,0,0.0,0.0,0,0.0,,0.0
WMN-02683,0,0.0,0.0,0,0.0,,0.0
WMN-02684,0,0.0,0.0,0,0.0,,0.0
WMN-02685,0,0.0,0.0,0,0.0,,0.0
WMN-02686,0,0.0,0.0,0,0.0,,0.0
WMN-02687,0,0.0,0.0,0,0.0,,0.0
WMN-02688,0,0.0,0.0,0,0.0,,0.0
WMN-02689,0,0.0,0.0,0,0.0,,0.0
WMN-02690,0,0.0,0.0,0,0.0,,0.0
WMN-02691,0,0.0,0.0,0,0.0,,0.0
WMN-02692,0,0.0,0.0,0,0.0,,0.0
WMN-02693,0,0.0,0.0,0,0.0,,0.0
WMN-02694,0,0.0,0.0,0,0.0,,0.0
WMN-02695,0,0.0,0.0,0,0.0,,0.0
WMN-02696,0,0.0,0.0,0,0.0,,0.0
WMN-02697,0,0.0,0.0,0,0.0,,0.0
WMN-02698,0,0.0,0.0,0,0.0,,0.0
WMN-02699,0,0.0,0.0,0,0.0,,0.0
WMN-02700,0,0.0,0.0,0,0.0,,0.0
WMN-02701,0,0.0,0.0,0,0.0,,0.0
WMN-02702,0,0.0,0.0,0,0.0,,0.0
WMN-02703,0,0.0,0.0,0,0.0,,0.0
WMN-02704,0,0.0,0.0,0,0.0,,0.0
WMN-02705,0,0.0,0.0,0,0.0,,0.0
WMN-02706,0,0.0,0.0,0,0.0,,0.0
WMN-02707,0,0.0,0.0,0,0.0,,0.0
WMN-02708,0,0.0,0.0,0,0.0,,0.0
WMN-02709,0,0.0,0.0,0,0.0,,0.0
WMN-02710,0,0.0,0.0,0,0.0,,0.0
WMN-02711,0,0.0,0.0,0,0.0,,0.0
WMN-02712,0,0.0,0.0,0,0.0,,0.0
WMN-02713,0,0.0,0.0,0,0.0,,0.0
WMN-02714,0,0.0,0.0,0,0.0,,0.0
WMN-02715,0,0.0,0.0,0,0.0,,0.0
WMN-02716,0,0.0,0.0,0,0.0,,0.0
WMN-02717,0,0.0,0.0,0,0.0,,0.0
WMN-02718,0,0.0,0.0,0,0.0,,0.0
WMN-02719,0,0.0,0.0,0,0.0,,0.0
WMN-02720,0,0.0,0.0,0,0.0,,0.0
WMN-02721,0,0.0,0.0,0,0.0,,0.0
WMN-02722,0,0.0,0.0,0,0.0,,0.0
WMN-02723,0,0.0,0.0,0,0.0,,0.0
WMN-02724,0,0.0,0.0,0,0.0,,0.0
WMN-02725,0,0.0,0.0,0,0.0,,0.0
WMN-02726,0,0.0,0.0,0,0.0,,0.0
WMN-02727,0,0.0,0.0,0,0.0,,0.0
WMN-02728,0,0.0,0.0,0,0.0,,0.0
WMN-02729,0,0.0,0.0,0,0.0,,0.0
WMN-02730,0,0.0,0.0,0,0.0,,0.0
WMN-02731,0,0.0,0.0,0,0.0,,0.0
WMN-02732,0,0.0,0.0,0,0.0,,0.0
WMN-02733,0,0.0,0.0,0,0.0,,0.0
WMN-02734,0,0.0,0.0,0,0.0,,0.0
WMN-02735,0,0.0,0.0,0,0.0,,0.0
WMN-02736,0,0.0,0.0,0,0.0,,0.0
WMN-02737,0,0.0,0.0,0,0.0,,0.0
WMN-02738,0,0.0,0.0,0,0.0,,0.0
WMN-02739,0,0.0,0.0,0,0.0,,0.0
WMN-02740,0,0.0,0.0,0,0.0,,0.0
WMN-02741,0,0.0,0.0,0,0.0,,0.0
WMN-02742,0,0.0,0.0,0,0.0,,0.0
WMN-02743,0,0.0,0.0,0,0.0,,0.0
WMN-02744,0,0.0,0.0,0,0.0,,0.0
WMN-02745,0,0.0,0.0,0,0.0,,0.0
WMN-02746,0,0.0,0.0,0,0.0,,0.0
WMN-02747,0,0.0,0.0,0,0.0,,0.0
WMN-02748,0,0.0,0.0,0,0.0,,0.0
WMN-02749,0,0.0,0.0,0,0.0,,0.0
WMN-02750,0,0.0,0.0,0,0.0,,0.0
WMN-02751,0,0.0,0.0,0,0.0,,0.0
WMN-02752,0,0.0,0.0,0,0.0,,0.0
WMN-02753,0,0.0,0.0,0,0.0,,0.0
WMN-02754,0,0.0,0.0,0,0.0,,0.0
WMN-02755,0,0.0,0.0,0,0.0,,0.0
WMN-02756,0,0.0,0.0,0,0.0,,0.0
WMN-02757,0,0.0,0.0,0,0.0,,0.0
WMN-02758,0,0.0,0.0,0,0.0,,0.0
WMN-02759,0,0.0,0.0,0,0.0,,0.0
WMN-02760,0,0.0,0.0,0,0.0,,0.0
WMN-02761,0,0.0,0.0,0,0.0,,0.0
WMN-02762,0,0.0,0.0,0,0.0,,0.0
WMN-02763,0,0.0,0.0,0,0.0,,0.0
WMN-02764,0,0.0,0.0,0,0.0,,0.0
WMN-02765,0,0.0,0.0,0,0.0,,0.0
WMN-02766,0,0.0,0.0,0,0.0,,0.0
WMN-02767,0,0.0,0.0,0,0.0,,0.0
WMN-02768,0,0.0,0.0,0,0.0,,0.0
WMN-02769,0,0.0,0.0,0,0.0,,0.0
WMN-02770,0,0.0,0.0,0,0.0,,0.0
WMN-02771,0,0.0,0.0,0,0.0,,0.0
WMN-02772,0,0.0,0.0,0,0.0,,0.0
WMN-02773,0,0.0,0.0,0,0.0,,0.0
WMN-02774,0,0.0,0.0,0,0.0,,0.0
WMN-02775,0,0.0,0.0,0,0.0,,0.0
WMN-02776,0,0.0,0.0,0,0.0,,0.0
WMN-02777,0,0.0,0.0,0,0.0,,0.0
WMN-02778,0,0.0,0.0,0,0.0,,0.0
WMN-02779,0,0.0,0.0,0,0.0,,0.0
WMN-02780,0,0.0,0.0,0,0.0,,0.0
WMN-02781,0,0.0,0.0,0,0.0,,0.0
WMN-02782,0,0.0,0.0,0,0.0,,0.0
WMN-02783,0,0.0,0.0,0,0.0,,0.0
WMN-02784,0,0.0,0.0,0,0.0,,0.0
WMN-02785,0,0.0,0.0,0,0.0,,0.0
WMN-02786,0,0.0,0.0,0,0.0,,0.0
WMN-02787,0,0.0,0.0,0,0.0,,0.0
WMN-02788,0,0.0,0.0,0,0.0,,0.0
WMN-02789,0,0.0,0.0,0,0.0,,0.0
WMN-02790,0,0.0,0.0,0,0.0,,0.0
WMN-02791,0,0.0,0.0,0,0.0,,0.0
WMN-02792,0,0.0,0.0,0,0.0,,0.0
WMN-02793,0,0.0,0.0,0,0.0,,0.0
WMN-02794,0,0.0,0.0,0,0.0,,0.0
WMN-02795,0,0.0,0.0,0,0.0,,0.0
WMN-02796,0,0.0,0.0,0,0.0,,0.0
WMN-02797,0,0.0,0.0,0,0.0,,0.0
WMN-02798,0,0.0,0.0,0,0.0,,0.0
WMN-02799,0,0.0,0.0,0,0.0,,0.0
WMN-02800,0,0.0,0.0,0,0.0,,0.0
WMN-02801,0,0.0,0.0,0,0.0,,0.0
WMN-02802,0,0.0,0.0,0,0.0,,0.0
WMN-02803,0,0.0,0.0,0,0.0,,0.0
WMN-02804,0,0.0,0.0,0,0.0,,0.0
WMN-02805,0,0.0,0.0,0,0.0,,0.0
WMN-02806,0,0.0,0.0,0,0.0,,0.0
WMN-02807,0,0.0,0.0,0,0.0,,0.0
WMN-02808,0,0.0,0.0,0,0.0,,0.0
WMN-02809,0,0.0,0.0,0,0.0,,0.0
WMN-02810,0,0.0,0.0,0,0.0,,0.0
WMN-02811,0,0.0,0.0,0,0.0,,0.0
WMN-02812,0,0.0,0.0,0,0.0,,0.0
WMN-02813,0,0.0,0.0,0,0.0,,0.0
WMN-02814,0,0.0,0.0,0,0.0,,0.0
WMN-02815,0,0.0,0.0,0,0.0,,0.0
WMN-02816,0,0.0,0.0,0,0.0,,0.0
WMN-02817,0,0.0,0.0,0,0.0,,0.0
WMN-02818,0,0.0,0.0,0,0.0,,0.0
WMN-02819,0,0.0,0.0,0,0.0,,0.0
WMN-02820,0,0.0,0.0,0,0.0,,0.0
WMN-02821,0,0.0,0.0,0,0.0,,0.0
WMN-02822,0,0.0,0.0,0,0.0,,0.0
WMN-02823,0,0.0,0.0,0,0.0,,0.0
WMN-02824,0,0.0,0.0,0,0.0,,0.0
WMN-02825,0,0.0,0.0,0,0.0,,0.0
WMN-02826,0,0.0,0.0,0,0.0,,0.0
WMN-02827,0,0.0,0.0,0,0.0,,0.0
WMN-02828,0,0.0,0.0,0,0.0,,0.0
WMN-02829,0,0.0,0.0,0,0.0,,0.0
WMN-02830,0,0.0,0.0,0,0.0,,0.0
WMN-02831,0,0.0,0.0,0,0.0,,0.0
WMN-02832,0,0.0,0.0,0,0.0,,0.0
WMN-02833,0,0.0,0.0,0,0.0,,0.0
WMN-02834,0,0.0,0.0,0,0.0,,0.0
WMN-02835,0,0.0,0.0,0,0.0,,0.0
WMN-02836,0,0.0,0.0,0,0.0,,0.0
WMN-02837,0,0.0,0.0,0,0.0,,0.0
WMN-02838,0,0.0,0.0,0,0.0,,0.0
WMN-02839,0,0.0,0.0,0,0.0,,0.0
WMN-02840,0,0.0,0.0,0,0.0,,0.0
WMN-02841,0,0.0,0.0,0,0.0,,0.0
WMN-02842,0,0.0,0.0,0,0.0,,0.0
WMN-02843,0,0.0,0.0,0,0.0,,0.0
WMN-02844,0,0.0,0.0,0,0.0,,0.0
WMN-02845,0,0.0,0.0,0,0.0,,0.0
WMN-02846,0,0.0,0.0,0,0.0,,0.0
WMN-02847,0,0.0,0.0,0,0.0,,0.0
WMN-02848,0,0.0,0.0,0,0.0,,0.0
WMN-02849,0,0.0,0.0,0,0.0,,0.0
WMN-02850,0,0.0,0.0,0,0.0,,0.0
WMN-02851,0,0.0,0.0,0,0.0,,0.0
WMN-02852,0,0.0,0.0,0,0.0,,0.0
WMN-02853,0,0.0,0.0,0,0.0,,0.0
WMN-02854,0,0.0,0.0,0,0.0,,0.0
WMN-02855,0,0.0,0.0,0,0.0,,0.0
WMN-02856,0,0.0,0.0,0,0.0,,0.0
WMN-02857,0,0.0,0.0,0,0.0,,0.0
WMN-02858,0,0.0,0.0,0,0.0,,0.0
WMN-02859,0,0.0,0.0,0,0.0,,0.0
WMN-02860,0,0.0,0.0,0,0.0,,0.0
WMN-02861,0,0.0,0.0,0,0.0,,0.0
WMN-02862,0,0.0,0.0,0,0.0,,0.0
WMN-02863,0,0.0,0.0,0,0.0,,0.0
WMN-02864,0,0.0,0.0,0,0.0,,0.0
WMN-02865,0,0.0,0.0,0,0.0,,0.0
WMN-02866,0,0.0,0.0,0,0.0,,0.0
WMN-02867,0,0.0,0.0,0,0.0,,0.0
WMN-02868,0,0.0,0.0,0,0.0,,0.0
WMN-02869,0,0.0,0.0,0,0.0,,0.0
WMN-02870,0,0.0,0.0,0,0.0,,0.0
WMN-02871,0,0.0,0.0,0,0.0,,0.0
WMN-02872,0,0.0,0.0,0,0.0,,0.0
WMN-02873,0,0.0,0.0,0,0.0,,0.0
WMN-02874,0,0.0,0.0,0,0.0,,0.0
WMN-02875,0,0.0,0.0,0,0.0,,0.0
WMN-02876,0,0.0,0.0,0,0.0,,0.0
WMN-02877,0,0.0,0.0,0,0.0,,0.0
WMN-02878,0,0.0,0.0,0,0.0,,0.0
WMN-02879,0,0.0,0.0,0,0.0,,0.0
WMN-02880,0,0.0,0.0,0,0.0,,0.0
WMN-02881,0,0.0,0.0,0,0.0,,0.0
WMN-02882,0,0.0,0.0,0,0.0,,0.0
WMN-02883,0,0.0,0.0,0,0.0,,0.0
WMN-02884,0,0.0,0.0,0,0.0,,0.0
WMN-02885,0,0.0,0.0,0,0.0,,0.0
WMN-02886,0,0.0,0.0,0,0.0,,0.0
WMN-02887,0,0.0,0.0,0,0.0,,0.0
WMN-02888,0,0.0,0.0,0,0.0,,0.0
WMN-02889,0,0.0,0.0,0,0.0,,0.0
WMN-02890,0,0.0,0.0,0,0.0,,0.0
WMN-02891,0,0.0,0.0,0,0.0,,0.0
WMN-02892,0,0.0,0.0,0,0.0,,0.0
WMN-02893,0,0.0,0.0,0,0.0,,0.0
WMN-02894,0,0.0,0.0,0,0.0,,0.0
WMN-02895,0,0.0,0.0,0,0.0,,0.0
WMN-02896,0,0.0,0.0,0,0.0,,0.0
WMN-02897,0,0.0,0.0,0,0.0,,0.0
WMN-02898,0,0.0,0.0,0,0.0,,0.0
WMN-02899,0,0.0,0.0,0,0.0,,0.0
WMN-02900,0,0.0,0.0,0,0.0,,0.0
WMN-02901,0,0.0,0.0,0,0.0,,0.0
WMN-02902,0,0.0,0.0,0,0.0,,0.0
WMN-02903,0,0.0,0.0,0,0.0,,0.0
WMN-02904,0,0.0,0.0,0,0.0,,0.0
WMN-02905,0,0.0,0.0,0,0.0,,0.0
WMN-02906,0,0.0,0.0,0,0.0,,0.0
WMN-02907,0,0.0,0.0,0,0.0,,0.0
WMN-02908,0,0.0,0.0,0,0.0,,0.0
WMN-02909,0,0.0,0.0,0,0.0,,0.0
WMN-02910,0,0.0,0.0,0,0.0,,0.0
WMN-02911,0,0.0,0.0,0,0.0,,0.0
WMN-02912,0,0.0,0.0,0,0.0,,0.0
WMN-02913,0,0.0,0.0,0,0.0,,0.0
WMN-02914,0,0.0,0.0,0,0.0,,0.0
WMN-02915,0,0.0,0.0,0,0.0,,0.0
WMN-02916,0,0.0,0.0,0,0.0,,0.0
WMN-02917,0,0.0,0.0,0,0.0,,0.0
WMN-02918,0,0.0,0.0,0,0.0,,0.0
WMN-02919,0,0.0,0.0,0,0.0,,0.0
WMN-02920,0,0.0,0.0,0,0.0,,0.0
WMN-02921,0,0.0,0.0,0,0.0,,0.0
WMN-02922,0,0.0,0.0,0,0.0,,0.0
WMN-02923,0,0.0,0.0,0,0.0,,0.0
WMN-02924,0,0.0,0.0,0,0.0,,0.0
WMN-02925,0,0.0,0.0,0,0.0,,0.0
WMN-02926,0,0.0,0.0,0,0.0,,0.0
WMN-02927,0,0.0,0.0,0,0.0,,0.0
WMN-02928,0,0.0,0.0,0,0.0,,0.0
WMN-02929,0,0.0,0.0,0,0.0,,0.0
WMN-02930,0,0.0,0.0,0,0.0,,0.0
WMN-02931,0,0.0,0.0,0,0.0,,0.0
WMN-02932,0,0.0,0.0,0,0.0,,0.0
WMN-02933,0,0.0,0.0,0,0.0,,0.0
WMN-02934,0,0.0,0.0,0,0.0,,0.0
WMN-02935,0,0.0,0.0,0,0.0,,0.0
WMN-02936,0,0.0,0.0,0,0.0,,0.0
WMN-02937,0,0.0,0.0,0,0.0,,0.0
WMN-02938,0,0.0,0.0,0,0.0,,0.0
WMN-02939,0,0.0,0.0,0,0.0,,0.0
WMN-02940,0,0.0,0.0,0,0.0,,0.0
WMN-02941,0,0.0,0.0,0,0.0,,0.0
WMN-02942,0,0.0,0.0,0,0.0,,0.0
WMN-02943,0,0.0,0.0,0,0.0,,0.0
WMN-02944,0,0.0,0.0,0,0.0,,0.0
WMN-02945,0,0.0,0.0,0,0.0,,0.0
WMN-02946,0,0.0,0.0,0,0.0,,0.0
WMN-02947,0,0.0,0.0,0,0.0,,0.0
WMN-02948,0,0.0,0.0,0,0.0,,0.0
WMN-02949,0,0.0,0.0,0,0.0,,0.0
WMN-02950,0,0.0,0.0,0,0.0,,0.0
WMN-02951,0,0.0,0.0,0,0.0,,0.0
WMN-02952,0,0.0,0.0,0,0.0,,0.0
WMN-02953,0,0.0,0.0,0,0.0,,0.0
WMN-02954,0,0.0,0.0,0,0.0,,0.0
WMN-02955,0,0.0,0.0,0,0.0,,0.0
WMN-02956,0,0.0,0.0,0,0.0,,0.0
WMN-02957,0,0.0,0.0,0,0.0,,0.0
WMN-02958,0,0.0,0.0,0,0.0,,0.0
WMN-02959,0,0.0,0.0,0,0.0,,0.0
WMN-02960,0,0.0,0.0,0,0.0,,0.0
WMN-02961,0,0.0,0.0,0,0.0,,0.0
WMN-02962,0,0.0,0.0,0,0.0,,0.0
WMN-02963,0,0.0,0.0,0,0.0,,0.0
WMN-02964,0,0.0,0.0,0,0.0,,0.0
WMN-02965,0,0.0,0.0,0,0.0,,0.0
WMN-02966,0,0.0,0.0,0,0.0,,0.0
WMN-02967,0,0.0,0.0,0,0.0,,0.0
WMN-02968,0,0.0,0.0,0,0.0,,0.0
WMN-02969,0,0.0,0.0,0,0.0,,0.0
WMN-02970,0,0.0,0.0,0,0.0,,0.0
WMN-02971,0,0.0,0.0,0,0.0,,0.0
WMN-02972,0,0.0,0.0,0,0.0,,0.0
WMN-02973,0,0.0,0.0,0,0.0,,0.0
WMN-02974,0,0.0,0.0,0,0.0,,0.0
WMN-02975,0,0.0,0.0,0,0.0,,0.0
WMN-02976,0,0.0,0.0,0,0.0,,0.0
WMN-02977,0,0.0,0.0,0,0.0,,0.0
WMN-02978,0,0.0,0.0,0,0.0,,0.0
WMN-02979,0,0.0,0.0,0,0.0,,0.0
WMN-02980,0,0.0,0.0,0,0.0,,0.0
WMN-02981,0,0.0,0.0,0,0.0,,0.0
WMN-02982,0,0.0,0.0,0,0.0,,0.0
WMN-02983,0,0.0,0.0,0,0.0,,0.0
WMN-02984,0,0.0,0.0,0,0.0,,0.0
WMN-02985,0,0.0,0.0,0,0.0,,0.0
WMN-02986,0,0.0,0.0,0,0.0,,0.0
WMN-02987,0,0.0,0.0,0,0.0,,0.0
WMN-02988,0,0.0,0.0,0,0.0,,0.0
WMN-02989,0,0.0,0.0,0,0.0,,0.0
WMN-02990,0,0.0,0.0,0,0.0,,0.0
WMN-02991,0,0.0,0.0,0,0.0,,0.0
WMN-02992,0,0.0,0.0,0,0.0,,0.0
WMN-02993,0,0.0,0.0,0,0.0,,0.0
WMN-02994,0,0.0,0.0,0,0.0,,0.0
WMN-02995,0,0.0,0.0,0,0.0,,0.0
WMN-02996,0,0.0,0.0,0,0.0,,0.0
WMN-02997,0,0.0,0.0,0,0.0,,0.0
WMN-02998,0,0.0,0.0,0,0.0,,0.0
WMN-02999,0,0.0,0.0,0,0.0,,0.0
WMN-03000,0,0.0,0.0,0,0.0,,0.0
WMN-03001,0,0.0,0.0,0,0.0,,0.0
WMN-03002,0,0.0,0.0,0,0.0,,0.0
WMN-03003,0,0.0,0.0,0,0.0,,0.0
WMN-03004,0,0.0,0.0,0,0.0,,0.0
WMN-03005,0,0.0,0.0,0,0.0,,0.0
WMN-03006,0,0.0,0.0,0,0.0,,0.0
WMN-03007,0,0.0,0.0,0,0.0,,0.0
WMN-03008,0,0.0,0.0,0,0.0,,0.0
WMN-03009,0,0.0,0.0,0,0.0,,0.0
WMN-03010,0,0.0,0.0,0,0.0,,0.0
WMN-03011,0,0.0,0.0,0,0.0,,0.0
WMN-03012,0,0.0,0.0,0,0.0,,0.0
WMN-03013,0,0.0,0.0,0,0.0,,0.0
WMN-03014,0,0.0,0.0,0,0.0,,0.0
WMN-03015,0,0.0,0.0,0,0.0,,0.0
WMN-03016,0,0.0,0.0,0,0.0,,0.0
WMN-03017,0,0.0,0.0,0,0.0,,0.0
WMN-03018,0,0.0,0.0,0,0.0,,0.0
WMN-03019,0,0.0,0.0,0,0.0,,0.0
WMN-03020,0,0.0,0.0,0,0.0,,0.0
WMN-03021,0,0.0,0.0,0,0.0,,0.0
WMN-03022,0,0.0,0.0,0,0.0,,0.0
WMN-03023,0,0.0,0.0,0,0.0,,0.0
WMN-03024,0,0.0,0.0,0,0.0,,0.0
WMN-03025,0,0.0,0.0,0,0.0,,0.0
WMN-03026,0,0.0,0.0,0,0.0,,0.0
WMN-03027,0,0.0,0.0,0,0.0,,0.0
WMN-03028,0,0.0,0.0,0,0.0,,0.0
WMN-03029,0,0.0,0.0,0,0.0,,0.0
WMN-03030,0,0.0,0.0,0,0.0,,0.0
WMN-03031,0,0.0,0.0,0,0.0,,0.0
WMN-03032,0,0.0,0.0,0,0.0,,0.0
WMN-03033,0,0.0,0.0,0,0.0,,0.0
WMN-03034,0,0.0,0.0,0,0.0,,0.0
WMN-03035,0,0.0,0.0,0,0.0,,0.0
WMN-03036,0,0.0,0.0,0,0.0,,0.0
WMN-03037,0,0.0,0.0,0,0.0,,0.0
WMN-03038,0,0.0,0.0,0,0.0,,0.0
WMN-03039,0,0.0,0.0,0,0.0,,0.0
WMN-03040,0,0.0,0.0,0,0.0,,0.0
WMN-03041,0,0.0,0.0,0,0.0,,0.0
WMN-03042,0,0.0,0.0,0,0.0,,0.0
WMN-03043,0,0.0,0.0,0,0.0,,0.0
WMN-03044,0,0.0,0.0,0,0.0,,0.0
WMN-03045,0,0.0,0.0,0,0.0,,0.0
WMN-03046,0,0.0,0.0,0,0.0,,0.0
WMN-03047,0,0.0,0.0,0,0.0,,0.0
WMN-03048,0,0.0,0.0,0,0.0,,0.0
WMN-03049,0,0.0,0.0,0,0.0,,0.0
WMN-03050,0,0.0,0.0,0,0.0,,0.0
WMN-03051,0,0.0,0.0,0,0.0,,0.0
WMN-03052,0,0.0,0.0,0,0.0,,0.0
WMN-03053,0,0.0,0.0,0,0.0,,0.0
WMN-03054,0,0.0,0.0,0,0.0,,0.0
WMN-03055,0,0.0,0.0,0,0.0,,0.0
WMN-03056,0,0.0,0.0,0,0.0,,0.0
WMN-03057,0,0.0,0.0,0,0.0,,0.0
WMN-03058,0,0.0,0.0,0,0.0,,0.0
WMN-03059,0,0.0,0.0,0,0.0,,0.0
WMN-03060,0,0.0,0.0,0,0.0,,0.0
WMN-03061,0,0.0,0.0,0,0.0,,0.0
WMN-03062,0,0.0,0.0,0,0.0,,0.0
WMN-03063,0,0.0,0.0,0,0.0,,0.0
WMN-03064,0,0.0,0.0,0,0.0,,0.0
WMN-03065,0,0.0,0.0,0,0.0,,0.0
WMN-03066,0,0.0,0.0,0,0.0,,0.0
WMN-03067,0,0.0,0.0,0,0.0,,0.0
WMN-03068,0,0.0,0.0,0,0.0,,0.0
WMN-03069,0,0.0,0.0,0,0.0,,0.0
WMN-03070,0,0.0,0.0,0,0.0,,0.0
WMN-03071,0,0.0,0.0,0,0.0,,0.0
WMN-03072,0,0.0,0.0,0,0.0,,0.0
WMN-03073,0,0.0,0.0,0,0.0,,0.0
WMN-03074,0,0.0,0.0,0,0.0,,0.0
WMN-03075,0,0.0,0.0,0,0.0,,0.0
WMN-03076,0,0.0,0.0,0,0.0,,0.0
WMN-03077,0,0.0,0.0,0,0.0,,0.0
WMN-03078,0,0.0,0.0,0,0.0,,0.0
WMN-03079,0,0.0,0.0,0,0.0,,0.0
WMN-03080,0,0.0,0.0,0,0.0,,0.0
WMN-03081,0,0.0,0.0,0,0.0,,0.0
WMN-03082,0,0.0,0.0,0,0.0,,0.0
WMN-03083,0,0.0,0.0,0,0.0,,0.0
WMN-03084,0,0.0,0.0,0,0.0,,0.0
WMN-03085,0,0.0,0.0,0,0.0,,0.0
WMN-03086,0,0.0,0.0,0,0.0,,0.0
WMN-03087,0,0.0,0.0,0,0.0,,0.0
WMN-03088,0,0.0,0.0,0,0.0,,0.0
WMN-03089,0,0.0,0.0,0,0.0,,0.0
WMN-03090,0,0.0,0.0,0,0.0,,0.0
WMN-03091,0,0.0,0.0,0,0.0,,0.0
WMN-03092,0,0.0,0.0,0,0.0,,0.0
WMN-03093,0,0.0,0.0,0,0.0,,0.0
WMN-03094,0,0.0,0.0,0,0.0,,0.0
WMN-03095,0,0.0,0.0,0,0.0,,0.0
WMN-03096,0,0.0,0.0,0,0.0,,0.0
WMN-03097,0,0.0,0.0,0,0.0,,0.0
WMN-03098,0,0.0,0.0,0,0.0,,0.0
WMN-03099,0,0.0,0.0,0,0.0,,0.0
WMN-03100,0,0.0,0.0,0,0.0,,0.0
WMN-03101,0,0.0,0.0,0,0.0,,0.0
WMN-03102,0,0.0,0.0,0,0.0,,0.0
WMN-03103,0,0.0,0.0,0,0.0,,0.0
WMN-03104,0,0.0,0.0,0,0.0,,0.0
WMN-03105,0,0.0,0.0,0,0.0,,0.0
WMN-03106,0,0.0,0.0,0,0.0,,0.0
WMN-03107,0,0.0,0.0,0,0.0,,0.0
WMN-03108,0,0.0,0.0,0,0.0,,0.0
WMN-03109,0,0.0,0.0,0,0.0,,0.0
WMN-03110,0,0.0,0.0,0,0.0,,0.0
WMN-03111,0,0.0,0.0,0,0.0,,0.0
WMN-03112,0,0.0,0.0,0,0.0,,0.0
WMN-03113,0,0.0,0.0,0,0.0,,0.0
WMN-03114,0,0.0,0.0,0,0.0,,0.0
WMN-03115,0,0.0,0.0,0,0.0,,0.0
WMN-03116,0,0.0,0.0,0,0.0,,0.0
WMN-03117,0,0.0,0.0,0,0.0,,0.0
WMN-03118,0,0.0,0.0,0,0.0,,0.0
WMN-03119,0,0.0,0.0,0,0.0,,0.0
WMN-03120,0,0.0,0.0,0,0.0,,0.0
WMN-03121,0,0.0,0.0,0,0.0,,0.0
WMN-03122,0,0.0,0.0,0,0.0,,0.0
WMN-03123,0,0.0,0.0,0,0.0,,0.0
WMN-03124,0,0.0,0.0,0,0.0,,0.0
WMN-03125,0,0.0,0.0,0,0.0,,0.0
WMN-03126,0,0.0,0.0,0,0.0,,0.0
WMN-03127,0,0.0,0.0,0,0.0,,0.0
WMN-03128,0,0.0,0.0,0,0.0,,0.0
WMN-03129,0,0.0,0.0,0,0.0,,0.0
WMN-03130,0,0.0,0.0,0,0.0,,0.0
WMN-03131,0,0.0,0.0,0,0.0,,0.0
WMN-03132,0,0.0,0.0,0,0.0,,0.0
WMN-03133,0,0.0,0.0,0,0.0,,0.0
WMN-03134,0,0.0,0.0,0,0.0,,0.0
WMN-03135,0,0.0,0.0,0,0.0,,0.0
WMN-03136,0,0.0,0.0,0,0.0,,0.0
WMN-03137,0,0.0,0.0,0,0.0,,0.0
WMN-03138,0,0.0,0.0,0,0.0,,0.0
WMN-03139,0,0.0,0.0,0,0.0,,0.0
WMN-03140,0,0.0,0.0,0,0.0,,0.0
WMN-03141,0,0.0,0.0,0,0.0,,0.0
WMN-03142,0,0.0,0.0,0,0.0,,0.0
WMN-03143,0,0.0,0.0,0,0.0,,0.0
WMN-03144,0,0.0,0.0,0,0.0,,0.0
WMN-03145,0,0.0,0.0,0,0.0,,0.0
WMN-03146,0,0.0,0.0,0,0.0,,0.0
WMN-03147,0,0.0,0.0,0,0.0,,0.0
WMN-03148,0,0.0,0.0,0,0.0,,0.0
WMN-03149,0,0.0,0.0,0,0.0,,0.0
WMN-03150,0,0.0,0.0,0,0.0,,0.0
WMN-03151,0,0.0,0.0,0,0.0,,0.0
WMN-03152,0,0.0,0.0,0,0.0,,0.0
WMN-03153,0,0.0,0.0,0,0.0,,0.0
WMN-03154,0,0.0,0.0,0,0.0,,0.0
WMN-03155,0,0.0,0.0,0,0.0,,0.0
WMN-03156,0,0.0,0.0,0,0.0,,0.0
WMN-03157,0,0.0,0.0,0,0.0,,0.0
WMN-03158,0,0.0,0.0,0,0.0,,0.0
WMN-03159,0,0.0,0.0,0,0.0,,0.0
WMN-03160,0,0.0,0.0,0,0.0,,0.0
WMN-03161,0,0.0,0.0,0,0.0,,0.0
WMN-03162,0,0.0,0.0,0,0.0,,0.0
WMN-03163,0,0.0,0.0,0,0.0,,0.0
WMN-03164,0,0.0,0.0,0,0.0,,0.0
WMN-03165,0,0.0,0.0,0,0.0,,0.0
WMN-03166,0,0.0,0.0,0,0.0,,0.0
WMN-03167,0,0.0,0.0,0,0.0,,0.0
WMN-03168,0,0.0,0.0,0,0.0,,0.0
WMN-03169,0,0.0,0.0,0,0.0,,0.0
WMN-03170,0,0.0,0.0,0,0.0,,0.0
WMN-03171,0,0.0,0.0,0,0.0,,0.0
WMN-03172,0,0.0,0.0,0,0.0,,0.0
WMN-03173,0,0.0,0.0,0,0.0,,0.0
WMN-03174,0,0.0,0.0,0,0.0,,0.0
WMN-03175,0,0.0,0.0,0,0.0,,0.0
WMN-03176,0,0.0,0.0,0,0.0,,0.0
WMN-03177,0,0.0,0.0,0,0.0,,0.0
WMN-03178,0,0.0,0.0,0,0.0,,0.0
WMN-03179,0,0.0,0.0,0,0.0,,0.0
WMN-03180,0,0.0,0.0,0,0.0,,0.0
WMN-03181,0,0.0,0.0,0,0.0,,0.0
WMN-03182,0,0.0,0.0,0,0.0,,0.0
WMN-03183,0,0.0,0.0,0,0.0,,0.0
WMN-03184,0,0.0,0.0,0,0.0,,0.0
WMN-03185,0,0.0,0.0,0,0.0,,0.0
WMN-03186,0,0.0,0.0,0,0.0,,0.0
WMN-03187,0,0.0,0.0,0,0.0,,0.0
WMN-03188,0,0.0,0.0,0,0.0,,0.0
WMN-03189,0,0.0,0.0,0,0.0,,0.0
WMN-03190,0,0.0,0.0,0,0.0,,0.0
WMN-03191,0,0.0,0.0,0,0.0,,0.0
WMN-03192,0,0.0,0.0,0,0.0,,0.0
WMN-03193,0,0.0,0.0,0,0.0,,0.0
WMN-03194,0,0.0,0.0,0,0.0,,0.0
WMN-03195,0,0.0,0.0,0,0.0,,0.0
WMN-03196,0,0.0,0.0,0,0.0,,0.0
WMN-03197,0,0.0,0.0,0,0.0,,0.0
WMN-03198,0,0.0,0.0,0,0.0,,0.0
WMN-03199,0,0.0,0.0,0,0.0,,0.0
WMN-03200,0,0.0,0.0,0,0.0,,0.0
WMN-03201,0,0.0,0.0,0,0.0,,0.0
WMN-03202,0,0.0,0.0,0,0.0,,0.0
WMN-03203,0,0.0,0.0,0,0.0,,0.0
WMN-03204,0,0.0,0.0,0,0.0,,0.0
WMN-03205,0,0.0,0.0,0,0.0,,0.0
WMN-03206,0,0.0,0.0,0,0.0,,0.0
WMN-03207,0,0.0,0.0,0,0.0,,0.0
WMN-03208,0,0.0,0.0,0,0.0,,0.0
WMN-03209,0,0.0,0.0,0,0.0,,0.0
WMN-03210,0,0.0,0.0,0,0.0,,0.0
WMN-03211,0,0.0,0.0,0,0.0,,0.0
WMN-03212,0,0.0,0.0,0,0.0,,0.0
WMN-03213,0,0.0,0.0,0,0.0,,0.0
WMN-03214,0,0.0,0.0,0,0.0,,0.0
WMN-03215,0,0.0,0.0,0,0.0,,0.0
WMN-03216,0,0.0,0.0,0,0.0,,0.0
WMN-03217,0,0.0,0.0,0,0.0,,0.0
WMN-03218,0,0.0,0.0,0,0.0,,0.0
WMN-03219,0,0.0,0.0,0,0.0,,0.0
WMN-03220,0,0.0,0.0,0,0.0,,0.0
WMN-03221,0,0.0,0.0,0,0.0,,0.0
WMN-03222,0,0.0,0.0,0,0.0,,0.0
WMN-03223,0,0.0,0.0,0,0.0,,0.0
WMN-03224,0,0.0,0.0,0,0.0,,0.0
WMN-03225,0,0.0,0.0,0,0.0,,0.0
WMN-03226,0,0.0,0.0,0,0.0,,0.0
WMN-03227,0,0.0,0.0,0,0.0,,0.0
WMN-03228,0,0.0,0.0,0,0.0,,0.0
WMN-03229,0,0.0,0.0,0,0.0,,0.0
WMN-03230,0,0.0,0.0,0,0.0,,0.0
WMN-03231,0,0.0,0.0,0,0.0,,0.0
WMN-03232,0,0.0,0.0,0,0.0,,0.0
WMN-03233,0,0.0,0.0,0,0.0,,0.0
WMN-03234,0,0.0,0.0,0,0.0,,0.0
WMN-03235,0,0.0,0.0,0,0.0,,0.0
WMN-03236,0,0.0,0.0,0,0.0,,0.0
WMN-03237,0,0.0,0.0,0,0.0,,0.0
WMN-03238,0,0.0,0.0,0,0.0,,0.0
WMN-03239,0,0.0,0.0,0,0.0,,0.0
WMN-03240,0,0.0,0.0,0,0.0,,0.0
WMN-03241,0,0.0,0.0,0,0.0,,0.0
WMN-03242,0,0.0,0.0,0,0.0,,0.0
WMN-03243,0,0.0,0.0,0,0.0,,0.0
WMN-03244,0,0.0,0.0,0,0.0,,0.0
WMN-03245,0,0.0,0.0,0,0.0,,0.0
WMN-03246,0,0.0,0.0,0,0.0,,0.0
WMN-03247,0,0.0,0.0,0,0.0,,0.0
WMN-03248,0,0.0,0.0,0,0.0,,0.0
WMN-03249,0,0.0,0.0,0,0.0,,0.0
WMN-03250,0,0.0,0.0,0,0.0,,0.0
WMN-03251,0,0.0,0.0,0,0.0,,0.0
WMN-03252,0,0.0,0.0,0,0.0,,0.0
WMN-03253,0,0.0,0.0,0,0.0,,0.0
WMN-03254,0,0.0,0.0,0,0.0,,0.0
WMN-03255,0,0.0,0.0,0,0.0,,0.0
WMN-03256,0,0.0,0.0,0,0.0,,0.0
WMN-03257,0,0.0,0.0,0,0.0,,0.0
WMN-03258,0,0.0,0.0,0,0.0,,0.0
WMN-03259,0,0.0,0.0,0,0.0,,0.0
WMN-03260,0,0.0,0.0,0,0.0,,0.0
WMN-03261,0,0.0,0.0,0,0.0,,0.0
WMN-03262,0,0.0,0.0,0,0.0,,0.0
WMN-03263,0,0.0,0.0,0,0.0,,0.0
WMN-03264,0,0.0,0.0,0,0.0,,0.0
WMN-03265,0,0.0,0.0,0,0.0,,0.0
WMN-03266,0,0.0,0.0,0,0.0,,0.0
WMN-03267,0,0.0,0.0,0,0.0,,0.0
WMN-03268,0,0.0,0.0,0,0.0,,0.0
WMN-03269,0,0.0,0.0,0,0.0,,0.0
WMN-03270,0,0.0,0.0,0,0.0,,0.0
WMN-03271,0,0.0,0.0,0,0.0,,0.0
WMN-03272,0,0.0,0.0,0,0.0,,0.0
WMN-03273,0,0.0,0.0,0,0.0,,0.0
WMN-03274,0,0.0,0.0,0,0.0,,0.0
WMN-03275,0,0.0,0.0,0,0.0,,0.0
WMN-03276,0,0.0,0.0,0,0.0,,0.0
WMN-03277,0,0.0,0.0,0,0.0,,0.0
WMN-03278,0,0.0,0.0,0,0.0,,0.0
WMN-03279,0,0.0,0.0,0,0.0,,0.0
WMN-03280,0,0.0,0.0,0,0.0,,0.0
WMN-03281,0,0.0,0.0,0,0.0,,0.0
WMN-03282,0,0.0,0.0,0,0.0,,0.0
WMN-03283,0,0.0,0.0,0,0.0,,0.0
WMN-03284,0,0.0,0.0,0,0.0,,0.0
WMN-03285,0,0.0,0.0,0,0.0,,0.0
WMN-03286,0,0.0,0.0,0,0.0,,0.0
WMN-03287,0,0.0,0.0,0,0.0,,0.0
WMN-03288,0,0.0,0.0,0,0.0,,0.0
WMN-03289,0,0.0,0.0,0,0.0,,0.0
WMN-03290,0,0.0,0.0,0,0.0,,0.0
WMN-03291,0,0.0,0.0,0,0.0,,0.0
WMN-03292,0,0.0,0.0,0,0.0,,0.0
WMN-03293,0,0.0,0.0,0,0.0,,0.0
WMN-03294,0,0.0,0.0,0,0.0,,0.0
WMN-03295,0,0.0,0.0,0,0.0,,0.0
WMN-03296,0,0.0,0.0,0,0.0,,0.0
WMN-03297,0,0.0,0.0,0,0.0,,0.0
WMN-03298,0,0.0,0.0,0,0.0,,0.0
WMN-03299,0,0.0,0.0,0,0.0,,0.0
WMN-03300,0,0.0,0.0,0,0.0,,0.0
WMN-03301,0,0.0,0.0,0,0.0,,0.0
WMN-03302,0,0.0,0.0,0,0.0,,0.0
WMN-03303,0,0.0,0.0,0,0.0,,0.0
WMN-03304,0,0.0,0.0,0,0.0,,0.0
WMN-03305,0,0.0,0.0,0,0.0,,0.0
WMN-03306,0,0.0,0.0,0,0.0,,0.0
WMN-03307,0,0.0,0.0,0,0.0,,0.0
WMN-03308,0,0.0,0.0,0,0.0,,0.0
WMN-03309,0,0.0,0.0,0,0.0,,0.0
WMN-03310,0,0.0,0.0,0,0.0,,0.0
WMN-03311,0,0.0,0.0,0,0.0,,0.0
WMN-03312,0,0.0,0.0,0,0.0,,0.0
WMN-03313,0,0.0,0.0,0,0.0,,0.0
WMN-03314,0,0.0,0.0,0,0.0,,0.0
WMN-03315,0,0.0,0.0,0,0.0,,0.0
WMN-03316,0,0.0,0.0,0,0.0,,0.0
WMN-03317,0,0.0,0.0,0,0.0,,0.0
WMN-03318,0,0.0,0.0,0,0.0,,0.0
WMN-03319,0,0.0,0.0,0,0.0,,0.0
WMN-03320,0,0.0,0.0,0,0.0,,0.0
WMN-03321,0,0.0,0.0,0,0.0,,0.0
WMN-03322,0,0.0,0.0,0,0.0,,0.0
WMN-03323,0,0.0,0.0,0,0.0,,0.0
WMN-03324,0,0.0,0.0,0,0.0,,0.0
WMN-03325,0,0.0,0.0,0,0.0,,0.0
WMN-03326,0,0.0,0.0,0,0.0,,0.0
WMN-03327,0,0.0,0.0,0,0.0,,0.0
WMN-03328,0,0.0,0.0,0,0.0,,0.0
WMN-03329,0,0.0,0.0,0,0.0,,0.0
WMN-03330,0,0.0,0.0,0,0.0,,0.0
WMN-03331,0,0.0,0.0,0,0.0,,0.0
WMN-03332,0,0.0,0.0,0,0.0,,0.0
WMN-03333,0,0.0,0.0,0,0.0,,0.0
WMN-03334,0,0.0,0.0,0,0.0,,0.0
WMN-03335,0,0.0,0.0,0,0.0,,0.0
WMN-03336,0,0.0,0.0,0,0.0,,0.0
WMN-03337,0,0.0,0.0,0,0.0,,0.0
WMN-03338,0,0.0,0.0,0,0.0,,0.0
WMN-03339,0,0.0,0.0,0,0.0,,0.0
WMN-03340,0,0.0,0.0,0,0.0,,0.0
WMN-03341,0,0.0,0.0,0,0.0,,0.0
WMN-03342,0,0.0,0.0,0,0.0,,0.0
WMN-03343,0,0.0,0.0,0,0.0,,0.0
WMN-03344,0,0.0,0.0,0,0.0,,0.0
WMN-03345,0,0.0,0.0,0,0.0,,0.0
WMN-03346,0,0.0,0.0,0,0.0,,0.0
WMN-03347,0,0.0,0.0,0,0.0,,0.0
WMN-03348,0,0.0,0.0,0,0.0,,0.0
WMN-03349,0,0.0,0.0,0,0.0,,0.0
WMN-03350,0,0.0,0.0,0,0.0,,0.0
WMN-03351,0,0.0,0.0,0,0.0,,0.0
WMN-03352,0,0.0,0.0,0,0.0,,0.0
WMN-03353,0,0.0,0.0,0,0.0,,0.0
WMN-03354,0,0.0,0.0,0,0.0,,0.0
WMN-03355,0,0.0,0.0,0,0.0,,0.0
WMN-03356,0,0.0,0.0,0,0.0,,0.0
WMN-03357,0,0.0,0.0,0,0.0,,0.0
WMN-03358,0,0.0,0.0,0,0.0,,0.0
WMN-03359,0,0.0,0.0,0,0.0,,0.0
WMN-03360,0,0.0,0.0,0,0.0,,0.0
WMN-03361,0,0.0,0.0,0,0.0,,0.0
WMN-03362,0,0.0,0.0,0,0.0,,0.0
WMN-03363,0,0.0,0.0,0,0.0,,0.0
WMN-03364,0,0.0,0.0,0,0.0,,0.0
WMN-03365,0,0.0,0.0,0,0.0,,0.0
WMN-03366,0,0.0,0.0,0,0.0,,0.0
WMN-03367,0,0.0,0.0,0,0.0,,0.0
WMN-03368,0,0.0,0.0,0,0.0,,0.0
WMN-03369,0,0.0,0.0,0,0.0,,0.0
WMN-03370,0,0.0,0.0,0,0.0,,0.0
WMN-03371,0,0.0,0.0,0,0.0,,0.0
WMN-03372,0,0.0,0.0,0,0.0,,0.0
WMN-03373,0,0.0,0.0,0,0.0,,0.0
WMN-03374,0,0.0,0.0,0,0.0,,0.0
WMN-03375,0,0.0,0.0,0,0.0,,0.0
WMN-03376,0,0.0,0.0,0,0.0,,0.0
WMN-03377,0,0.0,0.0,0,0.0,,0.0
WMN-03378,0,0.0,0.0,0,0.0,,0.0
WMN-03379,0,0.0,0.0,0,0.0,,0.0
WMN-03380,0,0.0,0.0,0,0.0,,0.0
WMN-03381,0,0.0,0.0,0,0.0,,0.0
WMN-03382,0,0.0,0.0,0,0.0,,0.0
WMN-03383,0,0.0,0.0,0,0.0,,0.0
WMN-03384,0,0.0,0.0,0,0.0,,0.0
WMN-03385,0,0.0,0.0,0,0.0,,0.0
WMN-03386,0,0.0,0.0,0,0.0,,0.0
WMN-03387,0,0.0,0.0,0,0.0,,0.0
WMN-03388,0,0.0,0.0,0,0.0,,0.0
WMN-03389,0,0.0,0.0,0,0.0,,0.0
WMN-03390,0,0.0,0.0,0,0.0,,0.0
WMN-03391,0,0.0,0.0,0,0.0,,0.0
WMN-03392,0,0.0,0.0,0,0.0,,0.0
WMN-03393,0,0.0,0.0,0,0.0,,0.0
WMN-03394,0,0.0,0.0,0,0.0,,0.0
WMN-03395,0,0.0,0.0,0,0.0,,0.0
WMN-03396,0,0.0,0.0,0,0.0,,0.0
WMN-03397,0,0.0,0.0,0,0.0,,0.0
WMN-03398,0,0.0,0.0,0,0.0,,0.0
WMN-03399,0,0.0,0.0,0,0.0,,0.0
WMN-03400,0,0.0,0.0,0,0.0,,0.0
WMN-03401,0,0.0,0.0,0,0.0,,0.0
WMN-03402,0,0.0,0.0,0,0.0,,0.0
WMN-03403,0,0.0,0.0,0,0.0,,0.0
WMN-03404,0,0.0,0.0,0,0.0,,0.0
WMN-03405,0,0.0,0.0,0,0.0,,0.0
WMN-03406,0,0.0,0.0,0,0.0,,0.0
WMN-03407,0,0.0,0.0,0,0.0,,0.0
WMN-03408,0,0.0,0.0,0,0.0,,0.0
WMN-03409,0,0.0,0.0,0,0.0,,0.0
WMN-03410,0,0.0,0.0,0,0.0,,0.0
WMN-03411,0,0.0,0.0,0,0.0,,0.0
WMN-03412,0,0.0,0.0,0,0.0,,0.0
WMN-03413,0,0.0,0.0,0,0.0,,0.0
WMN-03414,0,0.0,0.0,0,0.0,,0.0
WMN-03415,0,0.0,0.0,0,0.0,,0.0
WMN-03416,0,0.0,0.0,0,0.0,,0.0
WMN-03417,0,0.0,0.0,0,0.0,,0.0
WMN-03418,0,0.0,0.0,0,0.0,,0.0
WMN-03419,0,0.0,0.0,0,0.0,,0.0
WMN-03420,0,0.0,0.0,0,0.0,,0.0
WMN-03421,0,0.0,0.0,0,0.0,,0.0
WMN-03422,0,0.0,0.0,0,0.0,,0.0
WMN-03423,0,0.0,0.0,0,0.0,,0.0
WMN-03424,0,0.0,0.0,0,0.0,,0.0
WMN-03425,0,0.0,0.0,0,0.0,,0.0
WMN-03426,0,0.0,0.0,0,0.0,,0.0
WMN-03427,0,0.0,0.0,0,0.0,,0.0
WMN-03428,0,0.0,0.0,0,0.0,,0.0
WMN-03429,0,0.0,0.0,0,0.0,,0.0
WMN-03430,0,0.0,0.0,0,0.0,,0.0
WMN-03431,0,0.0,0.0,0,0.0,,0.0
WMN-03432,0,0.0,0.0,0,0.0,,0.0
WMN-03433,0,0.0,0.0,0,0.0,,0.0
WMN-03434,0,0.0,0.0,0,0.0,,0.0
WMN-03435,0,0.0,0.0,0,0.0,,0.0
WMN-03436,0,0.0,0.0,0,0.0,,0.0
WMN-03437,0,0.0,0.0,0,0.0,,0.0
WMN-03438,0,0.0,0.0,0,0.0,,0.0
WMN-03439,0,0.0,0.0,0,0.0,,0.0
WMN-03440,0,0.0,0.0,0,0.0,,0.0
WMN-03441,0,0.0,0.0,0,0.0,,0.0
WMN-03442,0,0.0,0.0,0,0.0,,0.0
WMN-03443,0,0.0,0.0,0,0.0,,0.0
WMN-03444,0,0.0,0.0,0,0.0,,0.0
WMN-03445,0,0.0,0.0,0,0.0,,0.0
WMN-03446,0,0.0,0.0,0,0.0,,0.0
WMN-03447,0,0.0,0.0,0,0.0,,0.0
WMN-03448,0,0.0,0.0,0,0.0,,0.0
WMN-03449,0,0.0,0.0,0,0.0,,0.0
WMN-03450,0,0.0,0.0,0,0.0,,0.0
WMN-03451,0,0.0,0.0,0,0.0,,0.0
WMN-03452,0,0.0,0.0,0,0.0,,0.0
WMN-03453,0,0.0,0.0,0,0.0,,0.0
WMN-03454,0,0.0,0.0,0,0.0,,0.0
WMN-03455,0,0.0,0.0,0,0.0,,0.0
WMN-03456,0,0.0,0.0,0,0.0,,0.0
WMN-03457,0,0.0,0.0,0,0.0,,0.0
WMN-03458,0,0.0,0.0,0,0.0,,0.0
WMN-03459,0,0.0,0.0,0,0.0,,0.0
WMN-03460,0,0.0,0.0,0,0.0,,0.0
WMN-03461,0,0.0,0.0,0,0.0,,0.0
WMN-03462,0,0.0,0.0,0,0.0,,0.0
WMN-03463,0,0.0,0.0,0,0.0,,0.0
WMN-03464,0,0.0,0.0,0,0.0,,0.0
WMN-03465,0,0.0,0.0,0,0.0,,0.0
WMN-03466,0,0.0,0.0,0,0.0,,0.0
WMN-03467,0,0.0,0.0,0,0.0,,0.0
WMN-03468,0,0.0,0.0,0,0.0,,0.0
WMN-03469,0,0.0,0.0,0,0.0,,0.0
WMN-03470,0,0.0,0.0,0,0.0,,0.0
WMN-03471,0,0.0,0.0,0,0.0,,0.0
WMN-03472,0,0.0,0.0,0,0.0,,0.0
WMN-03473,0,0.0,0.0,0,0.0,,0.0
WMN-03474,0,0.0,0.0,0,0.0,,0.0
WMN-03475,0,0.0,0.0,0,0.0,,0.0
INT-03476,0,0.0,0.0,0,0.0,,0.0
INT-03477,0,0.0,0.0,0,0.0,,0.0
INT-03478,73,0.0,314678.0,4,0.0,,316678.0
INT-03479,0,0.0,0.0,0,0.0,,0.0
INT-03480,0,0.0,0.0,0,0.0,,0.0
INT-03481,1,0.0,0.0,0,0.0,,0.0
INT-03482,0,0.0,0.0,0,0.0,,0.0
INT-03483,0,0.0,0.0,0,0.0,,0.0
INT-03484,1,0.0,0.0,0,0.0,,0.0
INT-03485,0,0.0,0.0,0,0.0,,0.0
INT-03486,1,0.0,0.0,0,0.0,,0.0
INT-03487,443,0.0,3473397.0,61,0.0,,3503897.0
INT-03488,0,0.0,0.0,0,0.0,,0.0
INT-03489,24,0.0,50514.0,2,0.0,,51514.0
INT-03490,0,0.0,0.0,0,0.0,,0.0
INT-03491,0,0.0,0.0,0,0.0,,0.0
INT-03492,0,0.0,0.0,0,0.0,,0.0
INT-03493,0,0.0,0.0,0,0.0,,0.0
INT-03494,97,0.0,523323.0,7,0.0,,526823.0
INT-03495,0,0.0,0.0,0,0.0,,0.0
INT-03496,0,0.0,0.0,0,0.0,,0.0
INT-03497,0,0.0,0.0,0,0.0,,0.0
INT-03498,67,0.0,310390.0,5,0.0,,312890.0
INT-03499,0,0.0,0.0,0,0.0,,0.0
INT-03500,0,0.0,0.0,0,0.0,,0.0
INT-03501,1,0.0,0.0,0,0.0,,0.0
INT-03502,0,0.0,0.0,0,0.0,,0.0
INT-03503,0,0.0,0.0,0,0.0,,0.0
INT-03504,0,0.0,0.0,0,0.0,,0.0
INT-03505,0,0.0,0.0,0,0.0,,0.0
INT-03506,0,0.0,0.0,0,0.0,,0.0
INT-03507,0,0.0,0.0,0,0.0,,0.0
INT-03508,0,0.0,0.0,0,0.0,,0.0
INT-03509,1,0.0,0.0,0,0.0,,0.0
INT-03510,0,0.0,0.0,0,0.0,,0.0
INT-03511,0,0.0,0.0,0,0.0,,0.0
INT-03512,0,0.0,0.0,0,0.0,,0.0
INT-03513,0,0.0,0.0,0,0.0,,0.0
INT-03514,191,0.0,1435988.0,24,0.0,,1447988.0
INT-03515,365,0.0,1891708.0,25,0.0,,1904208.0
