asset_id,timestamp,scenario_id,failure_type,work_order_type,raised_at,cost_usd,work_order_id,material_as_recorded,timestamp_quality
DSS-00349,2023-08-03 00:00:00,,,routine,2023-08-03 00:00:00,1499.04,WO-0000001,standard,as_occurred
TNK-02640,2023-08-03 00:00:00,,,routine,2023-08-03 00:00:00,200.42,WO-0000002,standard,as_occurred
DSS-00245,2023-08-03 00:00:00,,,inspection,2023-08-06 00:00:00,330.68,WO-0000003,standard,reported_late
TNK-02572,2023-08-03 00:00:00,,,inspection,2023-08-03 00:00:00,4372.34,WO-0000004,standard,as_occurred
TLS-00749,2023-08-03 00:00:00,,,routine,2023-08-03 00:00:00,781.56,WO-0000005,steel_lattice,as_occurred
WMN-02744,2023-08-04 00:00:00,,,inspection,2023-08-04 00:00:00,1111.84,WO-0000006,Poly Vinyl Chloride,as_occurred
TNK-02661,2023-08-04 00:00:00,,,vegetation,2023-08-04 00:00:00,443.67,WO-0000007,standard,as_occurred
TLS-01263,2023-08-04 00:00:00,,,inspection,2023-08-04 00:00:00,651.16,WO-0000008,steel_monopole,as_occurred
TLS-01243,2023-08-04 00:00:00,,,routine,2023-08-04 00:00:00,1364.22,WO-0000009,steel_lattice,as_occurred
PMP-02503,2023-08-04 00:00:00,,,inspection,2023-08-04 00:00:00,608.98,WO-0000010,standard,as_occurred
RCL-02157,2023-08-05 00:00:00,,,routine,2023-08-05 00:00:00,485.47,WO-0000011,standard,as_occurred
TLS-00892,2023-08-05 00:00:00,,,routine,2023-08-05 00:00:00,574.87,WO-0000012,steel_lattice,as_occurred
RCL-02156,2023-08-05 00:00:00,,,routine,2023-08-05 00:00:00,1857.0,WO-0000013,standard,as_occurred
DSS-00291,2023-08-05 00:00:00,,,routine,2023-08-05 00:00:00,2736.24,WO-0000014,standard,as_occurred
TLS-01221,2023-08-06 00:00:00,,,inspection,2023-08-06 00:00:00,1264.66,WO-0000015,steel_monopole,as_occurred
TLS-00657,2023-08-06 00:00:00,,,routine,2023-08-06 00:00:00,569.18,WO-0000016,steel_lattice,as_occurred
DFR-01365,2023-08-06 00:00:00,,,inspection,2023-08-06 00:00:00,614.99,WO-0000017,wood_pole,as_occurred
WMN-02817,2023-08-06 00:00:00,,,vegetation,2023-08-06 00:00:00,1066.96,WO-0000018,ductile_iron,as_occurred
LEGACY-062579,2023-08-07 00:00:00,,,routine,2023-08-07 00:00:00,1039.2,WO-0000019,,as_occurred
WMN-02939,2023-08-07 00:00:00,,,routine,2023-08-07 00:00:00,1096.24,WO-0000020,ductile_iron,as_occurred
DSS-00162,2023-08-07 00:00:00,,,routine,2023-08-07 00:00:00,1787.05,WO-0000021,standard,as_occurred
TLS-00450,2023-08-07 00:00:00,,,inspection,2023-08-07 00:00:00,1604.44,WO-0000022,steel_lattice,as_occurred
WMN-02820,2023-08-07 00:00:00,,,inspection,2023-08-07 00:00:00,660.44,WO-0000023,ductile_iron,as_occurred
WMN-03215,2023-08-07 00:00:00,,,routine,2023-08-10 00:00:00,631.73,WO-0000024,pvc,reported_late
WMN-02740,2023-08-08 00:00:00,,,inspection,2023-08-08 00:00:00,352.68,WO-0000025,pvc,as_occurred
WMN-03464,2023-08-08 00:00:00,,,routine,2023-08-08 00:00:00,543.39,WO-0000026,cast_iron,as_occurred
DFR-01805,2023-08-08 00:00:00,,,routine,2023-08-11 00:00:00,610.09,WO-0000027,wood_pole,reported_late
TLS-00467,2023-08-08 00:00:00,,,inspection,2023-08-08 00:00:00,415.92,WO-0000028,steel_lattice,as_occurred
WMN-03105,2023-08-09 00:00:00,,,routine,2023-08-09 00:00:00,561.74,WO-0000029,cast_iron,as_occurred
DFR-01439,2023-08-09 00:00:00,,,inspection,2023-08-09 00:00:00,1000.31,WO-0000030,wood_pole,as_occurred
WMN-02854,2023-08-09 00:00:00,,,routine,2023-08-09 00:00:00,1084.76,WO-0000031,cast_iron,as_occurred
WMN-03386,2023-08-09 00:00:00,,,inspection,2023-08-09 00:00:00,1745.64,WO-0000032,ductile_iron,as_occurred
TLS-00453,2023-08-09 00:00:00,,,routine,2023-08-09 00:00:00,784.8,WO-0000033,steel_lattice,as_occurred
PMP-02407,2023-08-10 00:00:00,,,routine,2023-08-10 00:00:00,726.34,WO-0000034,standard,as_occurred
WMN-03367,2023-08-10 00:00:00,,,inspection,2023-08-13 00:00:00,943.77,WO-0000035,ductile_iron,reported_late
DFR-01791,2023-08-10 00:00:00,,,routine,2023-08-10 00:00:00,705.89,WO-0000036,composite_pole,as_occurred
WMN-03346,2023-08-10 00:00:00,,,routine,2023-08-10 00:00:00,785.76,WO-0000037,ductile_iron,as_occurred
TLS-00689,2023-08-10 00:00:00,,,inspection,2023-08-10 00:00:00,590.4,WO-0000038,steel_lattice,as_occurred
WMN-03255,2023-08-11 00:00:00,,,routine,2023-08-11 00:00:00,282.42,WO-0000039,pvc,as_occurred
DSS-00110,2023-08-11 00:00:00,,,inspection,2023-08-11 00:00:00,1906.75,WO-0000040,standard,as_occurred
WMN-02886,2023-08-11 00:00:00,,,inspection,2023-08-11 00:00:00,2526.7,WO-0000041,ductile_iron,as_occurred
WMN-03010,2023-08-12 00:00:00,,,routine,2023-08-12 00:00:00,121.22,WO-0000042,Cast Iron,as_occurred
RCL-02032,2023-08-12 00:00:00,,,inspection,2023-08-12 00:00:00,770.65,WO-0000043,standard,as_occurred
TLS-01252,2023-08-13 00:00:00,,,inspection,2023-08-13 00:00:00,369.03,WO-0000044,steel_lattice,as_occurred
PMP-02329,2023-08-13 00:00:00,,,routine,2023-08-13 00:00:00,601.22,WO-0000045,standard,as_occurred
WMN-02840,2023-08-13 00:00:00,,,inspection,2023-08-13 00:00:00,786.64,WO-0000046,cast_iron,as_occurred
DFR-01371,2023-08-13 00:00:00,,,inspection,2023-08-13 00:00:00,734.02,WO-0000047,underground,as_occurred
WMN-03331,2023-08-14 00:00:00,,,inspection,2023-08-14 00:00:00,352.32,WO-0000048,ductile_iron,as_occurred
WTP-02217,2023-08-14 00:00:00,,,routine,2023-08-14 00:00:00,2518.82,WO-0000049,standard,as_occurred
TLS-01211,2023-08-14 00:00:00,,,routine,2023-08-14 00:00:00,1536.62,WO-0000050,steel_monopole,as_occurred
DFR-01621,2023-08-14 00:00:00,,,routine,2023-08-14 00:00:00,1220.87,WO-0000051,wood_pole,as_occurred
DFR-01924,2023-08-14 00:00:00,,,routine,2023-08-14 00:00:00,1405.72,WO-0000052,wood_pole,as_occurred
WMN-03293,2023-08-14 00:00:00,,,inspection,2023-08-14 00:00:00,1244.24,WO-0000053,Poly Vinyl Chloride,as_occurred
WMN-03348,2023-08-14 00:00:00,,,vegetation,2023-08-14 00:00:00,1269.62,WO-0000054,ductile_iron,as_occurred
WMN-03065,2023-08-14 00:00:00,,,routine,2023-08-14 00:00:00,833.03,WO-0000055,ductile_iron,as_occurred
WMN-03258,2023-08-14 00:00:00,,,inspection,2023-08-14 00:00:00,509.21,WO-0000056,cast_iron,as_occurred
TLS-00702,2023-08-14 00:00:00,,,routine,2023-08-14 00:00:00,1436.92,WO-0000057,steel_monopole,as_occurred
WMN-03274,2023-08-15 00:00:00,,,inspection,2023-08-15 00:00:00,1902.27,WO-0000058,cast_iron,as_occurred
WMN-03234,2023-08-15 00:00:00,,,inspection,2023-08-15 00:00:00,699.54,WO-0000059,cast_iron,as_occurred
PMP-02446,2023-08-15 00:00:00,,,vegetation,2023-08-15 00:00:00,215.66,WO-0000060,standard,as_occurred
TLS-01285,2023-08-15 00:00:00,,,routine,2023-08-15 00:00:00,310.09,WO-0000061,steel_lattice,as_occurred
TLS-00503,2023-08-15 00:00:00,,,inspection,2023-08-15 00:00:00,799.88,WO-0000062,steel_lattice,as_occurred
WMN-02849,2023-08-15 00:00:00,,,inspection,2023-08-15 00:00:00,595.93,WO-0000063,ductile_iron,as_occurred
WMN-02742,2023-08-15 00:00:00,,,inspection,2023-08-15 00:00:00,1780.47,WO-0000064,cast-iron,as_occurred
DFR-01883,2023-08-16 00:00:00,,,inspection,2023-08-16 00:00:00,1374.36,WO-0000065,underground,as_occurred
LEGACY-045076,2023-08-16 00:00:00,,,routine,2023-08-16 00:00:00,1300.36,WO-0000066,,as_occurred
WMN-02857,2023-08-16 00:00:00,,,routine,2023-08-19 00:00:00,637.79,WO-0000067,cast_iron,reported_late
TLS-01026,2023-08-16 00:00:00,,,routine,2023-08-16 00:00:00,1469.16,WO-0000068,concrete,as_occurred
TLS-00737,2023-08-16 00:00:00,,,routine,2023-08-16 00:00:00,2177.58,WO-0000069,steel_monopole,as_occurred
DSS-00328,2023-08-16 00:00:00,,,inspection,2023-08-19 00:00:00,440.64,WO-0000070,standard,reported_late
TLS-01306,2023-08-16 00:00:00,,,routine,2023-08-16 00:00:00,512.62,WO-0000071,concrete,as_occurred
DFR-01664,2023-08-16 00:00:00,,,routine,2023-08-16 00:00:00,2985.62,WO-0000072,wood_pole,as_occurred
DSS-00220,2023-08-17 00:00:00,,,routine,2023-08-17 00:00:00,1807.49,WO-0000073,standard,as_occurred
DFR-01930,2023-08-17 00:00:00,,,vegetation,2023-08-17 00:00:00,159.79,WO-0000074,wood_pole,as_occurred
WMN-03124,2023-08-17 00:00:00,,,inspection,2023-08-17 00:00:00,624.29,WO-0000075,cast-iron,as_occurred
DFR-01749,2023-08-17 00:00:00,,,inspection,2023-08-17 00:00:00,595.23,WO-0000076,wood_pole,as_occurred
DFR-01662,2023-08-18 00:00:00,,,vegetation,2023-08-18 00:00:00,434.72,WO-0000077,underground,as_occurred
DFR-01334,2023-08-18 00:00:00,,,routine,2023-08-18 00:00:00,388.22,WO-0000078,WOOD POLE,as_occurred
WMN-03151,2023-08-18 00:00:00,,,routine,2023-08-18 00:00:00,683.72,WO-0000079,ductile_iron,as_occurred
RCL-02106,2023-08-18 00:00:00,,,routine,2023-08-18 00:00:00,257.08,WO-0000080,standard,as_occurred
WMN-02765,2023-08-18 00:00:00,,,routine,2023-08-18 00:00:00,706.83,WO-0000081,ductile_iron,as_occurred
RCL-02077,2023-08-18 00:00:00,,,routine,2023-08-18 00:00:00,603.5,WO-0000082,standard,as_occurred
WMN-03115,2023-08-19 00:00:00,,,inspection,2023-08-19 00:00:00,342.1,WO-0000083,cast_iron,as_occurred
TNK-02547,2023-08-19 00:00:00,,,vegetation,2023-08-19 00:00:00,358.88,WO-0000084,standard,as_occurred
WMN-02947,2023-08-19 00:00:00,,,routine,2023-08-22 00:00:00,635.84,WO-0000085,P.V.C.,reported_late
DFR-01378,2023-08-19 00:00:00,,,vegetation,2023-08-19 00:00:00,301.35,WO-0000086,wood_pole,as_occurred
PMP-02292,2023-08-19 00:00:00,,,routine,2023-08-19 00:00:00,258.92,WO-0000087,standard,as_occurred
DSS-00118,2023-08-19 00:00:00,,,inspection,2023-08-19 00:00:00,434.89,WO-0000088,standard,as_occurred
DFR-01385,2023-08-20 00:00:00,,,inspection,2023-08-20 00:00:00,162.49,WO-0000089,Wood,as_occurred
DFR-01874,2023-08-20 00:00:00,,,inspection,2023-08-23 00:00:00,1229.53,WO-0000090,timber,reported_late
TLS-01298,2023-08-20 00:00:00,,,routine,2023-08-20 00:00:00,362.22,WO-0000091,steel_monopole,as_occurred
DFR-01609,2023-08-20 00:00:00,,,routine,2023-08-20 00:00:00,1781.24,WO-0000092,underground,as_occurred
TLS-01307,2023-08-20 00:00:00,,,inspection,2023-08-20 00:00:00,758.27,WO-0000093,steel_lattice,as_occurred
WMN-02992,2023-08-20 00:00:00,,,routine,2023-08-20 00:00:00,508.11,WO-0000094,ductile_iron,as_occurred
DFR-01927,2023-08-20 00:00:00,,,inspection,2023-08-20 00:00:00,1061.9,WO-0000095,wood_pole,as_occurred
TLS-01127,2023-08-20 00:00:00,,,inspection,2023-08-20 00:00:00,875.85,WO-0000096,steel_monopole,as_occurred
WMN-02913,2023-08-21 00:00:00,,,routine,2023-08-21 00:00:00,447.76,WO-0000097,ductile_iron,as_occurred
TLS-00741,2023-08-21 00:00:00,,,vegetation,2023-08-21 00:00:00,777.74,WO-0000098,steel_lattice,as_occurred
TLS-00838,2023-08-21 00:00:00,,,routine,2023-08-21 00:00:00,1184.64,WO-0000099,steel_lattice,as_occurred
RCL-02052,2023-08-21 00:00:00,,,routine,2023-08-21 00:00:00,276.89,WO-0000100,standard,as_occurred
TLS-00707,2023-08-22 00:00:00,,,routine,2023-08-22 00:00:00,1552.4,WO-0000101,concrete,as_occurred
TLS-01277,2023-08-22 00:00:00,,,routine,2023-08-22 00:00:00,2628.01,WO-0000102,steel_lattice,as_occurred
WMN-02793,2023-08-22 00:00:00,,,vegetation,2023-08-25 00:00:00,1903.61,WO-0000103,cast_iron,reported_late
DSS-00185,2023-08-22 00:00:00,,,inspection,2023-08-22 00:00:00,1362.26,WO-0000104,standard,as_occurred
INT-03504,2023-08-22 00:00:00,,,routine,2023-08-22 00:00:00,503.31,WO-0000105,standard,as_occurred
DFR-01940,2023-08-22 00:00:00,,,routine,2023-08-22 00:00:00,1296.96,WO-0000106,timber,as_occurred
DFR-01394,2023-08-22 00:00:00,,,inspection,2023-08-22 00:00:00,261.04,WO-0000107,wood_pole,as_occurred
TLS-00673,2023-08-22 00:00:00,,,routine,2023-08-22 00:00:00,542.9,WO-0000108,steel_lattice,as_occurred
PMP-02320,2023-08-22 00:00:00,,,routine,2023-08-22 00:00:00,414.06,WO-0000109,standard,as_occurred
DSS-00222,2023-08-23 00:00:00,,,routine,2023-08-23 00:00:00,506.77,WO-0000110,standard,as_occurred
RCL-02046,2023-08-23 00:00:00,,,routine,2023-08-23 00:00:00,461.02,WO-0000111,standard,as_occurred
WMN-02890,2023-08-23 00:00:00,,,routine,2023-08-23 00:00:00,736.65,WO-0000112,ductile_iron,as_occurred
WMN-03465,2023-08-24 00:00:00,,,inspection,2023-08-24 00:00:00,838.96,WO-0000113,PVC,as_occurred
TLS-01210,2023-08-24 00:00:00,,,inspection,2023-08-24 00:00:00,950.43,WO-0000114,steel_monopole,as_occurred
DFR-01517,2023-08-24 00:00:00,,,routine,2023-08-24 00:00:00,817.07,WO-0000115,wood_pole,as_occurred
RCL-02162,2023-08-24 00:00:00,,,routine,2023-08-24 00:00:00,1087.69,WO-0000116,standard,as_occurred
DFR-01377,2023-08-24 00:00:00,,,inspection,2023-08-24 00:00:00,581.85,WO-0000117,Wood,as_occurred
WMN-02882,2023-08-24 00:00:00,,,vegetation,2023-08-24 00:00:00,3284.08,WO-0000118,steel,as_occurred
DFR-01895,2023-08-25 00:00:00,,,vegetation,2023-08-25 00:00:00,606.89,WO-0000119,composite_pole,as_occurred
TLS-01223,2023-08-25 00:00:00,,,vegetation,2023-08-25 00:00:00,167.28,WO-0000120,steel_lattice,as_occurred
WMN-03013,2023-08-25 00:00:00,,,routine,2023-08-25 00:00:00,451.79,WO-0000121,cast_iron,as_occurred
TLS-01010,2023-08-25 00:00:00,,,routine,2023-08-25 00:00:00,745.05,WO-0000122,steel_lattice,as_occurred
DFR-01697,2023-08-25 00:00:00,,,inspection,2023-08-25 00:00:00,239.05,WO-0000123,wood_pole,as_occurred
DFR-01343,2023-08-25 00:00:00,,,routine,2023-08-25 00:00:00,2442.99,WO-0000124,wood_pole,as_occurred
TLS-00578,2023-08-25 00:00:00,,,routine,2023-08-25 00:00:00,540.42,WO-0000125,steel_lattice,as_occurred
TLS-01231,2023-08-26 00:00:00,,,routine,2023-08-26 00:00:00,488.41,WO-0000126,steel_lattice,as_occurred
WMN-02914,2023-08-26 00:00:00,,,inspection,2023-08-26 00:00:00,195.03,WO-0000127,P.V.C.,as_occurred
DFR-01772,2023-08-26 00:00:00,BASE-20230826-021,physical,corrective,2023-08-26 00:00:00,5287.11,WO-0000128,wood_pole,as_occurred
DSS-00397,2023-08-26 00:00:00,,,vegetation,2023-08-29 00:00:00,3321.16,WO-0000129,standard,reported_late
LEGACY-083075,2023-08-26 00:00:00,,,vegetation,2023-08-26 00:00:00,654.03,WO-0000130,,as_occurred
WMN-03102,2023-08-26 06:00:00,BASE-20230826-021,physical,corrective,2023-08-26 06:00:00,3612.25,WO-0000131,CAST IRON,as_occurred
DFR-01579,2023-08-26 06:00:00,BASE-20230826-021,physical,corrective,2023-08-26 06:00:00,2485.69,WO-0000132,wood_pole,as_occurred
LEGACY-094559,2023-08-26 18:00:00,BASE-20230826-021,physical,corrective,2023-08-26 18:00:00,9140.63,WO-0000133,,as_occurred
DFR-01686,2023-08-26 18:00:00,BASE-20230826-021,physical,corrective,2023-08-26 18:00:00,8208.62,WO-0000134,concrete_pole,as_occurred
WMN-03398,2023-08-27 00:00:00,,,inspection,2023-08-27 00:00:00,476.41,WO-0000135,ductile_iron,as_occurred
TNK-02641,2023-08-27 00:00:00,,,inspection,2023-08-27 00:00:00,221.38,WO-0000136,standard,as_occurred
DFR-01832,2023-08-27 00:00:00,,,routine,2023-08-27 00:00:00,575.35,WO-0000137,wood_pole,as_occurred
DFR-01819,2023-08-27 00:00:00,,,routine,2023-08-27 00:00:00,850.85,WO-0000138,concrete_pole,as_occurred
DFR-01537,2023-08-27 00:00:00,,,vegetation,2023-08-27 00:00:00,634.6,WO-0000139,wood_pole,as_occurred
DFR-01458,2023-08-27 00:00:00,,,routine,2023-08-27 00:00:00,409.09,WO-0000140,wood_pole,as_occurred
DFR-01411,2023-08-28 00:00:00,,,vegetation,2023-08-28 00:00:00,366.59,WO-0000141,composite_pole,as_occurred
RCL-02165,2023-08-28 00:00:00,,,vegetation,2023-08-28 00:00:00,507.22,WO-0000142,standard,as_occurred
RCL-02132,2023-08-28 00:00:00,,,routine,2023-08-28 00:00:00,974.64,WO-0000143,standard,as_occurred
INT-03489,2023-08-28 00:00:00,,,inspection,2023-08-28 00:00:00,294.77,WO-0000144,standard,as_occurred
TLS-00870,2023-08-28 00:00:00,,,inspection,2023-08-28 00:00:00,1985.72,WO-0000145,steel_lattice,as_occurred
TLS-01142,2023-08-28 00:00:00,,,routine,2023-08-28 00:00:00,1200.98,WO-0000146,steel_lattice,as_occurred
PMP-02466,2023-08-29 00:00:00,,,routine,2023-08-29 00:00:00,278.89,WO-0000147,standard,as_occurred
PMP-02340,2023-08-29 00:00:00,,,routine,2023-09-01 00:00:00,595.83,WO-0000148,standard,reported_late
PMP-02426,2023-08-29 00:00:00,,,routine,2023-08-29 00:00:00,805.41,WO-0000149,standard,as_occurred
WMN-02778,2023-08-29 00:00:00,,,inspection,2023-08-29 00:00:00,883.67,WO-0000150,asbestos_cement,as_occurred
WMN-02715,2023-08-30 00:00:00,,,vegetation,2023-08-30 00:00:00,6714.34,WO-0000151,pvc,as_occurred
TLS-00480,2023-08-30 00:00:00,,,routine,2023-09-02 00:00:00,892.26,WO-0000152,steel_monopole,reported_late
WMN-02979,2023-08-30 00:00:00,,,inspection,2023-08-30 00:00:00,623.35,WO-0000153,ductile_iron,as_occurred
TSS-00041,2023-08-30 00:00:00,,,routine,2023-08-30 00:00:00,761.07,WO-0000154,standard,as_occurred
RCL-02178,2023-08-30 00:00:00,,,inspection,2023-08-30 00:00:00,343.04,WO-0000155,standard,as_occurred
DFR-01553,2023-08-30 00:00:00,,,routine,2023-08-30 00:00:00,409.71,WO-0000156,wood_pole,as_occurred
WMN-02752,2023-08-30 00:00:00,,,routine,2023-08-30 00:00:00,516.41,WO-0000157,DI,as_occurred
TSS-00015,2023-08-30 00:00:00,,,vegetation,2023-08-30 00:00:00,1515.67,WO-0000158,standard,as_occurred
DSS-00409,2023-08-31 00:00:00,,,inspection,2023-08-31 00:00:00,899.29,WO-0000159,standard,as_occurred
TLS-00730,2023-08-31 00:00:00,,,inspection,2023-08-31 00:00:00,1224.41,WO-0000160,steel_monopole,as_occurred
DFR-01448,2023-08-31 00:00:00,,,inspection,2023-08-31 00:00:00,1013.42,WO-0000161,wood_pole,as_occurred
PMP-02297,2023-08-31 00:00:00,,,inspection,2023-08-31 00:00:00,355.42,WO-0000162,standard,as_occurred
WMN-03359,2023-08-31 00:00:00,,,vegetation,2023-08-31 00:00:00,742.83,WO-0000163,ductile_iron,as_occurred
TLS-00637,2023-08-31 00:00:00,,,routine,2023-08-31 00:00:00,2446.75,WO-0000164,steel_monopole,as_occurred
TLS-01308,2023-08-31 00:00:00,,,vegetation,2023-08-31 00:00:00,536.34,WO-0000165,concrete,as_occurred
WMN-03017,2023-08-31 00:00:00,,,routine,2023-08-31 00:00:00,1800.82,WO-0000166,cast-iron,as_occurred
TLS-00734,2023-08-31 00:00:00,,,routine,2023-08-31 00:00:00,1220.4,WO-0000167,steel_lattice,as_occurred
PMP-02449,2023-08-31 00:00:00,,,routine,2023-08-31 00:00:00,1404.02,WO-0000168,standard,as_occurred
TLS-00456,2023-09-01 00:00:00,,,vegetation,2023-09-01 00:00:00,2476.48,WO-0000169,steel_lattice,as_occurred
DFR-01343,2023-09-01 00:00:00,,,routine,2023-09-01 00:00:00,329.47,WO-0000170,wood_pole,as_occurred
RCL-02171,2023-09-02 00:00:00,,,inspection,2023-09-02 00:00:00,1199.29,WO-0000171,standard,as_occurred
TSS-00040,2023-09-02 00:00:00,,,routine,2023-09-02 00:00:00,579.09,WO-0000172,standard,as_occurred
LEGACY-096731,2023-09-02 00:00:00,,,inspection,2023-09-05 00:00:00,2143.37,WO-0000173,,reported_late
PMP-02268,2023-09-02 00:00:00,,,inspection,2023-09-02 00:00:00,627.53,WO-0000174,standard,as_occurred
RCL-02168,2023-09-02 00:00:00,,,routine,2023-09-02 00:00:00,867.19,WO-0000175,standard,as_occurred
TNK-02617,2023-09-02 00:00:00,,,routine,2023-09-02 00:00:00,842.73,WO-0000176,standard,as_occurred
TNK-02594,2023-09-02 00:00:00,,,routine,2023-09-02 00:00:00,1613.72,WO-0000177,standard,as_occurred
PMP-02317,2023-09-02 00:00:00,,,inspection,2023-09-05 00:00:00,597.69,WO-0000178,standard,reported_late
DFR-01693,2023-09-02 00:00:00,,,inspection,2023-09-02 00:00:00,1087.52,WO-0000179,wood_pole,as_occurred
RCL-02057,2023-09-03 00:00:00,,,routine,2023-09-03 00:00:00,437.65,WO-0000180,standard,as_occurred
PMP-02268,2023-09-03 00:00:00,,,routine,2023-09-03 00:00:00,708.79,WO-0000181,standard,as_occurred
RCL-02168,2023-09-03 00:00:00,,,routine,2023-09-03 00:00:00,1534.38,WO-0000182,standard,as_occurred
WMN-02849,2023-09-03 00:00:00,,,vegetation,2023-09-03 00:00:00,546.11,WO-0000183,ductile_iron,as_occurred
DFR-01339,2023-09-03 00:00:00,,,inspection,2023-09-03 00:00:00,1171.97,WO-0000184,concrete_pole,as_occurred
TLS-00445,2023-09-03 00:00:00,,,routine,2023-09-03 00:00:00,449.63,WO-0000185,steel_lattice,as_occurred
TNK-02555,2023-09-03 00:00:00,,,vegetation,2023-09-03 00:00:00,1764.79,WO-0000186,standard,as_occurred
WMN-02945,2023-09-04 00:00:00,,,inspection,2023-09-04 00:00:00,160.66,WO-0000187,CAST IRON,as_occurred
DSS-00328,2023-09-04 00:00:00,,,inspection,2023-09-04 00:00:00,413.63,WO-0000188,standard,as_occurred
WMN-02687,2023-09-04 00:00:00,,,vegetation,2023-09-04 00:00:00,401.06,WO-0000189,Cast Iron,as_occurred
WMN-03239,2023-09-04 00:00:00,,,routine,2023-09-04 00:00:00,1327.32,WO-0000190,CI,as_occurred
RCL-02118,2023-09-04 00:00:00,,,routine,2023-09-04 00:00:00,738.82,WO-0000191,standard,as_occurred
WMN-03291,2023-09-05 00:00:00,,,vegetation,2023-09-05 00:00:00,585.62,WO-0000192,ductile_iron,as_occurred
DFR-01509,2023-09-05 00:00:00,,,routine,2023-09-05 00:00:00,254.92,WO-0000193,wood_pole,as_occurred
WMN-02979,2023-09-06 00:00:00,,,routine,2023-09-06 00:00:00,646.88,WO-0000194,ductile_iron,as_occurred
DFR-01749,2023-09-06 00:00:00,,,routine,2023-09-06 00:00:00,2066.44,WO-0000195,wood_pole,as_occurred
WMN-03157,2023-09-06 00:00:00,,,routine,2023-09-06 00:00:00,1548.74,WO-0000196,ductile_iron,as_occurred
WMN-02708,2023-09-06 00:00:00,,,routine,2023-09-06 00:00:00,1080.78,WO-0000197,pvc,as_occurred
DFR-01871,2023-09-07 00:00:00,,,routine,2023-09-07 00:00:00,1246.64,WO-0000198,timber,as_occurred
LEGACY-020619,2023-09-07 00:00:00,,,routine,2023-09-10 00:00:00,797.6,WO-0000199,,reported_late
WMN-02736,2023-09-07 00:00:00,,,inspection,2023-09-07 00:00:00,838.09,WO-0000200,cast_iron,as_occurred
TLS-00790,2023-09-07 00:00:00,,,routine,2023-09-10 00:00:00,767.31,WO-0000201,steel_lattice,reported_late
TLS-00809,2023-09-08 00:00:00,,,routine,2023-09-08 00:00:00,354.67,WO-0000202,steel_lattice,as_occurred
TLS-01187,2023-09-08 00:00:00,,,inspection,2023-09-08 00:00:00,547.62,WO-0000203,steel_monopole,as_occurred
WMN-02814,2023-09-08 00:00:00,,,inspection,2023-09-08 00:00:00,413.4,WO-0000204,cast-iron,as_occurred
DFR-01388,2023-09-09 00:00:00,,,inspection,2023-09-09 00:00:00,759.74,WO-0000205,composite_pole,as_occurred
DFR-01753,2023-09-09 00:00:00,,,routine,2023-09-09 00:00:00,572.64,WO-0000206,Wood Pole,as_occurred
RCL-02098,2023-09-09 00:00:00,,,routine,2023-09-09 00:00:00,806.28,WO-0000207,standard,as_occurred
TLS-00885,2023-09-09 00:00:00,,,routine,2023-09-09 00:00:00,1465.8,WO-0000208,steel_monopole,as_occurred
TLS-00740,2023-09-09 00:00:00,,,inspection,2023-09-09 00:00:00,523.4,WO-0000209,steel_lattice,as_occurred
DFR-01930,2023-09-09 00:00:00,,,routine,2023-09-09 00:00:00,677.59,WO-0000210,Wood Pole,as_occurred
TLS-01241,2023-09-09 00:00:00,,,routine,2023-09-09 00:00:00,552.71,WO-0000211,steel_lattice,as_occurred
LEGACY-074257,2023-09-09 00:00:00,,,vegetation,2023-09-09 00:00:00,1213.92,WO-0000212,,as_occurred
TLS-00562,2023-09-09 00:00:00,,,routine,2023-09-09 00:00:00,893.01,WO-0000213,steel_lattice,as_occurred
DSS-00067,2023-09-10 00:00:00,,,vegetation,2023-09-13 00:00:00,1050.72,WO-0000214,standard,reported_late
PMP-02247,2023-09-10 00:00:00,,,inspection,2023-09-10 00:00:00,889.96,WO-0000215,standard,as_occurred
TLS-00789,2023-09-10 00:00:00,,,routine,2023-09-10 00:00:00,1223.27,WO-0000216,steel_lattice,as_occurred
TSS-00049,2023-09-10 00:00:00,,,vegetation,2023-09-10 00:00:00,1566.04,WO-0000217,standard,as_occurred
PMP-02378,2023-09-10 00:00:00,,,inspection,2023-09-10 00:00:00,815.18,WO-0000218,standard,as_occurred
PMP-02455,2023-09-11 00:00:00,,,routine,2023-09-11 00:00:00,1123.9,WO-0000219,standard,as_occurred
LEGACY-099515,2023-09-11 00:00:00,,,inspection,2023-09-11 00:00:00,1405.04,WO-0000220,,as_occurred
TLS-00419,2023-09-11 00:00:00,,,routine,2023-09-11 00:00:00,752.69,WO-0000221,concrete,as_occurred
DFR-01765,2023-09-11 00:00:00,,,routine,2023-09-11 00:00:00,546.03,WO-0000222,concrete_pole,as_occurred
WMN-03061,2023-09-11 00:00:00,,,routine,2023-09-11 00:00:00,685.29,WO-0000223,steel,as_occurred
TLS-00665,2023-09-12 00:00:00,,,inspection,2023-09-12 00:00:00,881.9,WO-0000224,steel_monopole,as_occurred
WMN-02850,2023-09-12 00:00:00,,,vegetation,2023-09-15 00:00:00,621.09,WO-0000225,steel,reported_late
WMN-02988,2023-09-12 00:00:00,,,vegetation,2023-09-12 00:00:00,587.35,WO-0000226,pvc,as_occurred
TLS-00916,2023-09-12 00:00:00,,,routine,2023-09-12 00:00:00,813.2,WO-0000227,steel_monopole,as_occurred
TLS-00808,2023-09-12 00:00:00,,,routine,2023-09-12 00:00:00,588.64,WO-0000228,concrete,as_occurred
TNK-02544,2023-09-12 00:00:00,,,routine,2023-09-12 00:00:00,336.91,WO-0000229,standard,as_occurred
WMN-03362,2023-09-12 00:00:00,,,routine,2023-09-12 00:00:00,1766.53,WO-0000230,Ductile Iron,as_occurred
TLS-00963,2023-09-13 00:00:00,,,routine,2023-09-13 00:00:00,580.71,WO-0000231,steel_lattice,as_occurred
PMP-02513,2023-09-13 00:00:00,,,routine,2023-09-13 00:00:00,388.03,WO-0000232,standard,as_occurred
TNK-02629,2023-09-13 00:00:00,,,inspection,2023-09-13 00:00:00,1250.37,WO-0000233,standard,as_occurred
DFR-01612,2023-09-13 00:00:00,,,inspection,2023-09-13 00:00:00,2249.8,WO-0000234,wood_pole,as_occurred
TLS-01099,2023-09-13 00:00:00,,,routine,2023-09-13 00:00:00,1324.1,WO-0000235,steel_lattice,as_occurred
LEGACY-043821,2023-09-13 00:00:00,,,inspection,2023-09-13 00:00:00,1129.79,WO-0000236,,as_occurred
TLS-00773,2023-09-13 00:00:00,,,inspection,2023-09-13 00:00:00,512.12,WO-0000237,steel_monopole,as_occurred
DFR-01608,2023-09-14 00:00:00,,,inspection,2023-09-14 00:00:00,1691.91,WO-0000238,wood_pole,as_occurred
TLS-00954,2023-09-14 00:00:00,,,vegetation,2023-09-14 00:00:00,432.5,WO-0000239,steel_lattice,as_occurred
DFR-01817,2023-09-14 00:00:00,,,routine,2023-09-14 00:00:00,1094.47,WO-0000240,concrete_pole,as_occurred
WMN-03034,2023-09-14 00:00:00,,,inspection,2023-09-14 00:00:00,582.46,WO-0000241,cast_iron,as_occurred
DFR-01364,2023-09-15 00:00:00,,,inspection,2023-09-18 00:00:00,4079.54,WO-0000242,Wood,reported_late
DSS-00401,2023-09-15 00:00:00,,,inspection,2023-09-15 00:00:00,1874.03,WO-0000243,standard,as_occurred
DFR-01496,2023-09-15 00:00:00,,,vegetation,2023-09-15 00:00:00,2332.37,WO-0000244,Wood,as_occurred
DFR-01330,2023-09-15 00:00:00,,,routine,2023-09-15 00:00:00,1063.86,WO-0000245,wood_pole,as_occurred
DSS-00278,2023-09-15 00:00:00,,,vegetation,2023-09-15 00:00:00,230.44,WO-0000246,standard,as_occurred
PMP-02404,2023-09-15 00:00:00,,,routine,2023-09-15 00:00:00,3560.49,WO-0000247,standard,as_occurred
WMN-03209,2023-09-15 00:00:00,,,routine,2023-09-15 00:00:00,697.92,WO-0000248,pvc,as_occurred
RCL-02077,2023-09-15 00:00:00,,,routine,2023-09-15 00:00:00,1326.56,WO-0000249,standard,as_occurred
DSS-00084,2023-09-16 00:00:00,,,routine,2023-09-16 00:00:00,986.89,WO-0000250,standard,as_occurred
WMN-03268,2023-09-16 00:00:00,,,vegetation,2023-09-16 00:00:00,588.8,WO-0000251,cast_iron,as_occurred
TNK-02624,2023-09-16 00:00:00,,,routine,2023-09-16 00:00:00,484.32,WO-0000252,standard,as_occurred
DSS-00381,2023-09-16 00:00:00,,,inspection,2023-09-16 00:00:00,1122.16,WO-0000253,standard,as_occurred
WMN-03275,2023-09-16 00:00:00,,,routine,2023-09-16 00:00:00,510.99,WO-0000254,ductile_iron,as_occurred
WMN-03330,2023-09-16 00:00:00,,,inspection,2023-09-16 00:00:00,537.05,WO-0000255,ductile_iron,as_occurred
WMN-03240,2023-09-17 00:00:00,,,routine,2023-09-17 00:00:00,2195.86,WO-0000256,ductile_iron,as_occurred
TSS-00028,2023-09-17 00:00:00,,,routine,2023-09-17 00:00:00,579.01,WO-0000257,standard,as_occurred
DFR-01682,2023-09-17 00:00:00,,,routine,2023-09-17 00:00:00,326.33,WO-0000258,underground,as_occurred
WMN-02825,2023-09-17 00:00:00,,,routine,2023-09-17 00:00:00,689.48,WO-0000259,CAST IRON,as_occurred
WMN-03219,2023-09-17 00:00:00,,,routine,2023-09-17 00:00:00,641.75,WO-0000260,PVC,as_occurred
WMN-03150,2023-09-18 00:00:00,,,routine,2023-09-18 00:00:00,1337.89,WO-0000261,asbestos_cement,as_occurred
TNK-02666,2023-09-18 00:00:00,,,inspection,2023-09-18 00:00:00,863.15,WO-0000262,standard,as_occurred
WMN-02681,2023-09-18 00:00:00,,,routine,2023-09-18 00:00:00,1120.71,WO-0000263,ductile_iron,as_occurred
TLS-01193,2023-09-18 00:00:00,,,routine,2023-09-18 00:00:00,701.51,WO-0000264,steel_monopole,as_occurred
RCL-02100,2023-09-18 00:00:00,,,inspection,2023-09-18 00:00:00,433.31,WO-0000265,standard,as_occurred
TLS-00452,2023-09-18 00:00:00,,,routine,2023-09-18 00:00:00,552.12,WO-0000266,steel_lattice,as_occurred
WMN-03086,2023-09-18 00:00:00,,,inspection,2023-09-18 00:00:00,958.2,WO-0000267,pvc,as_occurred
DFR-01861,2023-09-19 00:00:00,,,inspection,2023-09-19 00:00:00,100.98,WO-0000268,wood_pole,as_occurred
TLS-00429,2023-09-19 00:00:00,,,routine,2023-09-19 00:00:00,1404.61,WO-0000269,concrete,as_occurred
WMN-03404,2023-09-19 00:00:00,,,routine,2023-09-19 00:00:00,238.0,WO-0000270,ductile_iron,as_occurred
TSS-00043,2023-09-20 00:00:00,,,routine,2023-09-20 00:00:00,1068.75,WO-0000271,standard,as_occurred
DFR-01963,2023-09-20 00:00:00,,,routine,2023-09-20 00:00:00,528.76,WO-0000272,wood_pole,as_occurred
TLS-00871,2023-09-20 00:00:00,,,vegetation,2023-09-20 00:00:00,515.96,WO-0000273,steel_lattice,as_occurred
PMP-02316,2023-09-20 00:00:00,,,inspection,2023-09-20 00:00:00,1416.51,WO-0000274,standard,as_occurred
TLS-00993,2023-09-20 00:00:00,,,inspection,2023-09-20 00:00:00,225.63,WO-0000275,steel_lattice,as_occurred
WMN-03269,2023-09-20 00:00:00,,,routine,2023-09-20 00:00:00,813.77,WO-0000276,asbestos_cement,as_occurred
DFR-01627,2023-09-20 00:00:00,,,routine,2023-09-20 00:00:00,1072.33,WO-0000277,wood_pole,as_occurred
WMN-02737,2023-09-21 00:00:00,,,routine,2023-09-21 00:00:00,818.84,WO-0000278,PVC,as_occurred
TLS-00551,2023-09-21 00:00:00,,,routine,2023-09-21 00:00:00,677.05,WO-0000279,steel_monopole,as_occurred
PMP-02351,2023-09-21 00:00:00,,,vegetation,2023-09-21 00:00:00,1810.12,WO-0000280,standard,as_occurred
DFR-01361,2023-09-21 00:00:00,,,routine,2023-09-21 00:00:00,2025.85,WO-0000281,Wood,as_occurred
PMP-02399,2023-09-21 00:00:00,,,routine,2023-09-21 00:00:00,513.05,WO-0000282,standard,as_occurred
WMN-03323,2023-09-21 00:00:00,,,inspection,2023-09-21 00:00:00,908.83,WO-0000283,ductile_iron,as_occurred
DSS-00209,2023-09-22 00:00:00,,,routine,2023-09-22 00:00:00,786.0,WO-0000284,standard,as_occurred
DFR-01766,2023-09-22 00:00:00,,,inspection,2023-09-22 00:00:00,481.35,WO-0000285,wood_pole,as_occurred
TLS-01124,2023-09-22 00:00:00,,,vegetation,2023-09-22 00:00:00,537.49,WO-0000286,steel_lattice,as_occurred
DFR-01372,2023-09-22 00:00:00,,,inspection,2023-09-22 00:00:00,829.85,WO-0000287,WOOD POLE,as_occurred
TLS-00614,2023-09-22 00:00:00,,,inspection,2023-09-22 00:00:00,443.05,WO-0000288,steel_lattice,as_occurred
TLS-00952,2023-09-22 00:00:00,,,inspection,2023-09-22 00:00:00,543.18,WO-0000289,steel_monopole,as_occurred
WMN-03467,2023-09-23 00:00:00,,,vegetation,2023-09-23 00:00:00,1182.02,WO-0000290,cast_iron,as_occurred
DSS-00079,2023-09-23 00:00:00,,,vegetation,2023-09-23 00:00:00,1017.02,WO-0000291,standard,as_occurred
WMN-03127,2023-09-24 00:00:00,,,inspection,2023-09-24 00:00:00,721.68,WO-0000292,ductile_iron,as_occurred
TLS-00460,2023-09-25 00:00:00,,,routine,2023-09-25 00:00:00,1131.59,WO-0000293,steel_lattice,as_occurred
TLS-00824,2023-09-25 00:00:00,,,routine,2023-09-25 00:00:00,1230.18,WO-0000294,concrete,as_occurred
LEGACY-065614,2023-09-25 00:00:00,,,vegetation,2023-09-25 00:00:00,777.36,WO-0000295,,as_occurred
WMN-03444,2023-09-25 00:00:00,,,vegetation,2023-09-25 00:00:00,268.69,WO-0000296,cast_iron,as_occurred
TLS-00584,2023-09-25 00:00:00,,,inspection,2023-09-25 00:00:00,1324.68,WO-0000297,steel_lattice,as_occurred
DFR-01647,2023-09-25 00:00:00,,,inspection,2023-09-25 00:00:00,420.42,WO-0000298,composite_pole,as_occurred
DFR-01989,2023-09-25 00:00:00,,,routine,2023-09-25 00:00:00,519.26,WO-0000299,wood_pole,as_occurred
WMN-02898,2023-09-26 00:00:00,,,vegetation,2023-09-26 00:00:00,1073.13,WO-0000300,asbestos_cement,as_occurred
TLS-00969,2023-09-26 00:00:00,,,routine,2023-09-26 00:00:00,503.1,WO-0000301,steel_lattice,as_occurred
DSS-00204,2023-09-26 00:00:00,,,routine,2023-09-26 00:00:00,298.77,WO-0000302,standard,as_occurred
DFR-01623,2023-09-26 00:00:00,,,inspection,2023-09-26 00:00:00,563.47,WO-0000303,wood_pole,as_occurred
LEGACY-087186,2023-09-27 00:00:00,,,vegetation,2023-09-27 00:00:00,258.07,WO-0000304,,as_occurred
DFR-01458,2023-09-27 00:00:00,,,inspection,2023-09-27 00:00:00,941.89,WO-0000305,WOOD POLE,as_occurred
TLS-00608,2023-09-27 00:00:00,,,inspection,2023-09-27 00:00:00,481.85,WO-0000306,steel_lattice,as_occurred
DSS-00074,2023-09-27 00:00:00,,,inspection,2023-09-27 00:00:00,1060.93,WO-0000307,standard,as_occurred
TLS-00557,2023-09-27 00:00:00,,,routine,2023-09-27 00:00:00,908.98,WO-0000308,steel_lattice,as_occurred
TLS-00779,2023-09-27 00:00:00,,,vegetation,2023-09-27 00:00:00,571.78,WO-0000309,steel_lattice,as_occurred
WMN-02972,2023-09-27 00:00:00,,,routine,2023-09-27 00:00:00,248.45,WO-0000310,ductile_iron,as_occurred
TLS-00660,2023-09-27 00:00:00,,,vegetation,2023-09-27 00:00:00,553.58,WO-0000311,steel_lattice,as_occurred
DFR-01412,2023-09-27 00:00:00,,,routine,2023-09-27 00:00:00,458.94,WO-0000312,Wood Pole,as_occurred
INT-03495,2023-09-28 00:00:00,,,inspection,2023-09-28 00:00:00,1658.55,WO-0000313,standard,as_occurred
DFR-01712,2023-09-28 00:00:00,,,inspection,2023-09-28 00:00:00,1156.83,WO-0000314,wood_pole,as_occurred
INT-03492,2023-09-28 00:00:00,,,routine,2023-09-28 00:00:00,499.78,WO-0000315,standard,as_occurred
DFR-01395,2023-09-28 00:00:00,,,routine,2023-09-28 00:00:00,376.64,WO-0000316,wood_pole,as_occurred
DFR-01980,2023-09-29 00:00:00,,,inspection,2023-09-29 00:00:00,785.5,WO-0000317,Wood,as_occurred
WMN-02973,2023-09-29 00:00:00,,,inspection,2023-09-29 00:00:00,490.76,WO-0000318,ductile_iron,as_occurred
TSS-00042,2023-09-29 00:00:00,,,inspection,2023-09-29 00:00:00,368.23,WO-0000319,standard,as_occurred
TNK-02641,2023-09-29 00:00:00,,,inspection,2023-09-29 00:00:00,843.02,WO-0000320,standard,as_occurred
WMN-02778,2023-09-29 00:00:00,,,routine,2023-09-29 00:00:00,583.58,WO-0000321,A/C,as_occurred
DFR-01556,2023-09-29 00:00:00,,,inspection,2023-09-29 00:00:00,1879.22,WO-0000322,concrete_pole,as_occurred
WMN-03064,2023-09-30 00:00:00,,,inspection,2023-09-30 00:00:00,3471.38,WO-0000323,steel,as_occurred
RCL-02031,2023-09-30 00:00:00,,,vegetation,2023-09-30 00:00:00,708.58,WO-0000324,standard,as_occurred
LEGACY-021228,2023-10-01 00:00:00,,,routine,2023-10-01 00:00:00,278.59,WO-0000325,,as_occurred
PMP-02304,2023-10-01 00:00:00,,,routine,2023-10-01 00:00:00,401.35,WO-0000326,standard,as_occurred
DFR-01616,2023-10-01 00:00:00,,,routine,2023-10-01 00:00:00,1088.58,WO-0000327,underground,as_occurred
TLS-00853,2023-10-01 00:00:00,,,inspection,2023-10-01 00:00:00,371.52,WO-0000328,concrete,as_occurred
TLS-00699,2023-10-01 00:00:00,,,inspection,2023-10-01 00:00:00,865.53,WO-0000329,concrete,as_occurred
TNK-02617,2023-10-01 00:00:00,,,inspection,2023-10-01 00:00:00,1466.95,WO-0000330,standard,as_occurred
TLS-00739,2023-10-01 00:00:00,,,routine,2023-10-01 00:00:00,380.74,WO-0000331,steel_lattice,as_occurred
TSS-00018,2023-10-01 00:00:00,,,vegetation,2023-10-01 00:00:00,1278.4,WO-0000332,standard,as_occurred
PMP-02502,2023-10-01 00:00:00,,,routine,2023-10-01 00:00:00,3807.13,WO-0000333,standard,as_occurred
TLS-00889,2023-10-02 00:00:00,,,routine,2023-10-02 00:00:00,1166.82,WO-0000334,steel_monopole,as_occurred
DFR-01983,2023-10-02 00:00:00,,,inspection,2023-10-02 00:00:00,490.41,WO-0000335,WOOD POLE,as_occurred
LEGACY-085020,2023-10-02 00:00:00,,,inspection,2023-10-02 00:00:00,710.83,WO-0000336,,as_occurred
PMP-02349,2023-10-02 00:00:00,,,routine,2023-10-02 00:00:00,1021.58,WO-0000337,standard,as_occurred
WMN-03398,2023-10-02 00:00:00,,,vegetation,2023-10-02 00:00:00,701.04,WO-0000338,Ductile Iron,as_occurred
WMN-02730,2023-10-03 00:00:00,,,inspection,2023-10-03 00:00:00,179.02,WO-0000339,pvc,as_occurred
RCL-02190,2023-10-03 00:00:00,,,inspection,2023-10-03 00:00:00,295.88,WO-0000340,standard,as_occurred
WMN-02909,2023-10-03 00:00:00,,,routine,2023-10-03 00:00:00,598.31,WO-0000341,steel,as_occurred
WMN-02812,2023-10-03 00:00:00,BASE-20231003-042,physical,corrective,2023-10-03 00:00:00,3328.11,WO-0000342,cast_iron,as_occurred
WMN-03057,2023-10-03 06:00:00,BASE-20231003-042,physical,corrective,2023-10-03 06:00:00,7227.83,WO-0000343,C.I.,as_occurred
LEGACY-005346,2023-10-03 18:00:00,BASE-20231003-042,physical,corrective,2023-10-03 18:00:00,721.3,WO-0000344,,as_occurred
PMP-02334,2023-10-04 00:00:00,,,inspection,2023-10-04 00:00:00,780.24,WO-0000345,standard,as_occurred
WMN-02957,2023-10-04 00:00:00,,,routine,2023-10-04 00:00:00,685.41,WO-0000346,ductile_iron,as_occurred
WMN-02705,2023-10-04 00:00:00,,,routine,2023-10-04 00:00:00,932.37,WO-0000347,cast_iron,as_occurred
DFR-01976,2023-10-05 00:00:00,,,routine,2023-10-05 00:00:00,275.83,WO-0000348,composite_pole,as_occurred
TSS-00027,2023-10-05 00:00:00,,,inspection,2023-10-05 00:00:00,1216.78,WO-0000349,standard,as_occurred
DSS-00148,2023-10-05 00:00:00,,,routine,2023-10-08 00:00:00,371.0,WO-0000350,standard,reported_late
DFR-01375,2023-10-05 00:00:00,,,routine,2023-10-05 00:00:00,589.42,WO-0000351,Wood Pole,as_occurred
TLS-01176,2023-10-05 00:00:00,,,routine,2023-10-05 00:00:00,825.22,WO-0000352,concrete,as_occurred
TLS-00411,2023-10-05 00:00:00,,,inspection,2023-10-05 00:00:00,765.68,WO-0000353,steel_lattice,as_occurred
WMN-02788,2023-10-05 00:00:00,,,routine,2023-10-05 00:00:00,2468.0,WO-0000354,pvc,as_occurred
TLS-00474,2023-10-05 00:00:00,,,routine,2023-10-05 00:00:00,543.42,WO-0000355,steel_monopole,as_occurred
WMN-02718,2023-10-06 00:00:00,,,inspection,2023-10-06 00:00:00,1853.02,WO-0000356,pvc,as_occurred
TSS-00036,2023-10-06 00:00:00,,,routine,2023-10-06 00:00:00,1051.4,WO-0000357,standard,as_occurred
WMN-03128,2023-10-06 00:00:00,,,inspection,2023-10-06 00:00:00,632.31,WO-0000358,D.I.,as_occurred
DFR-01983,2023-10-06 00:00:00,,,routine,2023-10-06 00:00:00,353.8,WO-0000359,wood_pole,as_occurred
DSS-00075,2023-10-06 00:00:00,,,vegetation,2023-10-06 00:00:00,693.52,WO-0000360,standard,as_occurred
DSS-00353,2023-10-06 00:00:00,,,vegetation,2023-10-06 00:00:00,463.06,WO-0000361,standard,as_occurred
WMN-03340,2023-10-06 00:00:00,,,inspection,2023-10-06 00:00:00,240.49,WO-0000362,ductile_iron,as_occurred
LEGACY-065454,2023-10-06 00:00:00,,,vegetation,2023-10-06 00:00:00,555.94,WO-0000363,,as_occurred
DFR-01666,2023-10-07 00:00:00,,,routine,2023-10-07 00:00:00,290.12,WO-0000364,wood_pole,as_occurred
WMN-02746,2023-10-07 00:00:00,,,routine,2023-10-07 00:00:00,533.87,WO-0000365,ductile-iron,as_occurred
LEGACY-089660,2023-10-07 00:00:00,,,inspection,2023-10-07 00:00:00,840.54,WO-0000366,,as_occurred
PMP-02449,2023-10-07 00:00:00,,,routine,2023-10-07 00:00:00,796.84,WO-0000367,standard,as_occurred
TLS-00963,2023-10-07 00:00:00,,,routine,2023-10-07 00:00:00,320.47,WO-0000368,steel_lattice,as_occurred
TLS-01170,2023-10-07 00:00:00,,,vegetation,2023-10-07 00:00:00,600.22,WO-0000369,steel_lattice,as_occurred
DFR-01573,2023-10-07 00:00:00,,,routine,2023-10-07 00:00:00,263.67,WO-0000370,concrete_pole,as_occurred
DFR-01413,2023-10-07 00:00:00,,,routine,2023-10-07 00:00:00,1076.97,WO-0000371,timber,as_occurred
DFR-01488,2023-10-07 00:00:00,,,vegetation,2023-10-07 00:00:00,421.28,WO-0000372,wood_pole,as_occurred
DFR-01654,2023-10-08 00:00:00,WILD-20231008-015,physical,corrective,2023-10-08 00:00:00,3009.22,WO-0000373,wood_pole,as_occurred
RCL-02128,2023-10-08 00:00:00,WILD-20231008-015,physical,corrective,2023-10-11 00:00:00,1607.1,WO-0000374,standard,reported_late
RCL-02122,2023-10-08 00:00:00,WILD-20231008-015,physical,corrective,2023-10-08 00:00:00,3437.81,WO-0000375,standard,as_occurred
DFR-01681,2023-10-08 00:00:00,WILD-20231008-015,physical,corrective,2023-10-08 00:00:00,5024.17,WO-0000376,wood_pole,as_occurred
DFR-01664,2023-10-08 00:00:00,WILD-20231008-015,physical,corrective,2023-10-08 00:00:00,7275.6,WO-0000377,wood_pole,as_occurred
DFR-01447,2023-10-08 00:00:00,,,inspection,2023-10-08 00:00:00,644.26,WO-0000378,concrete_pole,as_occurred
DFR-01551,2023-10-08 00:00:00,WILD-20231008-015,physical,corrective,2023-10-08 00:00:00,2431.13,WO-0000379,Wood,as_occurred
DFR-01507,2023-10-08 00:00:00,WILD-20231008-015,physical,corrective,2023-10-11 00:00:00,6101.79,WO-0000380,wood_pole,reported_late
DFR-01397,2023-10-08 00:00:00,WILD-20231008-015,physical,corrective,2023-10-08 00:00:00,1657.22,WO-0000381,WOOD POLE,as_occurred
TNK-02665,2023-10-08 00:00:00,,,routine,2023-10-08 00:00:00,1668.99,WO-0000382,standard,as_occurred
WMN-03358,2023-10-08 00:00:00,,,routine,2023-10-08 00:00:00,3426.17,WO-0000383,Ductile Iron,as_occurred
DFR-01824,2023-10-08 00:00:00,,,routine,2023-10-11 00:00:00,235.95,WO-0000384,composite_pole,reported_late
DFR-01586,2023-10-08 00:00:00,WILD-20231008-015,physical,corrective,2023-10-08 00:00:00,5007.7,WO-0000385,wood_pole,as_occurred
DFR-01514,2023-10-08 06:00:00,WILD-20231008-015,physical,corrective,2023-10-08 06:00:00,655.59,WO-0000386,wood_pole,as_occurred
DFR-01904,2023-10-08 06:00:00,WILD-20231008-015,physical,corrective,2023-10-08 06:00:00,1915.91,WO-0000387,timber,as_occurred
DFR-01936,2023-10-08 06:00:00,WILD-20231008-015,physical,corrective,2023-10-08 06:00:00,3640.19,WO-0000388,wood_pole,as_occurred
DFR-01928,2023-10-08 06:00:00,WILD-20231008-015,physical,corrective,2023-10-08 06:00:00,5443.46,WO-0000389,wood_pole,as_occurred
DFR-01763,2023-10-08 06:00:00,WILD-20231008-015,physical,corrective,2023-10-08 06:00:00,3280.2,WO-0000390,wood_pole,as_occurred
DFR-01402,2023-10-08 12:00:00,WILD-20231008-015,physical,corrective,2023-10-08 12:00:00,1433.17,WO-0000391,wood_pole,as_occurred
TLS-01120,2023-10-08 12:00:00,WILD-20231008-015,physical,corrective,2023-10-08 12:00:00,2378.72,WO-0000392,steel_monopole,as_occurred
TLS-00967,2023-10-08 12:00:00,WILD-20231008-015,physical,corrective,2023-10-08 12:00:00,3112.54,WO-0000393,concrete,as_occurred
DFR-01550,2023-10-08 12:00:00,WILD-20231008-015,physical,corrective,2023-10-08 12:00:00,5882.68,WO-0000394,wood_pole,as_occurred
DFR-01898,2023-10-08 12:00:00,WILD-20231008-015,physical,corrective,2023-10-08 12:00:00,19251.23,WO-0000395,wood_pole,as_occurred
DFR-01941,2023-10-08 12:00:00,WILD-20231008-015,physical,corrective,2023-10-08 12:00:00,10459.1,WO-0000396,wood_pole,as_occurred
WMN-02750,2023-10-08 12:00:00,WILD-20231008-015,physical,corrective,2023-10-08 12:00:00,2604.23,WO-0000397,cast_iron,as_occurred
RCL-02126,2023-10-08 12:00:00,WILD-20231008-015,physical,corrective,2023-10-08 12:00:00,3758.08,WO-0000398,standard,as_occurred
DFR-01451,2023-10-08 18:00:00,WILD-20231008-015,physical,corrective,2023-10-08 18:00:00,3903.65,WO-0000399,timber,as_occurred
TLS-00863,2023-10-08 18:00:00,WILD-20231008-015,physical,corrective,2023-10-08 18:00:00,2305.46,WO-0000400,steel_lattice,as_occurred
DFR-01770,2023-10-08 18:00:00,WILD-20231008-015,physical,corrective,2023-10-08 18:00:00,4121.55,WO-0000401,WOOD POLE,as_occurred
WMN-02841,2023-10-08 18:00:00,WILD-20231008-015,physical,corrective,2023-10-08 18:00:00,14943.58,WO-0000402,pvc,as_occurred
RCL-02100,2023-10-08 18:00:00,WILD-20231008-015,physical,corrective,2023-10-08 18:00:00,3043.24,WO-0000403,standard,as_occurred
WMN-03154,2023-10-08 18:00:00,WILD-20231008-015,physical,corrective,2023-10-08 18:00:00,12616.43,WO-0000404,CI,as_occurred
DFR-02007,2023-10-08 18:00:00,WILD-20231008-015,physical,corrective,2023-10-08 18:00:00,11849.18,WO-0000405,wood_pole,as_occurred
DFR-01991,2023-10-08 18:00:00,WILD-20231008-015,physical,corrective,2023-10-11 18:00:00,2980.35,WO-0000406,wood_pole,reported_late
WMN-02763,2023-10-09 00:00:00,,,routine,2023-10-09 00:00:00,998.58,WO-0000407,Cast Iron,as_occurred
TNK-02558,2023-10-09 00:00:00,,,routine,2023-10-09 00:00:00,348.49,WO-0000408,standard,as_occurred
TLS-01186,2023-10-09 00:00:00,,,routine,2023-10-09 00:00:00,1998.58,WO-0000409,steel_lattice,as_occurred
INT-03513,2023-10-09 00:00:00,,,inspection,2023-10-09 00:00:00,329.83,WO-0000410,standard,as_occurred
RCL-02100,2023-10-09 00:00:00,,,inspection,2023-10-09 00:00:00,498.59,WO-0000411,standard,as_occurred
TLS-01004,2023-10-09 00:00:00,,,routine,2023-10-09 00:00:00,659.08,WO-0000412,steel_monopole,as_occurred
DFR-01405,2023-10-09 00:00:00,WILD-20231008-015,physical,corrective,2023-10-09 00:00:00,6654.22,WO-0000413,wood_pole,as_occurred
DFR-01905,2023-10-09 00:00:00,WILD-20231008-015,physical,corrective,2023-10-09 00:00:00,5032.52,WO-0000414,wood_pole,as_occurred
TNK-02596,2023-10-09 00:00:00,WILD-20231008-015,physical,corrective,2023-10-12 00:00:00,14745.57,WO-0000415,standard,reported_late
DFR-01798,2023-10-09 06:00:00,WILD-20231008-015,physical,corrective,2023-10-09 06:00:00,4867.55,WO-0000416,wood_pole,as_occurred
DFR-01571,2023-10-09 06:00:00,WILD-20231008-015,physical,corrective,2023-10-09 06:00:00,3626.28,WO-0000417,Wood,as_occurred
WMN-02716,2023-10-09 06:00:00,WILD-20231008-015,physical,corrective,2023-10-09 06:00:00,4993.35,WO-0000418,Asbestos Cement,as_occurred
WMN-03139,2023-10-09 06:00:00,WILD-20231008-015,physical,corrective,2023-10-09 06:00:00,3185.95,WO-0000419,ductile_iron,as_occurred
PMP-02292,2023-10-09 06:00:00,WILD-20231008-015,physical,corrective,2023-10-09 06:00:00,1028.09,WO-0000420,standard,as_occurred
DFR-01650,2023-10-09 06:00:00,WILD-20231008-015,physical,corrective,2023-10-09 06:00:00,5696.77,WO-0000421,Wood,as_occurred
DFR-01758,2023-10-09 12:00:00,WILD-20231008-015,physical,corrective,2023-10-12 12:00:00,21649.44,WO-0000422,wood_pole,reported_late
WMN-03345,2023-10-09 12:00:00,WILD-20231008-015,physical,corrective,2023-10-09 12:00:00,14272.52,WO-0000423,asbestos_cement,as_occurred
WMN-03075,2023-10-09 12:00:00,WILD-20231008-015,physical,corrective,2023-10-09 12:00:00,7617.81,WO-0000424,Cast Iron,as_occurred
WMN-02703,2023-10-09 12:00:00,WILD-20231008-015,physical,corrective,2023-10-09 12:00:00,738.21,WO-0000425,steel,as_occurred
LEGACY-096944,2023-10-09 12:00:00,WILD-20231008-015,physical,corrective,2023-10-09 12:00:00,25289.75,WO-0000426,,as_occurred
DFR-01697,2023-10-09 12:00:00,WILD-20231008-015,physical,corrective,2023-10-09 12:00:00,11106.01,WO-0000427,wood_pole,as_occurred
DFR-01691,2023-10-09 12:00:00,WILD-20231008-015,physical,corrective,2023-10-12 12:00:00,7638.33,WO-0000428,wood_pole,reported_late
DFR-01502,2023-10-09 12:00:00,WILD-20231008-015,physical,corrective,2023-10-09 12:00:00,5221.29,WO-0000429,timber,as_occurred
DFR-01749,2023-10-09 12:00:00,WILD-20231008-015,physical,corrective,2023-10-09 12:00:00,3607.26,WO-0000430,Wood,as_occurred
WMN-02945,2023-10-09 18:00:00,WILD-20231008-015,physical,corrective,2023-10-09 18:00:00,2300.33,WO-0000431,cast_iron,as_occurred
DFR-01657,2023-10-09 18:00:00,WILD-20231008-015,physical,corrective,2023-10-09 18:00:00,2760.25,WO-0000432,wood_pole,as_occurred
LEGACY-080031,2023-10-09 18:00:00,WILD-20231008-015,physical,corrective,2023-10-09 18:00:00,5869.32,WO-0000433,,as_occurred
DFR-01675,2023-10-09 18:00:00,WILD-20231008-015,physical,corrective,2023-10-09 18:00:00,5971.13,WO-0000434,Wood Pole,as_occurred
LEGACY-047192,2023-10-09 18:00:00,WILD-20231008-015,physical,corrective,2023-10-09 18:00:00,5637.44,WO-0000435,,as_occurred
INT-03507,2023-10-10 00:00:00,,,vegetation,2023-10-10 00:00:00,1690.34,WO-0000436,standard,as_occurred
WMN-03229,2023-10-10 00:00:00,,,vegetation,2023-10-10 00:00:00,440.59,WO-0000437,P.V.C.,as_occurred
DFR-01535,2023-10-10 00:00:00,,,routine,2023-10-10 00:00:00,919.18,WO-0000438,wood_pole,as_occurred
TLS-01106,2023-10-10 00:00:00,,,routine,2023-10-10 00:00:00,1079.55,WO-0000439,steel_lattice,as_occurred
TLS-00772,2023-10-11 00:00:00,,,routine,2023-10-11 00:00:00,1746.89,WO-0000440,steel_lattice,as_occurred
WMN-03133,2023-10-11 00:00:00,,,routine,2023-10-11 00:00:00,1021.51,WO-0000441,ductile_iron,as_occurred
RCL-02029,2023-10-11 00:00:00,,,vegetation,2023-10-11 00:00:00,369.66,WO-0000442,standard,as_occurred
TLS-00693,2023-10-11 00:00:00,,,routine,2023-10-11 00:00:00,389.71,WO-0000443,steel_lattice,as_occurred
TNK-02578,2023-10-11 00:00:00,,,inspection,2023-10-11 00:00:00,957.3,WO-0000444,standard,as_occurred
DFR-01357,2023-10-11 00:00:00,,,inspection,2023-10-14 00:00:00,1117.94,WO-0000445,wood_pole,reported_late
DFR-01645,2023-10-11 00:00:00,,,inspection,2023-10-11 00:00:00,1082.38,WO-0000446,wood_pole,as_occurred
INT-03491,2023-10-12 00:00:00,,,routine,2023-10-12 00:00:00,774.3,WO-0000447,standard,as_occurred
TLS-00634,2023-10-12 00:00:00,,,inspection,2023-10-12 00:00:00,744.99,WO-0000448,concrete,as_occurred
WMN-03026,2023-10-12 00:00:00,,,vegetation,2023-10-12 00:00:00,366.49,WO-0000449,Cast Iron,as_occurred
PMP-02365,2023-10-12 00:00:00,,,inspection,2023-10-12 00:00:00,369.2,WO-0000450,standard,as_occurred
TLS-00754,2023-10-12 00:00:00,,,inspection,2023-10-12 00:00:00,1211.33,WO-0000451,steel_lattice,as_occurred
RCL-02192,2023-10-12 00:00:00,,,routine,2023-10-12 00:00:00,560.83,WO-0000452,standard,as_occurred
TLS-01279,2023-10-12 00:00:00,,,routine,2023-10-12 00:00:00,855.08,WO-0000453,steel_lattice,as_occurred
DFR-01857,2023-10-12 00:00:00,,,routine,2023-10-12 00:00:00,727.92,WO-0000454,timber,as_occurred
DSS-00195,2023-10-12 00:00:00,,,inspection,2023-10-12 00:00:00,1214.48,WO-0000455,standard,as_occurred
WMN-03075,2023-10-13 00:00:00,,,routine,2023-10-13 00:00:00,1143.62,WO-0000456,cast_iron,as_occurred
DSS-00356,2023-10-13 00:00:00,,,routine,2023-10-13 00:00:00,915.55,WO-0000457,standard,as_occurred
TLS-00695,2023-10-13 00:00:00,,,routine,2023-10-13 00:00:00,1100.92,WO-0000458,steel_monopole,as_occurred
WTP-02213,2023-10-14 00:00:00,,,inspection,2023-10-14 00:00:00,365.95,WO-0000459,standard,as_occurred
DSS-00289,2023-10-14 00:00:00,,,routine,2023-10-14 00:00:00,824.18,WO-0000460,standard,as_occurred
TSS-00052,2023-10-14 00:00:00,,,routine,2023-10-14 00:00:00,1883.26,WO-0000461,standard,as_occurred
TNK-02526,2023-10-15 00:00:00,,,inspection,2023-10-15 00:00:00,1177.78,WO-0000462,standard,as_occurred
TLS-00835,2023-10-15 00:00:00,,,inspection,2023-10-15 00:00:00,144.15,WO-0000463,steel_lattice,as_occurred
PMP-02284,2023-10-15 00:00:00,,,routine,2023-10-15 00:00:00,859.29,WO-0000464,standard,as_occurred
WMN-03329,2023-10-16 00:00:00,,,routine,2023-10-16 00:00:00,1594.11,WO-0000465,ductile_iron,as_occurred
LEGACY-082696,2023-10-16 00:00:00,,,routine,2023-10-16 00:00:00,1800.82,WO-0000466,,as_occurred
TLS-00854,2023-10-17 00:00:00,,,routine,2023-10-17 00:00:00,734.41,WO-0000467,steel_monopole,as_occurred
WMN-02677,2023-10-17 00:00:00,,,routine,2023-10-17 00:00:00,444.63,WO-0000468,cast_iron,as_occurred
TNK-02617,2023-10-17 00:00:00,,,inspection,2023-10-17 00:00:00,1036.79,WO-0000469,standard,as_occurred
DSS-00351,2023-10-17 00:00:00,,,routine,2023-10-17 00:00:00,144.99,WO-0000470,standard,as_occurred
TLS-01020,2023-10-18 00:00:00,,,routine,2023-10-18 00:00:00,929.59,WO-0000471,concrete,as_occurred
DFR-01748,2023-10-18 00:00:00,,,inspection,2023-10-18 00:00:00,418.72,WO-0000472,Wood Pole,as_occurred
TLS-00718,2023-10-18 00:00:00,,,routine,2023-10-21 00:00:00,204.2,WO-0000473,steel_lattice,reported_late
WMN-02768,2023-10-18 00:00:00,,,inspection,2023-10-18 00:00:00,1211.46,WO-0000474,cast_iron,as_occurred
DFR-01368,2023-10-19 00:00:00,,,vegetation,2023-10-19 00:00:00,1141.07,WO-0000475,Wood,as_occurred
DSS-00188,2023-10-19 00:00:00,,,inspection,2023-10-19 00:00:00,831.76,WO-0000476,standard,as_occurred
DFR-01856,2023-10-19 00:00:00,WILD-20231019-014,physical,corrective,2023-10-19 00:00:00,7060.59,WO-0000477,wood_pole,as_occurred
DFR-01814,2023-10-19 00:00:00,WILD-20231019-014,physical,corrective,2023-10-19 00:00:00,5356.57,WO-0000478,wood_pole,as_occurred
DFR-01324,2023-10-19 00:00:00,WILD-20231019-014,physical,corrective,2023-10-19 00:00:00,3186.2,WO-0000479,wood_pole,as_occurred
DFR-01731,2023-10-19 00:00:00,WILD-20231019-014,physical,corrective,2023-10-19 00:00:00,2562.75,WO-0000480,wood_pole,as_occurred
DFR-01375,2023-10-19 00:00:00,WILD-20231019-014,physical,corrective,2023-10-19 00:00:00,1206.04,WO-0000481,WOOD POLE,as_occurred
DFR-01730,2023-10-19 00:00:00,WILD-20231019-014,physical,corrective,2023-10-19 00:00:00,1726.43,WO-0000482,wood_pole,as_occurred
DFR-01664,2023-10-19 00:00:00,WILD-20231019-014,physical,corrective,2023-10-19 00:00:00,418.08,WO-0000483,wood_pole,as_occurred
PMP-02448,2023-10-19 00:00:00,,,routine,2023-10-19 00:00:00,664.83,WO-0000484,standard,as_occurred
DFR-01474,2023-10-19 00:00:00,WILD-20231019-014,physical,corrective,2023-10-19 00:00:00,4969.13,WO-0000485,WOOD POLE,as_occurred
TLS-01284,2023-10-19 00:00:00,,,routine,2023-10-22 00:00:00,289.05,WO-0000486,steel_lattice,reported_late
DFR-01926,2023-10-19 06:00:00,WILD-20231019-014,physical,corrective,2023-10-19 06:00:00,5127.55,WO-0000487,wood_pole,as_occurred
DFR-01425,2023-10-19 06:00:00,WILD-20231019-014,physical,corrective,2023-10-19 06:00:00,6198.6,WO-0000488,wood_pole,as_occurred
TLS-00812,2023-10-19 06:00:00,WILD-20231019-014,physical,corrective,2023-10-19 06:00:00,5540.13,WO-0000489,concrete,as_occurred
DFR-01728,2023-10-19 06:00:00,WILD-20231019-014,physical,corrective,2023-10-19 06:00:00,1779.56,WO-0000490,wood_pole,as_occurred
DFR-01476,2023-10-19 06:00:00,WILD-20231019-014,physical,corrective,2023-10-19 06:00:00,4660.13,WO-0000491,wood_pole,as_occurred
DFR-01937,2023-10-19 06:00:00,WILD-20231019-014,physical,corrective,2023-10-22 06:00:00,7373.54,WO-0000492,wood_pole,reported_late
LEGACY-061549,2023-10-19 06:00:00,WILD-20231019-014,physical,corrective,2023-10-19 06:00:00,1793.03,WO-0000493,,as_occurred
LEGACY-039127,2023-10-19 06:00:00,WILD-20231019-014,physical,corrective,2023-10-19 06:00:00,3243.83,WO-0000494,,as_occurred
DFR-01875,2023-10-19 06:00:00,WILD-20231019-014,physical,corrective,2023-10-19 06:00:00,4152.46,WO-0000495,wood_pole,as_occurred
DFR-01752,2023-10-19 06:00:00,WILD-20231019-014,physical,corrective,2023-10-19 06:00:00,1789.57,WO-0000496,wood_pole,as_occurred
DFR-01620,2023-10-19 06:00:00,WILD-20231019-014,physical,corrective,2023-10-19 06:00:00,1951.07,WO-0000497,wood_pole,as_occurred
DFR-01557,2023-10-19 06:00:00,WILD-20231019-014,physical,corrective,2023-10-19 06:00:00,5038.35,WO-0000498,wood_pole,as_occurred
TLS-00430,2023-10-19 12:00:00,WILD-20231019-014,physical,corrective,2023-10-19 12:00:00,831.34,WO-0000499,steel_lattice,as_occurred
DFR-01767,2023-10-19 12:00:00,WILD-20231019-014,physical,corrective,2023-10-19 12:00:00,5092.56,WO-0000500,wood_pole,as_occurred
WMN-03154,2023-10-19 12:00:00,WILD-20231019-014,physical,corrective,2023-10-19 12:00:00,7741.9,WO-0000501,cast_iron,as_occurred
DFR-01839,2023-10-19 12:00:00,WILD-20231019-014,physical,corrective,2023-10-19 12:00:00,3115.97,WO-0000502,wood_pole,as_occurred
DFR-01802,2023-10-19 12:00:00,WILD-20231019-014,physical,corrective,2023-10-19 12:00:00,5274.5,WO-0000503,wood_pole,as_occurred
DFR-01716,2023-10-19 12:00:00,WILD-20231019-014,physical,corrective,2023-10-19 12:00:00,3906.84,WO-0000504,wood_pole,as_occurred
DFR-01633,2023-10-19 12:00:00,WILD-20231019-014,physical,corrective,2023-10-19 12:00:00,3590.76,WO-0000505,wood_pole,as_occurred
DFR-01472,2023-10-19 12:00:00,WILD-20231019-014,physical,corrective,2023-10-22 12:00:00,6587.54,WO-0000506,wood_pole,reported_late
TLS-00910,2023-10-19 12:00:00,WILD-20231019-014,physical,corrective,2023-10-19 12:00:00,4532.69,WO-0000507,steel_lattice,as_occurred
DFR-01439,2023-10-19 12:00:00,WILD-20231019-014,physical,corrective,2023-10-22 12:00:00,652.85,WO-0000508,Wood,reported_late
DFR-01866,2023-10-19 18:00:00,WILD-20231019-014,physical,corrective,2023-10-19 18:00:00,5697.0,WO-0000509,wood_pole,as_occurred
DFR-01931,2023-10-19 18:00:00,WILD-20231019-014,physical,corrective,2023-10-19 18:00:00,1551.18,WO-0000510,wood_pole,as_occurred
PMP-02301,2023-10-19 18:00:00,WILD-20231019-014,functional_power_loss,corrective,2023-10-19 18:00:00,2796.86,WO-0000511,standard,as_occurred
DFR-01952,2023-10-19 18:00:00,WILD-20231019-014,physical,corrective,2023-10-19 18:00:00,6244.03,WO-0000512,wood_pole,as_occurred
DSS-00258,2023-10-19 18:00:00,WILD-20231019-014,physical,corrective,2023-10-19 18:00:00,2449.75,WO-0000513,standard,as_occurred
LEGACY-056358,2023-10-19 18:00:00,WILD-20231019-014,physical,corrective,2023-10-19 18:00:00,17769.1,WO-0000514,,as_occurred
TLS-01082,2023-10-19 18:00:00,WILD-20231019-014,physical,corrective,2023-10-19 18:00:00,2486.11,WO-0000515,concrete,as_occurred
DFR-01377,2023-10-19 18:00:00,WILD-20231019-014,physical,corrective,2023-10-19 18:00:00,3499.14,WO-0000516,wood_pole,as_occurred
DFR-01441,2023-10-19 18:00:00,WILD-20231019-014,physical,corrective,2023-10-19 18:00:00,4939.94,WO-0000517,wood_pole,as_occurred
DFR-01702,2023-10-19 18:00:00,WILD-20231019-014,physical,corrective,2023-10-19 18:00:00,7789.58,WO-0000518,wood_pole,as_occurred
DFR-01334,2023-10-19 18:00:00,WILD-20231019-014,physical,corrective,2023-10-19 18:00:00,6745.29,WO-0000519,wood_pole,as_occurred
DFR-01981,2023-10-20 00:00:00,WILD-20231019-014,physical,corrective,2023-10-20 00:00:00,7549.1,WO-0000520,wood_pole,as_occurred
LEGACY-093776,2023-10-20 00:00:00,WILD-20231019-014,physical,corrective,2023-10-23 00:00:00,892.95,WO-0000521,,reported_late
DFR-01625,2023-10-20 00:00:00,WILD-20231019-014,physical,corrective,2023-10-20 00:00:00,6465.47,WO-0000522,timber,as_occurred
DFR-01593,2023-10-20 00:00:00,WILD-20231019-014,physical,corrective,2023-10-20 00:00:00,3549.55,WO-0000523,Wood,as_occurred
DFR-01555,2023-10-20 00:00:00,WILD-20231019-014,physical,corrective,2023-10-20 00:00:00,2586.15,WO-0000524,wood_pole,as_occurred
DFR-01536,2023-10-20 00:00:00,WILD-20231019-014,physical,corrective,2023-10-20 00:00:00,23809.27,WO-0000525,wood_pole,as_occurred
DFR-01520,2023-10-20 00:00:00,WILD-20231019-014,physical,corrective,2023-10-20 00:00:00,8091.64,WO-0000526,wood_pole,as_occurred
TSS-00052,2023-10-20 00:00:00,,,routine,2023-10-20 00:00:00,1281.53,WO-0000527,standard,as_occurred
DFR-01581,2023-10-20 00:00:00,WILD-20231019-014,physical,corrective,2023-10-20 00:00:00,2324.87,WO-0000528,wood_pole,as_occurred
DFR-01644,2023-10-20 00:00:00,WILD-20231019-014,physical,corrective,2023-10-20 00:00:00,3736.4,WO-0000529,wood_pole,as_occurred
PMP-02285,2023-10-20 00:00:00,,,inspection,2023-10-20 00:00:00,2308.51,WO-0000530,standard,as_occurred
TLS-01189,2023-10-20 00:00:00,,,routine,2023-10-20 00:00:00,2195.15,WO-0000531,steel_lattice,as_occurred
DFR-01655,2023-10-20 00:00:00,,,inspection,2023-10-20 00:00:00,1396.39,WO-0000532,composite_pole,as_occurred
DFR-01438,2023-10-20 06:00:00,WILD-20231019-014,physical,corrective,2023-10-20 06:00:00,7347.49,WO-0000533,wood_pole,as_occurred
TLS-01306,2023-10-20 06:00:00,WILD-20231019-014,physical,corrective,2023-10-20 06:00:00,6948.23,WO-0000534,concrete,as_occurred
TLS-01128,2023-10-20 06:00:00,WILD-20231019-014,physical,corrective,2023-10-20 06:00:00,4440.16,WO-0000535,steel_lattice,as_occurred
DFR-01901,2023-10-20 06:00:00,WILD-20231019-014,physical,corrective,2023-10-20 06:00:00,6293.44,WO-0000536,timber,as_occurred
TLS-00826,2023-10-20 06:00:00,WILD-20231019-014,physical,corrective,2023-10-20 06:00:00,2138.76,WO-0000537,concrete,as_occurred
DFR-01514,2023-10-20 06:00:00,WILD-20231019-014,physical,corrective,2023-10-23 06:00:00,10692.57,WO-0000538,wood_pole,reported_late
DFR-01477,2023-10-20 06:00:00,WILD-20231019-014,physical,corrective,2023-10-20 06:00:00,4976.17,WO-0000539,wood_pole,as_occurred
DFR-01772,2023-10-20 12:00:00,WILD-20231019-014,physical,corrective,2023-10-20 12:00:00,1245.6,WO-0000540,wood_pole,as_occurred
TLS-00758,2023-10-20 12:00:00,WILD-20231019-014,physical,corrective,2023-10-20 12:00:00,3791.95,WO-0000541,steel_lattice,as_occurred
DSS-00080,2023-10-20 12:00:00,WILD-20231019-014,physical,corrective,2023-10-20 12:00:00,4189.82,WO-0000542,standard,as_occurred
DFR-01820,2023-10-20 18:00:00,WILD-20231019-014,physical,corrective,2023-10-20 18:00:00,3306.36,WO-0000543,timber,as_occurred
DFR-01783,2023-10-20 18:00:00,WILD-20231019-014,physical,corrective,2023-10-23 18:00:00,2588.12,WO-0000544,wood_pole,reported_late
DFR-01908,2023-10-20 18:00:00,WILD-20231019-014,physical,corrective,2023-10-20 18:00:00,12605.43,WO-0000545,wood_pole,as_occurred
WMN-02918,2023-10-21 00:00:00,,,inspection,2023-10-21 00:00:00,868.6,WO-0000546,cast_iron,as_occurred
TLS-00467,2023-10-21 00:00:00,,,routine,2023-10-21 00:00:00,662.72,WO-0000547,steel_lattice,as_occurred
TLS-00746,2023-10-21 00:00:00,,,inspection,2023-10-21 00:00:00,1104.25,WO-0000548,steel_lattice,as_occurred
DSS-00384,2023-10-21 00:00:00,,,vegetation,2023-10-21 00:00:00,1202.93,WO-0000549,standard,as_occurred
WMN-03113,2023-10-21 00:00:00,,,vegetation,2023-10-21 00:00:00,1347.02,WO-0000550,ductile_iron,as_occurred
DFR-01581,2023-10-21 00:00:00,,,vegetation,2023-10-21 00:00:00,280.46,WO-0000551,wood_pole,as_occurred
TNK-02616,2023-10-21 00:00:00,,,routine,2023-10-21 00:00:00,564.88,WO-0000552,standard,as_occurred
DSS-00235,2023-10-21 00:00:00,,,inspection,2023-10-21 00:00:00,1240.89,WO-0000553,standard,as_occurred
DFR-01674,2023-10-21 00:00:00,BASE-20231021-038,physical,corrective,2023-10-21 00:00:00,3863.93,WO-0000554,wood_pole,as_occurred
WMN-02887,2023-10-21 00:00:00,,,inspection,2023-10-21 00:00:00,569.16,WO-0000555,cast-iron,as_occurred
WMN-03378,2023-10-21 06:00:00,BASE-20231021-038,physical,corrective,2023-10-21 06:00:00,2204.34,WO-0000556,Cast Iron,as_occurred
WMN-03311,2023-10-21 06:00:00,BASE-20231021-038,physical,corrective,2023-10-21 06:00:00,10435.99,WO-0000557,cast_iron,as_occurred
DFR-01815,2023-10-21 18:00:00,BASE-20231021-038,physical,corrective,2023-10-21 18:00:00,6544.97,WO-0000558,wood_pole,as_occurred
TLS-01104,2023-10-22 00:00:00,,,routine,2023-10-25 00:00:00,178.71,WO-0000559,steel_lattice,reported_late
TLS-00420,2023-10-22 00:00:00,,,routine,2023-10-22 00:00:00,1549.2,WO-0000560,steel_monopole,as_occurred
DFR-01900,2023-10-22 00:00:00,,,routine,2023-10-22 00:00:00,722.36,WO-0000561,composite_pole,as_occurred
WMN-03073,2023-10-22 00:00:00,,,inspection,2023-10-22 00:00:00,372.09,WO-0000562,ductile-iron,as_occurred
TLS-01086,2023-10-23 00:00:00,,,inspection,2023-10-23 00:00:00,1195.43,WO-0000563,concrete,as_occurred
DFR-01542,2023-10-23 00:00:00,,,routine,2023-10-26 00:00:00,1002.33,WO-0000564,wood_pole,reported_late
LEGACY-093395,2023-10-23 00:00:00,,,inspection,2023-10-23 00:00:00,534.11,WO-0000565,,as_occurred
TLS-00778,2023-10-23 00:00:00,,,vegetation,2023-10-23 00:00:00,893.58,WO-0000566,steel_monopole,as_occurred
TLS-01047,2023-10-23 00:00:00,,,routine,2023-10-23 00:00:00,448.66,WO-0000567,steel_monopole,as_occurred
DFR-02000,2023-10-23 00:00:00,,,vegetation,2023-10-23 00:00:00,302.97,WO-0000568,wood_pole,as_occurred
WMN-03466,2023-10-24 00:00:00,,,inspection,2023-10-24 00:00:00,486.66,WO-0000569,D.I.,as_occurred
LEGACY-078693,2023-10-24 00:00:00,,,inspection,2023-10-24 00:00:00,1414.85,WO-0000570,,as_occurred
WMN-03022,2023-10-24 00:00:00,,,vegetation,2023-10-24 00:00:00,1383.34,WO-0000571,ductile_iron,as_occurred
DFR-01391,2023-10-24 00:00:00,,,routine,2023-10-24 00:00:00,1336.57,WO-0000572,wood_pole,as_occurred
PMP-02361,2023-10-25 00:00:00,,,routine,2023-10-25 00:00:00,836.03,WO-0000573,standard,as_occurred
DFR-01579,2023-10-25 00:00:00,BASE-20231025-028,physical,corrective,2023-10-25 00:00:00,7014.48,WO-0000574,wood_pole,as_occurred
DFR-01877,2023-10-25 00:00:00,BASE-20231025-028,physical,corrective,2023-10-25 00:00:00,29006.58,WO-0000575,wood_pole,as_occurred
WMN-02848,2023-10-25 00:00:00,,,inspection,2023-10-25 00:00:00,505.44,WO-0000576,cast_iron,as_occurred
WMN-02792,2023-10-25 06:00:00,BASE-20231025-028,physical,corrective,2023-10-25 06:00:00,15230.56,WO-0000577,asbestos_cement,as_occurred
DFR-01559,2023-10-25 06:00:00,BASE-20231025-028,physical,corrective,2023-10-25 06:00:00,2107.72,WO-0000578,wood_pole,as_occurred
DSS-00261,2023-10-25 12:00:00,BASE-20231025-028,physical,corrective,2023-10-25 12:00:00,2389.79,WO-0000579,standard,as_occurred
DFR-01935,2023-10-25 12:00:00,BASE-20231025-028,physical,corrective,2023-10-25 12:00:00,8473.59,WO-0000580,wood_pole,as_occurred
WMN-02932,2023-10-25 12:00:00,BASE-20231025-028,physical,corrective,2023-10-25 12:00:00,2822.64,WO-0000581,cast_iron,as_occurred
PMP-02348,2023-10-25 18:00:00,BASE-20231025-028,physical,corrective,2023-10-25 18:00:00,7485.36,WO-0000582,standard,as_occurred
DFR-01848,2023-10-25 18:00:00,BASE-20231025-028,physical,corrective,2023-10-25 18:00:00,7982.09,WO-0000583,WOOD POLE,as_occurred
WMN-03214,2023-10-25 18:00:00,BASE-20231025-028,physical,corrective,2023-10-25 18:00:00,1438.2,WO-0000584,asbestos_cement,as_occurred
RCL-02054,2023-10-26 00:00:00,,,routine,2023-10-26 00:00:00,379.77,WO-0000585,standard,as_occurred
DFR-01909,2023-10-26 00:00:00,,,routine,2023-10-26 00:00:00,1537.21,WO-0000586,underground,as_occurred
TLS-00463,2023-10-26 00:00:00,,,routine,2023-10-26 00:00:00,898.06,WO-0000587,steel_monopole,as_occurred
TNK-02543,2023-10-26 00:00:00,,,inspection,2023-10-26 00:00:00,260.39,WO-0000588,standard,as_occurred
DSS-00301,2023-10-26 00:00:00,,,inspection,2023-10-26 00:00:00,1696.86,WO-0000589,standard,as_occurred
PMP-02483,2023-10-26 00:00:00,,,inspection,2023-10-26 00:00:00,912.37,WO-0000590,standard,as_occurred
TLS-00721,2023-10-26 00:00:00,,,routine,2023-10-26 00:00:00,665.51,WO-0000591,steel_lattice,as_occurred
TLS-00554,2023-10-26 00:00:00,,,routine,2023-10-26 00:00:00,754.06,WO-0000592,steel_lattice,as_occurred
DSS-00187,2023-10-26 00:00:00,,,vegetation,2023-10-26 00:00:00,1602.67,WO-0000593,standard,as_occurred
TNK-02530,2023-10-26 00:00:00,,,routine,2023-10-26 00:00:00,625.51,WO-0000594,standard,as_occurred
TLS-00771,2023-10-27 00:00:00,,,vegetation,2023-10-27 00:00:00,1667.29,WO-0000595,steel_monopole,as_occurred
INT-03496,2023-10-27 00:00:00,,,routine,2023-10-27 00:00:00,393.19,WO-0000596,standard,as_occurred
TLS-01145,2023-10-28 00:00:00,,,vegetation,2023-10-28 00:00:00,547.46,WO-0000597,steel_lattice,as_occurred
TLS-00824,2023-10-28 00:00:00,,,inspection,2023-10-28 00:00:00,771.59,WO-0000598,concrete,as_occurred
DSS-00081,2023-10-28 00:00:00,,,inspection,2023-10-28 00:00:00,130.37,WO-0000599,standard,as_occurred
TLS-00601,2023-10-28 00:00:00,,,routine,2023-10-28 00:00:00,548.93,WO-0000600,steel_lattice,as_occurred
TLS-00999,2023-10-28 00:00:00,,,inspection,2023-10-28 00:00:00,1094.39,WO-0000601,steel_lattice,as_occurred
DFR-01617,2023-10-28 00:00:00,,,vegetation,2023-10-28 00:00:00,571.01,WO-0000602,wood_pole,as_occurred
WMN-03191,2023-10-28 00:00:00,,,routine,2023-10-28 00:00:00,870.22,WO-0000603,asbestos_cement,as_occurred
TLS-00505,2023-10-28 00:00:00,,,inspection,2023-10-28 00:00:00,700.24,WO-0000604,steel_lattice,as_occurred
DFR-01408,2023-10-28 00:00:00,,,routine,2023-10-28 00:00:00,3105.3,WO-0000605,underground,as_occurred
WMN-02802,2023-10-28 00:00:00,,,vegetation,2023-10-28 00:00:00,1673.02,WO-0000606,P.V.C.,as_occurred
WMN-03243,2023-10-28 00:00:00,BASE-20231028-023,physical,corrective,2023-10-28 00:00:00,5135.98,WO-0000607,cast_iron,as_occurred
PMP-02416,2023-10-28 06:00:00,BASE-20231028-023,functional_power_loss,corrective,2023-10-28 06:00:00,4390.56,WO-0000608,standard,as_occurred
DSS-00159,2023-10-28 06:00:00,BASE-20231028-023,physical,corrective,2023-10-31 06:00:00,5223.92,WO-0000609,standard,reported_late
WMN-03107,2023-10-28 06:00:00,BASE-20231028-023,physical,corrective,2023-10-28 06:00:00,7846.82,WO-0000610,C.I.,as_occurred
RCL-02154,2023-10-28 12:00:00,BASE-20231028-023,physical,corrective,2023-10-28 12:00:00,1266.19,WO-0000611,standard,as_occurred
DFR-01703,2023-10-28 12:00:00,BASE-20231028-023,physical,corrective,2023-10-28 12:00:00,4425.2,WO-0000612,timber,as_occurred
DFR-01686,2023-10-28 12:00:00,BASE-20231028-023,physical,corrective,2023-10-28 12:00:00,4291.06,WO-0000613,concrete_pole,as_occurred
WMN-03224,2023-10-28 12:00:00,BASE-20231028-023,physical,corrective,2023-10-28 12:00:00,2086.12,WO-0000614,asbestos_cement,as_occurred
WMN-03015,2023-10-29 00:00:00,,,inspection,2023-10-29 00:00:00,844.8,WO-0000615,Cast Iron,as_occurred
RCL-02060,2023-10-29 00:00:00,,,routine,2023-11-01 00:00:00,1174.6,WO-0000616,standard,reported_late
TLS-01147,2023-10-29 00:00:00,,,vegetation,2023-10-29 00:00:00,2072.39,WO-0000617,steel_lattice,as_occurred
TLS-01023,2023-10-29 00:00:00,,,vegetation,2023-10-29 00:00:00,1022.24,WO-0000618,steel_lattice,as_occurred
WMN-03081,2023-10-30 00:00:00,,,vegetation,2023-10-30 00:00:00,392.65,WO-0000619,ductile_iron,as_occurred
TLS-01286,2023-10-30 00:00:00,,,routine,2023-10-30 00:00:00,1463.61,WO-0000620,steel_lattice,as_occurred
WMN-02981,2023-10-30 00:00:00,,,inspection,2023-10-30 00:00:00,610.82,WO-0000621,Poly Vinyl Chloride,as_occurred
PMP-02357,2023-10-30 00:00:00,,,routine,2023-10-30 00:00:00,788.97,WO-0000622,standard,as_occurred
DFR-01360,2023-10-30 00:00:00,,,vegetation,2023-10-30 00:00:00,1108.46,WO-0000623,Wood,as_occurred
DFR-01687,2023-10-30 00:00:00,,,inspection,2023-10-30 00:00:00,832.55,WO-0000624,wood_pole,as_occurred
DFR-01947,2023-10-31 00:00:00,,,inspection,2023-10-31 00:00:00,774.15,WO-0000625,wood_pole,as_occurred
WMN-03155,2023-10-31 00:00:00,BASE-20231031-030,physical,corrective,2023-10-31 00:00:00,11873.26,WO-0000626,asbestos_cement,as_occurred
WMN-02953,2023-10-31 00:00:00,BASE-20231031-030,physical,corrective,2023-10-31 00:00:00,1849.44,WO-0000627,ductile-iron,as_occurred
WMN-02821,2023-10-31 00:00:00,BASE-20231031-030,physical,corrective,2023-10-31 00:00:00,9450.3,WO-0000628,A/C,as_occurred
DFR-01412,2023-10-31 00:00:00,,,inspection,2023-10-31 00:00:00,1471.77,WO-0000629,wood_pole,as_occurred
TLS-00718,2023-10-31 00:00:00,,,vegetation,2023-10-31 00:00:00,324.2,WO-0000630,steel_lattice,as_occurred
WMN-02975,2023-10-31 00:00:00,,,inspection,2023-10-31 00:00:00,1309.16,WO-0000631,P.V.C.,as_occurred
TNK-02658,2023-10-31 00:00:00,,,inspection,2023-10-31 00:00:00,432.01,WO-0000632,standard,as_occurred
DFR-01978,2023-10-31 06:00:00,BASE-20231031-030,physical,corrective,2023-10-31 06:00:00,5976.73,WO-0000633,wood_pole,as_occurred
WMN-03303,2023-10-31 18:00:00,BASE-20231031-030,physical,corrective,2023-10-31 18:00:00,4263.9,WO-0000634,cast_iron,as_occurred
TNK-02648,2023-11-01 00:00:00,,,vegetation,2023-11-01 00:00:00,821.37,WO-0000635,standard,as_occurred
TLS-00850,2023-11-01 00:00:00,,,routine,2023-11-01 00:00:00,382.52,WO-0000636,steel_lattice,as_occurred
WMN-03245,2023-11-01 00:00:00,,,routine,2023-11-01 00:00:00,2305.11,WO-0000637,cast_iron,as_occurred
DSS-00208,2023-11-01 00:00:00,,,vegetation,2023-11-04 00:00:00,1066.27,WO-0000638,standard,reported_late
PMP-02283,2023-11-01 00:00:00,,,inspection,2023-11-01 00:00:00,267.61,WO-0000639,standard,as_occurred
PMP-02255,2023-11-02 00:00:00,,,routine,2023-11-02 00:00:00,401.04,WO-0000640,standard,as_occurred
DFR-01436,2023-11-03 00:00:00,,,routine,2023-11-03 00:00:00,510.25,WO-0000641,concrete_pole,as_occurred
DSS-00112,2023-11-03 00:00:00,,,inspection,2023-11-03 00:00:00,450.61,WO-0000642,standard,as_occurred
DFR-01359,2023-11-03 00:00:00,,,routine,2023-11-03 00:00:00,1392.78,WO-0000643,WOOD POLE,as_occurred
DFR-01939,2023-11-04 00:00:00,BASE-20231104-033,physical,corrective,2023-11-07 00:00:00,5122.86,WO-0000644,Wood,reported_late
DSS-00209,2023-11-04 00:00:00,,,routine,2023-11-04 00:00:00,1435.62,WO-0000645,standard,as_occurred
DSS-00109,2023-11-04 00:00:00,,,routine,2023-11-04 00:00:00,595.52,WO-0000646,standard,as_occurred
DSS-00231,2023-11-04 00:00:00,,,inspection,2023-11-04 00:00:00,547.08,WO-0000647,standard,as_occurred
TLS-00455,2023-11-04 00:00:00,,,vegetation,2023-11-04 00:00:00,1006.44,WO-0000648,steel_lattice,as_occurred
DSS-00188,2023-11-04 00:00:00,,,routine,2023-11-04 00:00:00,1224.09,WO-0000649,standard,as_occurred
DFR-01505,2023-11-04 00:00:00,,,inspection,2023-11-04 00:00:00,200.32,WO-0000650,wood_pole,as_occurred
WMN-03334,2023-11-04 06:00:00,BASE-20231104-033,physical,corrective,2023-11-04 06:00:00,3109.28,WO-0000651,cast_iron,as_occurred
DFR-01462,2023-11-04 06:00:00,BASE-20231104-033,physical,corrective,2023-11-04 06:00:00,4484.93,WO-0000652,wood_pole,as_occurred
TLS-00618,2023-11-04 06:00:00,BASE-20231104-033,physical,corrective,2023-11-04 06:00:00,6632.48,WO-0000653,steel_lattice,as_occurred
WMN-03296,2023-11-04 12:00:00,BASE-20231104-033,physical,corrective,2023-11-04 12:00:00,7971.88,WO-0000654,cast-iron,as_occurred
PMP-02419,2023-11-04 12:00:00,BASE-20231104-033,physical,corrective,2023-11-04 12:00:00,2849.02,WO-0000655,standard,as_occurred
RCL-02206,2023-11-05 00:00:00,,,routine,2023-11-05 00:00:00,738.91,WO-0000656,standard,as_occurred
PMP-02271,2023-11-05 00:00:00,,,routine,2023-11-08 00:00:00,638.39,WO-0000657,standard,reported_late
PMP-02438,2023-11-05 00:00:00,,,inspection,2023-11-05 00:00:00,2256.05,WO-0000658,standard,as_occurred
WMN-03351,2023-11-06 00:00:00,,,routine,2023-11-06 00:00:00,848.76,WO-0000659,ductile-iron,as_occurred
WMN-03100,2023-11-07 00:00:00,,,routine,2023-11-07 00:00:00,241.43,WO-0000660,pvc,as_occurred
TLS-01276,2023-11-07 00:00:00,,,vegetation,2023-11-07 00:00:00,4942.99,WO-0000661,steel_lattice,as_occurred
PMP-02508,2023-11-08 00:00:00,,,routine,2023-11-08 00:00:00,562.12,WO-0000662,standard,as_occurred
TLS-01110,2023-11-08 00:00:00,,,vegetation,2023-11-08 00:00:00,682.19,WO-0000663,steel_monopole,as_occurred
LEGACY-085243,2023-11-08 00:00:00,,,routine,2023-11-08 00:00:00,215.92,WO-0000664,,as_occurred
TNK-02652,2023-11-09 00:00:00,,,inspection,2023-11-09 00:00:00,1042.48,WO-0000665,standard,as_occurred
PMP-02408,2023-11-09 00:00:00,,,inspection,2023-11-09 00:00:00,1791.07,WO-0000666,standard,as_occurred
DSS-00253,2023-11-09 00:00:00,,,routine,2023-11-09 00:00:00,957.66,WO-0000667,standard,as_occurred
DFR-01469,2023-11-09 00:00:00,,,vegetation,2023-11-09 00:00:00,2461.86,WO-0000668,concrete_pole,as_occurred
WMN-03266,2023-11-10 00:00:00,,,inspection,2023-11-10 00:00:00,612.46,WO-0000669,Ductile Iron,as_occurred
TLS-00975,2023-11-10 00:00:00,,,inspection,2023-11-10 00:00:00,283.15,WO-0000670,steel_monopole,as_occurred
WMN-03301,2023-11-10 00:00:00,,,routine,2023-11-10 00:00:00,370.15,WO-0000671,Ductile Iron,as_occurred
WMN-02750,2023-11-10 00:00:00,,,inspection,2023-11-10 00:00:00,924.42,WO-0000672,cast_iron,as_occurred
WMN-03399,2023-11-11 00:00:00,,,inspection,2023-11-11 00:00:00,237.18,WO-0000673,C.I.,as_occurred
WMN-02736,2023-11-11 00:00:00,,,routine,2023-11-11 00:00:00,524.03,WO-0000674,CI,as_occurred
WMN-02687,2023-11-11 00:00:00,,,vegetation,2023-11-11 00:00:00,963.09,WO-0000675,cast_iron,as_occurred
DFR-01700,2023-11-11 00:00:00,,,inspection,2023-11-11 00:00:00,580.39,WO-0000676,wood_pole,as_occurred
PMP-02474,2023-11-11 00:00:00,,,inspection,2023-11-11 00:00:00,822.04,WO-0000677,standard,as_occurred
PMP-02453,2023-11-11 00:00:00,,,routine,2023-11-11 00:00:00,1503.46,WO-0000678,standard,as_occurred
WMN-03366,2023-11-12 00:00:00,,,routine,2023-11-12 00:00:00,903.23,WO-0000679,Ductile Iron,as_occurred
PMP-02309,2023-11-12 00:00:00,BASE-20231112-037,physical,corrective,2023-11-12 00:00:00,6697.17,WO-0000680,standard,as_occurred
WMN-03192,2023-11-12 00:00:00,BASE-20231112-037,physical,corrective,2023-11-12 00:00:00,8308.49,WO-0000681,pvc,as_occurred
WMN-02840,2023-11-12 00:00:00,BASE-20231112-037,physical,corrective,2023-11-12 00:00:00,2917.09,WO-0000682,cast_iron,as_occurred
WMN-03313,2023-11-12 00:00:00,,,routine,2023-11-12 00:00:00,436.65,WO-0000683,D.I.,as_occurred
TLS-00815,2023-11-12 00:00:00,,,routine,2023-11-15 00:00:00,368.41,WO-0000684,concrete,reported_late
WMN-03203,2023-11-12 00:00:00,BASE-20231112-037,physical,corrective,2023-11-12 00:00:00,3040.68,WO-0000685,Asbestos Cement,as_occurred
DFR-01795,2023-11-12 00:00:00,,,routine,2023-11-12 00:00:00,1735.31,WO-0000686,composite_pole,as_occurred
DFR-01958,2023-11-12 00:00:00,,,routine,2023-11-12 00:00:00,457.21,WO-0000687,wood_pole,as_occurred
WMN-03085,2023-11-12 06:00:00,BASE-20231112-037,physical,corrective,2023-11-12 06:00:00,2015.84,WO-0000688,ductile_iron,as_occurred
PMP-02323,2023-11-12 12:00:00,BASE-20231112-037,physical,corrective,2023-11-12 12:00:00,959.19,WO-0000689,standard,as_occurred
WMN-03118,2023-11-12 18:00:00,BASE-20231112-037,physical,corrective,2023-11-12 18:00:00,3410.61,WO-0000690,cast_iron,as_occurred
PMP-02327,2023-11-13 00:00:00,,,routine,2023-11-13 00:00:00,1652.49,WO-0000691,standard,as_occurred
DFR-01897,2023-11-13 00:00:00,,,routine,2023-11-13 00:00:00,595.6,WO-0000692,underground,as_occurred
RCL-02130,2023-11-14 00:00:00,,,vegetation,2023-11-14 00:00:00,550.82,WO-0000693,standard,as_occurred
PMP-02398,2023-11-14 00:00:00,,,inspection,2023-11-14 00:00:00,2684.35,WO-0000694,standard,as_occurred
DFR-01365,2023-11-14 00:00:00,,,routine,2023-11-14 00:00:00,1059.95,WO-0000695,wood_pole,as_occurred
TLS-00692,2023-11-14 00:00:00,,,routine,2023-11-14 00:00:00,226.11,WO-0000696,steel_lattice,as_occurred
TLS-00784,2023-11-14 00:00:00,,,vegetation,2023-11-17 00:00:00,1460.09,WO-0000697,steel_lattice,reported_late
WMN-03013,2023-11-15 00:00:00,,,inspection,2023-11-15 00:00:00,290.63,WO-0000698,cast_iron,as_occurred
TLS-00627,2023-11-15 00:00:00,,,inspection,2023-11-15 00:00:00,1931.34,WO-0000699,steel_lattice,as_occurred
PMP-02465,2023-11-15 00:00:00,,,inspection,2023-11-15 00:00:00,1267.39,WO-0000700,standard,as_occurred
TLS-00471,2023-11-15 00:00:00,,,routine,2023-11-15 00:00:00,729.51,WO-0000701,steel_lattice,as_occurred
TLS-00812,2023-11-15 00:00:00,,,inspection,2023-11-15 00:00:00,1742.62,WO-0000702,concrete,as_occurred
LEGACY-008298,2023-11-16 00:00:00,,,routine,2023-11-16 00:00:00,858.81,WO-0000703,,as_occurred
TLS-01115,2023-11-16 00:00:00,,,routine,2023-11-16 00:00:00,667.48,WO-0000704,steel_monopole,as_occurred
LEGACY-058754,2023-11-16 00:00:00,,,routine,2023-11-16 00:00:00,312.57,WO-0000705,,as_occurred
TLS-01139,2023-11-16 00:00:00,,,vegetation,2023-11-16 00:00:00,375.79,WO-0000706,steel_lattice,as_occurred
WMN-02987,2023-11-17 00:00:00,,,routine,2023-11-17 00:00:00,1522.73,WO-0000707,C.I.,as_occurred
TNK-02603,2023-11-17 00:00:00,,,vegetation,2023-11-17 00:00:00,681.37,WO-0000708,standard,as_occurred
TLS-00834,2023-11-17 00:00:00,,,routine,2023-11-17 00:00:00,533.5,WO-0000709,steel_lattice,as_occurred
TSS-00002,2023-11-17 00:00:00,,,vegetation,2023-11-17 00:00:00,489.3,WO-0000710,standard,as_occurred
TLS-00603,2023-11-17 00:00:00,,,routine,2023-11-17 00:00:00,1036.45,WO-0000711,steel_lattice,as_occurred
WMN-03150,2023-11-17 00:00:00,,,vegetation,2023-11-17 00:00:00,473.06,WO-0000712,asbestos_cement,as_occurred
DFR-01547,2023-11-17 00:00:00,,,inspection,2023-11-20 00:00:00,3570.81,WO-0000713,composite_pole,reported_late
DFR-01650,2023-11-17 00:00:00,,,routine,2023-11-17 00:00:00,1031.26,WO-0000714,wood_pole,as_occurred
TLS-00964,2023-11-18 00:00:00,,,routine,2023-11-18 00:00:00,328.53,WO-0000715,concrete,as_occurred
WMN-02836,2023-11-18 00:00:00,,,inspection,2023-11-18 00:00:00,1892.1,WO-0000716,ductile_iron,as_occurred
TLS-00428,2023-11-18 00:00:00,,,routine,2023-11-18 00:00:00,415.14,WO-0000717,steel_lattice,as_occurred
WMN-03405,2023-11-18 00:00:00,,,inspection,2023-11-18 00:00:00,1001.68,WO-0000718,CI,as_occurred
DSS-00138,2023-11-18 00:00:00,,,vegetation,2023-11-18 00:00:00,291.29,WO-0000719,standard,as_occurred
PMP-02480,2023-11-18 00:00:00,,,inspection,2023-11-18 00:00:00,539.47,WO-0000720,standard,as_occurred
RCL-02062,2023-11-18 00:00:00,,,inspection,2023-11-18 00:00:00,701.43,WO-0000721,standard,as_occurred
LEGACY-073919,2023-11-18 00:00:00,,,vegetation,2023-11-18 00:00:00,886.74,WO-0000722,,as_occurred
TLS-00753,2023-11-19 00:00:00,,,inspection,2023-11-19 00:00:00,2450.96,WO-0000723,concrete,as_occurred
TLS-00628,2023-11-19 00:00:00,,,routine,2023-11-19 00:00:00,129.5,WO-0000724,steel_lattice,as_occurred
INT-03483,2023-11-19 00:00:00,,,vegetation,2023-11-19 00:00:00,369.0,WO-0000725,standard,as_occurred
TLS-00419,2023-11-19 00:00:00,,,routine,2023-11-19 00:00:00,275.27,WO-0000726,concrete,as_occurred
TLS-00784,2023-11-19 00:00:00,,,routine,2023-11-19 00:00:00,551.66,WO-0000727,steel_lattice,as_occurred
TLS-00538,2023-11-19 00:00:00,,,inspection,2023-11-19 00:00:00,674.79,WO-0000728,concrete,as_occurred
DSS-00321,2023-11-20 00:00:00,,,inspection,2023-11-23 00:00:00,468.1,WO-0000729,standard,reported_late
WMN-02765,2023-11-20 00:00:00,,,routine,2023-11-20 00:00:00,841.85,WO-0000730,Ductile Iron,as_occurred
WMN-02871,2023-11-20 00:00:00,,,inspection,2023-11-20 00:00:00,674.12,WO-0000731,ductile_iron,as_occurred
DFR-01738,2023-11-21 00:00:00,,,vegetation,2023-11-21 00:00:00,703.49,WO-0000732,wood_pole,as_occurred
DFR-01617,2023-11-21 00:00:00,,,routine,2023-11-21 00:00:00,2411.86,WO-0000733,wood_pole,as_occurred
DFR-01685,2023-11-21 00:00:00,,,inspection,2023-11-21 00:00:00,542.38,WO-0000734,wood_pole,as_occurred
TLS-00595,2023-11-21 00:00:00,,,vegetation,2023-11-21 00:00:00,656.52,WO-0000735,steel_lattice,as_occurred
TLS-00413,2023-11-21 00:00:00,,,routine,2023-11-21 00:00:00,1005.19,WO-0000736,steel_lattice,as_occurred
DSS-00191,2023-11-21 00:00:00,,,routine,2023-11-21 00:00:00,406.47,WO-0000737,standard,as_occurred
WMN-03469,2023-11-21 00:00:00,,,routine,2023-11-24 00:00:00,1128.74,WO-0000738,ductile_iron,reported_late
TLS-00780,2023-11-22 00:00:00,,,routine,2023-11-22 00:00:00,947.47,WO-0000739,steel_lattice,as_occurred
PMP-02315,2023-11-22 00:00:00,,,routine,2023-11-22 00:00:00,221.27,WO-0000740,standard,as_occurred
TNK-02606,2023-11-22 00:00:00,,,inspection,2023-11-22 00:00:00,1062.16,WO-0000741,standard,as_occurred
DFR-01597,2023-11-22 00:00:00,,,routine,2023-11-22 00:00:00,1992.19,WO-0000742,WOOD POLE,as_occurred
PMP-02392,2023-11-23 00:00:00,,,routine,2023-11-23 00:00:00,293.24,WO-0000743,standard,as_occurred
LEGACY-092136,2023-11-23 00:00:00,,,routine,2023-11-23 00:00:00,296.11,WO-0000744,,as_occurred
TLS-00927,2023-11-24 00:00:00,,,vegetation,2023-11-24 00:00:00,355.88,WO-0000745,steel_monopole,as_occurred
PMP-02335,2023-11-24 00:00:00,,,routine,2023-11-24 00:00:00,399.33,WO-0000746,standard,as_occurred
TLS-01069,2023-11-24 00:00:00,,,routine,2023-11-24 00:00:00,498.69,WO-0000747,steel_lattice,as_occurred
DSS-00133,2023-11-24 00:00:00,,,routine,2023-11-24 00:00:00,689.37,WO-0000748,standard,as_occurred
WTP-02224,2023-11-24 00:00:00,,,routine,2023-11-24 00:00:00,438.73,WO-0000749,standard,as_occurred
TLS-01190,2023-11-24 00:00:00,,,routine,2023-11-24 00:00:00,1431.92,WO-0000750,steel_monopole,as_occurred
TLS-00935,2023-11-24 00:00:00,,,inspection,2023-11-24 00:00:00,1360.75,WO-0000751,steel_monopole,as_occurred
RCL-02201,2023-11-25 00:00:00,,,inspection,2023-11-25 00:00:00,425.82,WO-0000752,standard,as_occurred
DFR-01504,2023-11-25 00:00:00,,,vegetation,2023-11-25 00:00:00,776.93,WO-0000753,concrete_pole,as_occurred
WMN-03300,2023-11-25 00:00:00,,,routine,2023-11-25 00:00:00,1232.28,WO-0000754,ductile_iron,as_occurred
DSS-00372,2023-11-25 00:00:00,,,inspection,2023-11-25 00:00:00,1096.96,WO-0000755,standard,as_occurred
WMN-03445,2023-11-25 00:00:00,,,routine,2023-11-25 00:00:00,765.48,WO-0000756,cast_iron,as_occurred
TLS-01119,2023-11-26 00:00:00,,,routine,2023-11-26 00:00:00,359.97,WO-0000757,steel_lattice,as_occurred
TLS-00930,2023-11-26 00:00:00,,,inspection,2023-11-26 00:00:00,277.49,WO-0000758,concrete,as_occurred
TLS-00672,2023-11-26 00:00:00,,,inspection,2023-11-26 00:00:00,307.88,WO-0000759,steel_monopole,as_occurred
TNK-02631,2023-11-26 00:00:00,,,inspection,2023-11-26 00:00:00,1320.41,WO-0000760,standard,as_occurred
DSS-00274,2023-11-26 00:00:00,,,routine,2023-11-26 00:00:00,1310.72,WO-0000761,standard,as_occurred
DFR-01354,2023-11-26 00:00:00,,,inspection,2023-11-26 00:00:00,816.65,WO-0000762,WOOD POLE,as_occurred
TLS-01275,2023-11-26 00:00:00,,,vegetation,2023-11-26 00:00:00,3813.03,WO-0000763,steel_monopole,as_occurred
DSS-00221,2023-11-26 00:00:00,,,routine,2023-11-26 00:00:00,646.36,WO-0000764,standard,as_occurred
DSS-00385,2023-11-27 00:00:00,,,inspection,2023-11-27 00:00:00,744.12,WO-0000765,standard,as_occurred
WMN-03085,2023-11-27 00:00:00,,,inspection,2023-11-27 00:00:00,1296.43,WO-0000766,ductile_iron,as_occurred
RCL-02062,2023-11-27 00:00:00,,,inspection,2023-11-27 00:00:00,1189.63,WO-0000767,standard,as_occurred
WMN-03384,2023-11-27 00:00:00,,,vegetation,2023-11-27 00:00:00,267.26,WO-0000768,ductile_iron,as_occurred
TLS-00631,2023-11-27 00:00:00,,,inspection,2023-11-27 00:00:00,536.8,WO-0000769,concrete,as_occurred
DFR-01481,2023-11-27 00:00:00,,,routine,2023-11-27 00:00:00,512.68,WO-0000770,wood_pole,as_occurred
TLS-00868,2023-11-28 00:00:00,,,routine,2023-12-01 00:00:00,667.03,WO-0000771,steel_lattice,reported_late
TLS-00573,2023-11-29 00:00:00,,,routine,2023-11-29 00:00:00,437.26,WO-0000772,steel_monopole,as_occurred
PMP-02377,2023-11-29 00:00:00,,,vegetation,2023-11-29 00:00:00,778.63,WO-0000773,standard,as_occurred
DSS-00200,2023-11-29 00:00:00,,,routine,2023-11-29 00:00:00,1347.85,WO-0000774,standard,as_occurred
PMP-02499,2023-11-29 00:00:00,,,vegetation,2023-11-29 00:00:00,382.7,WO-0000775,standard,as_occurred
DSS-00333,2023-11-29 00:00:00,,,inspection,2023-11-29 00:00:00,558.84,WO-0000776,standard,as_occurred
DFR-01654,2023-11-29 06:00:00,BASE-20231129-040,physical,corrective,2023-11-29 06:00:00,6225.7,WO-0000777,Wood Pole,as_occurred
WMN-02781,2023-11-29 06:00:00,BASE-20231129-040,physical,corrective,2023-11-29 06:00:00,3778.87,WO-0000778,ductile_iron,as_occurred
DFR-01928,2023-11-29 06:00:00,BASE-20231129-040,physical,corrective,2023-11-29 06:00:00,13694.24,WO-0000779,wood_pole,as_occurred
DSS-00182,2023-11-29 12:00:00,BASE-20231129-040,physical,corrective,2023-11-29 12:00:00,6840.0,WO-0000780,standard,as_occurred
WMN-03323,2023-11-29 12:00:00,BASE-20231129-040,physical,corrective,2023-11-29 12:00:00,6568.01,WO-0000781,ductile_iron,as_occurred
WMN-03059,2023-11-29 12:00:00,BASE-20231129-040,physical,corrective,2023-11-29 12:00:00,9295.07,WO-0000782,cast_iron,as_occurred
TLS-00981,2023-11-29 18:00:00,BASE-20231129-040,physical,corrective,2023-11-29 18:00:00,1907.13,WO-0000783,steel_lattice,as_occurred
WMN-02840,2023-11-29 18:00:00,BASE-20231129-040,physical,corrective,2023-11-29 18:00:00,5005.98,WO-0000784,cast-iron,as_occurred
LEGACY-041151,2023-11-29 18:00:00,BASE-20231129-040,physical,corrective,2023-11-29 18:00:00,8585.32,WO-0000785,,as_occurred
TLS-01277,2023-11-30 00:00:00,,,inspection,2023-12-03 00:00:00,341.91,WO-0000786,steel_lattice,reported_late
DSS-00387,2023-11-30 00:00:00,,,inspection,2023-11-30 00:00:00,114.99,WO-0000787,standard,as_occurred
PMP-02504,2023-11-30 00:00:00,,,routine,2023-11-30 00:00:00,282.45,WO-0000788,standard,as_occurred
WMN-03367,2023-11-30 00:00:00,,,inspection,2023-11-30 00:00:00,576.27,WO-0000789,ductile_iron,as_occurred
PMP-02492,2023-11-30 00:00:00,,,inspection,2023-11-30 00:00:00,574.23,WO-0000790,standard,as_occurred
DSS-00364,2023-11-30 00:00:00,,,vegetation,2023-11-30 00:00:00,843.47,WO-0000791,standard,as_occurred
TNK-02658,2023-11-30 00:00:00,,,inspection,2023-11-30 00:00:00,1229.96,WO-0000792,standard,as_occurred
TNK-02579,2023-11-30 00:00:00,,,vegetation,2023-11-30 00:00:00,1432.23,WO-0000793,standard,as_occurred
WMN-02991,2023-11-30 00:00:00,,,inspection,2023-11-30 00:00:00,1124.14,WO-0000794,pvc,as_occurred
TLS-00544,2023-12-01 00:00:00,,,inspection,2023-12-01 00:00:00,683.46,WO-0000795,steel_lattice,as_occurred
WMN-03061,2023-12-01 00:00:00,,,routine,2023-12-01 00:00:00,304.13,WO-0000796,steel,as_occurred
WMN-03168,2023-12-01 00:00:00,,,vegetation,2023-12-01 00:00:00,544.67,WO-0000797,asbestos_cement,as_occurred
WMN-03202,2023-12-01 00:00:00,,,inspection,2023-12-01 00:00:00,507.26,WO-0000798,ductile_iron,as_occurred
RCL-02166,2023-12-01 00:00:00,,,routine,2023-12-01 00:00:00,481.59,WO-0000799,standard,as_occurred
WMN-02917,2023-12-02 00:00:00,,,inspection,2023-12-02 00:00:00,2199.16,WO-0000800,ductile_iron,as_occurred
PMP-02426,2023-12-03 00:00:00,,,vegetation,2023-12-03 00:00:00,537.85,WO-0000801,standard,as_occurred
PMP-02487,2023-12-03 00:00:00,,,routine,2023-12-03 00:00:00,498.69,WO-0000802,standard,as_occurred
TLS-00995,2023-12-03 00:00:00,,,routine,2023-12-03 00:00:00,854.05,WO-0000803,steel_lattice,as_occurred
TSS-00050,2023-12-03 00:00:00,,,routine,2023-12-03 00:00:00,165.24,WO-0000804,standard,as_occurred
PMP-02521,2023-12-03 00:00:00,,,routine,2023-12-03 00:00:00,575.68,WO-0000805,standard,as_occurred
WMN-03219,2023-12-03 00:00:00,,,routine,2023-12-03 00:00:00,1014.23,WO-0000806,pvc,as_occurred
DFR-01371,2023-12-03 00:00:00,,,vegetation,2023-12-06 00:00:00,1195.9,WO-0000807,underground,reported_late
DSS-00283,2023-12-03 00:00:00,,,routine,2023-12-03 00:00:00,348.37,WO-0000808,standard,as_occurred
TLS-00931,2023-12-04 00:00:00,,,routine,2023-12-04 00:00:00,954.24,WO-0000809,steel_monopole,as_occurred
WMN-03304,2023-12-04 00:00:00,,,vegetation,2023-12-07 00:00:00,2722.83,WO-0000810,cast_iron,reported_late
DSS-00079,2023-12-04 00:00:00,,,inspection,2023-12-04 00:00:00,883.62,WO-0000811,standard,as_occurred
WMN-03452,2023-12-04 00:00:00,,,vegetation,2023-12-04 00:00:00,10639.89,WO-0000812,ductile_iron,as_occurred
DFR-01512,2023-12-04 00:00:00,,,inspection,2023-12-07 00:00:00,517.05,WO-0000813,wood_pole,reported_late
TLS-01036,2023-12-04 00:00:00,,,inspection,2023-12-04 00:00:00,1826.27,WO-0000814,steel_lattice,as_occurred
WMN-03098,2023-12-04 00:00:00,,,inspection,2023-12-04 00:00:00,623.63,WO-0000815,pvc,as_occurred
TLS-01150,2023-12-05 00:00:00,,,routine,2023-12-05 00:00:00,621.83,WO-0000816,steel_lattice,as_occurred
TLS-00436,2023-12-05 00:00:00,,,inspection,2023-12-05 00:00:00,1228.65,WO-0000817,steel_monopole,as_occurred
PMP-02403,2023-12-05 00:00:00,,,vegetation,2023-12-05 00:00:00,218.85,WO-0000818,standard,as_occurred
WMN-03099,2023-12-05 00:00:00,,,routine,2023-12-05 00:00:00,479.5,WO-0000819,cast_iron,as_occurred
DSS-00366,2023-12-05 00:00:00,,,routine,2023-12-05 00:00:00,1984.66,WO-0000820,standard,as_occurred
DFR-01701,2023-12-06 00:00:00,,,routine,2023-12-06 00:00:00,1018.41,WO-0000821,wood_pole,as_occurred
DFR-01831,2023-12-06 00:00:00,,,routine,2023-12-06 00:00:00,179.08,WO-0000822,Wood Pole,as_occurred
WMN-02728,2023-12-06 00:00:00,,,routine,2023-12-06 00:00:00,994.93,WO-0000823,Ductile Iron,as_occurred
RCL-02060,2023-12-06 00:00:00,,,inspection,2023-12-06 00:00:00,719.33,WO-0000824,standard,as_occurred
TLS-01026,2023-12-06 00:00:00,,,vegetation,2023-12-09 00:00:00,2909.29,WO-0000825,concrete,reported_late
DSS-00177,2023-12-06 00:00:00,,,inspection,2023-12-09 00:00:00,365.82,WO-0000826,standard,reported_late
LEGACY-095836,2023-12-06 00:00:00,,,routine,2023-12-06 00:00:00,510.08,WO-0000827,,as_occurred
TLS-01042,2023-12-06 00:00:00,,,routine,2023-12-06 00:00:00,843.3,WO-0000828,steel_lattice,as_occurred
TLS-01198,2023-12-07 00:00:00,,,vegetation,2023-12-07 00:00:00,5034.52,WO-0000829,steel_lattice,as_occurred
DFR-01929,2023-12-07 00:00:00,,,inspection,2023-12-07 00:00:00,198.89,WO-0000830,timber,as_occurred
TLS-01044,2023-12-07 00:00:00,,,inspection,2023-12-07 00:00:00,1442.4,WO-0000831,concrete,as_occurred
WMN-03429,2023-12-07 00:00:00,,,vegetation,2023-12-07 00:00:00,633.02,WO-0000832,asbestos_cement,as_occurred
TLS-01216,2023-12-08 00:00:00,,,vegetation,2023-12-08 00:00:00,700.06,WO-0000833,steel_lattice,as_occurred
TLS-00778,2023-12-08 00:00:00,,,inspection,2023-12-08 00:00:00,1812.0,WO-0000834,steel_monopole,as_occurred
DFR-01946,2023-12-08 00:00:00,,,inspection,2023-12-08 00:00:00,938.65,WO-0000835,wood_pole,as_occurred
WMN-02905,2023-12-08 00:00:00,,,vegetation,2023-12-11 00:00:00,1907.29,WO-0000836,C.I.,reported_late
DFR-01637,2023-12-08 00:00:00,,,inspection,2023-12-08 00:00:00,1440.44,WO-0000837,concrete_pole,as_occurred
DFR-01629,2023-12-08 00:00:00,,,routine,2023-12-08 00:00:00,814.48,WO-0000838,Wood,as_occurred
TLS-01047,2023-12-09 00:00:00,,,vegetation,2023-12-12 00:00:00,987.45,WO-0000839,steel_monopole,reported_late
TLS-00743,2023-12-09 00:00:00,,,routine,2023-12-09 00:00:00,1022.09,WO-0000840,steel_lattice,as_occurred
TNK-02543,2023-12-09 00:00:00,,,inspection,2023-12-09 00:00:00,564.93,WO-0000841,standard,as_occurred
DSS-00133,2023-12-09 00:00:00,,,routine,2023-12-09 00:00:00,742.38,WO-0000842,standard,as_occurred
RCL-02107,2023-12-09 00:00:00,,,inspection,2023-12-09 00:00:00,776.31,WO-0000843,standard,as_occurred
DSS-00084,2023-12-10 00:00:00,,,inspection,2023-12-10 00:00:00,712.26,WO-0000844,standard,as_occurred
DFR-01949,2023-12-10 00:00:00,,,routine,2023-12-10 00:00:00,510.01,WO-0000845,composite_pole,as_occurred
DFR-01337,2023-12-10 00:00:00,,,routine,2023-12-10 00:00:00,626.88,WO-0000846,wood_pole,as_occurred
WMN-02852,2023-12-10 00:00:00,,,routine,2023-12-10 00:00:00,564.15,WO-0000847,asbestos_cement,as_occurred
DFR-01803,2023-12-10 00:00:00,,,vegetation,2023-12-10 00:00:00,1857.38,WO-0000848,underground,as_occurred
DFR-01800,2023-12-10 00:00:00,,,vegetation,2023-12-10 00:00:00,757.91,WO-0000849,wood_pole,as_occurred
TSS-00010,2023-12-10 00:00:00,,,inspection,2023-12-10 00:00:00,141.59,WO-0000850,standard,as_occurred
TLS-00536,2023-12-10 00:00:00,,,inspection,2023-12-10 00:00:00,187.79,WO-0000851,steel_lattice,as_occurred
TLS-00440,2023-12-11 00:00:00,,,routine,2023-12-11 00:00:00,859.18,WO-0000852,concrete,as_occurred
DFR-01980,2023-12-11 00:00:00,,,inspection,2023-12-11 00:00:00,2981.96,WO-0000853,WOOD POLE,as_occurred
DFR-01591,2023-12-11 00:00:00,,,inspection,2023-12-11 00:00:00,2414.83,WO-0000854,composite_pole,as_occurred
PMP-02467,2023-12-11 00:00:00,,,inspection,2023-12-11 00:00:00,464.0,WO-0000855,standard,as_occurred
TLS-01054,2023-12-11 00:00:00,,,routine,2023-12-11 00:00:00,345.1,WO-0000856,steel_lattice,as_occurred
WMN-03347,2023-12-12 00:00:00,,,inspection,2023-12-15 00:00:00,866.73,WO-0000857,ductile_iron,reported_late
PMP-02374,2023-12-12 00:00:00,,,routine,2023-12-12 00:00:00,351.86,WO-0000858,standard,as_occurred
TLS-00471,2023-12-12 00:00:00,,,inspection,2023-12-12 00:00:00,613.93,WO-0000859,steel_lattice,as_occurred
RCL-02206,2023-12-12 00:00:00,,,routine,2023-12-12 00:00:00,310.07,WO-0000860,standard,as_occurred
DFR-01311,2023-12-13 00:00:00,,,routine,2023-12-13 00:00:00,984.6,WO-0000861,composite_pole,as_occurred
DSS-00359,2023-12-13 00:00:00,,,routine,2023-12-13 00:00:00,565.13,WO-0000862,standard,as_occurred
PMP-02256,2023-12-13 00:00:00,,,inspection,2023-12-13 00:00:00,1065.18,WO-0000863,standard,as_occurred
TLS-01242,2023-12-14 00:00:00,,,vegetation,2023-12-14 00:00:00,621.37,WO-0000864,steel_lattice,as_occurred
TSS-00054,2023-12-14 00:00:00,,,routine,2023-12-14 00:00:00,620.77,WO-0000865,standard,as_occurred
TLS-01101,2023-12-14 00:00:00,,,inspection,2023-12-14 00:00:00,377.37,WO-0000866,concrete,as_occurred
TLS-01302,2023-12-14 00:00:00,,,vegetation,2023-12-14 00:00:00,174.59,WO-0000867,steel_lattice,as_occurred
LEGACY-007694,2023-12-14 00:00:00,,,vegetation,2023-12-14 00:00:00,754.59,WO-0000868,,as_occurred
TLS-00851,2023-12-14 00:00:00,,,inspection,2023-12-14 00:00:00,502.85,WO-0000869,steel_lattice,as_occurred
WMN-02731,2023-12-14 00:00:00,,,routine,2023-12-14 00:00:00,1107.67,WO-0000870,asbestos_cement,as_occurred
WTP-02214,2023-12-14 00:00:00,BASE-20231214-034,physical,corrective,2023-12-14 00:00:00,8878.32,WO-0000871,standard,as_occurred
TLS-00654,2023-12-14 00:00:00,,,vegetation,2023-12-14 00:00:00,670.04,WO-0000872,steel_lattice,as_occurred
WMN-03026,2023-12-14 06:00:00,BASE-20231214-034,physical,corrective,2023-12-14 06:00:00,1872.71,WO-0000873,Cast Iron,as_occurred
WMN-02821,2023-12-14 06:00:00,BASE-20231214-034,physical,corrective,2023-12-14 06:00:00,1553.69,WO-0000874,asbestos_cement,as_occurred
WMN-02893,2023-12-14 06:00:00,BASE-20231214-034,physical,corrective,2023-12-14 06:00:00,5013.74,WO-0000875,pvc,as_occurred
WMN-03328,2023-12-14 12:00:00,BASE-20231214-034,physical,corrective,2023-12-14 12:00:00,9263.46,WO-0000876,cast-iron,as_occurred
DSS-00366,2023-12-14 12:00:00,BASE-20231214-034,physical,corrective,2023-12-14 12:00:00,5488.83,WO-0000877,standard,as_occurred
LEGACY-095038,2023-12-14 12:00:00,BASE-20231214-034,physical,corrective,2023-12-14 12:00:00,11140.51,WO-0000878,,as_occurred
WMN-03358,2023-12-15 00:00:00,,,inspection,2023-12-15 00:00:00,1960.73,WO-0000879,ductile_iron,as_occurred
DFR-01589,2023-12-15 00:00:00,,,inspection,2023-12-15 00:00:00,1194.15,WO-0000880,concrete_pole,as_occurred
TNK-02539,2023-12-15 00:00:00,,,vegetation,2023-12-15 00:00:00,1995.5,WO-0000881,standard,as_occurred
WMN-02890,2023-12-15 00:00:00,,,routine,2023-12-15 00:00:00,227.61,WO-0000882,ductile_iron,as_occurred
DFR-01365,2023-12-16 00:00:00,,,inspection,2023-12-16 00:00:00,1312.74,WO-0000883,wood_pole,as_occurred
DFR-01334,2023-12-16 00:00:00,,,vegetation,2023-12-16 00:00:00,2050.55,WO-0000884,wood_pole,as_occurred
PMP-02240,2023-12-16 00:00:00,,,inspection,2023-12-16 00:00:00,1319.99,WO-0000885,standard,as_occurred
DFR-01629,2023-12-16 00:00:00,,,inspection,2023-12-16 00:00:00,2512.54,WO-0000886,wood_pole,as_occurred
WMN-03303,2023-12-17 00:00:00,,,routine,2023-12-20 00:00:00,563.03,WO-0000887,cast_iron,reported_late
WMN-03220,2023-12-17 00:00:00,,,vegetation,2023-12-17 00:00:00,1479.32,WO-0000888,cast_iron,as_occurred
DFR-01997,2023-12-17 00:00:00,,,inspection,2023-12-17 00:00:00,759.31,WO-0000889,WOOD POLE,as_occurred
RCL-02173,2023-12-17 00:00:00,,,vegetation,2023-12-17 00:00:00,773.73,WO-0000890,standard,as_occurred
DFR-01658,2023-12-17 00:00:00,,,inspection,2023-12-17 00:00:00,1288.42,WO-0000891,wood_pole,as_occurred
WMN-02896,2023-12-18 00:00:00,,,routine,2023-12-18 00:00:00,704.54,WO-0000892,cast_iron,as_occurred
TLS-00541,2023-12-18 00:00:00,,,inspection,2023-12-18 00:00:00,2766.08,WO-0000893,steel_monopole,as_occurred
DFR-01699,2023-12-18 00:00:00,,,inspection,2023-12-18 00:00:00,145.62,WO-0000894,underground,as_occurred
TLS-00417,2023-12-18 00:00:00,,,inspection,2023-12-18 00:00:00,806.09,WO-0000895,steel_lattice,as_occurred
LEGACY-012523,2023-12-18 00:00:00,,,vegetation,2023-12-18 00:00:00,618.21,WO-0000896,,as_occurred
DFR-01938,2023-12-19 00:00:00,,,vegetation,2023-12-19 00:00:00,624.09,WO-0000897,wood_pole,as_occurred
TLS-00625,2023-12-19 00:00:00,,,routine,2023-12-22 00:00:00,688.79,WO-0000898,steel_monopole,reported_late
PMP-02462,2023-12-19 00:00:00,,,vegetation,2023-12-19 00:00:00,486.89,WO-0000899,standard,as_occurred
TSS-00002,2023-12-19 00:00:00,,,routine,2023-12-19 00:00:00,598.41,WO-0000900,standard,as_occurred
TLS-01216,2023-12-19 00:00:00,,,inspection,2023-12-22 00:00:00,853.12,WO-0000901,steel_lattice,reported_late
DFR-01430,2023-12-19 00:00:00,,,routine,2023-12-19 00:00:00,1386.92,WO-0000902,Wood,as_occurred
DSS-00141,2023-12-19 00:00:00,,,routine,2023-12-19 00:00:00,347.38,WO-0000903,standard,as_occurred
PMP-02504,2023-12-19 00:00:00,,,routine,2023-12-19 00:00:00,1036.29,WO-0000904,standard,as_occurred
LEGACY-049479,2023-12-20 00:00:00,,,inspection,2023-12-20 00:00:00,464.36,WO-0000905,,as_occurred
WMN-02882,2023-12-20 00:00:00,,,inspection,2023-12-20 00:00:00,523.14,WO-0000906,steel,as_occurred
TSS-00008,2023-12-20 00:00:00,,,routine,2023-12-20 00:00:00,2181.78,WO-0000907,standard,as_occurred
DFR-01640,2023-12-21 00:00:00,,,routine,2023-12-21 00:00:00,1265.02,WO-0000908,wood_pole,as_occurred
TLS-00753,2023-12-21 00:00:00,,,routine,2023-12-21 00:00:00,1589.59,WO-0000909,concrete,as_occurred
DFR-01475,2023-12-21 00:00:00,,,vegetation,2023-12-21 00:00:00,469.92,WO-0000910,wood_pole,as_occurred
WMN-03180,2023-12-21 00:00:00,,,inspection,2023-12-21 00:00:00,1295.46,WO-0000911,pvc,as_occurred
TLS-00471,2023-12-22 00:00:00,,,routine,2023-12-22 00:00:00,796.64,WO-0000912,steel_lattice,as_occurred
DFR-01747,2023-12-22 00:00:00,,,routine,2023-12-22 00:00:00,2383.73,WO-0000913,WOOD POLE,as_occurred
DFR-01550,2023-12-22 00:00:00,,,inspection,2023-12-22 00:00:00,282.48,WO-0000914,wood_pole,as_occurred
TLS-00891,2023-12-23 00:00:00,,,inspection,2023-12-23 00:00:00,244.67,WO-0000915,steel_lattice,as_occurred
RCL-02025,2023-12-23 00:00:00,,,routine,2023-12-23 00:00:00,323.19,WO-0000916,standard,as_occurred
TLS-00608,2023-12-23 00:00:00,,,inspection,2023-12-23 00:00:00,597.91,WO-0000917,steel_lattice,as_occurred
RCL-02074,2023-12-23 00:00:00,,,routine,2023-12-23 00:00:00,277.67,WO-0000918,standard,as_occurred
PMP-02284,2023-12-23 00:00:00,,,routine,2023-12-23 00:00:00,1592.08,WO-0000919,standard,as_occurred
TLS-00721,2023-12-23 00:00:00,,,routine,2023-12-23 00:00:00,735.6,WO-0000920,steel_lattice,as_occurred
TLS-01120,2023-12-23 00:00:00,,,routine,2023-12-23 00:00:00,1254.25,WO-0000921,steel_monopole,as_occurred
TNK-02645,2023-12-24 00:00:00,,,routine,2023-12-24 00:00:00,1213.3,WO-0000922,standard,as_occurred
TLS-00752,2023-12-24 00:00:00,,,inspection,2023-12-24 00:00:00,1515.84,WO-0000923,steel_lattice,as_occurred
TLS-01261,2023-12-25 00:00:00,,,inspection,2023-12-25 00:00:00,309.08,WO-0000924,steel_lattice,as_occurred
PMP-02311,2023-12-25 00:00:00,,,routine,2023-12-25 00:00:00,736.33,WO-0000925,standard,as_occurred
TLS-00931,2023-12-25 00:00:00,,,routine,2023-12-25 00:00:00,889.92,WO-0000926,steel_monopole,as_occurred
TLS-00667,2023-12-25 00:00:00,,,routine,2023-12-25 00:00:00,1211.1,WO-0000927,steel_lattice,as_occurred
TLS-00911,2023-12-25 00:00:00,,,routine,2023-12-25 00:00:00,265.63,WO-0000928,steel_lattice,as_occurred
PMP-02268,2023-12-25 00:00:00,,,routine,2023-12-25 00:00:00,576.61,WO-0000929,standard,as_occurred
RCL-02037,2023-12-26 00:00:00,,,inspection,2023-12-26 00:00:00,264.44,WO-0000930,standard,as_occurred
DFR-01460,2023-12-26 00:00:00,,,routine,2023-12-26 00:00:00,957.12,WO-0000931,composite_pole,as_occurred
DSS-00287,2023-12-26 00:00:00,,,vegetation,2023-12-26 00:00:00,418.41,WO-0000932,standard,as_occurred
WMN-03165,2023-12-26 00:00:00,,,inspection,2023-12-26 00:00:00,197.91,WO-0000933,cast_iron,as_occurred
DSS-00158,2023-12-26 00:00:00,,,routine,2023-12-26 00:00:00,404.92,WO-0000934,standard,as_occurred
DFR-01875,2023-12-26 00:00:00,,,routine,2023-12-26 00:00:00,294.64,WO-0000935,Wood Pole,as_occurred
DFR-01467,2023-12-26 00:00:00,,,inspection,2023-12-26 00:00:00,1899.33,WO-0000936,wood_pole,as_occurred
WMN-02939,2023-12-26 00:00:00,,,routine,2023-12-26 00:00:00,1259.75,WO-0000937,ductile_iron,as_occurred
TLS-00583,2023-12-27 00:00:00,,,inspection,2023-12-27 00:00:00,888.84,WO-0000938,steel_lattice,as_occurred
WMN-02724,2023-12-27 00:00:00,,,vegetation,2023-12-27 00:00:00,231.7,WO-0000939,ductile_iron,as_occurred
PMP-02346,2023-12-27 00:00:00,,,inspection,2023-12-27 00:00:00,1536.17,WO-0000940,standard,as_occurred
DSS-00087,2023-12-27 00:00:00,,,vegetation,2023-12-27 00:00:00,861.9,WO-0000941,standard,as_occurred
TLS-00923,2023-12-28 00:00:00,,,vegetation,2023-12-28 00:00:00,624.54,WO-0000942,steel_lattice,as_occurred
TLS-00539,2023-12-28 00:00:00,,,routine,2023-12-28 00:00:00,527.23,WO-0000943,steel_monopole,as_occurred
DFR-01443,2023-12-28 00:00:00,,,routine,2023-12-28 00:00:00,331.02,WO-0000944,composite_pole,as_occurred
WMN-02916,2023-12-28 00:00:00,,,routine,2023-12-28 00:00:00,92.83,WO-0000945,Cast Iron,as_occurred
TLS-00550,2023-12-28 00:00:00,,,routine,2023-12-31 00:00:00,1588.79,WO-0000946,steel_lattice,reported_late
WMN-02851,2023-12-28 00:00:00,,,routine,2023-12-28 00:00:00,684.69,WO-0000947,pvc,as_occurred
PMP-02290,2023-12-28 00:00:00,,,routine,2023-12-31 00:00:00,611.87,WO-0000948,standard,reported_late
TLS-00706,2023-12-28 00:00:00,,,routine,2023-12-28 00:00:00,267.25,WO-0000949,steel_lattice,as_occurred
TLS-01168,2023-12-28 00:00:00,,,routine,2023-12-28 00:00:00,257.72,WO-0000950,steel_monopole,as_occurred
TLS-00585,2023-12-29 00:00:00,,,routine,2023-12-29 00:00:00,1518.36,WO-0000951,steel_monopole,as_occurred
PMP-02317,2023-12-29 00:00:00,,,routine,2023-12-29 00:00:00,684.76,WO-0000952,standard,as_occurred
TLS-00582,2023-12-29 00:00:00,,,vegetation,2023-12-29 00:00:00,738.13,WO-0000953,steel_lattice,as_occurred
WMN-02926,2023-12-30 00:00:00,,,vegetation,2024-01-02 00:00:00,2105.15,WO-0000954,cast_iron,reported_late
PMP-02377,2023-12-30 00:00:00,,,routine,2023-12-30 00:00:00,658.14,WO-0000955,standard,as_occurred
WMN-02785,2023-12-30 00:00:00,,,routine,2023-12-30 00:00:00,456.6,WO-0000956,cast_iron,as_occurred
WMN-02859,2023-12-30 00:00:00,,,vegetation,2024-01-02 00:00:00,242.88,WO-0000957,cast_iron,reported_late
WMN-03038,2023-12-30 00:00:00,,,inspection,2023-12-30 00:00:00,736.2,WO-0000958,D.I.,as_occurred
WMN-03003,2023-12-30 00:00:00,,,routine,2023-12-30 00:00:00,1223.69,WO-0000959,Ductile Iron,as_occurred
WMN-02866,2023-12-30 00:00:00,,,inspection,2023-12-30 00:00:00,936.0,WO-0000960,ductile_iron,as_occurred
PMP-02349,2023-12-31 00:00:00,,,routine,2023-12-31 00:00:00,3350.19,WO-0000961,standard,as_occurred
WMN-03320,2023-12-31 00:00:00,,,routine,2024-01-03 00:00:00,603.24,WO-0000962,pvc,reported_late
TLS-01264,2023-12-31 00:00:00,,,inspection,2024-01-03 00:00:00,788.66,WO-0000963,steel_monopole,reported_late
RCL-02091,2023-12-31 00:00:00,,,inspection,2023-12-31 00:00:00,1560.24,WO-0000964,standard,as_occurred
DSS-00087,2023-12-31 00:00:00,,,inspection,2023-12-31 00:00:00,609.87,WO-0000965,standard,as_occurred
LEGACY-052995,2023-12-31 00:00:00,,,routine,2023-12-31 00:00:00,599.27,WO-0000966,,as_occurred
TLS-00909,2024-01-01 00:00:00,,,inspection,2024-01-01 00:00:00,1003.52,WO-0000967,steel_lattice,as_occurred
RCL-02027,2024-01-01 00:00:00,,,inspection,2024-01-01 00:00:00,6949.97,WO-0000968,standard,as_occurred
TLS-00571,2024-01-01 00:00:00,,,vegetation,2024-01-01 00:00:00,747.09,WO-0000969,steel_lattice,as_occurred
TLS-00604,2024-01-01 00:00:00,,,routine,2024-01-01 00:00:00,1229.8,WO-0000970,steel_lattice,as_occurred
WMN-03070,2024-01-02 00:00:00,,,vegetation,2024-01-02 00:00:00,858.36,WO-0000971,ductile_iron,as_occurred
TLS-00742,2024-01-02 00:00:00,,,routine,2024-01-02 00:00:00,1633.89,WO-0000972,steel_lattice,as_occurred
PMP-02477,2024-01-03 00:00:00,,,inspection,2024-01-03 00:00:00,916.43,WO-0000973,standard,as_occurred
TSS-00041,2024-01-03 00:00:00,,,routine,2024-01-03 00:00:00,581.62,WO-0000974,standard,as_occurred
WMN-02982,2024-01-04 00:00:00,,,inspection,2024-01-04 00:00:00,1381.84,WO-0000975,cast_iron,as_occurred
WMN-03050,2024-01-05 00:00:00,,,routine,2024-01-05 00:00:00,459.63,WO-0000976,cast_iron,as_occurred
DFR-01786,2024-01-05 00:00:00,,,inspection,2024-01-05 00:00:00,1026.84,WO-0000977,composite_pole,as_occurred
TLS-00435,2024-01-05 00:00:00,,,routine,2024-01-05 00:00:00,295.11,WO-0000978,steel_lattice,as_occurred
DSS-00354,2024-01-05 00:00:00,,,routine,2024-01-05 00:00:00,738.56,WO-0000979,standard,as_occurred
DSS-00269,2024-01-05 00:00:00,,,routine,2024-01-05 00:00:00,882.04,WO-0000980,standard,as_occurred
TLS-01130,2024-01-05 00:00:00,,,routine,2024-01-05 00:00:00,281.7,WO-0000981,steel_lattice,as_occurred
TSS-00054,2024-01-05 00:00:00,,,vegetation,2024-01-05 00:00:00,4343.78,WO-0000982,standard,as_occurred
DFR-01338,2024-01-05 00:00:00,,,routine,2024-01-05 00:00:00,1006.95,WO-0000983,wood_pole,as_occurred
DSS-00075,2024-01-05 00:00:00,,,vegetation,2024-01-05 00:00:00,908.74,WO-0000984,standard,as_occurred
DSS-00183,2024-01-06 00:00:00,,,routine,2024-01-06 00:00:00,180.91,WO-0000985,standard,as_occurred
PMP-02236,2024-01-06 00:00:00,,,routine,2024-01-06 00:00:00,475.03,WO-0000986,standard,as_occurred
PMP-02378,2024-01-06 00:00:00,,,routine,2024-01-06 00:00:00,1276.04,WO-0000987,standard,as_occurred
WMN-02678,2024-01-06 00:00:00,,,inspection,2024-01-06 00:00:00,2079.5,WO-0000988,steel,as_occurred
TLS-00974,2024-01-06 00:00:00,,,vegetation,2024-01-06 00:00:00,445.0,WO-0000989,steel_lattice,as_occurred
WMN-02726,2024-01-07 00:00:00,,,vegetation,2024-01-07 00:00:00,1128.72,WO-0000990,P.V.C.,as_occurred
TNK-02568,2024-01-07 00:00:00,,,vegetation,2024-01-07 00:00:00,1349.59,WO-0000991,standard,as_occurred
DFR-01354,2024-01-08 00:00:00,,,routine,2024-01-08 00:00:00,444.36,WO-0000992,wood_pole,as_occurred
DFR-01749,2024-01-08 00:00:00,,,routine,2024-01-08 00:00:00,358.89,WO-0000993,wood_pole,as_occurred
DSS-00104,2024-01-08 00:00:00,,,inspection,2024-01-08 00:00:00,1867.11,WO-0000994,standard,as_occurred
TLS-00920,2024-01-08 00:00:00,,,routine,2024-01-08 00:00:00,321.24,WO-0000995,steel_monopole,as_occurred
DFR-01444,2024-01-08 00:00:00,,,routine,2024-01-08 00:00:00,1444.44,WO-0000996,wood_pole,as_occurred
TLS-00976,2024-01-08 00:00:00,,,routine,2024-01-08 00:00:00,653.14,WO-0000997,steel_lattice,as_occurred
TLS-01017,2024-01-08 00:00:00,,,inspection,2024-01-08 00:00:00,199.44,WO-0000998,steel_monopole,as_occurred
WMN-03267,2024-01-08 00:00:00,,,inspection,2024-01-08 00:00:00,231.02,WO-0000999,ductile_iron,as_occurred
DSS-00335,2024-01-09 00:00:00,,,routine,2024-01-09 00:00:00,472.85,WO-0001000,standard,as_occurred
DFR-01990,2024-01-09 00:00:00,,,vegetation,2024-01-09 00:00:00,1302.1,WO-0001001,wood_pole,as_occurred
DFR-01726,2024-01-09 00:00:00,,,inspection,2024-01-09 00:00:00,331.67,WO-0001002,composite_pole,as_occurred
DFR-01458,2024-01-09 00:00:00,,,routine,2024-01-09 00:00:00,800.2,WO-0001003,wood_pole,as_occurred
TLS-00824,2024-01-09 00:00:00,,,vegetation,2024-01-09 00:00:00,867.57,WO-0001004,concrete,as_occurred
RCL-02026,2024-01-09 00:00:00,,,inspection,2024-01-09 00:00:00,858.85,WO-0001005,standard,as_occurred
TLS-01070,2024-01-09 00:00:00,,,vegetation,2024-01-09 00:00:00,400.03,WO-0001006,steel_lattice,as_occurred
TNK-02538,2024-01-09 00:00:00,,,routine,2024-01-09 00:00:00,188.37,WO-0001007,standard,as_occurred
TLS-00979,2024-01-09 00:00:00,,,inspection,2024-01-09 00:00:00,3001.77,WO-0001008,steel_monopole,as_occurred
PMP-02457,2024-01-10 00:00:00,,,inspection,2024-01-10 00:00:00,1024.6,WO-0001009,standard,as_occurred
TLS-00836,2024-01-10 00:00:00,,,routine,2024-01-10 00:00:00,792.31,WO-0001010,steel_lattice,as_occurred
DFR-01372,2024-01-10 00:00:00,,,routine,2024-01-10 00:00:00,1102.12,WO-0001011,timber,as_occurred
DFR-01435,2024-01-11 00:00:00,,,routine,2024-01-11 00:00:00,451.66,WO-0001012,underground,as_occurred
DFR-01382,2024-01-11 00:00:00,,,vegetation,2024-01-11 00:00:00,854.89,WO-0001013,underground,as_occurred
TLS-00640,2024-01-11 00:00:00,,,inspection,2024-01-11 00:00:00,309.93,WO-0001014,steel_lattice,as_occurred
DSS-00111,2024-01-11 00:00:00,,,vegetation,2024-01-11 00:00:00,827.14,WO-0001015,standard,as_occurred
DFR-01533,2024-01-11 00:00:00,,,routine,2024-01-11 00:00:00,730.08,WO-0001016,wood_pole,as_occurred
DSS-00099,2024-01-11 00:00:00,,,vegetation,2024-01-11 00:00:00,375.47,WO-0001017,standard,as_occurred
LEGACY-069074,2024-01-12 00:00:00,,,vegetation,2024-01-12 00:00:00,558.46,WO-0001018,,as_occurred
DFR-01577,2024-01-12 00:00:00,,,vegetation,2024-01-15 00:00:00,561.24,WO-0001019,Wood Pole,reported_late
TLS-01209,2024-01-12 00:00:00,,,inspection,2024-01-12 00:00:00,354.51,WO-0001020,steel_lattice,as_occurred
RCL-02086,2024-01-12 00:00:00,,,vegetation,2024-01-12 00:00:00,685.34,WO-0001021,standard,as_occurred
PMP-02458,2024-01-12 00:00:00,,,routine,2024-01-12 00:00:00,543.0,WO-0001022,standard,as_occurred
WMN-02925,2024-01-13 00:00:00,,,inspection,2024-01-13 00:00:00,1326.13,WO-0001023,pvc,as_occurred
WMN-03267,2024-01-13 00:00:00,,,routine,2024-01-13 00:00:00,286.94,WO-0001024,DI,as_occurred
DFR-01411,2024-01-13 00:00:00,,,inspection,2024-01-13 00:00:00,1714.06,WO-0001025,composite_pole,as_occurred
TLS-00863,2024-01-13 00:00:00,,,routine,2024-01-13 00:00:00,4469.17,WO-0001026,steel_lattice,as_occurred
TLS-00863,2024-01-13 00:00:00,,,inspection,2024-01-13 00:00:00,889.93,WO-0001027,steel_lattice,as_occurred
TLS-01069,2024-01-14 00:00:00,,,vegetation,2024-01-14 00:00:00,456.45,WO-0001028,steel_lattice,as_occurred
DFR-01873,2024-01-14 00:00:00,,,inspection,2024-01-14 00:00:00,1410.19,WO-0001029,wood_pole,as_occurred
DFR-01612,2024-01-14 00:00:00,,,vegetation,2024-01-14 00:00:00,469.58,WO-0001030,wood_pole,as_occurred
TLS-00629,2024-01-14 00:00:00,,,routine,2024-01-14 00:00:00,2631.73,WO-0001031,steel_monopole,as_occurred
DFR-01489,2024-01-14 00:00:00,,,routine,2024-01-14 00:00:00,925.73,WO-0001032,composite_pole,as_occurred
TLS-00776,2024-01-14 00:00:00,,,inspection,2024-01-14 00:00:00,655.47,WO-0001033,steel_lattice,as_occurred
WTP-02221,2024-01-14 00:00:00,,,vegetation,2024-01-14 00:00:00,2380.45,WO-0001034,standard,as_occurred
PMP-02268,2024-01-14 12:00:00,HEAT-20240114-007,physical,corrective,2024-01-14 12:00:00,2365.98,WO-0001035,standard,as_occurred
WMN-02776,2024-01-14 12:00:00,HEAT-20240114-007,physical,corrective,2024-01-14 12:00:00,5290.35,WO-0001036,asbestos_cement,as_occurred
TLS-00960,2024-01-15 00:00:00,,,routine,2024-01-15 00:00:00,652.94,WO-0001037,steel_lattice,as_occurred
RCL-02118,2024-01-15 00:00:00,,,routine,2024-01-15 00:00:00,757.38,WO-0001038,standard,as_occurred
WMN-03082,2024-01-15 00:00:00,,,inspection,2024-01-15 00:00:00,342.21,WO-0001039,D.I.,as_occurred
DFR-01856,2024-01-15 00:00:00,,,inspection,2024-01-15 00:00:00,669.45,WO-0001040,wood_pole,as_occurred
WMN-03154,2024-01-15 12:00:00,HEAT-20240114-007,physical,corrective,2024-01-15 12:00:00,13773.95,WO-0001041,cast_iron,as_occurred
WMN-03322,2024-01-15 12:00:00,HEAT-20240114-007,physical,corrective,2024-01-15 12:00:00,11558.77,WO-0001042,cast_iron,as_occurred
DSS-00093,2024-01-15 12:00:00,HEAT-20240114-007,physical,corrective,2024-01-18 12:00:00,3503.55,WO-0001043,standard,reported_late
WMN-02979,2024-01-15 12:00:00,HEAT-20240114-007,physical,corrective,2024-01-15 12:00:00,1193.41,WO-0001044,ductile-iron,as_occurred
PMP-02434,2024-01-15 12:00:00,HEAT-20240114-007,physical,corrective,2024-01-15 12:00:00,15758.26,WO-0001045,standard,as_occurred
PMP-02402,2024-01-15 12:00:00,HEAT-20240114-007,physical,corrective,2024-01-15 12:00:00,34065.79,WO-0001046,standard,as_occurred
WMN-02736,2024-01-15 12:00:00,HEAT-20240114-007,physical,corrective,2024-01-15 12:00:00,6291.24,WO-0001047,cast_iron,as_occurred
WMN-02810,2024-01-15 18:00:00,HEAT-20240114-007,physical,corrective,2024-01-18 18:00:00,3611.4,WO-0001048,asbestos_cement,reported_late
TLS-00630,2024-01-16 00:00:00,,,routine,2024-01-16 00:00:00,942.14,WO-0001049,steel_monopole,as_occurred
WMN-03214,2024-01-16 00:00:00,HEAT-20240114-007,physical,corrective,2024-01-16 00:00:00,3221.85,WO-0001050,asbestos_cement,as_occurred
WMN-03349,2024-01-16 00:00:00,,,inspection,2024-01-19 00:00:00,219.43,WO-0001051,pvc,reported_late
TLS-00871,2024-01-16 00:00:00,,,inspection,2024-01-16 00:00:00,477.48,WO-0001052,steel_lattice,as_occurred
DFR-01964,2024-01-16 00:00:00,,,routine,2024-01-16 00:00:00,4397.0,WO-0001053,composite_pole,as_occurred
WMN-03106,2024-01-16 00:00:00,,,inspection,2024-01-16 00:00:00,380.37,WO-0001054,ductile_iron,as_occurred
TLS-00593,2024-01-16 00:00:00,HEAT-20240114-007,physical,corrective,2024-01-16 00:00:00,2508.28,WO-0001055,steel_lattice,as_occurred
WMN-03202,2024-01-16 00:00:00,,,inspection,2024-01-16 00:00:00,707.24,WO-0001056,ductile_iron,as_occurred
WMN-03456,2024-01-16 00:00:00,HEAT-20240114-007,physical,corrective,2024-01-16 00:00:00,3481.36,WO-0001057,cast_iron,as_occurred
DSS-00137,2024-01-16 00:00:00,,,inspection,2024-01-16 00:00:00,1218.52,WO-0001058,standard,as_occurred
DSS-00106,2024-01-16 12:00:00,HEAT-20240114-007,physical,corrective,2024-01-16 12:00:00,4392.36,WO-0001059,standard,as_occurred
DSS-00145,2024-01-16 12:00:00,HEAT-20240114-007,physical,corrective,2024-01-16 12:00:00,9716.51,WO-0001060,standard,as_occurred
DSS-00181,2024-01-16 12:00:00,HEAT-20240114-007,physical,corrective,2024-01-16 12:00:00,8650.09,WO-0001061,standard,as_occurred
DSS-00348,2024-01-16 12:00:00,HEAT-20240114-007,physical,corrective,2024-01-16 12:00:00,2130.57,WO-0001062,standard,as_occurred
PMP-02314,2024-01-16 12:00:00,HEAT-20240114-007,functional_power_loss,corrective,2024-01-16 12:00:00,2806.44,WO-0001063,standard,as_occurred
LEGACY-079889,2024-01-16 12:00:00,HEAT-20240114-007,functional_power_loss,corrective,2024-01-16 12:00:00,350.48,WO-0001064,,as_occurred
TSS-00053,2024-01-16 12:00:00,HEAT-20240114-007,physical,corrective,2024-01-16 12:00:00,4584.48,WO-0001065,standard,as_occurred
DSS-00398,2024-01-16 12:00:00,HEAT-20240114-007,physical,corrective,2024-01-16 12:00:00,1256.42,WO-0001066,standard,as_occurred
PMP-02479,2024-01-16 12:00:00,HEAT-20240114-007,physical,corrective,2024-01-16 12:00:00,10386.04,WO-0001067,standard,as_occurred
PMP-02415,2024-01-16 12:00:00,HEAT-20240114-007,functional_power_loss,corrective,2024-01-16 12:00:00,9829.25,WO-0001068,standard,as_occurred
WTP-02220,2024-01-16 18:00:00,HEAT-20240114-007,functional_power_loss,corrective,2024-01-16 18:00:00,5949.7,WO-0001069,standard,as_occurred
WMN-02812,2024-01-16 18:00:00,HEAT-20240114-007,physical,corrective,2024-01-16 18:00:00,522.72,WO-0001070,cast_iron,as_occurred
WMN-03102,2024-01-17 00:00:00,,,inspection,2024-01-17 00:00:00,950.52,WO-0001071,cast_iron,as_occurred
TNK-02631,2024-01-17 00:00:00,,,routine,2024-01-17 00:00:00,757.16,WO-0001072,standard,as_occurred
DFR-01869,2024-01-17 00:00:00,,,inspection,2024-01-17 00:00:00,1078.1,WO-0001073,underground,as_occurred
TLS-00976,2024-01-17 00:00:00,,,inspection,2024-01-17 00:00:00,449.72,WO-0001074,steel_lattice,as_occurred
TLS-00438,2024-01-17 00:00:00,,,inspection,2024-01-17 00:00:00,328.85,WO-0001075,concrete,as_occurred
WMN-03191,2024-01-17 06:00:00,HEAT-20240114-007,physical,corrective,2024-01-17 06:00:00,6960.94,WO-0001076,asbestos_cement,as_occurred
PMP-02422,2024-01-17 12:00:00,HEAT-20240114-007,functional_power_loss,corrective,2024-01-17 12:00:00,11376.12,WO-0001077,standard,as_occurred
PMP-02295,2024-01-17 12:00:00,HEAT-20240114-007,functional_power_loss,corrective,2024-01-17 12:00:00,1802.84,WO-0001078,standard,as_occurred
PMP-02265,2024-01-17 12:00:00,HEAT-20240114-007,physical,corrective,2024-01-17 12:00:00,8270.51,WO-0001079,standard,as_occurred
DSS-00364,2024-01-17 12:00:00,HEAT-20240114-007,physical,corrective,2024-01-17 12:00:00,3522.27,WO-0001080,standard,as_occurred
DSS-00358,2024-01-17 12:00:00,HEAT-20240114-007,physical,corrective,2024-01-17 12:00:00,6242.5,WO-0001081,standard,as_occurred
RCL-02023,2024-01-17 12:00:00,HEAT-20240114-007,physical,corrective,2024-01-17 12:00:00,3366.76,WO-0001082,standard,as_occurred
DSS-00153,2024-01-17 12:00:00,HEAT-20240114-007,physical,corrective,2024-01-17 12:00:00,4735.45,WO-0001083,standard,as_occurred
DSS-00306,2024-01-17 12:00:00,HEAT-20240114-007,physical,corrective,2024-01-17 12:00:00,4604.78,WO-0001084,standard,as_occurred
PMP-02431,2024-01-17 18:00:00,HEAT-20240114-007,physical,corrective,2024-01-20 18:00:00,3875.32,WO-0001085,standard,reported_late
DFR-01877,2024-01-18 00:00:00,HEAT-20240114-007,physical,corrective,2024-01-18 00:00:00,3621.3,WO-0001086,timber,as_occurred
DFR-01541,2024-01-18 00:00:00,,,inspection,2024-01-18 00:00:00,570.01,WO-0001087,wood_pole,as_occurred
DSS-00147,2024-01-18 00:00:00,,,vegetation,2024-01-18 00:00:00,91.4,WO-0001088,standard,as_occurred
DSS-00329,2024-01-18 00:00:00,HEAT-20240114-007,physical,corrective,2024-01-18 00:00:00,1472.17,WO-0001089,standard,as_occurred
DFR-01999,2024-01-18 00:00:00,,,inspection,2024-01-18 00:00:00,1551.81,WO-0001090,wood_pole,as_occurred
TLS-01026,2024-01-18 00:00:00,,,inspection,2024-01-18 00:00:00,1096.66,WO-0001091,concrete,as_occurred
WMN-03102,2024-01-18 06:00:00,HEAT-20240114-007,physical,corrective,2024-01-18 06:00:00,2462.21,WO-0001092,cast_iron,as_occurred
DSS-00080,2024-01-18 12:00:00,HEAT-20240114-007,physical,corrective,2024-01-18 12:00:00,11464.5,WO-0001093,standard,as_occurred
PMP-02362,2024-01-18 12:00:00,HEAT-20240114-007,functional_power_loss,corrective,2024-01-18 12:00:00,5213.37,WO-0001094,standard,as_occurred
DSS-00394,2024-01-18 12:00:00,HEAT-20240114-007,physical,corrective,2024-01-18 12:00:00,4034.48,WO-0001095,standard,as_occurred
PMP-02297,2024-01-18 12:00:00,HEAT-20240114-007,functional_power_loss,corrective,2024-01-18 12:00:00,1312.5,WO-0001096,standard,as_occurred
DSS-00336,2024-01-18 12:00:00,HEAT-20240114-007,physical,corrective,2024-01-18 12:00:00,4028.23,WO-0001097,standard,as_occurred
PMP-02271,2024-01-18 18:00:00,HEAT-20240114-007,physical,corrective,2024-01-18 18:00:00,7307.0,WO-0001098,standard,as_occurred
WMN-02759,2024-01-18 18:00:00,HEAT-20240114-007,physical,corrective,2024-01-18 18:00:00,12740.04,WO-0001099,ductile_iron,as_occurred
WMN-02859,2024-01-18 18:00:00,HEAT-20240114-007,physical,corrective,2024-01-18 18:00:00,3544.48,WO-0001100,cast_iron,as_occurred
WMN-03224,2024-01-18 18:00:00,HEAT-20240114-007,physical,corrective,2024-01-18 18:00:00,4741.72,WO-0001101,asbestos_cement,as_occurred
DSS-00163,2024-01-19 00:00:00,,,inspection,2024-01-19 00:00:00,1723.68,WO-0001102,standard,as_occurred
DSS-00265,2024-01-19 00:00:00,HEAT-20240114-007,physical,corrective,2024-01-19 00:00:00,11046.88,WO-0001103,standard,as_occurred
PMP-02325,2024-01-19 00:00:00,,,vegetation,2024-01-19 00:00:00,165.73,WO-0001104,standard,as_occurred
DFR-01808,2024-01-19 00:00:00,,,inspection,2024-01-19 00:00:00,887.09,WO-0001105,wood_pole,as_occurred
WMN-02726,2024-01-19 00:00:00,,,routine,2024-01-19 00:00:00,1297.11,WO-0001106,pvc,as_occurred
PMP-02254,2024-01-19 00:00:00,HEAT-20240114-007,functional_power_loss,corrective,2024-01-19 00:00:00,11766.13,WO-0001107,standard,as_occurred
TLS-00980,2024-01-19 00:00:00,,,inspection,2024-01-19 00:00:00,576.4,WO-0001108,steel_monopole,as_occurred
TNK-02591,2024-01-19 00:00:00,,,routine,2024-01-19 00:00:00,1397.75,WO-0001109,standard,as_occurred
DFR-01889,2024-01-19 00:00:00,,,vegetation,2024-01-22 00:00:00,141.95,WO-0001110,wood_pole,reported_late
TLS-00772,2024-01-19 00:00:00,,,routine,2024-01-19 00:00:00,423.65,WO-0001111,steel_lattice,as_occurred
PMP-02469,2024-01-19 06:00:00,HEAT-20240114-007,physical,corrective,2024-01-19 06:00:00,7773.66,WO-0001112,standard,as_occurred
WMN-02947,2024-01-19 12:00:00,HEAT-20240114-007,physical,corrective,2024-01-19 12:00:00,9313.95,WO-0001113,pvc,as_occurred
PMP-02343,2024-01-19 12:00:00,HEAT-20240114-007,functional_power_loss,corrective,2024-01-19 12:00:00,1399.99,WO-0001114,standard,as_occurred
WMN-02769,2024-01-19 18:00:00,HEAT-20240114-007,physical,corrective,2024-01-19 18:00:00,2071.14,WO-0001115,ductile_iron,as_occurred
PMP-02306,2024-01-19 18:00:00,HEAT-20240114-007,physical,corrective,2024-01-19 18:00:00,6671.3,WO-0001116,standard,as_occurred
WMN-03283,2024-01-19 18:00:00,HEAT-20240114-007,physical,corrective,2024-01-19 18:00:00,2630.89,WO-0001117,AC,as_occurred
WMN-03145,2024-01-19 18:00:00,HEAT-20240114-007,physical,corrective,2024-01-19 18:00:00,3447.43,WO-0001118,cast_iron,as_occurred
DFR-01498,2024-01-20 00:00:00,,,routine,2024-01-20 00:00:00,1871.72,WO-0001119,wood_pole,as_occurred
WMN-02868,2024-01-20 00:00:00,,,routine,2024-01-20 00:00:00,343.16,WO-0001120,Cast Iron,as_occurred
WMN-02892,2024-01-20 00:00:00,,,vegetation,2024-01-20 00:00:00,488.72,WO-0001121,pvc,as_occurred
WMN-03289,2024-01-20 00:00:00,HEAT-20240114-007,physical,corrective,2024-01-20 00:00:00,2434.71,WO-0001122,ductile_iron,as_occurred
DSS-00321,2024-01-20 00:00:00,,,routine,2024-01-20 00:00:00,550.26,WO-0001123,standard,as_occurred
TLS-00487,2024-01-20 00:00:00,,,inspection,2024-01-20 00:00:00,1180.3,WO-0001124,steel_lattice,as_occurred
WMN-03269,2024-01-20 00:00:00,HEAT-20240114-007,physical,corrective,2024-01-20 00:00:00,14536.99,WO-0001125,asbestos_cement,as_occurred
TLS-01219,2024-01-20 06:00:00,HEAT-20240114-007,physical,corrective,2024-01-20 06:00:00,10465.44,WO-0001126,steel_lattice,as_occurred
DFR-01514,2024-01-20 12:00:00,HEAT-20240114-007,physical,corrective,2024-01-20 12:00:00,1843.1,WO-0001127,WOOD POLE,as_occurred
WMN-03341,2024-01-20 18:00:00,HEAT-20240114-007,physical,corrective,2024-01-20 18:00:00,7783.66,WO-0001128,cast_iron,as_occurred
RCL-02129,2024-01-21 00:00:00,,,inspection,2024-01-21 00:00:00,226.47,WO-0001129,standard,as_occurred
DSS-00117,2024-01-21 00:00:00,,,routine,2024-01-21 00:00:00,1294.36,WO-0001130,standard,as_occurred
DFR-01736,2024-01-22 00:00:00,,,routine,2024-01-22 00:00:00,476.53,WO-0001131,wood_pole,as_occurred
TNK-02657,2024-01-22 00:00:00,,,vegetation,2024-01-25 00:00:00,1147.43,WO-0001132,standard,reported_late
TLS-00796,2024-01-22 00:00:00,,,routine,2024-01-22 00:00:00,1577.37,WO-0001133,steel_monopole,as_occurred
DSS-00084,2024-01-23 00:00:00,,,inspection,2024-01-23 00:00:00,566.94,WO-0001134,standard,as_occurred
DSS-00401,2024-01-23 00:00:00,,,inspection,2024-01-23 00:00:00,870.32,WO-0001135,standard,as_occurred
TLS-00856,2024-01-23 00:00:00,,,inspection,2024-01-23 00:00:00,1327.68,WO-0001136,steel_lattice,as_occurred
DSS-00244,2024-01-23 00:00:00,,,routine,2024-01-23 00:00:00,652.05,WO-0001137,standard,as_occurred
PMP-02267,2024-01-23 00:00:00,,,routine,2024-01-23 00:00:00,737.54,WO-0001138,standard,as_occurred
RCL-02185,2024-01-23 00:00:00,,,inspection,2024-01-23 00:00:00,613.18,WO-0001139,standard,as_occurred
DSS-00209,2024-01-23 00:00:00,,,routine,2024-01-23 00:00:00,2450.86,WO-0001140,standard,as_occurred
WMN-03452,2024-01-23 12:00:00,HEAT-20240123-003,physical,corrective,2024-01-23 12:00:00,1925.93,WO-0001141,Ductile Iron,as_occurred
WMN-02942,2024-01-23 12:00:00,HEAT-20240123-003,physical,corrective,2024-01-23 12:00:00,7640.07,WO-0001142,pvc,as_occurred
WMN-02696,2024-01-23 18:00:00,HEAT-20240123-003,physical,corrective,2024-01-23 18:00:00,3209.99,WO-0001143,cast_iron,as_occurred
TLS-00629,2024-01-24 00:00:00,HEAT-20240123-003,physical,corrective,2024-01-24 00:00:00,5911.53,WO-0001144,steel_monopole,as_occurred
TNK-02634,2024-01-24 00:00:00,,,routine,2024-01-24 00:00:00,440.11,WO-0001145,standard,as_occurred
DFR-01922,2024-01-24 00:00:00,,,routine,2024-01-24 00:00:00,9622.88,WO-0001146,wood_pole,as_occurred
TLS-00751,2024-01-24 00:00:00,,,routine,2024-01-24 00:00:00,459.12,WO-0001147,steel_lattice,as_occurred
WMN-02676,2024-01-24 00:00:00,,,routine,2024-01-27 00:00:00,646.88,WO-0001148,ductile_iron,reported_late
WMN-03154,2024-01-24 00:00:00,HEAT-20240123-003,physical,corrective,2024-01-24 00:00:00,4776.3,WO-0001149,cast_iron,as_occurred
DFR-01423,2024-01-24 06:00:00,HEAT-20240123-003,physical,corrective,2024-01-24 06:00:00,3351.45,WO-0001150,timber,as_occurred
WMN-02789,2024-01-24 06:00:00,HEAT-20240123-003,physical,corrective,2024-01-24 06:00:00,3276.84,WO-0001151,Cast Iron,as_occurred
PMP-02309,2024-01-24 06:00:00,HEAT-20240123-003,physical,corrective,2024-01-24 06:00:00,2671.79,WO-0001152,standard,as_occurred
PMP-02422,2024-01-24 12:00:00,HEAT-20240123-003,functional_power_loss,corrective,2024-01-24 12:00:00,5086.75,WO-0001153,standard,as_occurred
PMP-02512,2024-01-24 12:00:00,HEAT-20240123-003,functional_power_loss,corrective,2024-01-24 12:00:00,5606.92,WO-0001154,standard,as_occurred
DSS-00364,2024-01-24 12:00:00,HEAT-20240123-003,physical,corrective,2024-01-24 12:00:00,3171.48,WO-0001155,standard,as_occurred
DSS-00324,2024-01-24 12:00:00,HEAT-20240123-003,physical,corrective,2024-01-24 12:00:00,1407.75,WO-0001156,standard,as_occurred
DSS-00394,2024-01-24 18:00:00,HEAT-20240123-003,physical,corrective,2024-01-24 18:00:00,2495.78,WO-0001157,standard,as_occurred
WMN-02896,2024-01-24 18:00:00,HEAT-20240123-003,physical,corrective,2024-01-24 18:00:00,2570.67,WO-0001158,cast-iron,as_occurred
WMN-03214,2024-01-24 18:00:00,HEAT-20240123-003,physical,corrective,2024-01-24 18:00:00,2750.35,WO-0001159,asbestos_cement,as_occurred
PMP-02362,2024-01-24 18:00:00,HEAT-20240123-003,functional_power_loss,corrective,2024-01-24 18:00:00,2108.84,WO-0001160,standard,as_occurred
WMN-03283,2024-01-25 00:00:00,,,vegetation,2024-01-25 00:00:00,574.0,WO-0001161,asbestos_cement,as_occurred
DSS-00372,2024-01-25 00:00:00,,,vegetation,2024-01-25 00:00:00,1514.03,WO-0001162,standard,as_occurred
TLS-00968,2024-01-25 00:00:00,,,inspection,2024-01-25 00:00:00,2632.75,WO-0001163,steel_lattice,as_occurred
TLS-00613,2024-01-25 00:00:00,,,routine,2024-01-25 00:00:00,801.73,WO-0001164,steel_lattice,as_occurred
TNK-02666,2024-01-25 00:00:00,,,inspection,2024-01-25 00:00:00,576.03,WO-0001165,standard,as_occurred
WMN-02815,2024-01-25 00:00:00,HEAT-20240123-003,physical,corrective,2024-01-25 00:00:00,5817.41,WO-0001166,C.I.,as_occurred
TLS-00906,2024-01-25 00:00:00,,,inspection,2024-01-25 00:00:00,331.04,WO-0001167,steel_monopole,as_occurred
TLS-01245,2024-01-25 00:00:00,,,vegetation,2024-01-25 00:00:00,964.85,WO-0001168,steel_lattice,as_occurred
DSS-00258,2024-01-25 12:00:00,HEAT-20240123-003,physical,corrective,2024-01-28 12:00:00,3567.61,WO-0001169,standard,reported_late
PMP-02230,2024-01-25 12:00:00,HEAT-20240123-003,functional_power_loss,corrective,2024-01-25 12:00:00,2322.97,WO-0001170,standard,as_occurred
DSS-00093,2024-01-25 12:00:00,HEAT-20240123-003,physical,corrective,2024-01-25 12:00:00,3104.61,WO-0001171,standard,as_occurred
DSS-00080,2024-01-25 12:00:00,HEAT-20240123-003,physical,corrective,2024-01-25 12:00:00,6626.47,WO-0001172,standard,as_occurred
PMP-02294,2024-01-25 12:00:00,HEAT-20240123-003,functional_power_loss,corrective,2024-01-25 12:00:00,7154.84,WO-0001173,standard,as_occurred
PMP-02301,2024-01-25 12:00:00,HEAT-20240123-003,functional_power_loss,corrective,2024-01-25 12:00:00,953.28,WO-0001174,standard,as_occurred
LEGACY-094701,2024-01-25 12:00:00,HEAT-20240123-003,physical,corrective,2024-01-25 12:00:00,7299.97,WO-0001175,,as_occurred
PMP-02297,2024-01-25 12:00:00,HEAT-20240123-003,functional_power_loss,corrective,2024-01-25 12:00:00,16266.55,WO-0001176,standard,as_occurred
DFR-01874,2024-01-25 18:00:00,HEAT-20240123-003,physical,corrective,2024-01-25 18:00:00,4141.97,WO-0001177,wood_pole,as_occurred
LEGACY-069076,2024-01-26 00:00:00,HEAT-20240123-003,physical,corrective,2024-01-26 00:00:00,2499.98,WO-0001178,,as_occurred
DFR-01894,2024-01-26 00:00:00,,,vegetation,2024-01-26 00:00:00,1113.67,WO-0001179,wood_pole,as_occurred
PMP-02452,2024-01-26 00:00:00,,,routine,2024-01-26 00:00:00,1001.75,WO-0001180,standard,as_occurred
WMN-03085,2024-01-26 06:00:00,HEAT-20240123-003,physical,corrective,2024-01-26 06:00:00,4553.94,WO-0001181,ductile_iron,as_occurred
WMN-03322,2024-01-26 06:00:00,HEAT-20240123-003,physical,corrective,2024-01-26 06:00:00,3022.28,WO-0001182,cast_iron,as_occurred
WMN-03381,2024-01-26 06:00:00,HEAT-20240123-003,physical,corrective,2024-01-26 06:00:00,5633.56,WO-0001183,ductile_iron,as_occurred
TSS-00018,2024-01-26 12:00:00,HEAT-20240123-003,physical,corrective,2024-01-26 12:00:00,1693.97,WO-0001184,standard,as_occurred
WMN-02877,2024-01-26 12:00:00,HEAT-20240123-003,physical,corrective,2024-01-26 12:00:00,14002.57,WO-0001185,Ductile Iron,as_occurred
PMP-02474,2024-01-26 12:00:00,HEAT-20240123-003,physical,corrective,2024-01-26 12:00:00,3271.7,WO-0001186,standard,as_occurred
DSS-00106,2024-01-26 12:00:00,HEAT-20240123-003,physical,corrective,2024-01-26 12:00:00,7719.11,WO-0001187,standard,as_occurred
PMP-02343,2024-01-26 12:00:00,HEAT-20240123-003,functional_power_loss,corrective,2024-01-26 12:00:00,1139.29,WO-0001188,standard,as_occurred
PMP-02349,2024-01-26 12:00:00,HEAT-20240123-003,physical,corrective,2024-01-26 12:00:00,2277.66,WO-0001189,standard,as_occurred
DSS-00066,2024-01-26 12:00:00,HEAT-20240123-003,physical,corrective,2024-01-26 12:00:00,1473.37,WO-0001190,standard,as_occurred
DSS-00072,2024-01-26 12:00:00,HEAT-20240123-003,physical,corrective,2024-01-26 12:00:00,3038.09,WO-0001191,standard,as_occurred
DSS-00145,2024-01-26 12:00:00,HEAT-20240123-003,physical,corrective,2024-01-26 12:00:00,9923.61,WO-0001192,standard,as_occurred
DSS-00342,2024-01-26 18:00:00,HEAT-20240123-003,physical,corrective,2024-01-26 18:00:00,4728.94,WO-0001193,standard,as_occurred
PMP-02346,2024-01-26 18:00:00,HEAT-20240123-003,physical,corrective,2024-01-26 18:00:00,1467.18,WO-0001194,standard,as_occurred
WTP-02220,2024-01-26 18:00:00,HEAT-20240123-003,functional_power_loss,corrective,2024-01-29 18:00:00,4371.54,WO-0001195,standard,reported_late
RCL-02178,2024-01-27 00:00:00,,,routine,2024-01-27 00:00:00,1895.86,WO-0001196,standard,as_occurred
TLS-01166,2024-01-27 00:00:00,,,routine,2024-01-27 00:00:00,1243.58,WO-0001197,steel_lattice,as_occurred
INT-03491,2024-01-27 00:00:00,,,vegetation,2024-01-27 00:00:00,1411.71,WO-0001198,standard,as_occurred
PMP-02486,2024-01-27 00:00:00,,,inspection,2024-01-27 00:00:00,1012.63,WO-0001199,standard,as_occurred
TLS-00453,2024-01-27 00:00:00,,,inspection,2024-01-27 00:00:00,1057.77,WO-0001200,steel_lattice,as_occurred
TLS-00979,2024-01-27 06:00:00,HEAT-20240123-003,physical,corrective,2024-01-27 06:00:00,1606.77,WO-0001201,steel_monopole,as_occurred
DSS-00084,2024-01-27 12:00:00,HEAT-20240123-003,physical,corrective,2024-01-27 12:00:00,3255.3,WO-0001202,standard,as_occurred
PMP-02358,2024-01-27 12:00:00,HEAT-20240123-003,functional_power_loss,corrective,2024-01-27 12:00:00,9742.63,WO-0001203,standard,as_occurred
WMN-02776,2024-01-27 12:00:00,HEAT-20240123-003,physical,corrective,2024-01-27 12:00:00,4236.19,WO-0001204,asbestos_cement,as_occurred
LEGACY-043550,2024-01-27 12:00:00,HEAT-20240123-003,physical,corrective,2024-01-27 12:00:00,1999.94,WO-0001205,,as_occurred
DSS-00406,2024-01-27 12:00:00,HEAT-20240123-003,physical,corrective,2024-01-27 12:00:00,9200.36,WO-0001206,standard,as_occurred
PMP-02374,2024-01-27 12:00:00,HEAT-20240123-003,functional_power_loss,corrective,2024-01-27 12:00:00,5943.42,WO-0001207,standard,as_occurred
DSS-00386,2024-01-27 12:00:00,HEAT-20240123-003,physical,corrective,2024-01-27 12:00:00,12165.42,WO-0001208,standard,as_occurred
DSS-00398,2024-01-27 12:00:00,HEAT-20240123-003,physical,corrective,2024-01-27 12:00:00,6688.64,WO-0001209,standard,as_occurred
PMP-02331,2024-01-27 12:00:00,HEAT-20240123-003,functional_power_loss,corrective,2024-01-27 12:00:00,1404.12,WO-0001210,standard,as_occurred
DSS-00336,2024-01-27 12:00:00,HEAT-20240123-003,physical,corrective,2024-01-27 12:00:00,4822.75,WO-0001211,standard,as_occurred
DSS-00190,2024-01-27 12:00:00,HEAT-20240123-003,physical,corrective,2024-01-27 12:00:00,2388.12,WO-0001212,standard,as_occurred
PMP-02334,2024-01-27 12:00:00,HEAT-20240123-003,functional_power_loss,corrective,2024-01-27 12:00:00,3409.41,WO-0001213,standard,as_occurred
PMP-02345,2024-01-27 12:00:00,HEAT-20240123-003,functional_power_loss,corrective,2024-01-27 12:00:00,3781.12,WO-0001214,standard,as_occurred
PMP-02341,2024-01-27 12:00:00,HEAT-20240123-003,functional_power_loss,corrective,2024-01-27 12:00:00,3622.59,WO-0001215,standard,as_occurred
RCL-02072,2024-01-28 00:00:00,,,routine,2024-01-28 00:00:00,1094.36,WO-0001216,standard,as_occurred
DFR-01680,2024-01-28 00:00:00,,,routine,2024-01-28 00:00:00,802.97,WO-0001217,WOOD POLE,as_occurred
TLS-00700,2024-01-28 00:00:00,,,inspection,2024-01-31 00:00:00,735.1,WO-0001218,steel_lattice,reported_late
TLS-01191,2024-01-28 00:00:00,HEAT-20240123-003,physical,corrective,2024-01-28 00:00:00,4082.02,WO-0001219,steel_lattice,as_occurred
DSS-00112,2024-01-28 00:00:00,,,routine,2024-01-28 00:00:00,401.56,WO-0001220,standard,as_occurred
PMP-02502,2024-01-28 12:00:00,HEAT-20240123-003,physical,corrective,2024-01-28 12:00:00,1303.21,WO-0001221,standard,as_occurred
DFR-01822,2024-01-28 12:00:00,HEAT-20240123-003,physical,corrective,2024-01-28 12:00:00,4056.01,WO-0001222,wood_pole,as_occurred
WMN-03283,2024-01-28 12:00:00,HEAT-20240123-003,physical,corrective,2024-01-28 12:00:00,4934.28,WO-0001223,asbestos_cement,as_occurred
WMN-02775,2024-01-28 12:00:00,HEAT-20240123-003,physical,corrective,2024-01-28 12:00:00,6052.42,WO-0001224,asbestos_cement,as_occurred
WMN-02835,2024-01-28 18:00:00,HEAT-20240123-003,physical,corrective,2024-01-28 18:00:00,7627.13,WO-0001225,cast_iron,as_occurred
TLS-00596,2024-01-29 00:00:00,,,inspection,2024-02-01 00:00:00,1881.86,WO-0001226,steel_monopole,reported_late
RCL-02017,2024-01-29 00:00:00,,,routine,2024-01-29 00:00:00,2550.86,WO-0001227,standard,as_occurred
PMP-02455,2024-01-29 00:00:00,,,inspection,2024-01-29 00:00:00,921.79,WO-0001228,standard,as_occurred
WMN-02901,2024-01-29 00:00:00,,,routine,2024-01-29 00:00:00,684.62,WO-0001229,cast_iron,as_occurred
WMN-03263,2024-01-29 00:00:00,,,routine,2024-01-29 00:00:00,930.69,WO-0001230,A/C,as_occurred
WMN-02871,2024-01-29 00:00:00,,,inspection,2024-01-29 00:00:00,390.77,WO-0001231,ductile_iron,as_occurred
TLS-01240,2024-01-29 00:00:00,,,routine,2024-01-29 00:00:00,1024.49,WO-0001232,steel_monopole,as_occurred
DSS-00353,2024-01-29 00:00:00,,,inspection,2024-01-29 00:00:00,158.64,WO-0001233,standard,as_occurred
DSS-00064,2024-01-29 00:00:00,,,routine,2024-01-29 00:00:00,226.75,WO-0001234,standard,as_occurred
WMN-03224,2024-01-29 00:00:00,HEAT-20240123-003,physical,corrective,2024-01-29 00:00:00,2314.45,WO-0001235,A/C,as_occurred
WMN-02807,2024-01-29 00:00:00,HEAT-20240123-003,physical,corrective,2024-01-29 00:00:00,3913.97,WO-0001236,cast_iron,as_occurred
WMN-02812,2024-01-29 06:00:00,HEAT-20240123-003,physical,corrective,2024-01-29 06:00:00,2736.29,WO-0001237,cast_iron,as_occurred
DFR-01495,2024-01-29 06:00:00,HEAT-20240123-003,physical,corrective,2024-02-01 06:00:00,1234.0,WO-0001238,wood_pole,reported_late
TLS-01309,2024-01-30 00:00:00,,,vegetation,2024-01-30 00:00:00,1680.38,WO-0001239,steel_monopole,as_occurred
WMN-02922,2024-01-30 00:00:00,,,inspection,2024-01-30 00:00:00,314.99,WO-0001240,steel,as_occurred
DFR-01870,2024-01-30 00:00:00,,,inspection,2024-01-30 00:00:00,385.56,WO-0001241,wood_pole,as_occurred
DFR-01874,2024-01-30 00:00:00,,,inspection,2024-01-30 00:00:00,728.77,WO-0001242,Wood Pole,as_occurred
TLS-01175,2024-01-30 00:00:00,,,routine,2024-01-30 00:00:00,6700.3,WO-0001243,steel_monopole,as_occurred
PMP-02421,2024-01-30 00:00:00,,,inspection,2024-01-30 00:00:00,2093.79,WO-0001244,standard,as_occurred
WMN-02870,2024-01-30 00:00:00,,,routine,2024-02-02 00:00:00,746.46,WO-0001245,cast_iron,reported_late
INT-03485,2024-01-30 00:00:00,,,inspection,2024-01-30 00:00:00,204.3,WO-0001246,standard,as_occurred
RCL-02107,2024-01-31 00:00:00,,,inspection,2024-01-31 00:00:00,883.07,WO-0001247,standard,as_occurred
LEGACY-096109,2024-01-31 00:00:00,,,inspection,2024-01-31 00:00:00,808.33,WO-0001248,,as_occurred
TLS-01177,2024-01-31 00:00:00,,,inspection,2024-01-31 00:00:00,459.28,WO-0001249,steel_monopole,as_occurred
PMP-02476,2024-01-31 00:00:00,,,routine,2024-02-03 00:00:00,565.27,WO-0001250,standard,reported_late
WMN-02941,2024-01-31 00:00:00,,,routine,2024-01-31 00:00:00,891.64,WO-0001251,Cast Iron,as_occurred
WMN-03306,2024-02-01 00:00:00,,,vegetation,2024-02-01 00:00:00,508.67,WO-0001252,cast_iron,as_occurred
PMP-02276,2024-02-01 00:00:00,,,vegetation,2024-02-01 00:00:00,632.43,WO-0001253,standard,as_occurred
TLS-00532,2024-02-01 00:00:00,,,routine,2024-02-01 00:00:00,513.8,WO-0001254,steel_monopole,as_occurred
DFR-01947,2024-02-01 00:00:00,,,inspection,2024-02-01 00:00:00,324.48,WO-0001255,wood_pole,as_occurred
DFR-01930,2024-02-01 00:00:00,,,vegetation,2024-02-04 00:00:00,258.61,WO-0001256,wood_pole,reported_late
TLS-00869,2024-02-01 00:00:00,,,vegetation,2024-02-01 00:00:00,595.58,WO-0001257,steel_lattice,as_occurred
TLS-00675,2024-02-01 00:00:00,,,routine,2024-02-01 00:00:00,322.98,WO-0001258,steel_monopole,as_occurred
LEGACY-057880,2024-02-01 00:00:00,,,vegetation,2024-02-01 00:00:00,355.99,WO-0001259,,as_occurred
WMN-03410,2024-02-01 00:00:00,,,routine,2024-02-01 00:00:00,1424.27,WO-0001260,D.I.,as_occurred
RCL-02086,2024-02-02 00:00:00,,,inspection,2024-02-02 00:00:00,823.79,WO-0001261,standard,as_occurred
LEGACY-048678,2024-02-02 00:00:00,,,inspection,2024-02-02 00:00:00,3795.62,WO-0001262,,as_occurred
PMP-02344,2024-02-02 00:00:00,,,routine,2024-02-02 00:00:00,1603.3,WO-0001263,standard,as_occurred
LEGACY-085150,2024-02-02 00:00:00,,,vegetation,2024-02-02 00:00:00,1029.88,WO-0001264,,as_occurred
WMN-02859,2024-02-02 00:00:00,INLA-20240202-013,physical,corrective,2024-02-02 00:00:00,5629.21,WO-0001265,cast_iron,as_occurred
TNK-02535,2024-02-02 00:00:00,,,routine,2024-02-02 00:00:00,1250.2,WO-0001266,standard,as_occurred
TLS-00910,2024-02-02 12:00:00,INLA-20240202-013,physical,corrective,2024-02-02 12:00:00,1849.74,WO-0001267,steel_lattice,as_occurred
WMN-02812,2024-02-02 18:00:00,INLA-20240202-013,physical,corrective,2024-02-02 18:00:00,3443.2,WO-0001268,CI,as_occurred
RCL-02164,2024-02-03 00:00:00,,,routine,2024-02-03 00:00:00,675.9,WO-0001269,standard,as_occurred
WMN-02683,2024-02-03 00:00:00,INLA-20240202-013,physical,corrective,2024-02-03 00:00:00,8079.03,WO-0001270,Ductile Iron,as_occurred
DSS-00212,2024-02-03 00:00:00,,,routine,2024-02-03 00:00:00,702.08,WO-0001271,standard,as_occurred
DFR-01558,2024-02-03 00:00:00,,,inspection,2024-02-06 00:00:00,1213.57,WO-0001272,composite_pole,reported_late
DFR-01930,2024-02-03 00:00:00,,,vegetation,2024-02-03 00:00:00,762.14,WO-0001273,Wood Pole,as_occurred
TLS-00458,2024-02-03 00:00:00,,,routine,2024-02-03 00:00:00,445.35,WO-0001274,steel_lattice,as_occurred
DSS-00167,2024-02-03 00:00:00,,,routine,2024-02-03 00:00:00,894.25,WO-0001275,standard,as_occurred
WMN-03373,2024-02-03 00:00:00,,,vegetation,2024-02-03 00:00:00,2639.37,WO-0001276,ductile_iron,as_occurred
WMN-02775,2024-02-03 06:00:00,INLA-20240202-013,physical,corrective,2024-02-03 06:00:00,6037.67,WO-0001277,asbestos_cement,as_occurred
RCL-02020,2024-02-04 00:00:00,,,inspection,2024-02-04 00:00:00,341.7,WO-0001278,standard,as_occurred
DSS-00408,2024-02-04 00:00:00,,,inspection,2024-02-04 00:00:00,203.41,WO-0001279,standard,as_occurred
WMN-03290,2024-02-04 00:00:00,,,vegetation,2024-02-04 00:00:00,417.18,WO-0001280,cast_iron,as_occurred
DSS-00205,2024-02-04 00:00:00,,,routine,2024-02-04 00:00:00,266.26,WO-0001281,standard,as_occurred
TLS-01229,2024-02-04 00:00:00,,,inspection,2024-02-04 00:00:00,1345.44,WO-0001282,steel_monopole,as_occurred
WMN-02804,2024-02-05 00:00:00,,,inspection,2024-02-05 00:00:00,867.74,WO-0001283,cast_iron,as_occurred
TLS-01302,2024-02-05 00:00:00,,,inspection,2024-02-08 00:00:00,977.96,WO-0001284,steel_lattice,reported_late
WMN-03173,2024-02-05 00:00:00,,,routine,2024-02-05 00:00:00,437.9,WO-0001285,ductile_iron,as_occurred
DFR-01788,2024-02-05 00:00:00,,,routine,2024-02-05 00:00:00,1276.35,WO-0001286,underground,as_occurred
DSS-00152,2024-02-05 00:00:00,,,routine,2024-02-05 00:00:00,1600.73,WO-0001287,standard,as_occurred
RCL-02170,2024-02-06 00:00:00,,,routine,2024-02-06 00:00:00,459.29,WO-0001288,standard,as_occurred
WMN-03350,2024-02-06 00:00:00,BASE-20240206-032,physical,corrective,2024-02-06 00:00:00,3577.39,WO-0001289,cast_iron,as_occurred
RCL-02196,2024-02-06 00:00:00,,,inspection,2024-02-06 00:00:00,433.15,WO-0001290,standard,as_occurred
TNK-02650,2024-02-06 00:00:00,,,inspection,2024-02-06 00:00:00,754.97,WO-0001291,standard,as_occurred
WMN-03433,2024-02-06 06:00:00,BASE-20240206-032,physical,corrective,2024-02-06 06:00:00,4038.62,WO-0001292,cast_iron,as_occurred
WMN-03429,2024-02-06 06:00:00,BASE-20240206-032,physical,corrective,2024-02-06 06:00:00,1769.48,WO-0001293,asbestos_cement,as_occurred
LEGACY-041132,2024-02-06 06:00:00,BASE-20240206-032,physical,corrective,2024-02-09 06:00:00,6419.86,WO-0001294,,reported_late
DFR-01462,2024-02-06 18:00:00,BASE-20240206-032,physical,corrective,2024-02-09 18:00:00,16129.45,WO-0001295,wood_pole,reported_late
DFR-01622,2024-02-07 00:00:00,,,routine,2024-02-07 00:00:00,813.34,WO-0001296,wood_pole,as_occurred
WMN-03012,2024-02-07 00:00:00,,,inspection,2024-02-07 00:00:00,534.65,WO-0001297,DI,as_occurred
TLS-00962,2024-02-07 00:00:00,,,routine,2024-02-07 00:00:00,538.35,WO-0001298,steel_monopole,as_occurred
TLS-01137,2024-02-07 00:00:00,,,routine,2024-02-07 00:00:00,1192.42,WO-0001299,steel_lattice,as_occurred
RCL-02025,2024-02-07 00:00:00,,,inspection,2024-02-07 00:00:00,372.33,WO-0001300,standard,as_occurred
TLS-00515,2024-02-07 00:00:00,,,vegetation,2024-02-07 00:00:00,1849.43,WO-0001301,steel_monopole,as_occurred
DFR-01979,2024-02-07 00:00:00,,,inspection,2024-02-07 00:00:00,1351.88,WO-0001302,wood_pole,as_occurred
TLS-00444,2024-02-07 00:00:00,,,inspection,2024-02-07 00:00:00,452.71,WO-0001303,steel_monopole,as_occurred
WMN-03260,2024-02-07 00:00:00,,,inspection,2024-02-07 00:00:00,411.59,WO-0001304,Asbestos Cement,as_occurred
PMP-02328,2024-02-08 00:00:00,,,routine,2024-02-08 00:00:00,225.16,WO-0001305,standard,as_occurred
TLS-00459,2024-02-08 00:00:00,,,vegetation,2024-02-08 00:00:00,785.01,WO-0001306,steel_lattice,as_occurred
DFR-01556,2024-02-08 00:00:00,,,inspection,2024-02-08 00:00:00,547.96,WO-0001307,concrete_pole,as_occurred
RCL-02124,2024-02-08 00:00:00,,,routine,2024-02-08 00:00:00,204.08,WO-0001308,standard,as_occurred
TLS-01271,2024-02-08 00:00:00,,,inspection,2024-02-08 00:00:00,921.8,WO-0001309,concrete,as_occurred
DFR-01637,2024-02-08 00:00:00,,,routine,2024-02-08 00:00:00,1494.39,WO-0001310,concrete_pole,as_occurred
TLS-01027,2024-02-08 00:00:00,,,vegetation,2024-02-08 00:00:00,1166.67,WO-0001311,concrete,as_occurred
DFR-01728,2024-02-08 00:00:00,,,vegetation,2024-02-08 00:00:00,434.07,WO-0001312,timber,as_occurred
DFR-01827,2024-02-08 00:00:00,,,vegetation,2024-02-08 00:00:00,524.42,WO-0001313,wood_pole,as_occurred
TLS-00731,2024-02-08 00:00:00,,,vegetation,2024-02-08 00:00:00,594.44,WO-0001314,steel_lattice,as_occurred
DSS-00383,2024-02-09 00:00:00,,,routine,2024-02-09 00:00:00,651.94,WO-0001315,standard,as_occurred
WMN-03429,2024-02-09 00:00:00,,,vegetation,2024-02-09 00:00:00,711.57,WO-0001316,asbestos_cement,as_occurred
TLS-01121,2024-02-09 00:00:00,,,routine,2024-02-09 00:00:00,1101.62,WO-0001317,steel_lattice,as_occurred
DSS-00147,2024-02-09 00:00:00,,,routine,2024-02-09 00:00:00,1016.69,WO-0001318,standard,as_occurred
TLS-00708,2024-02-09 00:00:00,,,vegetation,2024-02-09 00:00:00,801.08,WO-0001319,steel_lattice,as_occurred
TLS-01098,2024-02-09 00:00:00,,,routine,2024-02-09 00:00:00,1365.76,WO-0001320,steel_monopole,as_occurred
TNK-02534,2024-02-10 00:00:00,,,routine,2024-02-10 00:00:00,2152.24,WO-0001321,standard,as_occurred
TLS-01134,2024-02-10 00:00:00,,,vegetation,2024-02-10 00:00:00,274.8,WO-0001322,steel_monopole,as_occurred
TNK-02610,2024-02-10 00:00:00,,,routine,2024-02-10 00:00:00,222.12,WO-0001323,standard,as_occurred
TLS-00969,2024-02-10 00:00:00,,,routine,2024-02-10 00:00:00,556.61,WO-0001324,steel_lattice,as_occurred
TLS-00880,2024-02-10 00:00:00,,,inspection,2024-02-10 00:00:00,1016.23,WO-0001325,steel_monopole,as_occurred
DFR-01418,2024-02-10 00:00:00,,,routine,2024-02-10 00:00:00,1733.05,WO-0001326,composite_pole,as_occurred
LEGACY-059288,2024-02-10 00:00:00,,,inspection,2024-02-10 00:00:00,479.82,WO-0001327,,as_occurred
RCL-02168,2024-02-11 00:00:00,,,inspection,2024-02-11 00:00:00,396.5,WO-0001328,standard,as_occurred
DSS-00306,2024-02-11 00:00:00,,,inspection,2024-02-11 00:00:00,753.84,WO-0001329,standard,as_occurred
DFR-01626,2024-02-11 00:00:00,,,routine,2024-02-11 00:00:00,4753.15,WO-0001330,Wood Pole,as_occurred
TLS-00567,2024-02-11 00:00:00,,,routine,2024-02-11 00:00:00,9693.24,WO-0001331,steel_lattice,as_occurred
TLS-00675,2024-02-11 00:00:00,,,inspection,2024-02-11 00:00:00,1265.77,WO-0001332,steel_monopole,as_occurred
LEGACY-000655,2024-02-12 00:00:00,,,inspection,2024-02-12 00:00:00,439.1,WO-0001333,,as_occurred
DFR-01983,2024-02-12 00:00:00,,,routine,2024-02-12 00:00:00,428.4,WO-0001334,wood_pole,as_occurred
LEGACY-056393,2024-02-12 00:00:00,,,vegetation,2024-02-12 00:00:00,1069.9,WO-0001335,,as_occurred
RCL-02018,2024-02-12 00:00:00,,,inspection,2024-02-12 00:00:00,2073.67,WO-0001336,standard,as_occurred
TLS-00586,2024-02-13 00:00:00,,,vegetation,2024-02-13 00:00:00,260.02,WO-0001337,steel_lattice,as_occurred
TLS-01086,2024-02-13 00:00:00,,,vegetation,2024-02-13 00:00:00,725.7,WO-0001338,concrete,as_occurred
PMP-02306,2024-02-13 00:00:00,,,inspection,2024-02-13 00:00:00,1861.83,WO-0001339,standard,as_occurred
TNK-02614,2024-02-13 00:00:00,,,routine,2024-02-13 00:00:00,538.81,WO-0001340,standard,as_occurred
RCL-02126,2024-02-14 00:00:00,,,routine,2024-02-14 00:00:00,508.1,WO-0001341,standard,as_occurred
DFR-01314,2024-02-14 00:00:00,,,routine,2024-02-14 00:00:00,668.23,WO-0001342,underground,as_occurred
DFR-01705,2024-02-14 00:00:00,,,inspection,2024-02-14 00:00:00,1483.96,WO-0001343,concrete_pole,as_occurred
TLS-01194,2024-02-14 00:00:00,,,routine,2024-02-14 00:00:00,317.27,WO-0001344,steel_lattice,as_occurred
TSS-00050,2024-02-14 00:00:00,,,vegetation,2024-02-14 00:00:00,392.39,WO-0001345,standard,as_occurred
DSS-00184,2024-02-14 00:00:00,,,inspection,2024-02-14 00:00:00,984.48,WO-0001346,standard,as_occurred
DSS-00167,2024-02-14 00:00:00,,,routine,2024-02-14 00:00:00,626.9,WO-0001347,standard,as_occurred
DSS-00158,2024-02-14 00:00:00,,,routine,2024-02-14 00:00:00,1162.55,WO-0001348,standard,as_occurred
PMP-02446,2024-02-15 00:00:00,,,routine,2024-02-18 00:00:00,1297.8,WO-0001349,standard,reported_late
DFR-01899,2024-02-15 00:00:00,,,routine,2024-02-15 00:00:00,1968.36,WO-0001350,concrete_pole,as_occurred
WMN-03360,2024-02-15 00:00:00,,,routine,2024-02-15 00:00:00,499.28,WO-0001351,Ductile Iron,as_occurred
TNK-02643,2024-02-15 00:00:00,,,vegetation,2024-02-15 00:00:00,456.29,WO-0001352,standard,as_occurred
DFR-01769,2024-02-15 00:00:00,,,vegetation,2024-02-15 00:00:00,694.98,WO-0001353,wood_pole,as_occurred
DFR-01957,2024-02-15 00:00:00,,,inspection,2024-02-15 00:00:00,265.17,WO-0001354,wood_pole,as_occurred
DFR-01676,2024-02-15 00:00:00,,,routine,2024-02-15 00:00:00,821.42,WO-0001355,Wood,as_occurred
DSS-00396,2024-02-16 00:00:00,,,inspection,2024-02-16 00:00:00,822.41,WO-0001356,standard,as_occurred
TLS-00882,2024-02-16 00:00:00,,,vegetation,2024-02-19 00:00:00,1670.92,WO-0001357,steel_monopole,reported_late
TLS-01155,2024-02-16 00:00:00,,,vegetation,2024-02-16 00:00:00,308.76,WO-0001358,steel_lattice,as_occurred
TLS-00693,2024-02-16 00:00:00,,,routine,2024-02-16 00:00:00,1574.3,WO-0001359,steel_lattice,as_occurred
DFR-01798,2024-02-16 00:00:00,,,inspection,2024-02-16 00:00:00,1556.45,WO-0001360,timber,as_occurred
DSS-00241,2024-02-16 00:00:00,,,routine,2024-02-16 00:00:00,1351.23,WO-0001361,standard,as_occurred
DFR-01461,2024-02-16 00:00:00,,,inspection,2024-02-16 00:00:00,1041.17,WO-0001362,wood_pole,as_occurred
DFR-01810,2024-02-16 00:00:00,,,vegetation,2024-02-16 00:00:00,432.04,WO-0001363,composite_pole,as_occurred
WMN-03291,2024-02-16 06:00:00,BASE-20240216-031,physical,corrective,2024-02-16 06:00:00,12682.81,WO-0001364,ductile_iron,as_occurred
WMN-02810,2024-02-16 06:00:00,BASE-20240216-031,physical,corrective,2024-02-16 06:00:00,2353.97,WO-0001365,asbestos_cement,as_occurred
LEGACY-046700,2024-02-16 12:00:00,BASE-20240216-031,physical,corrective,2024-02-16 12:00:00,3270.23,WO-0001366,,as_occurred
WMN-03284,2024-02-16 12:00:00,BASE-20240216-031,physical,corrective,2024-02-16 12:00:00,4627.79,WO-0001367,ductile_iron,as_occurred
DFR-01677,2024-02-16 12:00:00,BASE-20240216-031,physical,corrective,2024-02-16 12:00:00,9969.94,WO-0001368,Wood Pole,as_occurred
DFR-01458,2024-02-16 18:00:00,BASE-20240216-031,physical,corrective,2024-02-16 18:00:00,1388.49,WO-0001369,wood_pole,as_occurred
DFR-01664,2024-02-16 18:00:00,BASE-20240216-031,physical,corrective,2024-02-16 18:00:00,21476.17,WO-0001370,WOOD POLE,as_occurred
TLS-00792,2024-02-17 00:00:00,,,routine,2024-02-17 00:00:00,2263.74,WO-0001371,steel_monopole,as_occurred
DSS-00132,2024-02-17 00:00:00,,,routine,2024-02-17 00:00:00,297.59,WO-0001372,standard,as_occurred
PMP-02310,2024-02-17 00:00:00,,,vegetation,2024-02-17 00:00:00,4042.88,WO-0001373,standard,as_occurred
TLS-00800,2024-02-17 00:00:00,,,routine,2024-02-17 00:00:00,549.32,WO-0001374,steel_lattice,as_occurred
LEGACY-068908,2024-02-17 00:00:00,,,inspection,2024-02-17 00:00:00,778.29,WO-0001375,,as_occurred
WMN-02843,2024-02-17 00:00:00,,,routine,2024-02-17 00:00:00,202.63,WO-0001376,C.I.,as_occurred
LEGACY-071401,2024-02-18 00:00:00,,,routine,2024-02-18 00:00:00,1492.0,WO-0001377,,as_occurred
DSS-00269,2024-02-18 00:00:00,,,vegetation,2024-02-18 00:00:00,540.34,WO-0001378,standard,as_occurred
WMN-03077,2024-02-18 00:00:00,,,inspection,2024-02-18 00:00:00,1042.57,WO-0001379,asbestos_cement,as_occurred
TLS-00573,2024-02-19 00:00:00,,,vegetation,2024-02-19 00:00:00,525.34,WO-0001380,steel_monopole,as_occurred
TLS-00837,2024-02-19 00:00:00,,,vegetation,2024-02-19 00:00:00,599.31,WO-0001381,steel_lattice,as_occurred
TLS-01309,2024-02-19 00:00:00,,,routine,2024-02-19 00:00:00,743.99,WO-0001382,steel_monopole,as_occurred
DFR-01470,2024-02-19 00:00:00,,,vegetation,2024-02-19 00:00:00,338.59,WO-0001383,WOOD POLE,as_occurred
DFR-01487,2024-02-19 00:00:00,,,vegetation,2024-02-22 00:00:00,2342.77,WO-0001384,concrete_pole,reported_late
TLS-00927,2024-02-20 00:00:00,,,routine,2024-02-20 00:00:00,946.92,WO-0001385,steel_monopole,as_occurred
DFR-01752,2024-02-20 00:00:00,,,vegetation,2024-02-20 00:00:00,879.43,WO-0001386,wood_pole,as_occurred
DFR-01384,2024-02-20 00:00:00,,,inspection,2024-02-20 00:00:00,805.58,WO-0001387,wood_pole,as_occurred
PMP-02331,2024-02-20 00:00:00,,,routine,2024-02-20 00:00:00,1130.53,WO-0001388,standard,as_occurred
DFR-01526,2024-02-20 00:00:00,,,vegetation,2024-02-20 00:00:00,383.8,WO-0001389,composite_pole,as_occurred
TLS-01275,2024-02-20 00:00:00,,,inspection,2024-02-20 00:00:00,482.73,WO-0001390,steel_monopole,as_occurred
WMN-03283,2024-02-20 00:00:00,,,routine,2024-02-20 00:00:00,3061.31,WO-0001391,asbestos_cement,as_occurred
TLS-00718,2024-02-20 00:00:00,,,routine,2024-02-20 00:00:00,406.9,WO-0001392,steel_lattice,as_occurred
WMN-03108,2024-02-20 00:00:00,,,routine,2024-02-20 00:00:00,2128.6,WO-0001393,DI,as_occurred
DFR-01954,2024-02-21 00:00:00,,,inspection,2024-02-21 00:00:00,1330.7,WO-0001394,wood_pole,as_occurred
LEGACY-046761,2024-02-21 00:00:00,,,routine,2024-02-21 00:00:00,1027.92,WO-0001395,,as_occurred
RCL-02209,2024-02-21 00:00:00,,,routine,2024-02-21 00:00:00,388.72,WO-0001396,standard,as_occurred
DFR-01426,2024-02-21 00:00:00,,,routine,2024-02-21 00:00:00,148.72,WO-0001397,wood_pole,as_occurred
RCL-02107,2024-02-21 00:00:00,,,inspection,2024-02-21 00:00:00,1045.13,WO-0001398,standard,as_occurred
TLS-00660,2024-02-21 00:00:00,,,inspection,2024-02-21 00:00:00,474.78,WO-0001399,steel_lattice,as_occurred
DFR-01369,2024-02-22 00:00:00,,,routine,2024-02-22 00:00:00,1750.45,WO-0001400,wood_pole,as_occurred
PMP-02308,2024-02-22 00:00:00,,,vegetation,2024-02-22 00:00:00,904.84,WO-0001401,standard,as_occurred
WMN-02993,2024-02-22 00:00:00,,,inspection,2024-02-22 00:00:00,326.5,WO-0001402,ductile_iron,as_occurred
DFR-01836,2024-02-22 00:00:00,BASE-20240222-035,physical,corrective,2024-02-25 00:00:00,21696.02,WO-0001403,wood_pole,reported_late
TLS-00682,2024-02-22 00:00:00,,,routine,2024-02-22 00:00:00,730.02,WO-0001404,steel_monopole,as_occurred
WMN-03226,2024-02-22 06:00:00,BASE-20240222-035,physical,corrective,2024-02-22 06:00:00,8800.49,WO-0001405,ductile_iron,as_occurred
DFR-01898,2024-02-22 06:00:00,BASE-20240222-035,physical,corrective,2024-02-22 06:00:00,2572.05,WO-0001406,wood_pole,as_occurred
WMN-03444,2024-02-22 12:00:00,BASE-20240222-035,physical,corrective,2024-02-22 12:00:00,4841.16,WO-0001407,cast_iron,as_occurred
WMN-02700,2024-02-22 18:00:00,BASE-20240222-035,physical,corrective,2024-02-22 18:00:00,11572.45,WO-0001408,asbestos_cement,as_occurred
WMN-03119,2024-02-22 18:00:00,BASE-20240222-035,physical,corrective,2024-02-22 18:00:00,6299.86,WO-0001409,pvc,as_occurred
WMN-03296,2024-02-22 18:00:00,BASE-20240222-035,physical,corrective,2024-02-22 18:00:00,2254.5,WO-0001410,cast_iron,as_occurred
DFR-01460,2024-02-23 00:00:00,,,routine,2024-02-23 00:00:00,674.66,WO-0001411,composite_pole,as_occurred
WMN-03084,2024-02-23 00:00:00,,,vegetation,2024-02-23 00:00:00,1590.28,WO-0001412,ductile_iron,as_occurred
DFR-01383,2024-02-23 00:00:00,,,routine,2024-02-23 00:00:00,1019.64,WO-0001413,wood_pole,as_occurred
LEGACY-087482,2024-02-23 00:00:00,,,inspection,2024-02-23 00:00:00,807.32,WO-0001414,,as_occurred
WMN-02813,2024-02-23 00:00:00,,,routine,2024-02-23 00:00:00,1041.13,WO-0001415,DI,as_occurred
DFR-01581,2024-02-23 00:00:00,,,routine,2024-02-23 00:00:00,1691.09,WO-0001416,wood_pole,as_occurred
WMN-02960,2024-02-23 00:00:00,,,inspection,2024-02-23 00:00:00,599.15,WO-0001417,cast_iron,as_occurred
TLS-01020,2024-02-24 00:00:00,,,vegetation,2024-02-24 00:00:00,575.21,WO-0001418,concrete,as_occurred
DFR-01808,2024-02-25 00:00:00,,,routine,2024-02-25 00:00:00,512.48,WO-0001419,WOOD POLE,as_occurred
DSS-00088,2024-02-25 00:00:00,,,vegetation,2024-02-25 00:00:00,1326.71,WO-0001420,standard,as_occurred
DSS-00228,2024-02-25 00:00:00,,,vegetation,2024-02-25 00:00:00,705.19,WO-0001421,standard,as_occurred
WMN-02995,2024-02-25 00:00:00,,,routine,2024-02-25 00:00:00,1595.41,WO-0001422,cast_iron,as_occurred
WMN-03009,2024-02-25 12:00:00,HURR-20240225-002,physical,corrective,2024-02-25 12:00:00,857.64,WO-0001423,asbestos-cement,as_occurred
DSS-00165,2024-02-25 12:00:00,HURR-20240225-002,physical,corrective,2024-02-25 12:00:00,2779.48,WO-0001424,standard,as_occurred
DFR-01507,2024-02-25 18:00:00,HURR-20240225-002,physical,corrective,2024-02-28 18:00:00,2880.31,WO-0001425,wood_pole,reported_late
TNK-02556,2024-02-26 00:00:00,,,routine,2024-02-26 00:00:00,849.67,WO-0001426,standard,as_occurred
DFR-01336,2024-02-26 00:00:00,,,vegetation,2024-02-29 00:00:00,305.28,WO-0001427,wood_pole,reported_late
DFR-01728,2024-02-26 00:00:00,,,vegetation,2024-02-26 00:00:00,3132.47,WO-0001428,wood_pole,as_occurred
DFR-01673,2024-02-26 00:00:00,,,routine,2024-02-26 00:00:00,564.97,WO-0001429,underground,as_occurred
LEGACY-046247,2024-02-26 00:00:00,HURR-20240225-002,physical,corrective,2024-02-26 00:00:00,2593.99,WO-0001430,,as_occurred
PMP-02383,2024-02-26 00:00:00,,,inspection,2024-02-26 00:00:00,741.25,WO-0001431,standard,as_occurred
WMN-03177,2024-02-26 00:00:00,,,routine,2024-02-26 00:00:00,857.53,WO-0001432,cast_iron,as_occurred
WMN-03328,2024-02-26 00:00:00,HURR-20240225-002,physical,corrective,2024-02-26 00:00:00,1123.5,WO-0001433,cast_iron,as_occurred
DFR-01331,2024-02-26 00:00:00,,,inspection,2024-02-26 00:00:00,1839.94,WO-0001434,wood_pole,as_occurred
PMP-02346,2024-02-26 06:00:00,HURR-20240225-002,physical,corrective,2024-02-26 06:00:00,19835.15,WO-0001435,standard,as_occurred
DFR-01989,2024-02-26 12:00:00,HURR-20240225-002,physical,corrective,2024-02-26 12:00:00,6715.74,WO-0001436,Wood,as_occurred
DFR-01508,2024-02-26 12:00:00,HURR-20240225-002,physical,corrective,2024-02-26 12:00:00,1571.76,WO-0001437,WOOD POLE,as_occurred
WMN-03107,2024-02-26 12:00:00,HURR-20240225-002,physical,corrective,2024-02-26 12:00:00,943.11,WO-0001438,cast_iron,as_occurred
WMN-02987,2024-02-26 12:00:00,HURR-20240225-002,physical,corrective,2024-02-26 12:00:00,2932.57,WO-0001439,CI,as_occurred
DFR-01435,2024-02-26 12:00:00,HURR-20240225-002,physical,corrective,2024-02-26 12:00:00,3114.61,WO-0001440,underground,as_occurred
TLS-01284,2024-02-26 12:00:00,HURR-20240225-002,physical,corrective,2024-02-29 12:00:00,3189.34,WO-0001441,steel_lattice,reported_late
DFR-01966,2024-02-26 18:00:00,HURR-20240225-002,physical,corrective,2024-02-26 18:00:00,3386.0,WO-0001442,wood_pole,as_occurred
DSS-00104,2024-02-27 00:00:00,,,inspection,2024-02-27 00:00:00,1807.17,WO-0001443,standard,as_occurred
PMP-02447,2024-02-27 00:00:00,,,inspection,2024-02-27 00:00:00,387.69,WO-0001444,standard,as_occurred
WMN-03121,2024-02-27 00:00:00,,,inspection,2024-02-27 00:00:00,1823.18,WO-0001445,ductile-iron,as_occurred
TLS-01221,2024-02-27 00:00:00,,,vegetation,2024-02-27 00:00:00,933.61,WO-0001446,steel_monopole,as_occurred
PMP-02354,2024-02-27 00:00:00,HURR-20240225-002,physical,corrective,2024-02-27 00:00:00,10224.32,WO-0001447,standard,as_occurred
WMN-03195,2024-02-27 00:00:00,,,routine,2024-02-27 00:00:00,1026.64,WO-0001448,pvc,as_occurred
WMN-03214,2024-02-27 06:00:00,HURR-20240225-002,physical,corrective,2024-03-01 06:00:00,2020.09,WO-0001449,asbestos_cement,reported_late
WMN-02760,2024-02-27 06:00:00,HURR-20240225-002,physical,corrective,2024-02-27 06:00:00,2352.3,WO-0001450,Cast Iron,as_occurred
WMN-02763,2024-02-27 06:00:00,HURR-20240225-002,physical,corrective,2024-02-27 06:00:00,2186.35,WO-0001451,CAST IRON,as_occurred
PMP-02487,2024-02-27 06:00:00,HURR-20240225-002,physical,corrective,2024-03-01 06:00:00,7340.07,WO-0001452,standard,reported_late
WMN-02708,2024-02-27 18:00:00,HURR-20240225-002,physical,corrective,2024-02-27 18:00:00,13586.91,WO-0001453,Poly Vinyl Chloride,as_occurred
TSS-00030,2024-02-28 00:00:00,,,inspection,2024-02-28 00:00:00,2196.32,WO-0001454,standard,as_occurred
RCL-02196,2024-02-28 00:00:00,,,vegetation,2024-02-28 00:00:00,284.97,WO-0001455,standard,as_occurred
WMN-03299,2024-02-28 00:00:00,BASE-20240228-019,physical,corrective,2024-02-28 00:00:00,5040.77,WO-0001456,cast_iron,as_occurred
WMN-03191,2024-02-28 12:00:00,BASE-20240228-019,physical,corrective,2024-02-28 12:00:00,1917.37,WO-0001457,AC,as_occurred
WMN-02995,2024-02-28 18:00:00,BASE-20240228-019,physical,corrective,2024-02-28 18:00:00,4834.8,WO-0001458,cast_iron,as_occurred
DFR-01928,2024-02-28 18:00:00,BASE-20240228-019,physical,corrective,2024-02-28 18:00:00,2941.35,WO-0001459,wood_pole,as_occurred
DFR-01648,2024-02-29 00:00:00,,,vegetation,2024-02-29 00:00:00,1690.81,WO-0001460,timber,as_occurred
TLS-00516,2024-02-29 00:00:00,,,routine,2024-02-29 00:00:00,427.56,WO-0001461,steel_lattice,as_occurred
PMP-02292,2024-02-29 00:00:00,,,routine,2024-02-29 00:00:00,566.82,WO-0001462,standard,as_occurred
LEGACY-087543,2024-02-29 00:00:00,,,inspection,2024-02-29 00:00:00,1026.44,WO-0001463,,as_occurred
WMN-03099,2024-02-29 00:00:00,,,routine,2024-02-29 00:00:00,380.75,WO-0001464,CAST IRON,as_occurred
WMN-03214,2024-03-01 00:00:00,BASE-20240301-036,physical,corrective,2024-03-01 00:00:00,4797.11,WO-0001465,asbestos_cement,as_occurred
TSS-00021,2024-03-01 00:00:00,,,routine,2024-03-01 00:00:00,2565.39,WO-0001466,standard,as_occurred
DFR-01803,2024-03-01 00:00:00,,,routine,2024-03-01 00:00:00,412.22,WO-0001467,underground,as_occurred
DSS-00389,2024-03-01 00:00:00,BASE-20240301-041,physical,corrective,2024-03-01 00:00:00,3344.51,WO-0001468,standard,as_occurred
DFR-01511,2024-03-01 00:00:00,BASE-20240301-041,physical,corrective,2024-03-01 00:00:00,1913.81,WO-0001469,wood_pole,as_occurred
TSS-00018,2024-03-01 00:00:00,,,inspection,2024-03-01 00:00:00,901.65,WO-0001470,standard,as_occurred
PMP-02312,2024-03-01 00:00:00,,,routine,2024-03-01 00:00:00,341.38,WO-0001471,standard,as_occurred
WMN-02819,2024-03-01 00:00:00,,,inspection,2024-03-01 00:00:00,544.63,WO-0001472,pvc,as_occurred
WMN-02705,2024-03-01 00:00:00,BASE-20240301-036,physical,corrective,2024-03-01 00:00:00,3718.47,WO-0001473,CAST IRON,as_occurred
WMN-03452,2024-03-01 06:00:00,BASE-20240301-041,physical,corrective,2024-03-01 06:00:00,1548.34,WO-0001474,ductile_iron,as_occurred
DFR-01449,2024-03-01 06:00:00,BASE-20240301-036,physical,corrective,2024-03-01 06:00:00,5175.37,WO-0001475,WOOD POLE,as_occurred
TLS-01097,2024-03-01 06:00:00,BASE-20240301-041,physical,corrective,2024-03-01 06:00:00,5170.11,WO-0001476,steel_monopole,as_occurred
DFR-01891,2024-03-01 12:00:00,BASE-20240301-041,physical,corrective,2024-03-01 12:00:00,3951.33,WO-0001477,concrete_pole,as_occurred
RCL-02178,2024-03-01 12:00:00,BASE-20240301-041,physical,corrective,2024-03-01 12:00:00,1421.0,WO-0001478,standard,as_occurred
WMN-02728,2024-03-01 12:00:00,BASE-20240301-036,physical,corrective,2024-03-01 12:00:00,3617.26,WO-0001479,D.I.,as_occurred
DFR-01356,2024-03-01 18:00:00,BASE-20240301-041,physical,corrective,2024-03-01 18:00:00,8081.14,WO-0001480,wood_pole,as_occurred
DFR-01369,2024-03-01 18:00:00,BASE-20240301-041,physical,corrective,2024-03-01 18:00:00,10474.33,WO-0001481,wood_pole,as_occurred
WMN-02881,2024-03-02 00:00:00,,,vegetation,2024-03-02 00:00:00,1897.83,WO-0001482,steel,as_occurred
TLS-00687,2024-03-02 00:00:00,,,routine,2024-03-05 00:00:00,998.04,WO-0001483,steel_lattice,reported_late
TLS-00545,2024-03-02 00:00:00,,,routine,2024-03-02 00:00:00,1090.13,WO-0001484,steel_monopole,as_occurred
TLS-01202,2024-03-02 00:00:00,,,routine,2024-03-02 00:00:00,2445.17,WO-0001485,steel_monopole,as_occurred
WMN-02985,2024-03-02 00:00:00,,,routine,2024-03-02 00:00:00,329.57,WO-0001486,cast-iron,as_occurred
TLS-00748,2024-03-02 00:00:00,,,inspection,2024-03-02 00:00:00,1236.57,WO-0001487,steel_monopole,as_occurred
DFR-01879,2024-03-02 00:00:00,,,inspection,2024-03-02 00:00:00,732.76,WO-0001488,wood_pole,as_occurred
RCL-02022,2024-03-03 00:00:00,,,routine,2024-03-03 00:00:00,1170.0,WO-0001489,standard,as_occurred
WMN-02974,2024-03-03 00:00:00,,,routine,2024-03-03 00:00:00,747.26,WO-0001490,pvc,as_occurred
TLS-00772,2024-03-03 00:00:00,WILD-20240303-016,physical,corrective,2024-03-03 00:00:00,6795.86,WO-0001491,steel_lattice,as_occurred
DFR-01321,2024-03-03 00:00:00,WILD-20240303-016,physical,corrective,2024-03-03 00:00:00,8671.19,WO-0001492,timber,as_occurred
DFR-01493,2024-03-03 00:00:00,WILD-20240303-016,physical,corrective,2024-03-03 00:00:00,7080.86,WO-0001493,wood_pole,as_occurred
WMN-02950,2024-03-03 00:00:00,,,vegetation,2024-03-03 00:00:00,4220.46,WO-0001494,cast_iron,as_occurred
DSS-00293,2024-03-03 00:00:00,,,routine,2024-03-03 00:00:00,615.11,WO-0001495,standard,as_occurred
DFR-01393,2024-03-03 00:00:00,,,routine,2024-03-03 00:00:00,1768.57,WO-0001496,wood_pole,as_occurred
TLS-00440,2024-03-03 00:00:00,,,inspection,2024-03-06 00:00:00,161.59,WO-0001497,concrete,reported_late
DFR-01699,2024-03-03 00:00:00,,,inspection,2024-03-03 00:00:00,352.86,WO-0001498,underground,as_occurred
RCL-02026,2024-03-03 00:00:00,,,inspection,2024-03-03 00:00:00,106.92,WO-0001499,standard,as_occurred
DSS-00365,2024-03-03 06:00:00,WILD-20240303-016,physical,corrective,2024-03-06 06:00:00,5902.77,WO-0001500,standard,reported_late
PMP-02310,2024-03-03 06:00:00,WILD-20240303-016,functional_power_loss,corrective,2024-03-03 06:00:00,1685.87,WO-0001501,standard,as_occurred
DFR-01480,2024-03-03 06:00:00,WILD-20240303-016,physical,corrective,2024-03-03 06:00:00,4181.41,WO-0001502,wood_pole,as_occurred
RCL-02092,2024-03-03 06:00:00,WILD-20240303-016,physical,corrective,2024-03-03 06:00:00,1914.44,WO-0001503,standard,as_occurred
WMN-02685,2024-03-03 06:00:00,WILD-20240303-016,physical,corrective,2024-03-06 06:00:00,2498.72,WO-0001504,cast_iron,reported_late
WMN-02859,2024-03-03 06:00:00,WILD-20240303-016,physical,corrective,2024-03-03 06:00:00,5222.87,WO-0001505,Cast Iron,as_occurred
WMN-03283,2024-03-03 06:00:00,WILD-20240303-016,physical,corrective,2024-03-03 06:00:00,8282.1,WO-0001506,asbestos_cement,as_occurred
DFR-01812,2024-03-03 12:00:00,WILD-20240303-016,physical,corrective,2024-03-03 12:00:00,3450.16,WO-0001507,WOOD POLE,as_occurred
RCL-02142,2024-03-03 12:00:00,WILD-20240303-016,physical,corrective,2024-03-03 12:00:00,8029.1,WO-0001508,standard,as_occurred
WMN-02946,2024-03-03 12:00:00,WILD-20240303-016,physical,corrective,2024-03-03 12:00:00,11931.85,WO-0001509,CI,as_occurred
WMN-02854,2024-03-03 18:00:00,WILD-20240303-016,physical,corrective,2024-03-03 18:00:00,5480.22,WO-0001510,cast_iron,as_occurred
LEGACY-091975,2024-03-03 18:00:00,WILD-20240303-016,physical,corrective,2024-03-03 18:00:00,4229.37,WO-0001511,,as_occurred
WMN-02805,2024-03-03 18:00:00,WILD-20240303-016,physical,corrective,2024-03-03 18:00:00,3741.56,WO-0001512,cast_iron,as_occurred
LEGACY-050680,2024-03-03 18:00:00,WILD-20240303-016,physical,corrective,2024-03-03 18:00:00,4656.23,WO-0001513,,as_occurred
PMP-02397,2024-03-03 18:00:00,WILD-20240303-016,physical,corrective,2024-03-03 18:00:00,20284.47,WO-0001514,standard,as_occurred
PMP-02416,2024-03-04 00:00:00,,,inspection,2024-03-07 00:00:00,691.13,WO-0001515,standard,reported_late
TLS-01294,2024-03-04 00:00:00,WILD-20240303-016,physical,corrective,2024-03-04 00:00:00,3519.96,WO-0001516,steel_lattice,as_occurred
DFR-01758,2024-03-04 00:00:00,WILD-20240303-016,physical,corrective,2024-03-04 00:00:00,2635.69,WO-0001517,wood_pole,as_occurred
WMN-03372,2024-03-04 00:00:00,WILD-20240303-016,physical,corrective,2024-03-04 00:00:00,1394.86,WO-0001518,asbestos_cement,as_occurred
WMN-02913,2024-03-04 00:00:00,,,routine,2024-03-04 00:00:00,610.24,WO-0001519,ductile_iron,as_occurred
PMP-02237,2024-03-04 00:00:00,,,inspection,2024-03-04 00:00:00,501.75,WO-0001520,standard,as_occurred
DFR-01797,2024-03-04 00:00:00,,,inspection,2024-03-04 00:00:00,522.34,WO-0001521,concrete_pole,as_occurred
WMN-03315,2024-03-04 00:00:00,WILD-20240303-016,physical,corrective,2024-03-04 00:00:00,555.18,WO-0001522,asbestos_cement,as_occurred
DFR-01776,2024-03-04 06:00:00,WILD-20240303-016,physical,corrective,2024-03-04 06:00:00,3596.65,WO-0001523,wood_pole,as_occurred
DFR-01548,2024-03-04 06:00:00,WILD-20240303-016,physical,corrective,2024-03-04 06:00:00,6146.03,WO-0001524,wood_pole,as_occurred
DFR-01871,2024-03-04 06:00:00,WILD-20240303-016,physical,corrective,2024-03-04 06:00:00,6828.75,WO-0001525,WOOD POLE,as_occurred
RCL-02140,2024-03-04 12:00:00,WILD-20240303-016,physical,corrective,2024-03-07 12:00:00,1829.43,WO-0001526,standard,reported_late
DFR-01936,2024-03-04 12:00:00,WILD-20240303-016,physical,corrective,2024-03-04 12:00:00,10462.55,WO-0001527,wood_pole,as_occurred
DFR-01763,2024-03-04 12:00:00,WILD-20240303-016,physical,corrective,2024-03-04 12:00:00,3954.49,WO-0001528,wood_pole,as_occurred
DFR-01633,2024-03-04 12:00:00,WILD-20240303-016,physical,corrective,2024-03-04 12:00:00,5308.42,WO-0001529,wood_pole,as_occurred
DFR-01762,2024-03-04 18:00:00,WILD-20240303-016,physical,corrective,2024-03-04 18:00:00,857.67,WO-0001530,wood_pole,as_occurred
DFR-01433,2024-03-04 18:00:00,WILD-20240303-016,physical,corrective,2024-03-04 18:00:00,16988.23,WO-0001531,wood_pole,as_occurred
LEGACY-016924,2024-03-04 18:00:00,WILD-20240303-016,physical,corrective,2024-03-04 18:00:00,17825.24,WO-0001532,,as_occurred
LEGACY-005570,2024-03-05 00:00:00,,,routine,2024-03-05 00:00:00,2767.34,WO-0001533,,as_occurred
WMN-02920,2024-03-06 00:00:00,,,routine,2024-03-06 00:00:00,631.9,WO-0001534,CI,as_occurred
DSS-00236,2024-03-06 00:00:00,BASE-20240306-022,physical,corrective,2024-03-06 00:00:00,7715.56,WO-0001535,standard,as_occurred
RCL-02151,2024-03-06 00:00:00,,,inspection,2024-03-06 00:00:00,279.8,WO-0001536,standard,as_occurred
WTP-02216,2024-03-06 00:00:00,BASE-20240306-022,functional_power_loss,corrective,2024-03-06 00:00:00,22250.8,WO-0001537,standard,as_occurred
TLS-00420,2024-03-06 00:00:00,,,inspection,2024-03-06 00:00:00,266.87,WO-0001538,steel_monopole,as_occurred
LEGACY-097821,2024-03-06 00:00:00,,,inspection,2024-03-06 00:00:00,558.82,WO-0001539,,as_occurred
WMN-02916,2024-03-06 00:00:00,HEAT-20240306-006,physical,corrective,2024-03-06 00:00:00,9538.34,WO-0001540,C.I.,as_occurred
TLS-00922,2024-03-06 00:00:00,,,vegetation,2024-03-06 00:00:00,868.27,WO-0001541,steel_lattice,as_occurred
PMP-02312,2024-03-06 00:00:00,BASE-20240306-022,functional_power_loss,corrective,2024-03-06 00:00:00,6625.0,WO-0001542,standard,as_occurred
WMN-02716,2024-03-06 06:00:00,HEAT-20240306-006,physical,corrective,2024-03-06 06:00:00,5330.53,WO-0001543,asbestos_cement,as_occurred
WMN-03315,2024-03-06 12:00:00,BASE-20240306-022,physical,corrective,2024-03-06 12:00:00,2870.39,WO-0001544,AC,as_occurred
PMP-02343,2024-03-06 12:00:00,HEAT-20240306-006,physical,corrective,2024-03-06 12:00:00,7037.96,WO-0001545,standard,as_occurred
TNK-02559,2024-03-06 12:00:00,HEAT-20240306-006,physical,corrective,2024-03-06 12:00:00,4454.44,WO-0001546,standard,as_occurred
WMN-03328,2024-03-06 12:00:00,HEAT-20240306-006,physical,corrective,2024-03-06 12:00:00,16322.21,WO-0001547,cast_iron,as_occurred
WMN-02932,2024-03-06 12:00:00,HEAT-20240306-006,physical,corrective,2024-03-06 12:00:00,4482.47,WO-0001548,cast_iron,as_occurred
WMN-03101,2024-03-06 18:00:00,HEAT-20240306-006,physical,corrective,2024-03-06 18:00:00,2473.02,WO-0001549,cast_iron,as_occurred
WMN-03354,2024-03-06 18:00:00,HEAT-20240306-006,physical,corrective,2024-03-06 18:00:00,1831.32,WO-0001550,A/C,as_occurred
WTP-02224,2024-03-07 00:00:00,,,routine,2024-03-07 00:00:00,3707.75,WO-0001551,standard,as_occurred
TLS-01113,2024-03-07 00:00:00,,,routine,2024-03-07 00:00:00,607.8,WO-0001552,steel_lattice,as_occurred
DFR-01775,2024-03-07 00:00:00,,,vegetation,2024-03-07 00:00:00,439.65,WO-0001553,concrete_pole,as_occurred
WMN-02999,2024-03-07 00:00:00,,,routine,2024-03-07 00:00:00,909.12,WO-0001554,ductile_iron,as_occurred
WMN-03370,2024-03-07 00:00:00,,,routine,2024-03-07 00:00:00,512.8,WO-0001555,DI,as_occurred
DSS-00095,2024-03-07 00:00:00,,,routine,2024-03-07 00:00:00,1047.13,WO-0001556,standard,as_occurred
DFR-02007,2024-03-07 00:00:00,HEAT-20240306-006,physical,corrective,2024-03-07 00:00:00,4950.33,WO-0001557,wood_pole,as_occurred
WMN-02715,2024-03-07 00:00:00,HEAT-20240306-006,physical,corrective,2024-03-07 00:00:00,6485.39,WO-0001558,pvc,as_occurred
DFR-01886,2024-03-07 00:00:00,,,routine,2024-03-10 00:00:00,674.46,WO-0001559,wood_pole,reported_late
WMN-03064,2024-03-07 00:00:00,,,routine,2024-03-07 00:00:00,1399.04,WO-0001560,steel,as_occurred
DFR-01423,2024-03-07 06:00:00,HEAT-20240306-006,physical,corrective,2024-03-07 06:00:00,17227.78,WO-0001561,timber,as_occurred
WMN-02857,2024-03-07 06:00:00,HEAT-20240306-006,physical,corrective,2024-03-07 06:00:00,15062.44,WO-0001562,cast_iron,as_occurred
LEGACY-080796,2024-03-07 12:00:00,HEAT-20240306-006,physical,corrective,2024-03-07 12:00:00,2284.03,WO-0001563,,as_occurred
TLS-00853,2024-03-07 12:00:00,HEAT-20240306-006,physical,corrective,2024-03-07 12:00:00,4237.57,WO-0001564,concrete,as_occurred
WMN-03224,2024-03-07 12:00:00,HEAT-20240306-006,physical,corrective,2024-03-10 12:00:00,1672.36,WO-0001565,AC,reported_late
WMN-02821,2024-03-07 12:00:00,HEAT-20240306-006,physical,corrective,2024-03-07 12:00:00,977.74,WO-0001566,asbestos_cement,as_occurred
WMN-03375,2024-03-07 12:00:00,HEAT-20240306-006,physical,corrective,2024-03-07 12:00:00,7258.07,WO-0001567,ductile_iron,as_occurred
WMN-02853,2024-03-07 12:00:00,HEAT-20240306-006,physical,corrective,2024-03-07 12:00:00,3558.92,WO-0001568,cast_iron,as_occurred
WMN-03444,2024-03-07 18:00:00,HEAT-20240306-006,physical,corrective,2024-03-07 18:00:00,2940.37,WO-0001569,cast_iron,as_occurred
WMN-03470,2024-03-08 00:00:00,,,routine,2024-03-08 00:00:00,1313.21,WO-0001570,ductile_iron,as_occurred
PMP-02406,2024-03-08 00:00:00,,,inspection,2024-03-08 00:00:00,668.61,WO-0001571,standard,as_occurred
LEGACY-058346,2024-03-08 00:00:00,HEAT-20240306-006,physical,corrective,2024-03-11 00:00:00,5260.68,WO-0001572,,reported_late
LEGACY-073282,2024-03-08 00:00:00,,,inspection,2024-03-08 00:00:00,1114.29,WO-0001573,,as_occurred
TNK-02534,2024-03-08 00:00:00,HEAT-20240306-006,physical,corrective,2024-03-08 00:00:00,19397.15,WO-0001574,standard,as_occurred
PMP-02399,2024-03-08 00:00:00,,,vegetation,2024-03-08 00:00:00,648.18,WO-0001575,standard,as_occurred
DFR-01327,2024-03-08 06:00:00,HEAT-20240306-006,physical,corrective,2024-03-08 06:00:00,5322.64,WO-0001576,wood_pole,as_occurred
PMP-02332,2024-03-08 06:00:00,HEAT-20240306-006,physical,corrective,2024-03-08 06:00:00,12764.25,WO-0001577,standard,as_occurred
DFR-01692,2024-03-08 12:00:00,HEAT-20240306-006,physical,corrective,2024-03-08 12:00:00,8573.04,WO-0001578,wood_pole,as_occurred
WMN-03075,2024-03-08 12:00:00,HEAT-20240306-006,physical,corrective,2024-03-08 12:00:00,4288.38,WO-0001579,Cast Iron,as_occurred
WMN-03378,2024-03-08 12:00:00,HEAT-20240306-006,physical,corrective,2024-03-08 12:00:00,6577.2,WO-0001580,cast_iron,as_occurred
TLS-00700,2024-03-08 18:00:00,HEAT-20240306-006,physical,corrective,2024-03-08 18:00:00,1532.3,WO-0001581,steel_lattice,as_occurred
WMN-03157,2024-03-08 18:00:00,HEAT-20240306-006,physical,corrective,2024-03-08 18:00:00,10692.88,WO-0001582,ductile_iron,as_occurred
TNK-02622,2024-03-09 00:00:00,,,routine,2024-03-09 00:00:00,341.85,WO-0001583,standard,as_occurred
WMN-02786,2024-03-09 00:00:00,HEAT-20240306-006,physical,corrective,2024-03-09 00:00:00,19132.39,WO-0001584,CI,as_occurred
WMN-03271,2024-03-09 00:00:00,,,routine,2024-03-09 00:00:00,1701.94,WO-0001585,pvc,as_occurred
WMN-02851,2024-03-09 00:00:00,,,vegetation,2024-03-09 00:00:00,506.25,WO-0001586,P.V.C.,as_occurred
WMN-03326,2024-03-09 00:00:00,,,inspection,2024-03-09 00:00:00,821.26,WO-0001587,cast_iron,as_occurred
LEGACY-083693,2024-03-09 00:00:00,,,routine,2024-03-09 00:00:00,1169.9,WO-0001588,,as_occurred
DFR-01551,2024-03-09 00:00:00,,,routine,2024-03-09 00:00:00,767.21,WO-0001589,Wood,as_occurred
TSS-00046,2024-03-09 00:00:00,,,vegetation,2024-03-09 00:00:00,453.43,WO-0001590,standard,as_occurred
WMN-03266,2024-03-09 00:00:00,,,inspection,2024-03-09 00:00:00,742.25,WO-0001591,ductile_iron,as_occurred
TLS-00806,2024-03-09 00:00:00,,,inspection,2024-03-09 00:00:00,489.26,WO-0001592,concrete,as_occurred
TLS-00502,2024-03-09 00:00:00,,,inspection,2024-03-09 00:00:00,786.59,WO-0001593,steel_lattice,as_occurred
RCL-02101,2024-03-09 00:00:00,,,routine,2024-03-09 00:00:00,597.25,WO-0001594,standard,as_occurred
WMN-02966,2024-03-09 00:00:00,,,routine,2024-03-09 00:00:00,1980.1,WO-0001595,pvc,as_occurred
WMN-02997,2024-03-09 00:00:00,HEAT-20240306-006,physical,corrective,2024-03-09 00:00:00,2959.67,WO-0001596,ductile_iron,as_occurred
WMN-02775,2024-03-09 06:00:00,HEAT-20240306-006,physical,corrective,2024-03-09 06:00:00,2075.03,WO-0001597,A/C,as_occurred
WMN-03429,2024-03-09 06:00:00,HEAT-20240306-006,physical,corrective,2024-03-12 06:00:00,15856.83,WO-0001598,asbestos_cement,reported_late
DSS-00183,2024-03-09 12:00:00,HEAT-20240306-006,physical,corrective,2024-03-09 12:00:00,6770.36,WO-0001599,standard,as_occurred
WMN-03322,2024-03-09 12:00:00,HEAT-20240306-006,physical,corrective,2024-03-09 12:00:00,7036.55,WO-0001600,cast_iron,as_occurred
TLS-01199,2024-03-09 18:00:00,HEAT-20240306-006,physical,corrective,2024-03-09 18:00:00,6537.54,WO-0001601,steel_lattice,as_occurred
WMN-03151,2024-03-10 00:00:00,,,inspection,2024-03-10 00:00:00,780.88,WO-0001602,DI,as_occurred
PMP-02434,2024-03-10 00:00:00,,,routine,2024-03-10 00:00:00,222.49,WO-0001603,standard,as_occurred
WMN-02776,2024-03-10 06:00:00,HEAT-20240306-006,physical,corrective,2024-03-10 06:00:00,14099.09,WO-0001604,asbestos_cement,as_occurred
WMN-03058,2024-03-10 12:00:00,HEAT-20240306-006,physical,corrective,2024-03-10 12:00:00,5397.2,WO-0001605,cast_iron,as_occurred
WMN-03339,2024-03-11 00:00:00,,,inspection,2024-03-11 00:00:00,1159.0,WO-0001606,P.V.C.,as_occurred
DSS-00409,2024-03-11 00:00:00,,,inspection,2024-03-11 00:00:00,815.74,WO-0001607,standard,as_occurred
WMN-03092,2024-03-11 00:00:00,HEAT-20240306-006,physical,corrective,2024-03-11 00:00:00,1230.4,WO-0001608,Asbestos Cement,as_occurred
DFR-02003,2024-03-11 00:00:00,,,inspection,2024-03-11 00:00:00,3125.8,WO-0001609,wood_pole,as_occurred
DFR-01439,2024-03-11 00:00:00,HEAT-20240306-006,physical,corrective,2024-03-11 00:00:00,4222.8,WO-0001610,timber,as_occurred
WMN-03109,2024-03-11 06:00:00,HEAT-20240306-006,physical,corrective,2024-03-11 06:00:00,4417.22,WO-0001611,cast_iron,as_occurred
WMN-03079,2024-03-11 06:00:00,HEAT-20240306-006,physical,corrective,2024-03-11 06:00:00,4331.0,WO-0001612,cast_iron,as_occurred
WMN-02720,2024-03-11 06:00:00,HEAT-20240306-006,physical,corrective,2024-03-11 06:00:00,1890.87,WO-0001613,P.V.C.,as_occurred
WMN-02812,2024-03-11 06:00:00,HEAT-20240306-006,physical,corrective,2024-03-11 06:00:00,8021.4,WO-0001614,Cast Iron,as_occurred
WMN-03203,2024-03-11 12:00:00,HEAT-20240306-006,physical,corrective,2024-03-11 12:00:00,15459.65,WO-0001615,asbestos_cement,as_occurred
LEGACY-043691,2024-03-11 18:00:00,HEAT-20240306-006,physical,corrective,2024-03-11 18:00:00,1277.52,WO-0001616,,as_occurred
WMN-03215,2024-03-11 18:00:00,HEAT-20240306-006,physical,corrective,2024-03-11 18:00:00,4338.88,WO-0001617,pvc,as_occurred
RCL-02061,2024-03-11 18:00:00,HEAT-20240306-006,physical,corrective,2024-03-11 18:00:00,657.7,WO-0001618,standard,as_occurred
WMN-02869,2024-03-11 18:00:00,HEAT-20240306-006,physical,corrective,2024-03-11 18:00:00,2452.41,WO-0001619,pvc,as_occurred
DFR-01462,2024-03-12 00:00:00,,,inspection,2024-03-12 00:00:00,211.76,WO-0001620,wood_pole,as_occurred
TLS-00816,2024-03-12 00:00:00,,,routine,2024-03-12 00:00:00,289.99,WO-0001621,steel_lattice,as_occurred
PMP-02396,2024-03-12 00:00:00,,,routine,2024-03-12 00:00:00,393.01,WO-0001622,standard,as_occurred
PMP-02456,2024-03-12 00:00:00,BASE-20240312-024,functional_power_loss,corrective,2024-03-12 00:00:00,1633.62,WO-0001623,standard,as_occurred
TLS-00565,2024-03-12 00:00:00,,,inspection,2024-03-12 00:00:00,600.14,WO-0001624,steel_monopole,as_occurred
PMP-02419,2024-03-12 00:00:00,BASE-20240312-024,functional_power_loss,corrective,2024-03-12 00:00:00,3421.02,WO-0001625,standard,as_occurred
DSS-00210,2024-03-12 00:00:00,BASE-20240312-024,physical,corrective,2024-03-12 00:00:00,10039.57,WO-0001626,standard,as_occurred
TLS-00960,2024-03-12 00:00:00,,,routine,2024-03-12 00:00:00,1709.35,WO-0001627,steel_lattice,as_occurred
DFR-01825,2024-03-12 00:00:00,HEAT-20240306-006,physical,corrective,2024-03-12 00:00:00,4115.85,WO-0001628,wood_pole,as_occurred
WMN-03153,2024-03-12 00:00:00,BASE-20240312-024,physical,corrective,2024-03-12 00:00:00,12607.93,WO-0001629,ductile_iron,as_occurred
WMN-03297,2024-03-12 00:00:00,,,routine,2024-03-12 00:00:00,1189.07,WO-0001630,cast_iron,as_occurred
WMN-03315,2024-03-12 00:00:00,BASE-20240312-024,physical,corrective,2024-03-12 00:00:00,6322.73,WO-0001631,asbestos_cement,as_occurred
TSS-00049,2024-03-12 00:00:00,,,routine,2024-03-12 00:00:00,654.29,WO-0001632,standard,as_occurred
WMN-02950,2024-03-12 00:00:00,,,vegetation,2024-03-12 00:00:00,62.44,WO-0001633,cast_iron,as_occurred
WMN-02947,2024-03-12 00:00:00,,,inspection,2024-03-12 00:00:00,364.47,WO-0001634,P.V.C.,as_occurred
DFR-01886,2024-03-12 06:00:00,BASE-20240312-024,physical,corrective,2024-03-12 06:00:00,5414.03,WO-0001635,wood_pole,as_occurred
WMN-03123,2024-03-12 06:00:00,HEAT-20240306-006,physical,corrective,2024-03-12 06:00:00,3203.06,WO-0001636,pvc,as_occurred
WMN-03299,2024-03-12 06:00:00,BASE-20240312-024,physical,corrective,2024-03-12 06:00:00,2530.63,WO-0001637,cast_iron,as_occurred
WMN-02787,2024-03-12 06:00:00,HEAT-20240306-006,physical,corrective,2024-03-15 06:00:00,28649.35,WO-0001638,DI,reported_late
WMN-03283,2024-03-12 12:00:00,BASE-20240312-024,physical,corrective,2024-03-12 12:00:00,4052.34,WO-0001639,asbestos_cement,as_occurred
WMN-02840,2024-03-12 12:00:00,BASE-20240312-024,physical,corrective,2024-03-12 12:00:00,3686.93,WO-0001640,cast_iron,as_occurred
DFR-01610,2024-03-12 12:00:00,BASE-20240312-024,physical,corrective,2024-03-12 12:00:00,4118.16,WO-0001641,Wood,as_occurred
WMN-03345,2024-03-12 12:00:00,HEAT-20240306-006,physical,corrective,2024-03-12 12:00:00,2887.68,WO-0001642,asbestos_cement,as_occurred
WMN-03322,2024-03-12 18:00:00,BASE-20240312-024,physical,corrective,2024-03-12 18:00:00,5499.54,WO-0001643,cast_iron,as_occurred
WMN-02721,2024-03-12 18:00:00,HEAT-20240306-006,physical,corrective,2024-03-12 18:00:00,2042.6,WO-0001644,cast_iron,as_occurred
DFR-01397,2024-03-12 18:00:00,HEAT-20240306-006,physical,corrective,2024-03-12 18:00:00,1874.6,WO-0001645,wood_pole,as_occurred
TLS-00564,2024-03-13 00:00:00,,,inspection,2024-03-13 00:00:00,249.49,WO-0001646,steel_monopole,as_occurred
PMP-02468,2024-03-13 00:00:00,,,vegetation,2024-03-13 00:00:00,795.11,WO-0001647,standard,as_occurred
DSS-00279,2024-03-13 00:00:00,,,routine,2024-03-13 00:00:00,1535.01,WO-0001648,standard,as_occurred
TLS-00931,2024-03-13 00:00:00,,,vegetation,2024-03-13 00:00:00,822.24,WO-0001649,steel_monopole,as_occurred
WMN-03100,2024-03-13 00:00:00,,,routine,2024-03-13 00:00:00,1722.07,WO-0001650,pvc,as_occurred
TLS-00415,2024-03-13 00:00:00,,,routine,2024-03-13 00:00:00,630.72,WO-0001651,steel_monopole,as_occurred
TNK-02646,2024-03-13 00:00:00,,,routine,2024-03-16 00:00:00,1046.81,WO-0001652,standard,reported_late
WMN-02827,2024-03-14 00:00:00,,,routine,2024-03-14 00:00:00,374.65,WO-0001653,cast_iron,as_occurred
WMN-03060,2024-03-14 00:00:00,,,routine,2024-03-14 00:00:00,477.52,WO-0001654,ductile_iron,as_occurred
DFR-01549,2024-03-14 00:00:00,,,inspection,2024-03-14 00:00:00,166.01,WO-0001655,Wood Pole,as_occurred
WMN-03245,2024-03-14 00:00:00,,,inspection,2024-03-17 00:00:00,1204.69,WO-0001656,cast_iron,reported_late
RCL-02068,2024-03-14 00:00:00,,,inspection,2024-03-14 00:00:00,782.78,WO-0001657,standard,as_occurred
DFR-02008,2024-03-14 00:00:00,,,routine,2024-03-14 00:00:00,2095.32,WO-0001658,wood_pole,as_occurred
WMN-03091,2024-03-15 00:00:00,,,inspection,2024-03-15 00:00:00,306.78,WO-0001659,steel,as_occurred
TNK-02599,2024-03-15 00:00:00,,,inspection,2024-03-15 00:00:00,559.84,WO-0001660,standard,as_occurred
DSS-00259,2024-03-15 00:00:00,,,routine,2024-03-15 00:00:00,1017.6,WO-0001661,standard,as_occurred
TLS-00470,2024-03-15 00:00:00,,,routine,2024-03-15 00:00:00,153.43,WO-0001662,steel_lattice,as_occurred
TLS-00913,2024-03-15 00:00:00,,,inspection,2024-03-15 00:00:00,698.72,WO-0001663,concrete,as_occurred
TLS-00437,2024-03-15 00:00:00,,,routine,2024-03-15 00:00:00,231.78,WO-0001664,steel_lattice,as_occurred
TLS-00685,2024-03-15 00:00:00,,,vegetation,2024-03-15 00:00:00,1204.52,WO-0001665,steel_monopole,as_occurred
WMN-03098,2024-03-15 00:00:00,,,inspection,2024-03-15 00:00:00,637.58,WO-0001666,pvc,as_occurred
DSS-00382,2024-03-15 00:00:00,,,routine,2024-03-15 00:00:00,967.2,WO-0001667,standard,as_occurred
TLS-00575,2024-03-16 00:00:00,,,vegetation,2024-03-16 00:00:00,659.75,WO-0001668,steel_lattice,as_occurred
RCL-02143,2024-03-16 00:00:00,,,routine,2024-03-16 00:00:00,717.86,WO-0001669,standard,as_occurred
WMN-03205,2024-03-16 00:00:00,,,inspection,2024-03-16 00:00:00,1481.51,WO-0001670,ductile_iron,as_occurred
TLS-01281,2024-03-16 00:00:00,,,inspection,2024-03-16 00:00:00,725.08,WO-0001671,steel_lattice,as_occurred
TLS-00949,2024-03-16 00:00:00,,,inspection,2024-03-16 00:00:00,878.48,WO-0001672,concrete,as_occurred
TLS-00477,2024-03-16 00:00:00,,,routine,2024-03-16 00:00:00,4537.15,WO-0001673,steel_lattice,as_occurred
PMP-02360,2024-03-16 00:00:00,,,routine,2024-03-16 00:00:00,279.83,WO-0001674,standard,as_occurred
TLS-01158,2024-03-17 00:00:00,,,routine,2024-03-17 00:00:00,308.98,WO-0001675,steel_lattice,as_occurred
TLS-01065,2024-03-17 00:00:00,,,routine,2024-03-17 00:00:00,465.24,WO-0001676,steel_monopole,as_occurred
DFR-01855,2024-03-17 00:00:00,,,routine,2024-03-17 00:00:00,2126.79,WO-0001677,wood_pole,as_occurred
DFR-01471,2024-03-17 00:00:00,,,vegetation,2024-03-20 00:00:00,1897.33,WO-0001678,wood_pole,reported_late
DFR-01987,2024-03-17 00:00:00,,,routine,2024-03-17 00:00:00,455.27,WO-0001679,Wood,as_occurred
TLS-00545,2024-03-17 00:00:00,,,inspection,2024-03-17 00:00:00,885.68,WO-0001680,steel_monopole,as_occurred
LEGACY-058888,2024-03-18 00:00:00,,,routine,2024-03-18 00:00:00,772.54,WO-0001681,,as_occurred
TLS-00661,2024-03-18 00:00:00,,,routine,2024-03-18 00:00:00,718.94,WO-0001682,steel_lattice,as_occurred
DFR-01551,2024-03-18 00:00:00,,,routine,2024-03-18 00:00:00,985.79,WO-0001683,wood_pole,as_occurred
TLS-00790,2024-03-18 00:00:00,,,inspection,2024-03-21 00:00:00,329.67,WO-0001684,steel_lattice,reported_late
RCL-02128,2024-03-18 00:00:00,,,vegetation,2024-03-18 00:00:00,410.52,WO-0001685,standard,as_occurred
WMN-02733,2024-03-18 00:00:00,,,inspection,2024-03-18 00:00:00,2678.92,WO-0001686,D.I.,as_occurred
WMN-03120,2024-03-18 00:00:00,,,routine,2024-03-18 00:00:00,687.07,WO-0001687,ductile_iron,as_occurred
DFR-01642,2024-03-18 00:00:00,,,routine,2024-03-18 00:00:00,1002.51,WO-0001688,Wood,as_occurred
DSS-00192,2024-03-18 00:00:00,,,inspection,2024-03-18 00:00:00,833.46,WO-0001689,standard,as_occurred
DFR-01362,2024-03-18 00:00:00,,,routine,2024-03-18 00:00:00,291.79,WO-0001690,underground,as_occurred
DFR-01355,2024-03-19 00:00:00,,,routine,2024-03-19 00:00:00,318.74,WO-0001691,underground,as_occurred
DSS-00396,2024-03-19 00:00:00,,,inspection,2024-03-19 00:00:00,686.87,WO-0001692,standard,as_occurred
WMN-03354,2024-03-19 00:00:00,,,vegetation,2024-03-19 00:00:00,259.75,WO-0001693,asbestos_cement,as_occurred
PMP-02478,2024-03-19 00:00:00,HEAT-20240319-005,functional_power_loss,corrective,2024-03-19 00:00:00,6248.49,WO-0001694,standard,as_occurred
PMP-02354,2024-03-19 00:00:00,HEAT-20240319-005,functional_power_loss,corrective,2024-03-19 00:00:00,4803.42,WO-0001695,standard,as_occurred
DSS-00290,2024-03-19 00:00:00,HEAT-20240319-005,physical,corrective,2024-03-19 00:00:00,5676.36,WO-0001696,standard,as_occurred
TLS-01112,2024-03-19 00:00:00,,,routine,2024-03-19 00:00:00,606.91,WO-0001697,steel_lattice,as_occurred
DFR-01820,2024-03-19 00:00:00,,,inspection,2024-03-19 00:00:00,755.88,WO-0001698,wood_pole,as_occurred
INT-03502,2024-03-19 00:00:00,,,vegetation,2024-03-19 00:00:00,1421.71,WO-0001699,standard,as_occurred
LEGACY-078421,2024-03-19 06:00:00,HEAT-20240319-005,physical,corrective,2024-03-19 06:00:00,13910.07,WO-0001700,,as_occurred
DFR-01610,2024-03-19 12:00:00,HEAT-20240319-005,physical,corrective,2024-03-19 12:00:00,5261.89,WO-0001701,timber,as_occurred
PMP-02501,2024-03-19 12:00:00,HEAT-20240319-005,functional_power_loss,corrective,2024-03-19 12:00:00,2294.17,WO-0001702,standard,as_occurred
WMN-02984,2024-03-19 18:00:00,HEAT-20240319-005,physical,corrective,2024-03-19 18:00:00,2028.64,WO-0001703,ductile_iron,as_occurred
DSS-00401,2024-03-20 00:00:00,,,routine,2024-03-23 00:00:00,211.15,WO-0001704,standard,reported_late
DFR-01319,2024-03-20 00:00:00,BASE-20240320-025,physical,corrective,2024-03-20 00:00:00,7700.0,WO-0001705,wood_pole,as_occurred
DSS-00326,2024-03-20 00:00:00,,,routine,2024-03-20 00:00:00,2748.31,WO-0001706,standard,as_occurred
DSS-00377,2024-03-20 00:00:00,,,routine,2024-03-20 00:00:00,384.31,WO-0001707,standard,as_occurred
WMN-03102,2024-03-20 06:00:00,HEAT-20240319-005,physical,corrective,2024-03-20 06:00:00,3043.5,WO-0001708,cast_iron,as_occurred
DFR-01458,2024-03-20 06:00:00,HEAT-20240319-005,physical,corrective,2024-03-20 06:00:00,5434.5,WO-0001709,wood_pole,as_occurred
DFR-01318,2024-03-20 06:00:00,BASE-20240320-025,physical,corrective,2024-03-20 06:00:00,3984.79,WO-0001710,wood_pole,as_occurred
WMN-02815,2024-03-20 06:00:00,HEAT-20240319-005,physical,corrective,2024-03-20 06:00:00,7423.71,WO-0001711,cast_iron,as_occurred
DFR-01651,2024-03-20 06:00:00,BASE-20240320-025,physical,corrective,2024-03-20 06:00:00,6996.81,WO-0001712,Wood Pole,as_occurred
DSS-00348,2024-03-20 18:00:00,HEAT-20240319-005,physical,corrective,2024-03-20 18:00:00,2019.66,WO-0001713,standard,as_occurred
WMN-03345,2024-03-20 18:00:00,HEAT-20240319-005,physical,corrective,2024-03-20 18:00:00,1570.28,WO-0001714,asbestos_cement,as_occurred
WMN-02789,2024-03-20 18:00:00,BASE-20240320-025,physical,corrective,2024-03-20 18:00:00,730.2,WO-0001715,C.I.,as_occurred
PMP-02415,2024-03-20 18:00:00,HEAT-20240319-005,functional_power_loss,corrective,2024-03-20 18:00:00,21347.92,WO-0001716,standard,as_occurred
TNK-02610,2024-03-21 00:00:00,,,routine,2024-03-21 00:00:00,290.01,WO-0001717,standard,as_occurred
TLS-00648,2024-03-21 00:00:00,,,routine,2024-03-21 00:00:00,664.96,WO-0001718,steel_monopole,as_occurred
DFR-01493,2024-03-21 00:00:00,,,inspection,2024-03-21 00:00:00,1656.94,WO-0001719,wood_pole,as_occurred
DSS-00246,2024-03-21 00:00:00,,,inspection,2024-03-21 00:00:00,797.1,WO-0001720,standard,as_occurred
WMN-02804,2024-03-21 00:00:00,,,inspection,2024-03-21 00:00:00,388.64,WO-0001721,cast_iron,as_occurred
WMN-03426,2024-03-21 00:00:00,,,inspection,2024-03-21 00:00:00,762.15,WO-0001722,pvc,as_occurred
WMN-03283,2024-03-21 06:00:00,HEAT-20240319-005,physical,corrective,2024-03-21 06:00:00,21628.89,WO-0001723,asbestos_cement,as_occurred
WMN-02693,2024-03-21 06:00:00,HEAT-20240319-005,physical,corrective,2024-03-21 06:00:00,1463.42,WO-0001724,C.I.,as_occurred
PMP-02362,2024-03-21 12:00:00,HEAT-20240319-005,functional_power_loss,corrective,2024-03-21 12:00:00,4839.81,WO-0001725,standard,as_occurred
DFR-01520,2024-03-21 12:00:00,HEAT-20240319-005,physical,corrective,2024-03-21 12:00:00,14511.09,WO-0001726,wood_pole,as_occurred
WMN-03322,2024-03-21 12:00:00,HEAT-20240319-005,physical,corrective,2024-03-21 12:00:00,6477.22,WO-0001727,cast_iron,as_occurred
DSS-00394,2024-03-21 12:00:00,HEAT-20240319-005,physical,corrective,2024-03-21 12:00:00,6058.65,WO-0001728,standard,as_occurred
WMN-03224,2024-03-21 18:00:00,HEAT-20240319-005,physical,corrective,2024-03-21 18:00:00,2893.12,WO-0001729,asbestos_cement,as_occurred
WMN-02696,2024-03-21 18:00:00,HEAT-20240319-005,physical,corrective,2024-03-21 18:00:00,6100.13,WO-0001730,cast_iron,as_occurred
WMN-02678,2024-03-22 00:00:00,,,inspection,2024-03-22 00:00:00,975.95,WO-0001731,steel,as_occurred
DSS-00175,2024-03-22 00:00:00,,,routine,2024-03-22 00:00:00,3751.94,WO-0001732,standard,as_occurred
TLS-00676,2024-03-22 00:00:00,,,routine,2024-03-22 00:00:00,593.4,WO-0001733,steel_lattice,as_occurred
TLS-00963,2024-03-22 00:00:00,,,routine,2024-03-22 00:00:00,1067.04,WO-0001734,steel_lattice,as_occurred
WMN-02860,2024-03-22 00:00:00,HEAT-20240319-005,physical,corrective,2024-03-22 00:00:00,3366.07,WO-0001735,cast_iron,as_occurred
DSS-00079,2024-03-22 00:00:00,,,routine,2024-03-22 00:00:00,510.88,WO-0001736,standard,as_occurred
PMP-02414,2024-03-22 00:00:00,,,inspection,2024-03-22 00:00:00,327.39,WO-0001737,standard,as_occurred
TLS-00451,2024-03-22 00:00:00,,,routine,2024-03-22 00:00:00,471.45,WO-0001738,steel_monopole,as_occurred
DFR-01662,2024-03-22 00:00:00,,,inspection,2024-03-22 00:00:00,1179.12,WO-0001739,underground,as_occurred
WMN-03364,2024-03-22 12:00:00,HEAT-20240319-005,physical,corrective,2024-03-25 12:00:00,3377.59,WO-0001740,asbestos_cement,reported_late
DSS-00080,2024-03-22 12:00:00,HEAT-20240319-005,physical,corrective,2024-03-25 12:00:00,6943.89,WO-0001741,standard,reported_late
WMN-03393,2024-03-22 12:00:00,HEAT-20240319-005,physical,corrective,2024-03-22 12:00:00,3116.56,WO-0001742,CI,as_occurred
DFR-01513,2024-03-22 18:00:00,HEAT-20240319-005,physical,corrective,2024-03-22 18:00:00,4206.31,WO-0001743,wood_pole,as_occurred
TNK-02664,2024-03-23 00:00:00,,,vegetation,2024-03-23 00:00:00,1365.58,WO-0001744,standard,as_occurred
DFR-01723,2024-03-23 00:00:00,,,inspection,2024-03-23 00:00:00,801.61,WO-0001745,wood_pole,as_occurred
DFR-01421,2024-03-23 00:00:00,,,inspection,2024-03-23 00:00:00,300.11,WO-0001746,Wood Pole,as_occurred
WMN-03378,2024-03-23 06:00:00,HEAT-20240319-005,physical,corrective,2024-03-23 06:00:00,5288.88,WO-0001747,cast_iron,as_occurred
PMP-02343,2024-03-23 12:00:00,HEAT-20240319-005,functional_power_loss,corrective,2024-03-23 12:00:00,5304.23,WO-0001748,standard,as_occurred
DSS-00145,2024-03-23 12:00:00,HEAT-20240319-005,physical,corrective,2024-03-23 12:00:00,1072.96,WO-0001749,standard,as_occurred
DSS-00380,2024-03-23 12:00:00,HEAT-20240319-005,physical,corrective,2024-03-23 12:00:00,7751.62,WO-0001750,standard,as_occurred
DFR-01872,2024-03-23 12:00:00,HEAT-20240319-005,physical,corrective,2024-03-23 12:00:00,2758.93,WO-0001751,underground,as_occurred
PMP-02370,2024-03-23 12:00:00,HEAT-20240319-005,physical,corrective,2024-03-23 12:00:00,3442.06,WO-0001752,standard,as_occurred
WMN-02945,2024-03-23 12:00:00,HEAT-20240319-005,physical,corrective,2024-03-23 12:00:00,3028.91,WO-0001753,CAST IRON,as_occurred
PMP-02308,2024-03-23 12:00:00,HEAT-20240319-005,functional_power_loss,corrective,2024-03-23 12:00:00,17156.54,WO-0001754,standard,as_occurred
DSS-00294,2024-03-23 12:00:00,HEAT-20240319-005,physical,corrective,2024-03-23 12:00:00,2755.28,WO-0001755,standard,as_occurred
DFR-01644,2024-03-23 18:00:00,HEAT-20240319-005,physical,corrective,2024-03-23 18:00:00,12625.02,WO-0001756,wood_pole,as_occurred
WMN-02776,2024-03-23 18:00:00,HEAT-20240319-005,physical,corrective,2024-03-23 18:00:00,7976.97,WO-0001757,AC,as_occurred
WMN-03125,2024-03-23 18:00:00,HEAT-20240319-005,physical,corrective,2024-03-26 18:00:00,1927.67,WO-0001758,cast_iron,reported_late
WMN-02925,2024-03-24 00:00:00,,,vegetation,2024-03-27 00:00:00,259.69,WO-0001759,pvc,reported_late
DFR-01707,2024-03-24 00:00:00,HEAT-20240319-005,physical,corrective,2024-03-24 00:00:00,10083.03,WO-0001760,Wood,as_occurred
DFR-01868,2024-03-24 00:00:00,,,routine,2024-03-24 00:00:00,890.28,WO-0001761,composite_pole,as_occurred
PMP-02306,2024-03-24 00:00:00,,,vegetation,2024-03-24 00:00:00,330.54,WO-0001762,standard,as_occurred
DSS-00378,2024-03-24 06:00:00,HEAT-20240319-005,physical,corrective,2024-03-24 06:00:00,9825.5,WO-0001763,standard,as_occurred
WMN-03203,2024-03-24 06:00:00,HEAT-20240319-005,physical,corrective,2024-03-24 06:00:00,12643.58,WO-0001764,asbestos_cement,as_occurred
WMN-03315,2024-03-24 18:00:00,HEAT-20240319-005,physical,corrective,2024-03-24 18:00:00,6100.76,WO-0001765,asbestos_cement,as_occurred
WMN-02730,2024-03-25 00:00:00,,,vegetation,2024-03-25 00:00:00,474.42,WO-0001766,pvc,as_occurred
DFR-01587,2024-03-25 00:00:00,,,routine,2024-03-25 00:00:00,1342.07,WO-0001767,underground,as_occurred
DFR-01700,2024-03-25 00:00:00,,,routine,2024-03-25 00:00:00,1058.97,WO-0001768,wood_pole,as_occurred
TSS-00038,2024-03-25 00:00:00,,,vegetation,2024-03-25 00:00:00,1169.87,WO-0001769,standard,as_occurred
TLS-00838,2024-03-25 00:00:00,,,inspection,2024-03-25 00:00:00,199.91,WO-0001770,steel_lattice,as_occurred
TNK-02663,2024-03-25 00:00:00,,,routine,2024-03-25 00:00:00,1213.68,WO-0001771,standard,as_occurred
DFR-02007,2024-03-25 06:00:00,HEAT-20240319-005,physical,corrective,2024-03-25 06:00:00,1627.25,WO-0001772,wood_pole,as_occurred
WMN-03257,2024-03-25 12:00:00,HEAT-20240319-005,physical,corrective,2024-03-25 12:00:00,2854.71,WO-0001773,ductile_iron,as_occurred
WMN-02924,2024-03-25 12:00:00,HEAT-20240319-005,physical,corrective,2024-03-25 12:00:00,6444.87,WO-0001774,pvc,as_occurred
DFR-01476,2024-03-25 18:00:00,HEAT-20240319-005,physical,corrective,2024-03-25 18:00:00,4095.64,WO-0001775,wood_pole,as_occurred
PMP-02332,2024-03-25 18:00:00,HEAT-20240319-005,physical,corrective,2024-03-25 18:00:00,2592.3,WO-0001776,standard,as_occurred
WMN-03214,2024-03-25 18:00:00,HEAT-20240319-005,physical,corrective,2024-03-25 18:00:00,4129.96,WO-0001777,AC,as_occurred
TLS-01003,2024-03-26 00:00:00,,,inspection,2024-03-26 00:00:00,1683.78,WO-0001778,steel_lattice,as_occurred
LEGACY-045142,2024-03-26 00:00:00,,,routine,2024-03-26 00:00:00,366.41,WO-0001779,,as_occurred
DFR-01661,2024-03-27 00:00:00,,,routine,2024-03-27 00:00:00,1521.64,WO-0001780,WOOD POLE,as_occurred
TLS-01113,2024-03-27 00:00:00,,,routine,2024-03-27 00:00:00,1000.48,WO-0001781,steel_lattice,as_occurred
PMP-02496,2024-03-27 00:00:00,,,routine,2024-03-27 00:00:00,565.0,WO-0001782,standard,as_occurred
WMN-02706,2024-03-28 00:00:00,INLA-20240328-011,physical,corrective,2024-03-28 00:00:00,14040.51,WO-0001783,pvc,as_occurred
WMN-03345,2024-03-28 00:00:00,INLA-20240328-011,physical,corrective,2024-03-28 00:00:00,2381.27,WO-0001784,asbestos_cement,as_occurred
DSS-00083,2024-03-28 00:00:00,,,inspection,2024-03-28 00:00:00,166.51,WO-0001785,standard,as_occurred
TLS-00974,2024-03-28 00:00:00,,,routine,2024-03-28 00:00:00,1177.21,WO-0001786,steel_lattice,as_occurred
DSS-00101,2024-03-28 00:00:00,,,inspection,2024-03-28 00:00:00,484.1,WO-0001787,standard,as_occurred
WMN-02873,2024-03-28 00:00:00,,,inspection,2024-03-28 00:00:00,304.12,WO-0001788,ductile_iron,as_occurred
WMN-03228,2024-03-28 06:00:00,INLA-20240328-011,physical,corrective,2024-03-28 06:00:00,4858.76,WO-0001789,cast-iron,as_occurred
WMN-02945,2024-03-28 06:00:00,INLA-20240328-011,physical,corrective,2024-03-28 06:00:00,3559.0,WO-0001790,cast_iron,as_occurred
DFR-01520,2024-03-28 06:00:00,INLA-20240328-011,physical,corrective,2024-03-28 06:00:00,1942.41,WO-0001791,wood_pole,as_occurred
WMN-03194,2024-03-28 12:00:00,INLA-20240328-011,physical,corrective,2024-03-28 12:00:00,2202.04,WO-0001792,cast_iron,as_occurred
PMP-02354,2024-03-28 18:00:00,INLA-20240328-011,physical,corrective,2024-03-28 18:00:00,9443.93,WO-0001793,standard,as_occurred
PMP-02405,2024-03-28 18:00:00,INLA-20240328-011,physical,corrective,2024-03-28 18:00:00,4059.82,WO-0001794,standard,as_occurred
DFR-01866,2024-03-28 18:00:00,INLA-20240328-011,physical,corrective,2024-03-28 18:00:00,4655.05,WO-0001795,timber,as_occurred
DFR-01654,2024-03-29 00:00:00,,,inspection,2024-03-29 00:00:00,11956.57,WO-0001796,wood_pole,as_occurred
DFR-01605,2024-03-29 00:00:00,INLA-20240328-011,physical,corrective,2024-03-29 00:00:00,5576.42,WO-0001797,wood_pole,as_occurred
WMN-03383,2024-03-29 00:00:00,INLA-20240328-011,physical,corrective,2024-03-29 00:00:00,13947.1,WO-0001798,cast_iron,as_occurred
TNK-02638,2024-03-29 00:00:00,,,vegetation,2024-03-29 00:00:00,832.18,WO-0001799,standard,as_occurred
TNK-02582,2024-03-29 00:00:00,,,routine,2024-03-29 00:00:00,287.53,WO-0001800,standard,as_occurred
TLS-01029,2024-03-29 00:00:00,,,inspection,2024-03-29 00:00:00,1951.12,WO-0001801,steel_lattice,as_occurred
DFR-01668,2024-03-30 00:00:00,BASE-20240330-039,physical,corrective,2024-03-30 00:00:00,5653.04,WO-0001802,timber,as_occurred
WMN-03407,2024-03-30 00:00:00,,,routine,2024-03-30 00:00:00,372.08,WO-0001803,asbestos_cement,as_occurred
WMN-03441,2024-03-30 00:00:00,BASE-20240330-039,physical,corrective,2024-03-30 00:00:00,3634.62,WO-0001804,A/C,as_occurred
WMN-02694,2024-03-30 00:00:00,,,routine,2024-03-30 00:00:00,996.25,WO-0001805,ductile_iron,as_occurred
DFR-01632,2024-03-30 00:00:00,,,routine,2024-03-30 00:00:00,443.8,WO-0001806,wood_pole,as_occurred
DFR-01722,2024-03-30 00:00:00,,,inspection,2024-04-02 00:00:00,352.93,WO-0001807,wood_pole,reported_late
TNK-02636,2024-03-30 00:00:00,,,inspection,2024-03-30 00:00:00,893.35,WO-0001808,standard,as_occurred
WMN-02930,2024-03-30 00:00:00,BASE-20240330-039,physical,corrective,2024-03-30 00:00:00,8165.74,WO-0001809,cast_iron,as_occurred
WMN-02723,2024-03-30 00:00:00,,,vegetation,2024-03-30 00:00:00,2112.58,WO-0001810,cast_iron,as_occurred
DSS-00179,2024-03-30 00:00:00,,,inspection,2024-03-30 00:00:00,995.23,WO-0001811,standard,as_occurred
LEGACY-051726,2024-03-30 00:00:00,,,routine,2024-03-30 00:00:00,721.82,WO-0001812,,as_occurred
WMN-03237,2024-03-30 06:00:00,BASE-20240330-039,physical,corrective,2024-03-30 06:00:00,3324.63,WO-0001813,AC,as_occurred
WMN-03112,2024-03-30 12:00:00,BASE-20240330-039,physical,corrective,2024-03-30 12:00:00,3781.28,WO-0001814,asbestos_cement,as_occurred
WMN-02821,2024-03-30 18:00:00,BASE-20240330-039,physical,corrective,2024-03-30 18:00:00,6154.0,WO-0001815,asbestos_cement,as_occurred
DFR-01830,2024-03-30 18:00:00,BASE-20240330-039,physical,corrective,2024-03-30 18:00:00,5670.08,WO-0001816,Wood Pole,as_occurred
WMN-03010,2024-03-30 18:00:00,BASE-20240330-039,physical,corrective,2024-03-30 18:00:00,1253.59,WO-0001817,cast_iron,as_occurred
WMN-02945,2024-03-30 18:00:00,BASE-20240330-039,physical,corrective,2024-03-30 18:00:00,1793.49,WO-0001818,cast_iron,as_occurred
WMN-02749,2024-03-30 18:00:00,BASE-20240330-039,physical,corrective,2024-03-30 18:00:00,10635.33,WO-0001819,cast_iron,as_occurred
LEGACY-028662,2024-03-31 00:00:00,,,inspection,2024-04-03 00:00:00,673.14,WO-0001820,,reported_late
DSS-00406,2024-03-31 00:00:00,,,inspection,2024-03-31 00:00:00,211.33,WO-0001821,standard,as_occurred
DSS-00378,2024-03-31 00:00:00,,,routine,2024-03-31 00:00:00,394.06,WO-0001822,standard,as_occurred
RCL-02080,2024-03-31 00:00:00,,,inspection,2024-04-03 00:00:00,616.01,WO-0001823,standard,reported_late
DFR-01981,2024-04-01 00:00:00,,,routine,2024-04-01 00:00:00,778.08,WO-0001824,wood_pole,as_occurred
WMN-03232,2024-04-01 00:00:00,,,routine,2024-04-01 00:00:00,827.93,WO-0001825,steel,as_occurred
DFR-01833,2024-04-01 00:00:00,,,inspection,2024-04-01 00:00:00,998.99,WO-0001826,wood_pole,as_occurred
WMN-03422,2024-04-01 00:00:00,,,vegetation,2024-04-01 00:00:00,1874.83,WO-0001827,cast_iron,as_occurred
TLS-00899,2024-04-02 00:00:00,,,vegetation,2024-04-02 00:00:00,1125.16,WO-0001828,concrete,as_occurred
WMN-02866,2024-04-02 00:00:00,,,routine,2024-04-02 00:00:00,960.54,WO-0001829,D.I.,as_occurred
LEGACY-005076,2024-04-02 00:00:00,,,vegetation,2024-04-02 00:00:00,574.54,WO-0001830,,as_occurred
DSS-00249,2024-04-02 00:00:00,,,inspection,2024-04-02 00:00:00,1200.91,WO-0001831,standard,as_occurred
WMN-02953,2024-04-02 00:00:00,,,routine,2024-04-05 00:00:00,552.96,WO-0001832,ductile_iron,reported_late
DFR-01797,2024-04-02 00:00:00,,,routine,2024-04-05 00:00:00,639.53,WO-0001833,concrete_pole,reported_late
WMN-03178,2024-04-02 00:00:00,,,routine,2024-04-02 00:00:00,2764.71,WO-0001834,PVC,as_occurred
WMN-02693,2024-04-02 00:00:00,,,routine,2024-04-02 00:00:00,651.35,WO-0001835,cast_iron,as_occurred
PMP-02270,2024-04-03 00:00:00,,,routine,2024-04-06 00:00:00,482.91,WO-0001836,standard,reported_late
WMN-03084,2024-04-03 00:00:00,,,routine,2024-04-03 00:00:00,503.66,WO-0001837,ductile_iron,as_occurred
WMN-03048,2024-04-03 00:00:00,,,inspection,2024-04-03 00:00:00,2690.69,WO-0001838,cast_iron,as_occurred
RCL-02102,2024-04-04 00:00:00,,,inspection,2024-04-04 00:00:00,721.96,WO-0001839,standard,as_occurred
DSS-00321,2024-04-04 00:00:00,,,routine,2024-04-07 00:00:00,1469.0,WO-0001840,standard,reported_late
WMN-02698,2024-04-04 00:00:00,,,vegetation,2024-04-04 00:00:00,602.17,WO-0001841,pvc,as_occurred
LEGACY-066158,2024-04-04 00:00:00,,,inspection,2024-04-04 00:00:00,665.13,WO-0001842,,as_occurred
PMP-02523,2024-04-05 00:00:00,,,routine,2024-04-05 00:00:00,303.25,WO-0001843,standard,as_occurred
WMN-03229,2024-04-05 00:00:00,,,inspection,2024-04-05 00:00:00,823.12,WO-0001844,pvc,as_occurred
WMN-03424,2024-04-05 00:00:00,,,routine,2024-04-05 00:00:00,488.66,WO-0001845,PVC,as_occurred
WMN-03131,2024-04-05 00:00:00,,,vegetation,2024-04-05 00:00:00,386.26,WO-0001846,ductile-iron,as_occurred
WMN-03180,2024-04-05 00:00:00,,,vegetation,2024-04-05 00:00:00,379.35,WO-0001847,pvc,as_occurred
DFR-01539,2024-04-05 00:00:00,,,routine,2024-04-05 00:00:00,669.39,WO-0001848,WOOD POLE,as_occurred
TLS-00824,2024-04-05 00:00:00,,,inspection,2024-04-05 00:00:00,1956.82,WO-0001849,concrete,as_occurred
TLS-00925,2024-04-05 00:00:00,,,routine,2024-04-05 00:00:00,2108.08,WO-0001850,steel_lattice,as_occurred
TLS-01193,2024-04-05 00:00:00,,,inspection,2024-04-05 00:00:00,379.61,WO-0001851,steel_monopole,as_occurred
WMN-03232,2024-04-06 00:00:00,,,routine,2024-04-06 00:00:00,575.49,WO-0001852,steel,as_occurred
TNK-02551,2024-04-06 00:00:00,,,vegetation,2024-04-06 00:00:00,662.2,WO-0001853,standard,as_occurred
WMN-03019,2024-04-06 00:00:00,,,inspection,2024-04-06 00:00:00,1045.92,WO-0001854,ductile_iron,as_occurred
RCL-02163,2024-04-06 00:00:00,,,inspection,2024-04-06 00:00:00,555.07,WO-0001855,standard,as_occurred
PMP-02421,2024-04-06 00:00:00,,,routine,2024-04-06 00:00:00,1435.64,WO-0001856,standard,as_occurred
PMP-02294,2024-04-06 00:00:00,,,inspection,2024-04-09 00:00:00,415.56,WO-0001857,standard,reported_late
PMP-02424,2024-04-06 00:00:00,,,routine,2024-04-06 00:00:00,694.17,WO-0001858,standard,as_occurred
WTP-02220,2024-04-06 00:00:00,,,inspection,2024-04-06 00:00:00,366.28,WO-0001859,standard,as_occurred
WMN-03106,2024-04-06 00:00:00,,,inspection,2024-04-06 00:00:00,583.68,WO-0001860,ductile-iron,as_occurred
DSS-00275,2024-04-07 00:00:00,,,inspection,2024-04-07 00:00:00,540.21,WO-0001861,standard,as_occurred
DFR-01889,2024-04-07 00:00:00,,,routine,2024-04-10 00:00:00,362.91,WO-0001862,Wood,reported_late
TSS-00041,2024-04-07 00:00:00,,,inspection,2024-04-07 00:00:00,1114.35,WO-0001863,standard,as_occurred
TLS-00841,2024-04-07 00:00:00,,,routine,2024-04-07 00:00:00,862.22,WO-0001864,steel_lattice,as_occurred
WMN-03047,2024-04-07 00:00:00,,,routine,2024-04-07 00:00:00,1385.43,WO-0001865,P.V.C.,as_occurred
WMN-02881,2024-04-07 00:00:00,,,vegetation,2024-04-07 00:00:00,602.61,WO-0001866,steel,as_occurred
DFR-01907,2024-04-08 00:00:00,,,routine,2024-04-08 00:00:00,581.89,WO-0001867,WOOD POLE,as_occurred
TLS-00470,2024-04-08 00:00:00,,,routine,2024-04-08 00:00:00,2651.06,WO-0001868,steel_lattice,as_occurred
DFR-01852,2024-04-08 00:00:00,,,vegetation,2024-04-08 00:00:00,400.28,WO-0001869,wood_pole,as_occurred
PMP-02318,2024-04-08 00:00:00,,,routine,2024-04-08 00:00:00,1286.42,WO-0001870,standard,as_occurred
LEGACY-080902,2024-04-09 00:00:00,,,routine,2024-04-09 00:00:00,394.58,WO-0001871,,as_occurred
WMN-03327,2024-04-09 00:00:00,,,vegetation,2024-04-09 00:00:00,2312.96,WO-0001872,asbestos_cement,as_occurred
RCL-02202,2024-04-09 00:00:00,,,vegetation,2024-04-09 00:00:00,133.86,WO-0001873,standard,as_occurred
LEGACY-081933,2024-04-09 00:00:00,,,inspection,2024-04-09 00:00:00,1333.38,WO-0001874,,as_occurred
LEGACY-010195,2024-04-10 00:00:00,,,vegetation,2024-04-10 00:00:00,1090.97,WO-0001875,,as_occurred
RCL-02090,2024-04-10 00:00:00,,,vegetation,2024-04-10 00:00:00,1088.28,WO-0001876,standard,as_occurred
TLS-01088,2024-04-10 00:00:00,,,vegetation,2024-04-10 00:00:00,367.2,WO-0001877,steel_lattice,as_occurred
PMP-02426,2024-04-10 00:00:00,,,vegetation,2024-04-10 00:00:00,1266.37,WO-0001878,standard,as_occurred
TLS-00780,2024-04-10 00:00:00,,,inspection,2024-04-10 00:00:00,906.17,WO-0001879,steel_lattice,as_occurred
INT-03496,2024-04-10 00:00:00,,,routine,2024-04-13 00:00:00,648.41,WO-0001880,standard,reported_late
PMP-02393,2024-04-10 00:00:00,,,routine,2024-04-10 00:00:00,196.37,WO-0001881,standard,as_occurred
TLS-01287,2024-04-10 00:00:00,,,vegetation,2024-04-10 00:00:00,837.96,WO-0001882,steel_lattice,as_occurred
WMN-02689,2024-04-11 00:00:00,,,vegetation,2024-04-11 00:00:00,1043.2,WO-0001883,ductile_iron,as_occurred
WMN-02838,2024-04-11 00:00:00,,,routine,2024-04-11 00:00:00,959.0,WO-0001884,ductile_iron,as_occurred
TLS-00427,2024-04-11 00:00:00,,,routine,2024-04-11 00:00:00,864.37,WO-0001885,steel_lattice,as_occurred
WMN-02986,2024-04-11 00:00:00,,,vegetation,2024-04-11 00:00:00,458.46,WO-0001886,pvc,as_occurred
WMN-02958,2024-04-11 00:00:00,,,routine,2024-04-11 00:00:00,291.28,WO-0001887,AC,as_occurred
DSS-00315,2024-04-11 00:00:00,,,routine,2024-04-11 00:00:00,501.93,WO-0001888,standard,as_occurred
WMN-03040,2024-04-12 00:00:00,,,inspection,2024-04-12 00:00:00,2655.66,WO-0001889,asbestos_cement,as_occurred
DSS-00144,2024-04-12 00:00:00,,,routine,2024-04-12 00:00:00,1193.04,WO-0001890,standard,as_occurred
DFR-01540,2024-04-12 00:00:00,,,routine,2024-04-12 00:00:00,904.71,WO-0001891,concrete_pole,as_occurred
DFR-01784,2024-04-13 00:00:00,,,inspection,2024-04-13 00:00:00,1374.64,WO-0001892,composite_pole,as_occurred
DSS-00207,2024-04-13 00:00:00,,,inspection,2024-04-13 00:00:00,792.83,WO-0001893,standard,as_occurred
WMN-02763,2024-04-13 00:00:00,,,routine,2024-04-13 00:00:00,1882.3,WO-0001894,cast_iron,as_occurred
TLS-00536,2024-04-13 00:00:00,,,routine,2024-04-13 00:00:00,727.16,WO-0001895,steel_lattice,as_occurred
DFR-01421,2024-04-14 00:00:00,,,routine,2024-04-14 00:00:00,257.32,WO-0001896,Wood Pole,as_occurred
DFR-01675,2024-04-14 00:00:00,,,inspection,2024-04-14 00:00:00,721.04,WO-0001897,wood_pole,as_occurred
WMN-03269,2024-04-15 00:00:00,HEAT-20240415-004,physical,corrective,2024-04-15 00:00:00,4794.09,WO-0001898,asbestos_cement,as_occurred
WMN-02812,2024-04-15 00:00:00,HEAT-20240415-004,physical,corrective,2024-04-15 00:00:00,38566.57,WO-0001899,cast_iron,as_occurred
TLS-00572,2024-04-15 00:00:00,,,vegetation,2024-04-15 00:00:00,706.67,WO-0001900,steel_monopole,as_occurred
WMN-02705,2024-04-15 00:00:00,,,inspection,2024-04-15 00:00:00,977.19,WO-0001901,cast_iron,as_occurred
TLS-01004,2024-04-15 00:00:00,,,vegetation,2024-04-15 00:00:00,439.36,WO-0001902,steel_monopole,as_occurred
TLS-01178,2024-04-15 00:00:00,,,routine,2024-04-15 00:00:00,569.54,WO-0001903,concrete,as_occurred
WMN-02949,2024-04-15 06:00:00,HEAT-20240415-004,physical,corrective,2024-04-15 06:00:00,2625.87,WO-0001904,Cast Iron,as_occurred
DFR-01763,2024-04-15 12:00:00,HEAT-20240415-004,physical,corrective,2024-04-15 12:00:00,6074.98,WO-0001905,Wood,as_occurred
WMN-03294,2024-04-15 18:00:00,HEAT-20240415-004,physical,corrective,2024-04-15 18:00:00,6290.51,WO-0001906,cast_iron,as_occurred
WMN-03106,2024-04-16 00:00:00,,,routine,2024-04-16 00:00:00,297.78,WO-0001907,ductile_iron,as_occurred
TLS-00436,2024-04-16 00:00:00,,,inspection,2024-04-16 00:00:00,888.68,WO-0001908,steel_monopole,as_occurred
DFR-01967,2024-04-16 00:00:00,,,inspection,2024-04-16 00:00:00,1088.67,WO-0001909,Wood Pole,as_occurred
WMN-03196,2024-04-16 00:00:00,,,routine,2024-04-16 00:00:00,2424.57,WO-0001910,pvc,as_occurred
WMN-03022,2024-04-16 00:00:00,,,inspection,2024-04-16 00:00:00,1038.74,WO-0001911,ductile_iron,as_occurred
WMN-03354,2024-04-16 00:00:00,HEAT-20240415-004,physical,corrective,2024-04-16 00:00:00,3587.5,WO-0001912,AC,as_occurred
WMN-03102,2024-04-16 06:00:00,HEAT-20240415-004,physical,corrective,2024-04-16 06:00:00,7432.67,WO-0001913,cast_iron,as_occurred
DSS-00394,2024-04-16 12:00:00,HEAT-20240415-004,physical,corrective,2024-04-16 12:00:00,4615.33,WO-0001914,standard,as_occurred
DSS-00080,2024-04-16 12:00:00,HEAT-20240415-004,physical,corrective,2024-04-16 12:00:00,5566.86,WO-0001915,standard,as_occurred
DSS-00336,2024-04-16 12:00:00,HEAT-20240415-004,physical,corrective,2024-04-16 12:00:00,8553.48,WO-0001916,standard,as_occurred
DSS-00364,2024-04-16 12:00:00,HEAT-20240415-004,physical,corrective,2024-04-16 12:00:00,5336.5,WO-0001917,standard,as_occurred
PMP-02362,2024-04-16 12:00:00,HEAT-20240415-004,functional_power_loss,corrective,2024-04-19 12:00:00,638.94,WO-0001918,standard,reported_late
WMN-03243,2024-04-16 12:00:00,HEAT-20240415-004,physical,corrective,2024-04-16 12:00:00,4002.17,WO-0001919,cast_iron,as_occurred
LEGACY-020044,2024-04-16 12:00:00,HEAT-20240415-004,functional_power_loss,corrective,2024-04-16 12:00:00,7264.26,WO-0001920,,as_occurred
WMN-02815,2024-04-16 18:00:00,HEAT-20240415-004,physical,corrective,2024-04-16 18:00:00,3152.86,WO-0001921,cast_iron,as_occurred
WMN-03228,2024-04-17 00:00:00,HEAT-20240415-004,physical,corrective,2024-04-17 00:00:00,1554.08,WO-0001922,cast_iron,as_occurred
DSS-00138,2024-04-17 00:00:00,,,routine,2024-04-17 00:00:00,1205.16,WO-0001923,standard,as_occurred
TLS-00677,2024-04-17 00:00:00,,,inspection,2024-04-17 00:00:00,744.81,WO-0001924,steel_monopole,as_occurred
TLS-00564,2024-04-17 00:00:00,,,routine,2024-04-17 00:00:00,753.12,WO-0001925,steel_monopole,as_occurred
WMN-03177,2024-04-17 06:00:00,HEAT-20240415-004,physical,corrective,2024-04-17 06:00:00,36022.41,WO-0001926,CI,as_occurred
PMP-02343,2024-04-17 12:00:00,HEAT-20240415-004,functional_power_loss,corrective,2024-04-17 12:00:00,10936.08,WO-0001927,standard,as_occurred
PMP-02512,2024-04-17 12:00:00,HEAT-20240415-004,functional_power_loss,corrective,2024-04-17 12:00:00,12651.01,WO-0001928,standard,as_occurred
PMP-02297,2024-04-17 12:00:00,HEAT-20240415-004,functional_power_loss,corrective,2024-04-17 12:00:00,5196.39,WO-0001929,standard,as_occurred
WMN-03345,2024-04-17 12:00:00,HEAT-20240415-004,physical,corrective,2024-04-17 12:00:00,1744.49,WO-0001930,asbestos_cement,as_occurred
PMP-02289,2024-04-17 12:00:00,HEAT-20240415-004,physical,corrective,2024-04-17 12:00:00,2551.95,WO-0001931,standard,as_occurred
DSS-00324,2024-04-17 12:00:00,HEAT-20240415-004,physical,corrective,2024-04-17 12:00:00,2444.81,WO-0001932,standard,as_occurred
DSS-00358,2024-04-17 12:00:00,HEAT-20240415-004,physical,corrective,2024-04-17 12:00:00,669.45,WO-0001933,standard,as_occurred
PMP-02409,2024-04-17 18:00:00,HEAT-20240415-004,physical,corrective,2024-04-17 18:00:00,5608.62,WO-0001934,standard,as_occurred
DFR-01507,2024-04-18 00:00:00,HEAT-20240415-004,physical,corrective,2024-04-18 00:00:00,5024.58,WO-0001935,wood_pole,as_occurred
DSS-00157,2024-04-18 00:00:00,,,inspection,2024-04-18 00:00:00,356.64,WO-0001936,standard,as_occurred
WMN-03154,2024-04-18 06:00:00,HEAT-20240415-004,physical,corrective,2024-04-18 06:00:00,7286.07,WO-0001937,CAST IRON,as_occurred
PMP-02397,2024-04-18 12:00:00,HEAT-20240415-004,physical,corrective,2024-04-18 12:00:00,5268.56,WO-0001938,standard,as_occurred
WMN-02882,2024-04-18 18:00:00,HEAT-20240415-004,physical,corrective,2024-04-18 18:00:00,10931.75,WO-0001939,steel,as_occurred
WMN-03088,2024-04-19 00:00:00,,,routine,2024-04-19 00:00:00,895.12,WO-0001940,PVC,as_occurred
PMP-02261,2024-04-19 00:00:00,,,inspection,2024-04-19 00:00:00,839.94,WO-0001941,standard,as_occurred
WMN-02681,2024-04-19 00:00:00,,,inspection,2024-04-19 00:00:00,1601.36,WO-0001942,Ductile Iron,as_occurred
RCL-02013,2024-04-20 00:00:00,,,vegetation,2024-04-20 00:00:00,714.1,WO-0001943,standard,as_occurred
DSS-00132,2024-04-20 00:00:00,,,vegetation,2024-04-23 00:00:00,372.07,WO-0001944,standard,reported_late
DSS-00156,2024-04-20 00:00:00,,,inspection,2024-04-20 00:00:00,324.61,WO-0001945,standard,as_occurred
PMP-02302,2024-04-20 00:00:00,,,inspection,2024-04-20 00:00:00,573.97,WO-0001946,standard,as_occurred
DSS-00256,2024-04-20 00:00:00,,,routine,2024-04-20 00:00:00,418.59,WO-0001947,standard,as_occurred
PMP-02400,2024-04-20 00:00:00,,,routine,2024-04-20 00:00:00,907.0,WO-0001948,standard,as_occurred
TLS-01232,2024-04-20 00:00:00,,,routine,2024-04-20 00:00:00,857.34,WO-0001949,steel_lattice,as_occurred
DFR-01839,2024-04-20 00:00:00,,,inspection,2024-04-20 00:00:00,621.99,WO-0001950,wood_pole,as_occurred
TLS-00612,2024-04-20 00:00:00,,,routine,2024-04-20 00:00:00,814.24,WO-0001951,steel_monopole,as_occurred
LEGACY-051961,2024-04-20 00:00:00,,,routine,2024-04-20 00:00:00,832.15,WO-0001952,,as_occurred
DSS-00352,2024-04-20 06:00:00,INLA-20240420-009,physical,corrective,2024-04-20 06:00:00,2990.45,WO-0001953,standard,as_occurred
WMN-03322,2024-04-20 06:00:00,INLA-20240420-009,physical,corrective,2024-04-20 06:00:00,3586.8,WO-0001954,cast_iron,as_occurred
DFR-01551,2024-04-20 06:00:00,INLA-20240420-009,physical,corrective,2024-04-20 06:00:00,8069.46,WO-0001955,Wood,as_occurred
DFR-01936,2024-04-20 06:00:00,INLA-20240420-009,physical,corrective,2024-04-20 06:00:00,3230.83,WO-0001956,WOOD POLE,as_occurred
DFR-01664,2024-04-20 12:00:00,INLA-20240420-009,physical,corrective,2024-04-20 12:00:00,1611.98,WO-0001957,wood_pole,as_occurred
DSS-00079,2024-04-20 18:00:00,INLA-20240420-009,physical,corrective,2024-04-20 18:00:00,3691.15,WO-0001958,standard,as_occurred
DFR-01959,2024-04-20 18:00:00,INLA-20240420-009,physical,corrective,2024-04-20 18:00:00,2494.4,WO-0001959,timber,as_occurred
WMN-02815,2024-04-20 18:00:00,INLA-20240420-009,physical,corrective,2024-04-20 18:00:00,4966.0,WO-0001960,cast_iron,as_occurred
DFR-01776,2024-04-20 18:00:00,INLA-20240420-009,physical,corrective,2024-04-20 18:00:00,11479.42,WO-0001961,WOOD POLE,as_occurred
WMN-02967,2024-04-20 18:00:00,INLA-20240420-009,physical,corrective,2024-04-20 18:00:00,2486.26,WO-0001962,Ductile Iron,as_occurred
WMN-02693,2024-04-21 00:00:00,,,routine,2024-04-21 00:00:00,986.1,WO-0001963,cast-iron,as_occurred
DFR-01952,2024-04-21 00:00:00,INLA-20240420-009,physical,corrective,2024-04-21 00:00:00,4539.69,WO-0001964,wood_pole,as_occurred
TLS-01122,2024-04-21 00:00:00,,,routine,2024-04-21 00:00:00,571.64,WO-0001965,steel_lattice,as_occurred
DSS-00091,2024-04-21 00:00:00,,,inspection,2024-04-21 00:00:00,233.77,WO-0001966,standard,as_occurred
WMN-02932,2024-04-21 00:00:00,,,routine,2024-04-21 00:00:00,886.48,WO-0001967,cast_iron,as_occurred
DFR-01868,2024-04-21 00:00:00,,,vegetation,2024-04-21 00:00:00,768.27,WO-0001968,composite_pole,as_occurred
DFR-01631,2024-04-21 00:00:00,,,routine,2024-04-21 00:00:00,796.42,WO-0001969,wood_pole,as_occurred
DSS-00335,2024-04-21 00:00:00,,,routine,2024-04-21 00:00:00,1029.58,WO-0001970,standard,as_occurred
PMP-02464,2024-04-21 00:00:00,,,routine,2024-04-21 00:00:00,764.38,WO-0001971,standard,as_occurred
DFR-01758,2024-04-21 00:00:00,INLA-20240420-009,physical,corrective,2024-04-21 00:00:00,14147.74,WO-0001972,Wood Pole,as_occurred
WMN-03475,2024-04-21 06:00:00,INLA-20240420-009,physical,corrective,2024-04-21 06:00:00,4095.78,WO-0001973,A/C,as_occurred
TLS-00925,2024-04-22 00:00:00,,,inspection,2024-04-22 00:00:00,246.29,WO-0001974,steel_lattice,as_occurred
TLS-01114,2024-04-22 00:00:00,,,inspection,2024-04-22 00:00:00,495.96,WO-0001975,steel_lattice,as_occurred
WMN-03013,2024-04-22 00:00:00,,,routine,2024-04-25 00:00:00,922.62,WO-0001976,cast-iron,reported_late
DSS-00100,2024-04-22 00:00:00,,,routine,2024-04-25 00:00:00,747.21,WO-0001977,standard,reported_late
DFR-01329,2024-04-22 00:00:00,,,inspection,2024-04-22 00:00:00,5328.88,WO-0001978,wood_pole,as_occurred
TLS-01257,2024-04-23 00:00:00,,,vegetation,2024-04-23 00:00:00,1934.09,WO-0001979,steel_lattice,as_occurred
DFR-01663,2024-04-23 00:00:00,,,routine,2024-04-26 00:00:00,1580.63,WO-0001980,wood_pole,reported_late
RCL-02105,2024-04-23 00:00:00,,,inspection,2024-04-23 00:00:00,864.29,WO-0001981,standard,as_occurred
DFR-01566,2024-04-23 00:00:00,,,routine,2024-04-23 00:00:00,1078.25,WO-0001982,wood_pole,as_occurred
DSS-00152,2024-04-23 00:00:00,,,routine,2024-04-23 00:00:00,416.04,WO-0001983,standard,as_occurred
WMN-03003,2024-04-23 00:00:00,,,routine,2024-04-23 00:00:00,1683.38,WO-0001984,ductile_iron,as_occurred
DSS-00079,2024-04-24 00:00:00,,,routine,2024-04-24 00:00:00,465.2,WO-0001985,standard,as_occurred
TNK-02580,2024-04-24 00:00:00,,,vegetation,2024-04-24 00:00:00,3016.51,WO-0001986,standard,as_occurred
DSS-00306,2024-04-24 00:00:00,,,routine,2024-04-24 00:00:00,185.12,WO-0001987,standard,as_occurred
PMP-02431,2024-04-24 00:00:00,,,inspection,2024-04-24 00:00:00,430.45,WO-0001988,standard,as_occurred
DSS-00120,2024-04-24 00:00:00,,,routine,2024-04-27 00:00:00,481.42,WO-0001989,standard,reported_late
DSS-00320,2024-04-25 00:00:00,,,vegetation,2024-04-25 00:00:00,1324.86,WO-0001990,standard,as_occurred
PMP-02508,2024-04-25 00:00:00,,,routine,2024-04-25 00:00:00,516.39,WO-0001991,standard,as_occurred
LEGACY-028947,2024-04-25 00:00:00,,,routine,2024-04-25 00:00:00,1340.12,WO-0001992,,as_occurred
TLS-01281,2024-04-25 00:00:00,,,routine,2024-04-25 00:00:00,1030.31,WO-0001993,steel_lattice,as_occurred
TLS-00833,2024-04-25 00:00:00,,,vegetation,2024-04-25 00:00:00,356.53,WO-0001994,steel_lattice,as_occurred
TNK-02653,2024-04-25 00:00:00,,,inspection,2024-04-25 00:00:00,418.63,WO-0001995,standard,as_occurred
TLS-00601,2024-04-25 00:00:00,,,vegetation,2024-04-25 00:00:00,273.36,WO-0001996,steel_lattice,as_occurred
TLS-00423,2024-04-25 00:00:00,,,vegetation,2024-04-25 00:00:00,351.43,WO-0001997,steel_lattice,as_occurred
WMN-03169,2024-04-25 00:00:00,,,inspection,2024-04-25 00:00:00,466.81,WO-0001998,pvc,as_occurred
TLS-01275,2024-04-26 00:00:00,,,inspection,2024-04-26 00:00:00,588.9,WO-0001999,steel_monopole,as_occurred
PMP-02441,2024-04-26 00:00:00,,,inspection,2024-04-26 00:00:00,375.5,WO-0002000,standard,as_occurred
PMP-02433,2024-04-26 00:00:00,,,inspection,2024-04-26 00:00:00,1353.69,WO-0002001,standard,as_occurred
DSS-00228,2024-04-26 00:00:00,,,inspection,2024-04-26 00:00:00,691.13,WO-0002002,standard,as_occurred
TNK-02570,2024-04-27 00:00:00,,,routine,2024-04-27 00:00:00,817.0,WO-0002003,standard,as_occurred
TLS-01209,2024-04-27 00:00:00,,,routine,2024-04-27 00:00:00,582.68,WO-0002004,steel_lattice,as_occurred
WMN-02717,2024-04-27 00:00:00,,,routine,2024-04-30 00:00:00,791.07,WO-0002005,Poly Vinyl Chloride,reported_late
TLS-00849,2024-04-27 00:00:00,,,inspection,2024-04-27 00:00:00,884.55,WO-0002006,steel_monopole,as_occurred
WMN-03260,2024-04-28 00:00:00,,,inspection,2024-04-28 00:00:00,473.37,WO-0002007,Asbestos Cement,as_occurred
WMN-02884,2024-04-28 00:00:00,,,routine,2024-04-28 00:00:00,433.13,WO-0002008,ductile_iron,as_occurred
WMN-02812,2024-04-28 00:00:00,BASE-20240428-027,physical,corrective,2024-04-28 00:00:00,1793.54,WO-0002009,cast_iron,as_occurred
TLS-01055,2024-04-28 00:00:00,,,routine,2024-04-28 00:00:00,490.25,WO-0002010,steel_lattice,as_occurred
WMN-03016,2024-04-28 00:00:00,,,routine,2024-04-28 00:00:00,196.58,WO-0002011,ductile_iron,as_occurred
TLS-00752,2024-04-28 00:00:00,,,inspection,2024-05-01 00:00:00,294.52,WO-0002012,steel_lattice,reported_late
TLS-00518,2024-04-28 06:00:00,BASE-20240428-027,physical,corrective,2024-04-28 06:00:00,2833.32,WO-0002013,steel_lattice,as_occurred
PMP-02241,2024-04-28 12:00:00,BASE-20240428-027,functional_power_loss,corrective,2024-04-28 12:00:00,3003.35,WO-0002014,standard,as_occurred
DFR-01728,2024-04-28 12:00:00,BASE-20240428-027,physical,corrective,2024-04-28 12:00:00,1911.96,WO-0002015,wood_pole,as_occurred
DFR-01403,2024-04-28 12:00:00,BASE-20240428-027,physical,corrective,2024-04-28 12:00:00,10080.79,WO-0002016,wood_pole,as_occurred
DSS-00185,2024-04-28 12:00:00,BASE-20240428-027,physical,corrective,2024-04-28 12:00:00,4430.79,WO-0002017,standard,as_occurred
DSS-00267,2024-04-29 00:00:00,,,routine,2024-04-29 00:00:00,1018.99,WO-0002018,standard,as_occurred
TLS-00511,2024-04-29 00:00:00,,,inspection,2024-04-29 00:00:00,9981.06,WO-0002019,steel_monopole,as_occurred
WMN-02969,2024-04-29 00:00:00,BASE-20240429-017,physical,corrective,2024-05-02 00:00:00,3816.85,WO-0002020,ductile_iron,reported_late
TLS-00733,2024-04-29 00:00:00,,,inspection,2024-04-29 00:00:00,680.52,WO-0002021,steel_monopole,as_occurred
WMN-03169,2024-04-29 00:00:00,,,inspection,2024-04-29 00:00:00,1459.26,WO-0002022,pvc,as_occurred
DFR-01750,2024-04-29 00:00:00,,,inspection,2024-04-29 00:00:00,429.94,WO-0002023,wood_pole,as_occurred
TSS-00029,2024-04-29 00:00:00,,,inspection,2024-04-29 00:00:00,247.04,WO-0002024,standard,as_occurred
TLS-01010,2024-04-29 00:00:00,,,inspection,2024-04-29 00:00:00,2649.42,WO-0002025,steel_lattice,as_occurred
DFR-01374,2024-04-29 00:00:00,,,routine,2024-05-02 00:00:00,170.55,WO-0002026,wood_pole,reported_late
WMN-03167,2024-04-29 00:00:00,,,routine,2024-04-29 00:00:00,767.5,WO-0002027,D.I.,as_occurred
WMN-03303,2024-04-29 06:00:00,BASE-20240429-017,physical,corrective,2024-04-29 06:00:00,5005.54,WO-0002028,cast_iron,as_occurred
TLS-00506,2024-04-29 06:00:00,BASE-20240429-017,physical,corrective,2024-04-29 06:00:00,3443.08,WO-0002029,concrete,as_occurred
DFR-01402,2024-04-29 06:00:00,BASE-20240429-017,physical,corrective,2024-04-29 06:00:00,15644.77,WO-0002030,wood_pole,as_occurred
WMN-02815,2024-04-29 06:00:00,BASE-20240429-017,physical,corrective,2024-04-29 06:00:00,2755.53,WO-0002031,cast_iron,as_occurred
PMP-02396,2024-04-29 12:00:00,BASE-20240429-017,physical,corrective,2024-04-29 12:00:00,5041.13,WO-0002032,standard,as_occurred
WMN-03154,2024-04-29 12:00:00,BASE-20240429-017,physical,corrective,2024-04-29 12:00:00,9079.68,WO-0002033,cast_iron,as_occurred
WMN-03173,2024-04-29 12:00:00,BASE-20240429-017,physical,corrective,2024-04-29 12:00:00,11848.29,WO-0002034,ductile_iron,as_occurred
WMN-02945,2024-04-29 12:00:00,BASE-20240429-017,physical,corrective,2024-04-29 12:00:00,37295.3,WO-0002035,CI,as_occurred
WMN-03315,2024-04-29 12:00:00,BASE-20240429-017,physical,corrective,2024-04-29 12:00:00,5434.33,WO-0002036,asbestos_cement,as_occurred
WMN-02776,2024-04-29 18:00:00,BASE-20240429-017,physical,corrective,2024-04-29 18:00:00,6481.97,WO-0002037,asbestos_cement,as_occurred
WMN-02905,2024-04-29 18:00:00,BASE-20240429-017,physical,corrective,2024-04-29 18:00:00,5153.48,WO-0002038,cast_iron,as_occurred
TLS-00604,2024-04-30 00:00:00,,,routine,2024-04-30 00:00:00,569.51,WO-0002039,steel_lattice,as_occurred
TLS-01253,2024-04-30 00:00:00,,,inspection,2024-04-30 00:00:00,418.74,WO-0002040,steel_lattice,as_occurred
DSS-00111,2024-04-30 00:00:00,,,vegetation,2024-04-30 00:00:00,601.5,WO-0002041,standard,as_occurred
DFR-01788,2024-04-30 00:00:00,,,routine,2024-04-30 00:00:00,2177.54,WO-0002042,underground,as_occurred
TNK-02643,2024-04-30 00:00:00,,,inspection,2024-04-30 00:00:00,1374.8,WO-0002043,standard,as_occurred
DFR-01529,2024-04-30 00:00:00,,,vegetation,2024-04-30 00:00:00,399.71,WO-0002044,wood_pole,as_occurred
WMN-02696,2024-04-30 00:00:00,,,vegetation,2024-04-30 00:00:00,1163.06,WO-0002045,Cast Iron,as_occurred
LEGACY-048316,2024-05-01 00:00:00,,,routine,2024-05-01 00:00:00,391.59,WO-0002046,,as_occurred
DFR-01675,2024-05-01 00:00:00,,,inspection,2024-05-01 00:00:00,722.1,WO-0002047,wood_pole,as_occurred
TLS-00591,2024-05-01 00:00:00,,,vegetation,2024-05-01 00:00:00,234.41,WO-0002048,steel_lattice,as_occurred
DSS-00361,2024-05-01 00:00:00,,,inspection,2024-05-01 00:00:00,444.7,WO-0002049,standard,as_occurred
WMN-03456,2024-05-01 00:00:00,,,inspection,2024-05-04 00:00:00,657.76,WO-0002050,cast_iron,reported_late
DSS-00188,2024-05-02 00:00:00,,,vegetation,2024-05-02 00:00:00,2652.22,WO-0002051,standard,as_occurred
RCL-02205,2024-05-02 00:00:00,,,inspection,2024-05-02 00:00:00,810.63,WO-0002052,standard,as_occurred
TLS-00558,2024-05-02 00:00:00,,,routine,2024-05-02 00:00:00,392.96,WO-0002053,steel_monopole,as_occurred
WMN-03080,2024-05-02 00:00:00,,,vegetation,2024-05-02 00:00:00,586.54,WO-0002054,pvc,as_occurred
TLS-01034,2024-05-02 00:00:00,,,inspection,2024-05-02 00:00:00,897.3,WO-0002055,steel_monopole,as_occurred
TLS-01099,2024-05-03 00:00:00,,,routine,2024-05-03 00:00:00,910.47,WO-0002056,steel_lattice,as_occurred
TLS-01186,2024-05-03 00:00:00,,,inspection,2024-05-03 00:00:00,1480.43,WO-0002057,steel_lattice,as_occurred
DFR-01684,2024-05-03 00:00:00,,,inspection,2024-05-03 00:00:00,1586.62,WO-0002058,underground,as_occurred
DFR-01838,2024-05-03 00:00:00,,,inspection,2024-05-03 00:00:00,1015.13,WO-0002059,Wood Pole,as_occurred
WMN-03006,2024-05-03 00:00:00,,,routine,2024-05-06 00:00:00,635.39,WO-0002060,D.I.,reported_late
TLS-00713,2024-05-04 00:00:00,,,inspection,2024-05-04 00:00:00,3698.9,WO-0002061,steel_lattice,as_occurred
DFR-01979,2024-05-04 00:00:00,,,inspection,2024-05-04 00:00:00,132.75,WO-0002062,wood_pole,as_occurred
LEGACY-005785,2024-05-04 00:00:00,,,routine,2024-05-04 00:00:00,197.59,WO-0002063,,as_occurred
WMN-03231,2024-05-04 00:00:00,,,inspection,2024-05-04 00:00:00,423.95,WO-0002064,asbestos_cement,as_occurred
DFR-01980,2024-05-05 00:00:00,,,routine,2024-05-05 00:00:00,928.52,WO-0002065,wood_pole,as_occurred
WMN-02720,2024-05-05 00:00:00,,,routine,2024-05-05 00:00:00,1478.32,WO-0002066,P.V.C.,as_occurred
TLS-00442,2024-05-05 00:00:00,,,routine,2024-05-05 00:00:00,653.13,WO-0002067,steel_lattice,as_occurred
TLS-00579,2024-05-05 00:00:00,,,routine,2024-05-05 00:00:00,792.25,WO-0002068,steel_lattice,as_occurred
DFR-01422,2024-05-05 00:00:00,,,routine,2024-05-05 00:00:00,237.92,WO-0002069,wood_pole,as_occurred
DSS-00206,2024-05-05 00:00:00,INLA-20240505-012,physical,corrective,2024-05-08 00:00:00,4293.03,WO-0002070,standard,reported_late
TNK-02666,2024-05-05 00:00:00,,,vegetation,2024-05-05 00:00:00,462.57,WO-0002071,standard,as_occurred
WMN-03156,2024-05-05 06:00:00,INLA-20240505-012,physical,corrective,2024-05-05 06:00:00,3151.9,WO-0002072,Poly Vinyl Chloride,as_occurred
WMN-02788,2024-05-05 12:00:00,INLA-20240505-012,physical,corrective,2024-05-05 12:00:00,1949.98,WO-0002073,pvc,as_occurred
DFR-01462,2024-05-05 12:00:00,INLA-20240505-012,physical,corrective,2024-05-05 12:00:00,5227.75,WO-0002074,wood_pole,as_occurred
WMN-02840,2024-05-05 18:00:00,INLA-20240505-012,physical,corrective,2024-05-05 18:00:00,1379.19,WO-0002075,cast_iron,as_occurred
PMP-02375,2024-05-06 00:00:00,,,inspection,2024-05-06 00:00:00,1292.0,WO-0002076,standard,as_occurred
TNK-02589,2024-05-06 00:00:00,,,inspection,2024-05-06 00:00:00,571.58,WO-0002077,standard,as_occurred
DFR-01661,2024-05-06 00:00:00,,,routine,2024-05-06 00:00:00,491.75,WO-0002078,wood_pole,as_occurred
TLS-00463,2024-05-06 00:00:00,,,routine,2024-05-06 00:00:00,2138.57,WO-0002079,steel_monopole,as_occurred
WMN-02821,2024-05-06 00:00:00,INLA-20240505-012,physical,corrective,2024-05-06 00:00:00,18047.26,WO-0002080,asbestos_cement,as_occurred
WMN-02918,2024-05-06 00:00:00,,,routine,2024-05-09 00:00:00,421.58,WO-0002081,cast_iron,reported_late
WMN-03046,2024-05-06 00:00:00,,,inspection,2024-05-06 00:00:00,1826.6,WO-0002082,cast_iron,as_occurred
DFR-01728,2024-05-06 00:00:00,INLA-20240505-012,physical,corrective,2024-05-06 00:00:00,2954.0,WO-0002083,wood_pole,as_occurred
WMN-02916,2024-05-06 00:00:00,INLA-20240505-012,physical,corrective,2024-05-06 00:00:00,2492.73,WO-0002084,cast_iron,as_occurred
WMN-02972,2024-05-06 00:00:00,INLA-20240505-012,physical,corrective,2024-05-06 00:00:00,1233.61,WO-0002085,ductile_iron,as_occurred
DFR-01573,2024-05-06 06:00:00,INLA-20240505-012,physical,corrective,2024-05-06 06:00:00,1743.25,WO-0002086,concrete_pole,as_occurred
WMN-02926,2024-05-06 06:00:00,INLA-20240505-012,physical,corrective,2024-05-09 06:00:00,600.97,WO-0002087,cast_iron,reported_late
WMN-02716,2024-05-06 06:00:00,INLA-20240505-012,physical,corrective,2024-05-06 06:00:00,2162.94,WO-0002088,asbestos_cement,as_occurred
INT-03505,2024-05-07 00:00:00,,,inspection,2024-05-07 00:00:00,1258.04,WO-0002089,standard,as_occurred
LEGACY-086020,2024-05-07 00:00:00,,,inspection,2024-05-07 00:00:00,436.92,WO-0002090,,as_occurred
TLS-00439,2024-05-07 00:00:00,,,routine,2024-05-07 00:00:00,1845.61,WO-0002091,steel_lattice,as_occurred
WMN-02686,2024-05-07 00:00:00,,,inspection,2024-05-07 00:00:00,2168.9,WO-0002092,pvc,as_occurred
LEGACY-041239,2024-05-08 00:00:00,,,vegetation,2024-05-08 00:00:00,963.06,WO-0002093,,as_occurred
WMN-03265,2024-05-08 00:00:00,,,routine,2024-05-08 00:00:00,582.78,WO-0002094,pvc,as_occurred
WMN-03094,2024-05-08 00:00:00,,,vegetation,2024-05-11 00:00:00,667.81,WO-0002095,PVC,reported_late
RCL-02150,2024-05-08 00:00:00,,,inspection,2024-05-08 00:00:00,644.0,WO-0002096,standard,as_occurred
RCL-02103,2024-05-08 00:00:00,,,inspection,2024-05-08 00:00:00,406.35,WO-0002097,standard,as_occurred
TLS-00669,2024-05-09 00:00:00,,,routine,2024-05-09 00:00:00,1636.51,WO-0002098,steel_monopole,as_occurred
TLS-00810,2024-05-09 00:00:00,,,inspection,2024-05-09 00:00:00,630.74,WO-0002099,steel_monopole,as_occurred
TLS-00668,2024-05-09 00:00:00,,,routine,2024-05-09 00:00:00,526.31,WO-0002100,steel_lattice,as_occurred
LEGACY-070151,2024-05-09 00:00:00,,,inspection,2024-05-09 00:00:00,920.11,WO-0002101,,as_occurred
DSS-00343,2024-05-09 00:00:00,,,vegetation,2024-05-09 00:00:00,1010.81,WO-0002102,standard,as_occurred
TLS-00943,2024-05-09 00:00:00,,,routine,2024-05-09 00:00:00,2307.38,WO-0002103,concrete,as_occurred
WMN-02706,2024-05-10 00:00:00,,,routine,2024-05-10 00:00:00,832.19,WO-0002104,pvc,as_occurred
INT-03480,2024-05-10 00:00:00,,,vegetation,2024-05-10 00:00:00,821.36,WO-0002105,standard,as_occurred
TLS-00969,2024-05-10 00:00:00,,,routine,2024-05-10 00:00:00,290.2,WO-0002106,steel_lattice,as_occurred
DSS-00286,2024-05-10 00:00:00,,,routine,2024-05-10 00:00:00,373.39,WO-0002107,standard,as_occurred
TLS-00685,2024-05-10 00:00:00,,,inspection,2024-05-10 00:00:00,2652.73,WO-0002108,steel_monopole,as_occurred
PMP-02261,2024-05-10 00:00:00,,,inspection,2024-05-10 00:00:00,553.23,WO-0002109,standard,as_occurred
TLS-00913,2024-05-10 00:00:00,,,routine,2024-05-10 00:00:00,345.72,WO-0002110,concrete,as_occurred
PMP-02492,2024-05-10 00:00:00,,,routine,2024-05-10 00:00:00,1128.23,WO-0002111,standard,as_occurred
TLS-01275,2024-05-10 00:00:00,,,inspection,2024-05-10 00:00:00,1274.57,WO-0002112,steel_monopole,as_occurred
TNK-02543,2024-05-10 00:00:00,,,routine,2024-05-10 00:00:00,253.8,WO-0002113,standard,as_occurred
TSS-00059,2024-05-11 00:00:00,,,inspection,2024-05-11 00:00:00,599.12,WO-0002114,standard,as_occurred
TLS-00691,2024-05-11 00:00:00,,,routine,2024-05-11 00:00:00,391.12,WO-0002115,steel_lattice,as_occurred
TNK-02595,2024-05-11 00:00:00,,,routine,2024-05-11 00:00:00,282.78,WO-0002116,standard,as_occurred
TLS-00611,2024-05-11 00:00:00,,,inspection,2024-05-11 00:00:00,419.06,WO-0002117,concrete,as_occurred
WMN-03038,2024-05-11 00:00:00,,,vegetation,2024-05-11 00:00:00,872.1,WO-0002118,ductile_iron,as_occurred
TLS-00610,2024-05-11 00:00:00,,,routine,2024-05-11 00:00:00,320.51,WO-0002119,steel_lattice,as_occurred
INT-03513,2024-05-12 00:00:00,,,routine,2024-05-12 00:00:00,719.64,WO-0002120,standard,as_occurred
RCL-02178,2024-05-12 00:00:00,,,vegetation,2024-05-12 00:00:00,411.36,WO-0002121,standard,as_occurred
LEGACY-069499,2024-05-12 00:00:00,,,inspection,2024-05-12 00:00:00,537.31,WO-0002122,,as_occurred
WMN-03215,2024-05-12 00:00:00,,,routine,2024-05-12 00:00:00,1047.89,WO-0002123,Poly Vinyl Chloride,as_occurred
DFR-01478,2024-05-12 00:00:00,,,inspection,2024-05-12 00:00:00,258.34,WO-0002124,WOOD POLE,as_occurred
TLS-00634,2024-05-13 00:00:00,,,routine,2024-05-13 00:00:00,350.4,WO-0002125,concrete,as_occurred
TNK-02548,2024-05-13 00:00:00,,,routine,2024-05-13 00:00:00,692.77,WO-0002126,standard,as_occurred
TLS-00770,2024-05-13 00:00:00,,,routine,2024-05-13 00:00:00,317.11,WO-0002127,concrete,as_occurred
TLS-00912,2024-05-13 00:00:00,,,vegetation,2024-05-13 00:00:00,1487.72,WO-0002128,steel_lattice,as_occurred
WMN-02907,2024-05-14 00:00:00,,,inspection,2024-05-14 00:00:00,300.29,WO-0002129,asbestos_cement,as_occurred
DSS-00123,2024-05-14 00:00:00,,,inspection,2024-05-14 00:00:00,544.23,WO-0002130,standard,as_occurred
INT-03478,2024-05-14 00:00:00,,,inspection,2024-05-14 00:00:00,519.56,WO-0002131,standard,as_occurred
TNK-02623,2024-05-14 00:00:00,,,inspection,2024-05-14 00:00:00,428.82,WO-0002132,standard,as_occurred
WMN-03094,2024-05-15 00:00:00,,,inspection,2024-05-15 00:00:00,982.22,WO-0002133,pvc,as_occurred
DFR-01338,2024-05-15 00:00:00,,,routine,2024-05-15 00:00:00,1216.32,WO-0002134,timber,as_occurred
TLS-00468,2024-05-15 00:00:00,,,vegetation,2024-05-15 00:00:00,886.77,WO-0002135,steel_lattice,as_occurred
WMN-03429,2024-05-15 12:00:00,INLA-20240515-008,physical,corrective,2024-05-15 12:00:00,2545.19,WO-0002136,AC,as_occurred
DSS-00080,2024-05-15 12:00:00,INLA-20240515-008,physical,corrective,2024-05-15 12:00:00,3842.36,WO-0002137,standard,as_occurred
WMN-03177,2024-05-15 12:00:00,INLA-20240515-008,physical,corrective,2024-05-15 12:00:00,3736.37,WO-0002138,CAST IRON,as_occurred
PMP-02268,2024-05-15 18:00:00,INLA-20240515-008,physical,corrective,2024-05-15 18:00:00,680.79,WO-0002139,standard,as_occurred
DFR-01573,2024-05-16 00:00:00,,,routine,2024-05-16 00:00:00,702.5,WO-0002140,concrete_pole,as_occurred
LEGACY-056743,2024-05-16 00:00:00,,,inspection,2024-05-16 00:00:00,721.23,WO-0002141,,as_occurred
DFR-01982,2024-05-16 00:00:00,,,inspection,2024-05-16 00:00:00,353.97,WO-0002142,composite_pole,as_occurred
DFR-01495,2024-05-16 06:00:00,INLA-20240515-008,physical,corrective,2024-05-16 06:00:00,1613.53,WO-0002143,wood_pole,as_occurred
WMN-03075,2024-05-16 06:00:00,INLA-20240515-008,physical,corrective,2024-05-16 06:00:00,2810.18,WO-0002144,CI,as_occurred
WMN-02825,2024-05-17 00:00:00,,,routine,2024-05-17 00:00:00,405.83,WO-0002145,cast_iron,as_occurred
DSS-00237,2024-05-17 00:00:00,,,vegetation,2024-05-17 00:00:00,2759.41,WO-0002146,standard,as_occurred
WMN-02978,2024-05-17 00:00:00,,,routine,2024-05-17 00:00:00,1043.86,WO-0002147,steel,as_occurred
TLS-00567,2024-05-17 00:00:00,,,routine,2024-05-17 00:00:00,345.03,WO-0002148,steel_lattice,as_occurred
TSS-00059,2024-05-17 00:00:00,,,routine,2024-05-17 00:00:00,346.75,WO-0002149,standard,as_occurred
DFR-01859,2024-05-17 00:00:00,,,inspection,2024-05-17 00:00:00,2690.89,WO-0002150,wood_pole,as_occurred
WMN-02896,2024-05-17 06:00:00,BASE-20240517-018,physical,corrective,2024-05-17 06:00:00,14244.47,WO-0002151,cast_iron,as_occurred
WMN-02676,2024-05-17 06:00:00,BASE-20240517-018,physical,corrective,2024-05-17 06:00:00,4889.11,WO-0002152,ductile_iron,as_occurred
WMN-02853,2024-05-17 12:00:00,BASE-20240517-018,physical,corrective,2024-05-17 12:00:00,8579.13,WO-0002153,CAST IRON,as_occurred
WMN-02926,2024-05-17 18:00:00,BASE-20240517-018,physical,corrective,2024-05-17 18:00:00,3788.22,WO-0002154,cast_iron,as_occurred
TNK-02598,2024-05-18 00:00:00,,,vegetation,2024-05-18 00:00:00,1016.32,WO-0002155,standard,as_occurred
TLS-00967,2024-05-18 00:00:00,,,routine,2024-05-18 00:00:00,674.78,WO-0002156,concrete,as_occurred
DFR-01971,2024-05-18 00:00:00,,,routine,2024-05-18 00:00:00,641.62,WO-0002157,wood_pole,as_occurred
TLS-01016,2024-05-18 00:00:00,,,routine,2024-05-18 00:00:00,752.61,WO-0002158,concrete,as_occurred
TLS-01061,2024-05-18 00:00:00,,,inspection,2024-05-18 00:00:00,504.82,WO-0002159,steel_monopole,as_occurred
LEGACY-054791,2024-05-19 00:00:00,,,inspection,2024-05-19 00:00:00,1018.49,WO-0002160,,as_occurred
DFR-01697,2024-05-19 00:00:00,,,routine,2024-05-19 00:00:00,771.27,WO-0002161,Wood,as_occurred
TLS-01068,2024-05-20 00:00:00,,,routine,2024-05-20 00:00:00,1790.18,WO-0002162,steel_lattice,as_occurred
WMN-03346,2024-05-21 00:00:00,,,vegetation,2024-05-21 00:00:00,2551.95,WO-0002163,ductile_iron,as_occurred
TLS-00828,2024-05-21 00:00:00,,,routine,2024-05-21 00:00:00,784.31,WO-0002164,concrete,as_occurred
TLS-00550,2024-05-21 00:00:00,,,routine,2024-05-21 00:00:00,1129.04,WO-0002165,steel_lattice,as_occurred
WMN-03238,2024-05-21 00:00:00,,,routine,2024-05-21 00:00:00,1757.61,WO-0002166,cast_iron,as_occurred
TLS-00559,2024-05-21 00:00:00,,,inspection,2024-05-24 00:00:00,183.88,WO-0002167,steel_lattice,reported_late
PMP-02447,2024-05-21 00:00:00,,,inspection,2024-05-21 00:00:00,738.01,WO-0002168,standard,as_occurred
PMP-02516,2024-05-22 00:00:00,,,routine,2024-05-22 00:00:00,959.99,WO-0002169,standard,as_occurred
WMN-02851,2024-05-22 00:00:00,,,inspection,2024-05-25 00:00:00,1599.18,WO-0002170,pvc,reported_late
DSS-00390,2024-05-22 00:00:00,,,routine,2024-05-22 00:00:00,2203.6,WO-0002171,standard,as_occurred
RCL-02204,2024-05-22 00:00:00,,,inspection,2024-05-22 00:00:00,2769.94,WO-0002172,standard,as_occurred
INT-03490,2024-05-23 00:00:00,,,routine,2024-05-23 00:00:00,623.1,WO-0002173,standard,as_occurred
TLS-00425,2024-05-23 00:00:00,,,routine,2024-05-23 00:00:00,503.26,WO-0002174,steel_lattice,as_occurred
DFR-01827,2024-05-23 00:00:00,,,routine,2024-05-23 00:00:00,304.79,WO-0002175,Wood,as_occurred
TLS-00416,2024-05-23 00:00:00,,,vegetation,2024-05-23 00:00:00,523.82,WO-0002176,steel_lattice,as_occurred
TLS-00833,2024-05-23 00:00:00,,,inspection,2024-05-23 00:00:00,316.88,WO-0002177,steel_lattice,as_occurred
TLS-01149,2024-05-24 00:00:00,,,inspection,2024-05-27 00:00:00,638.12,WO-0002178,steel_lattice,reported_late
PMP-02523,2024-05-24 00:00:00,,,routine,2024-05-24 00:00:00,951.39,WO-0002179,standard,as_occurred
WMN-02872,2024-05-25 00:00:00,,,routine,2024-05-25 00:00:00,698.19,WO-0002180,CAST IRON,as_occurred
TLS-00798,2024-05-25 00:00:00,,,inspection,2024-05-25 00:00:00,647.51,WO-0002181,steel_monopole,as_occurred
WTP-02225,2024-05-25 00:00:00,,,routine,2024-05-25 00:00:00,1141.4,WO-0002182,standard,as_occurred
DFR-01774,2024-05-25 00:00:00,,,inspection,2024-05-25 00:00:00,1544.94,WO-0002183,concrete_pole,as_occurred
DSS-00182,2024-05-25 00:00:00,,,routine,2024-05-25 00:00:00,577.7,WO-0002184,standard,as_occurred
DFR-01691,2024-05-25 06:00:00,INLA-20240525-010,physical,corrective,2024-05-25 06:00:00,6236.24,WO-0002185,wood_pole,as_occurred
WMN-03214,2024-05-25 12:00:00,INLA-20240525-010,physical,corrective,2024-05-25 12:00:00,4312.16,WO-0002186,asbestos_cement,as_occurred
WMN-03031,2024-05-25 12:00:00,INLA-20240525-010,physical,corrective,2024-05-25 12:00:00,5270.35,WO-0002187,Poly Vinyl Chloride,as_occurred
PMP-02260,2024-05-25 18:00:00,INLA-20240525-010,physical,corrective,2024-05-25 18:00:00,15759.55,WO-0002188,standard,as_occurred
WMN-03160,2024-05-26 00:00:00,,,inspection,2024-05-26 00:00:00,593.24,WO-0002189,ductile_iron,as_occurred
DFR-01864,2024-05-26 00:00:00,,,routine,2024-05-26 00:00:00,874.79,WO-0002190,wood_pole,as_occurred
PMP-02289,2024-05-26 00:00:00,,,routine,2024-05-26 00:00:00,1310.4,WO-0002191,standard,as_occurred
TSS-00032,2024-05-26 00:00:00,INLA-20240525-010,physical,corrective,2024-05-26 00:00:00,3089.75,WO-0002192,standard,as_occurred
PMP-02266,2024-05-26 00:00:00,INLA-20240525-010,physical,corrective,2024-05-26 00:00:00,1689.23,WO-0002193,standard,as_occurred
TLS-00566,2024-05-26 00:00:00,,,inspection,2024-05-26 00:00:00,221.82,WO-0002194,steel_lattice,as_occurred
WMN-02782,2024-05-26 00:00:00,INLA-20240525-010,physical,corrective,2024-05-26 00:00:00,2894.97,WO-0002195,cast-iron,as_occurred
WMN-02840,2024-05-26 00:00:00,INLA-20240525-010,physical,corrective,2024-05-26 00:00:00,2032.46,WO-0002196,cast_iron,as_occurred
WMN-03029,2024-05-26 00:00:00,INLA-20240525-010,physical,corrective,2024-05-26 00:00:00,5270.97,WO-0002197,cast_iron,as_occurred
WMN-03124,2024-05-26 00:00:00,INLA-20240525-010,physical,corrective,2024-05-26 00:00:00,5656.67,WO-0002198,cast_iron,as_occurred
LEGACY-025469,2024-05-26 00:00:00,INLA-20240525-010,physical,corrective,2024-05-26 00:00:00,5149.62,WO-0002199,,as_occurred
WMN-02812,2024-05-26 00:00:00,INLA-20240525-010,physical,corrective,2024-05-26 00:00:00,2546.58,WO-0002200,cast_iron,as_occurred
TLS-00742,2024-05-26 00:00:00,,,inspection,2024-05-26 00:00:00,799.0,WO-0002201,steel_lattice,as_occurred
WMN-02783,2024-05-26 06:00:00,INLA-20240525-010,physical,corrective,2024-05-26 06:00:00,1746.77,WO-0002202,ductile_iron,as_occurred
TLS-00439,2024-05-27 00:00:00,,,routine,2024-05-27 00:00:00,792.66,WO-0002203,steel_lattice,as_occurred
PMP-02432,2024-05-27 00:00:00,,,routine,2024-05-27 00:00:00,464.12,WO-0002204,standard,as_occurred
DSS-00384,2024-05-27 00:00:00,,,inspection,2024-05-27 00:00:00,1725.54,WO-0002205,standard,as_occurred
TNK-02576,2024-05-27 00:00:00,,,inspection,2024-05-27 00:00:00,2841.05,WO-0002206,standard,as_occurred
DFR-01905,2024-05-27 00:00:00,,,vegetation,2024-05-27 00:00:00,862.99,WO-0002207,Wood,as_occurred
DFR-01751,2024-05-27 00:00:00,,,routine,2024-05-27 00:00:00,1184.76,WO-0002208,composite_pole,as_occurred
WMN-02780,2024-05-28 00:00:00,,,inspection,2024-05-28 00:00:00,687.15,WO-0002209,pvc,as_occurred
TLS-01200,2024-05-28 00:00:00,,,inspection,2024-05-28 00:00:00,1614.85,WO-0002210,steel_monopole,as_occurred
DFR-01919,2024-05-28 00:00:00,,,routine,2024-05-28 00:00:00,798.47,WO-0002211,concrete_pole,as_occurred
DFR-01697,2024-05-28 00:00:00,,,inspection,2024-05-28 00:00:00,1910.52,WO-0002212,WOOD POLE,as_occurred
WMN-03218,2024-05-28 00:00:00,,,routine,2024-05-28 00:00:00,1253.77,WO-0002213,D.I.,as_occurred
TLS-01275,2024-05-28 00:00:00,,,vegetation,2024-05-28 00:00:00,249.51,WO-0002214,steel_monopole,as_occurred
WMN-03418,2024-05-28 00:00:00,,,routine,2024-05-28 00:00:00,696.8,WO-0002215,steel,as_occurred
TLS-00702,2024-05-28 00:00:00,,,inspection,2024-05-28 00:00:00,527.42,WO-0002216,steel_monopole,as_occurred
WMN-03028,2024-05-29 00:00:00,,,inspection,2024-05-29 00:00:00,1127.92,WO-0002217,ductile-iron,as_occurred
DFR-01448,2024-05-29 00:00:00,,,routine,2024-05-29 00:00:00,436.9,WO-0002218,wood_pole,as_occurred
WMN-02806,2024-05-29 00:00:00,,,vegetation,2024-05-29 00:00:00,386.18,WO-0002219,cast_iron,as_occurred
DSS-00352,2024-05-29 00:00:00,,,inspection,2024-05-29 00:00:00,546.66,WO-0002220,standard,as_occurred
RCL-02086,2024-05-30 00:00:00,,,vegetation,2024-05-30 00:00:00,390.35,WO-0002221,standard,as_occurred
PMP-02313,2024-05-30 00:00:00,,,routine,2024-05-30 00:00:00,1099.76,WO-0002222,standard,as_occurred
TLS-00788,2024-05-30 00:00:00,,,inspection,2024-05-30 00:00:00,230.85,WO-0002223,steel_lattice,as_occurred
PMP-02425,2024-05-30 00:00:00,,,inspection,2024-05-30 00:00:00,1340.89,WO-0002224,standard,as_occurred
DFR-01887,2024-05-30 00:00:00,,,vegetation,2024-05-30 00:00:00,451.31,WO-0002225,concrete_pole,as_occurred
DSS-00181,2024-05-30 00:00:00,,,routine,2024-05-30 00:00:00,3703.41,WO-0002226,standard,as_occurred
TNK-02534,2024-05-30 00:00:00,,,routine,2024-05-30 00:00:00,3630.27,WO-0002227,standard,as_occurred
TLS-01204,2024-05-30 00:00:00,,,routine,2024-05-30 00:00:00,713.11,WO-0002228,steel_monopole,as_occurred
WMN-03366,2024-05-31 00:00:00,,,vegetation,2024-05-31 00:00:00,849.56,WO-0002229,ductile_iron,as_occurred
PMP-02402,2024-05-31 00:00:00,,,inspection,2024-05-31 00:00:00,343.54,WO-0002230,standard,as_occurred
DFR-01807,2024-05-31 00:00:00,,,routine,2024-05-31 00:00:00,337.85,WO-0002231,composite_pole,as_occurred
DFR-01437,2024-05-31 00:00:00,,,inspection,2024-06-03 00:00:00,1200.58,WO-0002232,Wood,reported_late
DFR-01938,2024-05-31 00:00:00,,,vegetation,2024-05-31 00:00:00,826.47,WO-0002233,wood_pole,as_occurred
TNK-02609,2024-05-31 00:00:00,,,vegetation,2024-05-31 00:00:00,722.49,WO-0002234,standard,as_occurred
WMN-02685,2024-05-31 06:00:00,HURR-20240531-001,physical,corrective,2024-05-31 06:00:00,3093.76,WO-0002235,cast_iron,as_occurred
WMN-03390,2024-05-31 06:00:00,HURR-20240531-001,physical,corrective,2024-05-31 06:00:00,34202.68,WO-0002236,ductile_iron,as_occurred
PMP-02266,2024-05-31 12:00:00,HURR-20240531-001,physical,corrective,2024-05-31 12:00:00,7158.0,WO-0002237,standard,as_occurred
WMN-02697,2024-05-31 12:00:00,HURR-20240531-001,physical,corrective,2024-05-31 12:00:00,14108.91,WO-0002238,DI,as_occurred
WMN-03441,2024-05-31 12:00:00,HURR-20240531-001,physical,corrective,2024-05-31 12:00:00,2018.48,WO-0002239,asbestos_cement,as_occurred
DFR-01514,2024-05-31 12:00:00,HURR-20240531-001,physical,corrective,2024-05-31 12:00:00,8042.21,WO-0002240,wood_pole,as_occurred
TLS-00545,2024-06-01 00:00:00,,,inspection,2024-06-01 00:00:00,447.05,WO-0002241,steel_monopole,as_occurred
TLS-01100,2024-06-01 00:00:00,,,inspection,2024-06-01 00:00:00,2541.37,WO-0002242,steel_lattice,as_occurred
WMN-02712,2024-06-01 00:00:00,HURR-20240531-001,physical,corrective,2024-06-01 00:00:00,5250.16,WO-0002243,asbestos_cement,as_occurred
LEGACY-052406,2024-06-01 00:00:00,,,inspection,2024-06-01 00:00:00,1182.43,WO-0002244,,as_occurred
DFR-01574,2024-06-01 00:00:00,,,vegetation,2024-06-01 00:00:00,508.71,WO-0002245,wood_pole,as_occurred
TLS-01088,2024-06-01 00:00:00,,,routine,2024-06-01 00:00:00,1719.04,WO-0002246,steel_lattice,as_occurred
TLS-00876,2024-06-01 00:00:00,,,routine,2024-06-01 00:00:00,443.5,WO-0002247,steel_lattice,as_occurred
WMN-03278,2024-06-01 00:00:00,,,routine,2024-06-01 00:00:00,2234.05,WO-0002248,cast_iron,as_occurred
DFR-01777,2024-06-01 00:00:00,HURR-20240531-001,physical,corrective,2024-06-01 00:00:00,6545.97,WO-0002249,wood_pole,as_occurred
PMP-02313,2024-06-01 00:00:00,HURR-20240531-001,physical,corrective,2024-06-01 00:00:00,4139.13,WO-0002250,standard,as_occurred
PMP-02322,2024-06-01 00:00:00,HURR-20240531-001,physical,corrective,2024-06-01 00:00:00,1871.12,WO-0002251,standard,as_occurred
WMN-02786,2024-06-01 06:00:00,HURR-20240531-001,physical,corrective,2024-06-01 06:00:00,3095.12,WO-0002252,cast_iron,as_occurred
DSS-00145,2024-06-01 06:00:00,HURR-20240531-001,physical,corrective,2024-06-01 06:00:00,2479.62,WO-0002253,standard,as_occurred
PMP-02479,2024-06-01 06:00:00,HURR-20240531-001,physical,corrective,2024-06-01 06:00:00,10674.57,WO-0002254,standard,as_occurred
WMN-02812,2024-06-01 06:00:00,HURR-20240531-001,physical,corrective,2024-06-01 06:00:00,1827.39,WO-0002255,cast_iron,as_occurred
TSS-00058,2024-06-01 06:00:00,HURR-20240531-001,physical,corrective,2024-06-04 06:00:00,1210.83,WO-0002256,standard,reported_late
LEGACY-075008,2024-06-01 06:00:00,HURR-20240531-001,physical,corrective,2024-06-01 06:00:00,8294.73,WO-0002257,,as_occurred
PMP-02465,2024-06-01 06:00:00,HURR-20240531-001,physical,corrective,2024-06-01 06:00:00,8338.71,WO-0002258,standard,as_occurred
WMN-02852,2024-06-01 06:00:00,HURR-20240531-001,physical,corrective,2024-06-01 06:00:00,528.01,WO-0002259,asbestos_cement,as_occurred
PMP-02268,2024-06-01 06:00:00,HURR-20240531-001,physical,corrective,2024-06-01 06:00:00,6684.85,WO-0002260,standard,as_occurred
PMP-02283,2024-06-01 12:00:00,HURR-20240531-001,physical,corrective,2024-06-01 12:00:00,2170.27,WO-0002261,standard,as_occurred
DFR-01416,2024-06-01 12:00:00,HURR-20240531-001,physical,corrective,2024-06-01 12:00:00,319.29,WO-0002262,wood_pole,as_occurred
DFR-01313,2024-06-01 12:00:00,HURR-20240531-001,physical,corrective,2024-06-01 12:00:00,1460.42,WO-0002263,concrete_pole,as_occurred
TLS-00751,2024-06-01 12:00:00,HURR-20240531-001,physical,corrective,2024-06-01 12:00:00,1558.3,WO-0002264,steel_lattice,as_occurred
DFR-01753,2024-06-01 12:00:00,HURR-20240531-001,physical,corrective,2024-06-01 12:00:00,4163.46,WO-0002265,wood_pole,as_occurred
DFR-02000,2024-06-01 12:00:00,HURR-20240531-001,physical,corrective,2024-06-01 12:00:00,3754.2,WO-0002266,wood_pole,as_occurred
DFR-01466,2024-06-01 12:00:00,HURR-20240531-001,physical,corrective,2024-06-01 12:00:00,7812.97,WO-0002267,wood_pole,as_occurred
DFR-01800,2024-06-01 12:00:00,HURR-20240531-001,physical,corrective,2024-06-01 12:00:00,5676.05,WO-0002268,Wood Pole,as_occurred
DFR-01989,2024-06-01 12:00:00,HURR-20240531-001,physical,corrective,2024-06-01 12:00:00,1733.55,WO-0002269,wood_pole,as_occurred
LEGACY-077873,2024-06-01 12:00:00,HURR-20240531-001,physical,corrective,2024-06-01 12:00:00,2890.36,WO-0002270,,as_occurred
TLS-00716,2024-06-01 12:00:00,HURR-20240531-001,physical,corrective,2024-06-01 12:00:00,5810.47,WO-0002271,steel_lattice,as_occurred
DFR-01565,2024-06-01 12:00:00,HURR-20240531-001,physical,corrective,2024-06-01 12:00:00,9007.54,WO-0002272,wood_pole,as_occurred
DFR-01396,2024-06-01 12:00:00,HURR-20240531-001,physical,corrective,2024-06-01 12:00:00,7864.73,WO-0002273,wood_pole,as_occurred
DFR-01783,2024-06-01 12:00:00,HURR-20240531-001,physical,corrective,2024-06-01 12:00:00,9370.36,WO-0002274,wood_pole,as_occurred
PMP-02254,2024-06-01 12:00:00,HURR-20240531-001,physical,corrective,2024-06-01 12:00:00,3472.04,WO-0002275,standard,as_occurred
DFR-01629,2024-06-01 12:00:00,HURR-20240531-001,physical,corrective,2024-06-01 12:00:00,5717.29,WO-0002276,wood_pole,as_occurred
TLS-00904,2024-06-01 12:00:00,HURR-20240531-001,physical,corrective,2024-06-01 12:00:00,1746.26,WO-0002277,steel_lattice,as_occurred
PMP-02346,2024-06-01 12:00:00,HURR-20240531-001,physical,corrective,2024-06-04 12:00:00,2927.81,WO-0002278,standard,reported_late
DFR-01608,2024-06-01 12:00:00,HURR-20240531-001,physical,corrective,2024-06-01 12:00:00,1170.6,WO-0002279,wood_pole,as_occurred
DFR-01833,2024-06-01 12:00:00,HURR-20240531-001,physical,corrective,2024-06-01 12:00:00,1532.31,WO-0002280,wood_pole,as_occurred
DFR-01617,2024-06-01 12:00:00,HURR-20240531-001,physical,corrective,2024-06-01 12:00:00,2070.36,WO-0002281,wood_pole,as_occurred
DFR-01622,2024-06-01 12:00:00,HURR-20240531-001,physical,corrective,2024-06-01 12:00:00,4815.22,WO-0002282,Wood Pole,as_occurred
DFR-01541,2024-06-01 12:00:00,HURR-20240531-001,physical,corrective,2024-06-01 12:00:00,2153.28,WO-0002283,wood_pole,as_occurred
RCL-02097,2024-06-01 12:00:00,HURR-20240531-001,physical,corrective,2024-06-01 12:00:00,2360.3,WO-0002284,standard,as_occurred
DFR-01372,2024-06-01 12:00:00,HURR-20240531-001,physical,corrective,2024-06-01 12:00:00,46219.4,WO-0002285,wood_pole,as_occurred
RCL-02124,2024-06-01 12:00:00,HURR-20240531-001,physical,corrective,2024-06-01 12:00:00,13981.62,WO-0002286,standard,as_occurred
RCL-02148,2024-06-01 12:00:00,HURR-20240531-001,physical,corrective,2024-06-01 12:00:00,11646.19,WO-0002287,standard,as_occurred
DFR-01517,2024-06-01 12:00:00,HURR-20240531-001,physical,corrective,2024-06-01 12:00:00,7895.44,WO-0002288,Wood,as_occurred
DSS-00114,2024-06-01 12:00:00,HURR-20240531-001,physical,corrective,2024-06-01 12:00:00,3624.39,WO-0002289,standard,as_occurred
TLS-00729,2024-06-01 12:00:00,HURR-20240531-001,physical,corrective,2024-06-01 12:00:00,1845.6,WO-0002290,steel_lattice,as_occurred
RCL-02165,2024-06-01 12:00:00,HURR-20240531-001,physical,corrective,2024-06-01 12:00:00,3165.67,WO-0002291,standard,as_occurred
RCL-02028,2024-06-01 12:00:00,HURR-20240531-001,physical,corrective,2024-06-01 12:00:00,10485.98,WO-0002292,standard,as_occurred
RCL-02071,2024-06-01 12:00:00,HURR-20240531-001,physical,corrective,2024-06-01 12:00:00,1379.74,WO-0002293,standard,as_occurred
PMP-02354,2024-06-01 12:00:00,HURR-20240531-001,physical,corrective,2024-06-01 12:00:00,2467.47,WO-0002294,standard,as_occurred
RCL-02057,2024-06-01 12:00:00,HURR-20240531-001,physical,corrective,2024-06-01 12:00:00,4463.9,WO-0002295,standard,as_occurred
DFR-01508,2024-06-01 12:00:00,HURR-20240531-001,physical,corrective,2024-06-01 12:00:00,3477.64,WO-0002296,wood_pole,as_occurred
DFR-02008,2024-06-01 12:00:00,HURR-20240531-001,physical,corrective,2024-06-01 12:00:00,16952.03,WO-0002297,wood_pole,as_occurred
DFR-01623,2024-06-01 12:00:00,HURR-20240531-001,physical,corrective,2024-06-01 12:00:00,8613.96,WO-0002298,wood_pole,as_occurred
DFR-01475,2024-06-01 12:00:00,HURR-20240531-001,physical,corrective,2024-06-01 12:00:00,12469.2,WO-0002299,wood_pole,as_occurred
DFR-01563,2024-06-01 12:00:00,HURR-20240531-001,physical,corrective,2024-06-01 12:00:00,7458.26,WO-0002300,wood_pole,as_occurred
DFR-01440,2024-06-01 12:00:00,HURR-20240531-001,physical,corrective,2024-06-01 12:00:00,29470.47,WO-0002301,wood_pole,as_occurred
DFR-01780,2024-06-01 12:00:00,HURR-20240531-001,physical,corrective,2024-06-01 12:00:00,3477.09,WO-0002302,wood_pole,as_occurred
TLS-00624,2024-06-01 12:00:00,HURR-20240531-001,physical,corrective,2024-06-01 12:00:00,7514.61,WO-0002303,steel_lattice,as_occurred
TLS-00975,2024-06-01 12:00:00,HURR-20240531-001,physical,corrective,2024-06-01 12:00:00,742.85,WO-0002304,steel_monopole,as_occurred
TLS-00480,2024-06-01 12:00:00,HURR-20240531-001,physical,corrective,2024-06-01 12:00:00,3645.9,WO-0002305,steel_monopole,as_occurred
TLS-00959,2024-06-01 12:00:00,HURR-20240531-001,physical,corrective,2024-06-01 12:00:00,12376.57,WO-0002306,steel_monopole,as_occurred
DFR-01337,2024-06-01 12:00:00,HURR-20240531-001,physical,corrective,2024-06-01 12:00:00,2594.36,WO-0002307,wood_pole,as_occurred
TLS-00516,2024-06-01 12:00:00,HURR-20240531-001,physical,corrective,2024-06-01 12:00:00,2674.53,WO-0002308,steel_lattice,as_occurred
DFR-01766,2024-06-01 12:00:00,HURR-20240531-001,physical,corrective,2024-06-01 12:00:00,7798.77,WO-0002309,WOOD POLE,as_occurred
TLS-00942,2024-06-01 12:00:00,HURR-20240531-001,physical,corrective,2024-06-01 12:00:00,1685.81,WO-0002310,steel_monopole,as_occurred
LEGACY-064695,2024-06-01 12:00:00,HURR-20240531-001,physical,corrective,2024-06-01 12:00:00,4770.75,WO-0002311,,as_occurred
DFR-01668,2024-06-01 12:00:00,HURR-20240531-001,physical,corrective,2024-06-01 12:00:00,2253.27,WO-0002312,wood_pole,as_occurred
DFR-01685,2024-06-01 12:00:00,HURR-20240531-001,physical,corrective,2024-06-01 12:00:00,1520.1,WO-0002313,wood_pole,as_occurred
TLS-00871,2024-06-01 12:00:00,HURR-20240531-001,physical,corrective,2024-06-01 12:00:00,5133.42,WO-0002314,steel_lattice,as_occurred
TLS-00956,2024-06-01 12:00:00,HURR-20240531-001,physical,corrective,2024-06-01 12:00:00,7915.26,WO-0002315,steel_lattice,as_occurred
DFR-01971,2024-06-01 12:00:00,HURR-20240531-001,physical,corrective,2024-06-04 12:00:00,3129.11,WO-0002316,wood_pole,reported_late
TLS-00826,2024-06-01 12:00:00,HURR-20240531-001,physical,corrective,2024-06-01 12:00:00,6844.84,WO-0002317,concrete,as_occurred
TLS-01237,2024-06-01 12:00:00,HURR-20240531-001,physical,corrective,2024-06-01 12:00:00,3767.28,WO-0002318,steel_lattice,as_occurred
PMP-02451,2024-06-01 12:00:00,HURR-20240531-001,physical,corrective,2024-06-01 12:00:00,1416.1,WO-0002319,standard,as_occurred
TLS-01139,2024-06-01 12:00:00,HURR-20240531-001,physical,corrective,2024-06-01 12:00:00,1693.95,WO-0002320,steel_lattice,as_occurred
LEGACY-074534,2024-06-01 12:00:00,HURR-20240531-001,physical,corrective,2024-06-04 12:00:00,6254.39,WO-0002321,,reported_late
TLS-00842,2024-06-01 12:00:00,HURR-20240531-001,physical,corrective,2024-06-01 12:00:00,876.85,WO-0002322,steel_lattice,as_occurred
TLS-01116,2024-06-01 12:00:00,HURR-20240531-001,physical,corrective,2024-06-01 12:00:00,15142.91,WO-0002323,steel_lattice,as_occurred
LEGACY-024009,2024-06-01 12:00:00,HURR-20240531-001,physical,corrective,2024-06-01 12:00:00,13664.73,WO-0002324,,as_occurred
TLS-00989,2024-06-01 12:00:00,HURR-20240531-001,physical,corrective,2024-06-01 12:00:00,2330.19,WO-0002325,steel_lattice,as_occurred
DFR-01427,2024-06-01 12:00:00,HURR-20240531-001,physical,corrective,2024-06-01 12:00:00,10953.76,WO-0002326,wood_pole,as_occurred
DFR-01428,2024-06-01 12:00:00,HURR-20240531-001,physical,corrective,2024-06-01 12:00:00,8087.33,WO-0002327,wood_pole,as_occurred
DFR-01970,2024-06-01 12:00:00,HURR-20240531-001,physical,corrective,2024-06-04 12:00:00,3700.27,WO-0002328,wood_pole,reported_late
DFR-01771,2024-06-01 12:00:00,HURR-20240531-001,physical,corrective,2024-06-01 12:00:00,4056.49,WO-0002329,wood_pole,as_occurred
TLS-00413,2024-06-01 12:00:00,HURR-20240531-001,physical,corrective,2024-06-01 12:00:00,1848.4,WO-0002330,steel_lattice,as_occurred
DFR-01560,2024-06-01 12:00:00,HURR-20240531-001,physical,corrective,2024-06-01 12:00:00,4691.32,WO-0002331,wood_pole,as_occurred
DFR-01966,2024-06-01 12:00:00,HURR-20240531-001,physical,corrective,2024-06-01 12:00:00,8109.72,WO-0002332,wood_pole,as_occurred
TLS-00749,2024-06-01 12:00:00,HURR-20240531-001,physical,corrective,2024-06-01 12:00:00,6595.07,WO-0002333,steel_lattice,as_occurred
DFR-01729,2024-06-01 12:00:00,HURR-20240531-001,physical,corrective,2024-06-01 12:00:00,15843.25,WO-0002334,timber,as_occurred
TLS-01091,2024-06-01 12:00:00,HURR-20240531-001,physical,corrective,2024-06-01 12:00:00,1920.13,WO-0002335,concrete,as_occurred
DFR-01992,2024-06-01 12:00:00,HURR-20240531-001,physical,corrective,2024-06-01 12:00:00,4904.81,WO-0002336,wood_pole,as_occurred
DFR-01721,2024-06-01 12:00:00,HURR-20240531-001,physical,corrective,2024-06-01 12:00:00,5755.7,WO-0002337,concrete_pole,as_occurred
TLS-00929,2024-06-01 12:00:00,HURR-20240531-001,physical,corrective,2024-06-01 12:00:00,1008.84,WO-0002338,steel_monopole,as_occurred
DFR-01327,2024-06-01 12:00:00,HURR-20240531-001,physical,corrective,2024-06-01 12:00:00,11550.04,WO-0002339,wood_pole,as_occurred
TLS-00427,2024-06-01 12:00:00,HURR-20240531-001,physical,corrective,2024-06-01 12:00:00,3152.09,WO-0002340,steel_lattice,as_occurred
TLS-01069,2024-06-01 12:00:00,HURR-20240531-001,physical,corrective,2024-06-01 12:00:00,4167.94,WO-0002341,steel_lattice,as_occurred
RCL-02197,2024-06-01 12:00:00,HURR-20240531-001,physical,corrective,2024-06-01 12:00:00,3951.13,WO-0002342,standard,as_occurred
DFR-01432,2024-06-01 12:00:00,HURR-20240531-001,physical,corrective,2024-06-01 12:00:00,7432.54,WO-0002343,wood_pole,as_occurred
DFR-01719,2024-06-01 12:00:00,HURR-20240531-001,physical,corrective,2024-06-01 12:00:00,5315.77,WO-0002344,wood_pole,as_occurred
DFR-01779,2024-06-01 12:00:00,HURR-20240531-001,physical,corrective,2024-06-01 12:00:00,3361.53,WO-0002345,wood_pole,as_occurred
TLS-00559,2024-06-01 12:00:00,HURR-20240531-001,physical,corrective,2024-06-01 12:00:00,10270.75,WO-0002346,steel_lattice,as_occurred
DFR-01430,2024-06-01 12:00:00,HURR-20240531-001,physical,corrective,2024-06-01 12:00:00,6413.59,WO-0002347,WOOD POLE,as_occurred
DFR-01661,2024-06-01 12:00:00,HURR-20240531-001,physical,corrective,2024-06-01 12:00:00,6770.59,WO-0002348,wood_pole,as_occurred
DFR-01646,2024-06-01 12:00:00,HURR-20240531-001,physical,corrective,2024-06-01 12:00:00,16714.66,WO-0002349,wood_pole,as_occurred
DFR-01596,2024-06-01 12:00:00,HURR-20240531-001,physical,corrective,2024-06-01 12:00:00,3686.47,WO-0002350,wood_pole,as_occurred
DFR-01351,2024-06-01 12:00:00,HURR-20240531-001,physical,corrective,2024-06-01 12:00:00,13813.97,WO-0002351,wood_pole,as_occurred
DSS-00380,2024-06-01 12:00:00,HURR-20240531-001,physical,corrective,2024-06-01 12:00:00,13069.59,WO-0002352,standard,as_occurred
RCL-02092,2024-06-01 12:00:00,HURR-20240531-001,physical,corrective,2024-06-01 12:00:00,2319.69,WO-0002353,standard,as_occurred
WMN-03444,2024-06-01 12:00:00,HURR-20240531-001,physical,corrective,2024-06-01 12:00:00,12767.28,WO-0002354,cast_iron,as_occurred
PMP-02401,2024-06-01 12:00:00,HURR-20240531-001,physical,corrective,2024-06-01 12:00:00,2132.48,WO-0002355,standard,as_occurred
RCL-02074,2024-06-01 12:00:00,HURR-20240531-001,physical,corrective,2024-06-01 12:00:00,20069.65,WO-0002356,standard,as_occurred
TLS-01256,2024-06-01 12:00:00,HURR-20240531-001,physical,corrective,2024-06-01 12:00:00,7543.97,WO-0002357,concrete,as_occurred
DFR-01409,2024-06-01 12:00:00,HURR-20240531-001,physical,corrective,2024-06-01 12:00:00,2654.31,WO-0002358,wood_pole,as_occurred
DFR-01412,2024-06-01 12:00:00,HURR-20240531-001,physical,corrective,2024-06-01 12:00:00,3858.08,WO-0002359,wood_pole,as_occurred
TLS-00644,2024-06-01 12:00:00,HURR-20240531-001,physical,corrective,2024-06-04 12:00:00,6914.55,WO-0002360,steel_monopole,reported_late
DFR-01906,2024-06-01 12:00:00,HURR-20240531-001,physical,corrective,2024-06-01 12:00:00,1165.61,WO-0002361,wood_pole,as_occurred
PMP-02332,2024-06-01 12:00:00,HURR-20240531-001,functional_power_loss,corrective,2024-06-01 12:00:00,1288.38,WO-0002362,standard,as_occurred
PMP-02308,2024-06-01 12:00:00,HURR-20240531-001,functional_power_loss,corrective,2024-06-01 12:00:00,10055.36,WO-0002363,standard,as_occurred
TLS-01263,2024-06-01 12:00:00,HURR-20240531-001,physical,corrective,2024-06-01 12:00:00,4765.48,WO-0002364,steel_monopole,as_occurred
DFR-01922,2024-06-01 12:00:00,HURR-20240531-001,physical,corrective,2024-06-01 12:00:00,5267.32,WO-0002365,wood_pole,as_occurred
RCL-02206,2024-06-01 12:00:00,HURR-20240531-001,physical,corrective,2024-06-01 12:00:00,4181.72,WO-0002366,standard,as_occurred
WTP-02219,2024-06-01 12:00:00,HURR-20240531-001,physical,corrective,2024-06-01 12:00:00,2646.67,WO-0002367,standard,as_occurred
DFR-01570,2024-06-01 12:00:00,HURR-20240531-001,physical,corrective,2024-06-01 12:00:00,2377.52,WO-0002368,wood_pole,as_occurred
PMP-02455,2024-06-01 12:00:00,HURR-20240531-001,physical,corrective,2024-06-01 12:00:00,15005.08,WO-0002369,standard,as_occurred
TLS-01239,2024-06-01 12:00:00,HURR-20240531-001,physical,corrective,2024-06-01 12:00:00,7752.83,WO-0002370,steel_lattice,as_occurred
TLS-00597,2024-06-01 12:00:00,HURR-20240531-001,physical,corrective,2024-06-01 12:00:00,2672.26,WO-0002371,steel_lattice,as_occurred
DFR-01761,2024-06-01 12:00:00,HURR-20240531-001,physical,corrective,2024-06-01 12:00:00,1441.31,WO-0002372,wood_pole,as_occurred
PMP-02411,2024-06-01 12:00:00,HURR-20240531-001,physical,corrective,2024-06-01 12:00:00,6656.09,WO-0002373,standard,as_occurred
DFR-01854,2024-06-01 12:00:00,HURR-20240531-001,physical,corrective,2024-06-01 12:00:00,6363.08,WO-0002374,wood_pole,as_occurred
DFR-01921,2024-06-01 12:00:00,HURR-20240531-001,physical,corrective,2024-06-01 12:00:00,2788.17,WO-0002375,wood_pole,as_occurred
DFR-01481,2024-06-01 12:00:00,HURR-20240531-001,physical,corrective,2024-06-01 12:00:00,12908.39,WO-0002376,wood_pole,as_occurred
RCL-02046,2024-06-01 12:00:00,HURR-20240531-001,physical,corrective,2024-06-04 12:00:00,3796.35,WO-0002377,standard,reported_late
LEGACY-038741,2024-06-01 12:00:00,HURR-20240531-001,physical,corrective,2024-06-01 12:00:00,4285.74,WO-0002378,,as_occurred
DFR-01946,2024-06-01 12:00:00,HURR-20240531-001,physical,corrective,2024-06-01 12:00:00,9081.28,WO-0002379,wood_pole,as_occurred
TLS-00587,2024-06-01 12:00:00,HURR-20240531-001,physical,corrective,2024-06-04 12:00:00,2117.83,WO-0002380,steel_lattice,reported_late
LEGACY-030381,2024-06-01 12:00:00,HURR-20240531-001,physical,corrective,2024-06-01 12:00:00,3468.24,WO-0002381,,as_occurred
TLS-00611,2024-06-01 12:00:00,HURR-20240531-001,physical,corrective,2024-06-01 12:00:00,12321.49,WO-0002382,concrete,as_occurred
INT-03504,2024-06-01 12:00:00,HURR-20240531-001,physical,corrective,2024-06-01 12:00:00,6919.18,WO-0002383,standard,as_occurred
DFR-01738,2024-06-01 12:00:00,HURR-20240531-001,physical,corrective,2024-06-01 12:00:00,14357.16,WO-0002384,wood_pole,as_occurred
DSS-00083,2024-06-01 12:00:00,HURR-20240531-001,physical,corrective,2024-06-01 12:00:00,879.21,WO-0002385,standard,as_occurred
TLS-00663,2024-06-01 12:00:00,HURR-20240531-001,physical,corrective,2024-06-01 12:00:00,3872.8,WO-0002386,steel_lattice,as_occurred
DFR-01655,2024-06-01 12:00:00,HURR-20240531-001,physical,corrective,2024-06-01 12:00:00,3607.69,WO-0002387,composite_pole,as_occurred
TSS-00035,2024-06-01 12:00:00,HURR-20240531-001,physical,corrective,2024-06-04 12:00:00,7149.03,WO-0002388,standard,reported_late
DFR-01401,2024-06-01 12:00:00,HURR-20240531-001,physical,corrective,2024-06-01 12:00:00,5154.91,WO-0002389,wood_pole,as_occurred
DFR-01545,2024-06-01 12:00:00,HURR-20240531-001,physical,corrective,2024-06-01 12:00:00,1268.57,WO-0002390,wood_pole,as_occurred
DFR-01754,2024-06-01 12:00:00,HURR-20240531-001,physical,corrective,2024-06-01 12:00:00,2315.56,WO-0002391,wood_pole,as_occurred
DFR-01434,2024-06-01 12:00:00,HURR-20240531-001,physical,corrective,2024-06-01 12:00:00,9834.89,WO-0002392,wood_pole,as_occurred
DFR-01543,2024-06-01 12:00:00,HURR-20240531-001,physical,corrective,2024-06-01 12:00:00,5028.17,WO-0002393,composite_pole,as_occurred
DFR-01329,2024-06-01 12:00:00,HURR-20240531-001,physical,corrective,2024-06-01 12:00:00,2928.23,WO-0002394,wood_pole,as_occurred
DFR-01841,2024-06-01 12:00:00,HURR-20240531-001,physical,corrective,2024-06-01 12:00:00,2404.36,WO-0002395,concrete_pole,as_occurred
INT-03502,2024-06-01 12:00:00,HURR-20240531-001,physical,corrective,2024-06-01 12:00:00,3491.23,WO-0002396,standard,as_occurred
DFR-01938,2024-06-01 12:00:00,HURR-20240531-001,physical,corrective,2024-06-01 12:00:00,1300.59,WO-0002397,wood_pole,as_occurred
DFR-01935,2024-06-01 12:00:00,HURR-20240531-001,physical,corrective,2024-06-01 12:00:00,1496.45,WO-0002398,wood_pole,as_occurred
TLS-01290,2024-06-01 12:00:00,HURR-20240531-001,physical,corrective,2024-06-01 12:00:00,5825.43,WO-0002399,steel_lattice,as_occurred
TLS-01234,2024-06-01 12:00:00,HURR-20240531-001,physical,corrective,2024-06-01 12:00:00,7198.94,WO-0002400,steel_monopole,as_occurred
DSS-00080,2024-06-01 18:00:00,HURR-20240531-001,physical,corrective,2024-06-01 18:00:00,1611.08,WO-0002401,standard,as_occurred
PMP-02497,2024-06-01 18:00:00,HURR-20240531-001,physical,corrective,2024-06-04 18:00:00,3247.51,WO-0002402,standard,reported_late
WMN-03345,2024-06-01 18:00:00,HURR-20240531-001,physical,corrective,2024-06-01 18:00:00,5936.82,WO-0002403,asbestos_cement,as_occurred
PMP-02290,2024-06-01 18:00:00,HURR-20240531-001,physical,corrective,2024-06-01 18:00:00,742.18,WO-0002404,standard,as_occurred
TLS-00795,2024-06-01 18:00:00,HURR-20240531-001,physical,corrective,2024-06-01 18:00:00,10318.53,WO-0002405,steel_monopole,as_occurred
PMP-02289,2024-06-01 18:00:00,HURR-20240531-001,physical,corrective,2024-06-04 18:00:00,2955.06,WO-0002406,standard,reported_late
WMN-03299,2024-06-01 18:00:00,HURR-20240531-001,physical,corrective,2024-06-01 18:00:00,3389.05,WO-0002407,C.I.,as_occurred
PMP-02273,2024-06-01 18:00:00,HURR-20240531-001,physical,corrective,2024-06-01 18:00:00,3063.76,WO-0002408,standard,as_occurred
PMP-02247,2024-06-01 18:00:00,HURR-20240531-001,physical,corrective,2024-06-01 18:00:00,6253.15,WO-0002409,standard,as_occurred
WTP-02215,2024-06-01 18:00:00,HURR-20240531-001,physical,corrective,2024-06-01 18:00:00,8169.26,WO-0002410,standard,as_occurred
RCL-02177,2024-06-01 18:00:00,HURR-20240531-001,physical,corrective,2024-06-01 18:00:00,1094.54,WO-0002411,standard,as_occurred
TLS-00482,2024-06-01 18:00:00,HURR-20240531-001,physical,corrective,2024-06-01 18:00:00,1961.2,WO-0002412,steel_lattice,as_occurred
PMP-02399,2024-06-01 18:00:00,HURR-20240531-001,physical,corrective,2024-06-01 18:00:00,6509.8,WO-0002413,standard,as_occurred
PMP-02291,2024-06-01 18:00:00,HURR-20240531-001,physical,corrective,2024-06-04 18:00:00,4899.73,WO-0002414,standard,reported_late
PMP-02513,2024-06-01 18:00:00,HURR-20240531-001,physical,corrective,2024-06-01 18:00:00,7090.18,WO-0002415,standard,as_occurred
PMP-02405,2024-06-01 18:00:00,HURR-20240531-001,physical,corrective,2024-06-01 18:00:00,5630.95,WO-0002416,standard,as_occurred
WMN-03043,2024-06-01 18:00:00,HURR-20240531-001,physical,corrective,2024-06-01 18:00:00,9081.65,WO-0002417,ductile_iron,as_occurred
DSS-00241,2024-06-01 18:00:00,HURR-20240531-001,physical,corrective,2024-06-01 18:00:00,3530.15,WO-0002418,standard,as_occurred
PMP-02505,2024-06-01 18:00:00,HURR-20240531-001,functional_power_loss,corrective,2024-06-01 18:00:00,4571.92,WO-0002419,standard,as_occurred
PMP-02416,2024-06-01 18:00:00,HURR-20240531-001,physical,corrective,2024-06-01 18:00:00,4918.36,WO-0002420,standard,as_occurred
PMP-02482,2024-06-01 18:00:00,HURR-20240531-001,physical,corrective,2024-06-01 18:00:00,24354.77,WO-0002421,standard,as_occurred
LEGACY-070380,2024-06-01 18:00:00,HURR-20240531-001,physical,corrective,2024-06-01 18:00:00,2308.38,WO-0002422,,as_occurred
LEGACY-006591,2024-06-01 18:00:00,HURR-20240531-001,physical,corrective,2024-06-01 18:00:00,1698.11,WO-0002423,,as_occurred
TLS-00554,2024-06-01 18:00:00,HURR-20240531-001,physical,corrective,2024-06-01 18:00:00,3001.48,WO-0002424,steel_lattice,as_occurred
DSS-00357,2024-06-01 18:00:00,HURR-20240531-001,physical,corrective,2024-06-04 18:00:00,7525.13,WO-0002425,standard,reported_late
PMP-02352,2024-06-01 18:00:00,HURR-20240531-001,physical,corrective,2024-06-01 18:00:00,883.37,WO-0002426,standard,as_occurred
WMN-02755,2024-06-02 00:00:00,HURR-20240531-001,physical,corrective,2024-06-02 00:00:00,6879.04,WO-0002427,ductile_iron,as_occurred
PMP-02294,2024-06-02 00:00:00,HURR-20240531-001,physical,corrective,2024-06-02 00:00:00,3658.88,WO-0002428,standard,as_occurred
TLS-00709,2024-06-02 00:00:00,,,routine,2024-06-02 00:00:00,571.12,WO-0002429,steel_lattice,as_occurred
WMN-03095,2024-06-02 00:00:00,,,routine,2024-06-02 00:00:00,1142.12,WO-0002430,steel,as_occurred
TNK-02659,2024-06-02 00:00:00,,,inspection,2024-06-02 00:00:00,1006.56,WO-0002431,standard,as_occurred
TSS-00022,2024-06-02 00:00:00,,,routine,2024-06-02 00:00:00,565.08,WO-0002432,standard,as_occurred
WMN-02859,2024-06-02 06:00:00,HURR-20240531-001,physical,corrective,2024-06-02 06:00:00,7029.22,WO-0002433,cast_iron,as_occurred
PMP-02419,2024-06-02 06:00:00,HURR-20240531-001,physical,corrective,2024-06-02 06:00:00,2113.93,WO-0002434,standard,as_occurred
WTP-02217,2024-06-02 06:00:00,HURR-20240531-001,physical,corrective,2024-06-02 06:00:00,4306.64,WO-0002435,standard,as_occurred
DFR-01472,2024-06-02 06:00:00,HURR-20240531-001,physical,corrective,2024-06-02 06:00:00,4292.57,WO-0002436,wood_pole,as_occurred
WMN-02716,2024-06-02 12:00:00,HURR-20240531-001,physical,corrective,2024-06-02 12:00:00,5784.78,WO-0002437,asbestos_cement,as_occurred
DSS-00396,2024-06-02 12:00:00,HURR-20240531-001,physical,corrective,2024-06-02 12:00:00,3100.56,WO-0002438,standard,as_occurred
PMP-02260,2024-06-02 12:00:00,HURR-20240531-001,physical,corrective,2024-06-02 12:00:00,3348.12,WO-0002439,standard,as_occurred
PMP-02285,2024-06-02 12:00:00,HURR-20240531-001,physical,corrective,2024-06-02 12:00:00,3293.42,WO-0002440,standard,as_occurred
WMN-02949,2024-06-02 18:00:00,HURR-20240531-001,physical,corrective,2024-06-02 18:00:00,1292.04,WO-0002441,cast_iron,as_occurred
PMP-02343,2024-06-02 18:00:00,HURR-20240531-001,functional_power_loss,corrective,2024-06-02 18:00:00,1779.17,WO-0002442,standard,as_occurred
WMN-03315,2024-06-02 18:00:00,HURR-20240531-001,physical,corrective,2024-06-05 18:00:00,4196.76,WO-0002443,asbestos_cement,reported_late
PMP-02433,2024-06-02 18:00:00,HURR-20240531-001,physical,corrective,2024-06-02 18:00:00,3160.76,WO-0002444,standard,as_occurred
WMN-03426,2024-06-03 00:00:00,,,inspection,2024-06-03 00:00:00,682.49,WO-0002445,pvc,as_occurred
DFR-01370,2024-06-03 00:00:00,,,inspection,2024-06-03 00:00:00,2855.18,WO-0002446,wood_pole,as_occurred
TLS-00767,2024-06-03 00:00:00,,,inspection,2024-06-03 00:00:00,790.47,WO-0002447,concrete,as_occurred
PMP-02355,2024-06-05 00:00:00,,,vegetation,2024-06-05 00:00:00,1408.15,WO-0002448,standard,as_occurred
TLS-01069,2024-06-05 00:00:00,,,routine,2024-06-05 00:00:00,473.79,WO-0002449,steel_lattice,as_occurred
DFR-01883,2024-06-05 00:00:00,,,routine,2024-06-08 00:00:00,606.94,WO-0002450,underground,reported_late
DSS-00390,2024-06-05 00:00:00,,,inspection,2024-06-05 00:00:00,477.27,WO-0002451,standard,as_occurred
DFR-01740,2024-06-06 00:00:00,,,inspection,2024-06-06 00:00:00,821.66,WO-0002452,underground,as_occurred
DFR-01650,2024-06-06 00:00:00,,,vegetation,2024-06-06 00:00:00,795.81,WO-0002453,wood_pole,as_occurred
WMN-03360,2024-06-07 00:00:00,,,routine,2024-06-10 00:00:00,768.76,WO-0002454,ductile_iron,reported_late
TNK-02660,2024-06-07 00:00:00,,,vegetation,2024-06-07 00:00:00,584.43,WO-0002455,standard,as_occurred
TLS-01244,2024-06-07 00:00:00,,,routine,2024-06-07 00:00:00,133.68,WO-0002456,steel_lattice,as_occurred
LEGACY-019149,2024-06-07 00:00:00,,,inspection,2024-06-10 00:00:00,656.48,WO-0002457,,reported_late
RCL-02109,2024-06-07 00:00:00,,,inspection,2024-06-07 00:00:00,190.99,WO-0002458,standard,as_occurred
DFR-01946,2024-06-07 00:00:00,,,inspection,2024-06-07 00:00:00,172.27,WO-0002459,wood_pole,as_occurred
INT-03483,2024-06-08 00:00:00,,,vegetation,2024-06-08 00:00:00,142.31,WO-0002460,standard,as_occurred
DFR-01838,2024-06-08 00:00:00,,,routine,2024-06-08 00:00:00,940.06,WO-0002461,wood_pole,as_occurred
DSS-00081,2024-06-09 00:00:00,,,routine,2024-06-09 00:00:00,577.7,WO-0002462,standard,as_occurred
TLS-00516,2024-06-09 00:00:00,,,routine,2024-06-12 00:00:00,1152.58,WO-0002463,steel_lattice,reported_late
LEGACY-043477,2024-06-09 00:00:00,,,vegetation,2024-06-09 00:00:00,617.09,WO-0002464,,as_occurred
WMN-03205,2024-06-09 00:00:00,,,inspection,2024-06-09 00:00:00,685.14,WO-0002465,ductile_iron,as_occurred
TLS-00864,2024-06-09 00:00:00,,,routine,2024-06-09 00:00:00,1462.32,WO-0002466,steel_monopole,as_occurred
WMN-02837,2024-06-09 00:00:00,,,routine,2024-06-09 00:00:00,2213.62,WO-0002467,ductile_iron,as_occurred
TLS-00430,2024-06-10 00:00:00,,,routine,2024-06-10 00:00:00,706.87,WO-0002468,steel_lattice,as_occurred
DFR-01366,2024-06-10 00:00:00,,,inspection,2024-06-10 00:00:00,1748.0,WO-0002469,wood_pole,as_occurred
WMN-03190,2024-06-10 00:00:00,,,routine,2024-06-10 00:00:00,1179.69,WO-0002470,cast_iron,as_occurred
RCL-02080,2024-06-10 00:00:00,,,inspection,2024-06-13 00:00:00,1481.89,WO-0002471,standard,reported_late
TNK-02672,2024-06-10 00:00:00,,,vegetation,2024-06-10 00:00:00,1190.87,WO-0002472,standard,as_occurred
WMN-03062,2024-06-10 00:00:00,,,vegetation,2024-06-10 00:00:00,1517.32,WO-0002473,cast_iron,as_occurred
RCL-02209,2024-06-10 00:00:00,,,routine,2024-06-10 00:00:00,594.16,WO-0002474,standard,as_occurred
DFR-01428,2024-06-10 00:00:00,,,vegetation,2024-06-10 00:00:00,1516.14,WO-0002475,timber,as_occurred
DFR-01871,2024-06-11 00:00:00,,,inspection,2024-06-11 00:00:00,968.23,WO-0002476,timber,as_occurred
TLS-00913,2024-06-11 00:00:00,,,vegetation,2024-06-11 00:00:00,324.38,WO-0002477,concrete,as_occurred
WMN-02957,2024-06-11 00:00:00,,,routine,2024-06-11 00:00:00,1837.33,WO-0002478,DI,as_occurred
TLS-00862,2024-06-11 00:00:00,,,routine,2024-06-11 00:00:00,1093.28,WO-0002479,concrete,as_occurred
TLS-00544,2024-06-11 00:00:00,,,inspection,2024-06-11 00:00:00,3951.61,WO-0002480,steel_lattice,as_occurred
TLS-00511,2024-06-11 00:00:00,,,routine,2024-06-11 00:00:00,862.83,WO-0002481,steel_monopole,as_occurred
TLS-01012,2024-06-11 00:00:00,,,routine,2024-06-11 00:00:00,278.39,WO-0002482,steel_monopole,as_occurred
PMP-02283,2024-06-11 00:00:00,,,routine,2024-06-11 00:00:00,373.77,WO-0002483,standard,as_occurred
DFR-01784,2024-06-11 00:00:00,,,inspection,2024-06-11 00:00:00,1318.14,WO-0002484,composite_pole,as_occurred
DFR-01662,2024-06-11 00:00:00,,,routine,2024-06-11 00:00:00,586.83,WO-0002485,underground,as_occurred
DFR-01335,2024-06-11 00:00:00,,,inspection,2024-06-11 00:00:00,384.97,WO-0002486,underground,as_occurred
RCL-02188,2024-06-11 00:00:00,,,inspection,2024-06-11 00:00:00,2467.51,WO-0002487,standard,as_occurred
TLS-00722,2024-06-12 00:00:00,,,routine,2024-06-12 00:00:00,382.19,WO-0002488,steel_lattice,as_occurred
TLS-01304,2024-06-12 00:00:00,,,inspection,2024-06-12 00:00:00,767.75,WO-0002489,steel_lattice,as_occurred
TNK-02535,2024-06-12 00:00:00,,,routine,2024-06-12 00:00:00,1461.27,WO-0002490,standard,as_occurred
PMP-02309,2024-06-13 00:00:00,,,vegetation,2024-06-13 00:00:00,464.74,WO-0002491,standard,as_occurred
WMN-02718,2024-06-13 00:00:00,,,vegetation,2024-06-13 00:00:00,475.25,WO-0002492,PVC,as_occurred
WMN-03052,2024-06-14 00:00:00,,,inspection,2024-06-14 00:00:00,1039.68,WO-0002493,cast_iron,as_occurred
DFR-01878,2024-06-14 00:00:00,,,inspection,2024-06-14 00:00:00,553.2,WO-0002494,concrete_pole,as_occurred
DFR-02000,2024-06-14 00:00:00,,,inspection,2024-06-17 00:00:00,481.15,WO-0002495,wood_pole,reported_late
TLS-00422,2024-06-14 00:00:00,,,inspection,2024-06-14 00:00:00,494.5,WO-0002496,steel_lattice,as_occurred
RCL-02148,2024-06-15 00:00:00,,,routine,2024-06-15 00:00:00,225.5,WO-0002497,standard,as_occurred
WMN-03031,2024-06-15 00:00:00,,,inspection,2024-06-15 00:00:00,746.44,WO-0002498,pvc,as_occurred
TSS-00036,2024-06-15 00:00:00,,,vegetation,2024-06-18 00:00:00,1371.25,WO-0002499,standard,reported_late
PMP-02302,2024-06-15 00:00:00,,,routine,2024-06-15 00:00:00,785.85,WO-0002500,standard,as_occurred
PMP-02439,2024-06-16 00:00:00,,,routine,2024-06-16 00:00:00,382.41,WO-0002501,standard,as_occurred
PMP-02431,2024-06-16 00:00:00,,,inspection,2024-06-16 00:00:00,1299.88,WO-0002502,standard,as_occurred
DFR-01626,2024-06-16 00:00:00,,,inspection,2024-06-16 00:00:00,1858.53,WO-0002503,Wood,as_occurred
TLS-00412,2024-06-16 00:00:00,,,inspection,2024-06-16 00:00:00,137.78,WO-0002504,steel_lattice,as_occurred
PMP-02302,2024-06-16 00:00:00,,,vegetation,2024-06-16 00:00:00,410.86,WO-0002505,standard,as_occurred
DSS-00114,2024-06-16 00:00:00,,,vegetation,2024-06-16 00:00:00,470.77,WO-0002506,standard,as_occurred
WMN-03392,2024-06-17 00:00:00,,,routine,2024-06-17 00:00:00,823.21,WO-0002507,cast_iron,as_occurred
DFR-01928,2024-06-17 00:00:00,,,vegetation,2024-06-17 00:00:00,861.29,WO-0002508,wood_pole,as_occurred
RCL-02093,2024-06-17 00:00:00,,,routine,2024-06-17 00:00:00,796.0,WO-0002509,standard,as_occurred
TSS-00010,2024-06-17 00:00:00,,,vegetation,2024-06-17 00:00:00,1244.24,WO-0002510,standard,as_occurred
DFR-01994,2024-06-17 00:00:00,,,inspection,2024-06-17 00:00:00,445.78,WO-0002511,composite_pole,as_occurred
TNK-02601,2024-06-18 00:00:00,,,inspection,2024-06-18 00:00:00,406.28,WO-0002512,standard,as_occurred
DFR-01920,2024-06-18 00:00:00,,,routine,2024-06-18 00:00:00,454.71,WO-0002513,composite_pole,as_occurred
DSS-00261,2024-06-18 00:00:00,,,inspection,2024-06-18 00:00:00,1418.23,WO-0002514,standard,as_occurred
TLS-00466,2024-06-18 00:00:00,,,routine,2024-06-18 00:00:00,1579.07,WO-0002515,steel_lattice,as_occurred
TLS-01074,2024-06-18 00:00:00,,,inspection,2024-06-18 00:00:00,257.17,WO-0002516,steel_lattice,as_occurred
TLS-00763,2024-06-18 00:00:00,,,vegetation,2024-06-18 00:00:00,60.05,WO-0002517,concrete,as_occurred
TLS-00722,2024-06-18 00:00:00,,,routine,2024-06-21 00:00:00,800.96,WO-0002518,steel_lattice,reported_late
PMP-02296,2024-06-19 00:00:00,,,vegetation,2024-06-19 00:00:00,648.87,WO-0002519,standard,as_occurred
RCL-02041,2024-06-19 00:00:00,,,inspection,2024-06-19 00:00:00,1349.02,WO-0002520,standard,as_occurred
WMN-03142,2024-06-19 00:00:00,,,routine,2024-06-22 00:00:00,244.75,WO-0002521,pvc,reported_late
WMN-02897,2024-06-19 00:00:00,,,vegetation,2024-06-19 00:00:00,541.21,WO-0002522,steel,as_occurred
TLS-00524,2024-06-19 00:00:00,,,vegetation,2024-06-19 00:00:00,309.25,WO-0002523,steel_lattice,as_occurred
DSS-00348,2024-06-20 00:00:00,,,vegetation,2024-06-20 00:00:00,1411.27,WO-0002524,standard,as_occurred
LEGACY-096683,2024-06-20 00:00:00,,,routine,2024-06-20 00:00:00,294.03,WO-0002525,,as_occurred
TNK-02655,2024-06-20 00:00:00,,,inspection,2024-06-20 00:00:00,229.94,WO-0002526,standard,as_occurred
DSS-00187,2024-06-20 00:00:00,,,routine,2024-06-20 00:00:00,1239.59,WO-0002527,standard,as_occurred
TLS-01150,2024-06-20 00:00:00,,,inspection,2024-06-20 00:00:00,668.3,WO-0002528,steel_lattice,as_occurred
INT-03477,2024-06-20 00:00:00,,,inspection,2024-06-20 00:00:00,2312.33,WO-0002529,standard,as_occurred
TLS-00702,2024-06-21 00:00:00,,,routine,2024-06-21 00:00:00,340.13,WO-0002530,steel_monopole,as_occurred
WMN-03377,2024-06-21 00:00:00,,,routine,2024-06-21 00:00:00,911.16,WO-0002531,Poly Vinyl Chloride,as_occurred
WMN-03116,2024-06-21 00:00:00,,,routine,2024-06-21 00:00:00,987.03,WO-0002532,Poly Vinyl Chloride,as_occurred
DFR-01768,2024-06-21 00:00:00,,,inspection,2024-06-21 00:00:00,686.97,WO-0002533,wood_pole,as_occurred
TSS-00041,2024-06-21 00:00:00,,,inspection,2024-06-21 00:00:00,85.44,WO-0002534,standard,as_occurred
WMN-02790,2024-06-22 00:00:00,,,routine,2024-06-25 00:00:00,632.45,WO-0002535,ductile_iron,reported_late
TLS-01049,2024-06-22 00:00:00,,,inspection,2024-06-22 00:00:00,1657.61,WO-0002536,steel_lattice,as_occurred
DFR-01843,2024-06-22 00:00:00,,,routine,2024-06-22 00:00:00,953.35,WO-0002537,wood_pole,as_occurred
DSS-00273,2024-06-22 00:00:00,,,vegetation,2024-06-22 00:00:00,752.28,WO-0002538,standard,as_occurred
DFR-01786,2024-06-23 00:00:00,,,routine,2024-06-23 00:00:00,757.34,WO-0002539,composite_pole,as_occurred
WMN-03396,2024-06-23 00:00:00,,,vegetation,2024-06-26 00:00:00,1904.0,WO-0002540,CAST IRON,reported_late
WMN-02850,2024-06-23 00:00:00,,,vegetation,2024-06-23 00:00:00,279.13,WO-0002541,steel,as_occurred
RCL-02092,2024-06-23 00:00:00,,,routine,2024-06-23 00:00:00,745.22,WO-0002542,standard,as_occurred
WMN-03436,2024-06-24 00:00:00,,,routine,2024-06-24 00:00:00,2910.14,WO-0002543,pvc,as_occurred
WMN-02890,2024-06-24 00:00:00,,,routine,2024-06-24 00:00:00,1179.62,WO-0002544,ductile_iron,as_occurred
RCL-02168,2024-06-24 00:00:00,,,inspection,2024-06-24 00:00:00,531.52,WO-0002545,standard,as_occurred
TLS-00912,2024-06-24 00:00:00,,,routine,2024-06-24 00:00:00,634.26,WO-0002546,steel_lattice,as_occurred
WMN-03462,2024-06-24 00:00:00,,,vegetation,2024-06-24 00:00:00,1617.56,WO-0002547,ductile_iron,as_occurred
DFR-01592,2024-06-24 00:00:00,,,routine,2024-06-24 00:00:00,285.18,WO-0002548,timber,as_occurred
WMN-03451,2024-06-24 00:00:00,,,vegetation,2024-06-24 00:00:00,881.49,WO-0002549,CAST IRON,as_occurred
LEGACY-040272,2024-06-25 00:00:00,,,routine,2024-06-25 00:00:00,862.12,WO-0002550,,as_occurred
WMN-03186,2024-06-25 00:00:00,,,routine,2024-06-25 00:00:00,654.14,WO-0002551,PVC,as_occurred
WMN-02982,2024-06-25 00:00:00,,,routine,2024-06-25 00:00:00,658.5,WO-0002552,cast_iron,as_occurred
PMP-02478,2024-06-25 00:00:00,,,vegetation,2024-06-25 00:00:00,568.74,WO-0002553,standard,as_occurred
WMN-03254,2024-06-25 00:00:00,BASE-20240625-029,physical,corrective,2024-06-25 00:00:00,10245.94,WO-0002554,PVC,as_occurred
PMP-02238,2024-06-25 00:00:00,,,inspection,2024-06-25 00:00:00,514.68,WO-0002555,standard,as_occurred
DSS-00216,2024-06-25 06:00:00,BASE-20240625-029,physical,corrective,2024-06-25 06:00:00,17406.6,WO-0002556,standard,as_occurred
WMN-03191,2024-06-25 06:00:00,BASE-20240625-029,physical,corrective,2024-06-25 06:00:00,8987.38,WO-0002557,asbestos_cement,as_occurred
WMN-03237,2024-06-25 12:00:00,BASE-20240625-029,physical,corrective,2024-06-25 12:00:00,1418.0,WO-0002558,Asbestos Cement,as_occurred
DFR-01481,2024-06-25 12:00:00,BASE-20240625-029,physical,corrective,2024-06-25 12:00:00,2540.26,WO-0002559,Wood,as_occurred
WMN-03444,2024-06-25 12:00:00,BASE-20240625-029,physical,corrective,2024-06-25 12:00:00,579.01,WO-0002560,cast_iron,as_occurred
WMN-03454,2024-06-25 18:00:00,BASE-20240625-029,physical,corrective,2024-06-25 18:00:00,6196.76,WO-0002561,cast_iron,as_occurred
DSS-00391,2024-06-26 00:00:00,,,inspection,2024-06-26 00:00:00,433.33,WO-0002562,standard,as_occurred
DFR-01798,2024-06-26 00:00:00,,,inspection,2024-06-26 00:00:00,1252.53,WO-0002563,wood_pole,as_occurred
DFR-01864,2024-06-26 00:00:00,,,inspection,2024-06-26 00:00:00,917.24,WO-0002564,wood_pole,as_occurred
DSS-00341,2024-06-26 00:00:00,,,routine,2024-06-29 00:00:00,2868.31,WO-0002565,standard,reported_late
TLS-01044,2024-06-26 00:00:00,,,vegetation,2024-06-26 00:00:00,1063.54,WO-0002566,concrete,as_occurred
TLS-01254,2024-06-26 00:00:00,,,inspection,2024-06-26 00:00:00,646.48,WO-0002567,steel_lattice,as_occurred
LEGACY-011924,2024-06-26 00:00:00,,,routine,2024-06-26 00:00:00,745.31,WO-0002568,,as_occurred
TNK-02588,2024-06-26 00:00:00,,,routine,2024-06-26 00:00:00,663.98,WO-0002569,standard,as_occurred
DSS-00304,2024-06-27 00:00:00,,,routine,2024-06-27 00:00:00,235.48,WO-0002570,standard,as_occurred
RCL-02029,2024-06-27 00:00:00,,,inspection,2024-06-27 00:00:00,714.08,WO-0002571,standard,as_occurred
WMN-03350,2024-06-27 00:00:00,,,inspection,2024-06-27 00:00:00,170.77,WO-0002572,cast_iron,as_occurred
WMN-03444,2024-06-27 00:00:00,,,inspection,2024-06-27 00:00:00,370.41,WO-0002573,cast_iron,as_occurred
DFR-01932,2024-06-27 00:00:00,,,routine,2024-06-27 00:00:00,831.03,WO-0002574,wood_pole,as_occurred
PMP-02425,2024-06-27 00:00:00,,,inspection,2024-06-27 00:00:00,937.47,WO-0002575,standard,as_occurred
TLS-01230,2024-06-28 00:00:00,,,routine,2024-06-28 00:00:00,700.7,WO-0002576,steel_monopole,as_occurred
LEGACY-072309,2024-06-28 00:00:00,,,routine,2024-06-28 00:00:00,725.01,WO-0002577,,as_occurred
WMN-02842,2024-06-28 00:00:00,,,routine,2024-06-28 00:00:00,1574.08,WO-0002578,pvc,as_occurred
PMP-02371,2024-06-28 00:00:00,,,routine,2024-06-28 00:00:00,1715.83,WO-0002579,standard,as_occurred
WMN-03330,2024-06-28 00:00:00,,,vegetation,2024-07-01 00:00:00,238.68,WO-0002580,ductile_iron,reported_late
LEGACY-023851,2024-06-28 00:00:00,,,routine,2024-06-28 00:00:00,715.55,WO-0002581,,as_occurred
DFR-01497,2024-06-28 00:00:00,,,vegetation,2024-06-28 00:00:00,2230.95,WO-0002582,composite_pole,as_occurred
RCL-02160,2024-06-29 00:00:00,,,vegetation,2024-06-29 00:00:00,728.39,WO-0002583,standard,as_occurred
LEGACY-067550,2024-06-29 00:00:00,,,routine,2024-06-29 00:00:00,844.32,WO-0002584,,as_occurred
TLS-00767,2024-06-29 00:00:00,,,vegetation,2024-06-29 00:00:00,1190.47,WO-0002585,concrete,as_occurred
WMN-02685,2024-06-29 00:00:00,,,vegetation,2024-07-02 00:00:00,2056.66,WO-0002586,cast_iron,reported_late
TLS-01163,2024-06-29 00:00:00,,,routine,2024-06-29 00:00:00,537.7,WO-0002587,steel_monopole,as_occurred
DFR-01365,2024-06-30 00:00:00,,,routine,2024-06-30 00:00:00,894.4,WO-0002588,wood_pole,as_occurred
WMN-02700,2024-06-30 00:00:00,,,vegetation,2024-06-30 00:00:00,2824.51,WO-0002589,asbestos_cement,as_occurred
DFR-01702,2024-06-30 00:00:00,,,inspection,2024-06-30 00:00:00,796.65,WO-0002590,Wood,as_occurred
TNK-02573,2024-06-30 00:00:00,,,inspection,2024-06-30 00:00:00,300.49,WO-0002591,standard,as_occurred
DFR-01415,2024-06-30 00:00:00,,,inspection,2024-06-30 00:00:00,260.73,WO-0002592,concrete_pole,as_occurred
TLS-01150,2024-06-30 00:00:00,,,routine,2024-06-30 00:00:00,145.01,WO-0002593,steel_lattice,as_occurred
INT-03502,2024-06-30 00:00:00,,,inspection,2024-06-30 00:00:00,1671.73,WO-0002594,standard,as_occurred
DFR-01832,2024-06-30 00:00:00,,,routine,2024-06-30 00:00:00,1423.36,WO-0002595,wood_pole,as_occurred
DFR-01789,2024-06-30 00:00:00,,,routine,2024-06-30 00:00:00,1749.75,WO-0002596,WOOD POLE,as_occurred
WMN-02721,2024-06-30 00:00:00,,,vegetation,2024-06-30 00:00:00,287.49,WO-0002597,cast_iron,as_occurred
DFR-01677,2024-06-30 00:00:00,,,routine,2024-06-30 00:00:00,858.31,WO-0002598,wood_pole,as_occurred
TLS-01091,2024-07-01 00:00:00,,,routine,2024-07-01 00:00:00,431.17,WO-0002599,concrete,as_occurred
INT-03477,2024-07-01 00:00:00,,,vegetation,2024-07-01 00:00:00,513.08,WO-0002600,standard,as_occurred
DFR-01750,2024-07-01 00:00:00,,,routine,2024-07-01 00:00:00,405.23,WO-0002601,wood_pole,as_occurred
LEGACY-051633,2024-07-01 00:00:00,,,routine,2024-07-01 00:00:00,778.91,WO-0002602,,as_occurred
WMN-02939,2024-07-01 00:00:00,,,inspection,2024-07-01 00:00:00,233.53,WO-0002603,ductile_iron,as_occurred
TLS-00670,2024-07-01 00:00:00,,,inspection,2024-07-01 00:00:00,1454.73,WO-0002604,steel_lattice,as_occurred
LEGACY-037429,2024-07-01 00:00:00,,,routine,2024-07-01 00:00:00,671.99,WO-0002605,,as_occurred
RCL-02140,2024-07-02 00:00:00,,,inspection,2024-07-02 00:00:00,868.9,WO-0002606,standard,as_occurred
DFR-01846,2024-07-02 00:00:00,,,inspection,2024-07-02 00:00:00,382.19,WO-0002607,concrete_pole,as_occurred
WMN-02975,2024-07-02 00:00:00,,,routine,2024-07-02 00:00:00,1046.5,WO-0002608,pvc,as_occurred
PMP-02388,2024-07-03 00:00:00,,,routine,2024-07-03 00:00:00,226.65,WO-0002609,standard,as_occurred
INT-03482,2024-07-03 00:00:00,,,inspection,2024-07-03 00:00:00,388.46,WO-0002610,standard,as_occurred
TLS-00638,2024-07-03 00:00:00,,,inspection,2024-07-03 00:00:00,1122.18,WO-0002611,steel_lattice,as_occurred
DFR-01585,2024-07-03 00:00:00,,,routine,2024-07-03 00:00:00,1537.31,WO-0002612,composite_pole,as_occurred
TLS-01078,2024-07-03 00:00:00,,,vegetation,2024-07-03 00:00:00,1498.33,WO-0002613,steel_monopole,as_occurred
DSS-00084,2024-07-03 00:00:00,,,vegetation,2024-07-03 00:00:00,341.48,WO-0002614,standard,as_occurred
LEGACY-065614,2024-07-03 00:00:00,,,routine,2024-07-03 00:00:00,1756.4,WO-0002615,,as_occurred
RCL-02174,2024-07-03 00:00:00,,,routine,2024-07-03 00:00:00,1176.1,WO-0002616,standard,as_occurred
TNK-02674,2024-07-03 00:00:00,,,vegetation,2024-07-03 00:00:00,832.62,WO-0002617,standard,as_occurred
TLS-00452,2024-07-03 00:00:00,,,routine,2024-07-03 00:00:00,556.49,WO-0002618,steel_lattice,as_occurred
WMN-02685,2024-07-04 00:00:00,,,routine,2024-07-04 00:00:00,1332.98,WO-0002619,cast_iron,as_occurred
TLS-00867,2024-07-04 00:00:00,,,inspection,2024-07-04 00:00:00,309.59,WO-0002620,steel_lattice,as_occurred
DFR-01935,2024-07-04 00:00:00,,,vegetation,2024-07-04 00:00:00,655.87,WO-0002621,timber,as_occurred
PMP-02277,2024-07-05 00:00:00,,,routine,2024-07-05 00:00:00,613.83,WO-0002622,standard,as_occurred
TLS-01073,2024-07-05 00:00:00,,,routine,2024-07-05 00:00:00,840.39,WO-0002623,steel_lattice,as_occurred
DFR-01472,2024-07-05 00:00:00,,,routine,2024-07-05 00:00:00,396.03,WO-0002624,wood_pole,as_occurred
DFR-01460,2024-07-06 00:00:00,,,inspection,2024-07-06 00:00:00,1294.6,WO-0002625,composite_pole,as_occurred
TLS-00855,2024-07-06 00:00:00,,,inspection,2024-07-06 00:00:00,205.56,WO-0002626,concrete,as_occurred
DFR-01352,2024-07-06 00:00:00,,,routine,2024-07-06 00:00:00,379.23,WO-0002627,composite_pole,as_occurred
TLS-00924,2024-07-06 00:00:00,,,vegetation,2024-07-06 00:00:00,1062.47,WO-0002628,steel_lattice,as_occurred
TLS-00924,2024-07-06 00:00:00,,,routine,2024-07-06 00:00:00,1892.83,WO-0002629,steel_lattice,as_occurred
DFR-01890,2024-07-06 00:00:00,,,inspection,2024-07-06 00:00:00,999.26,WO-0002630,wood_pole,as_occurred
DFR-01882,2024-07-07 00:00:00,,,inspection,2024-07-07 00:00:00,1921.17,WO-0002631,wood_pole,as_occurred
PMP-02462,2024-07-07 00:00:00,,,routine,2024-07-07 00:00:00,2469.69,WO-0002632,standard,as_occurred
TNK-02632,2024-07-07 00:00:00,,,routine,2024-07-07 00:00:00,796.09,WO-0002633,standard,as_occurred
TNK-02586,2024-07-07 00:00:00,,,routine,2024-07-07 00:00:00,332.26,WO-0002634,standard,as_occurred
DFR-01449,2024-07-07 00:00:00,,,inspection,2024-07-07 00:00:00,334.27,WO-0002635,wood_pole,as_occurred
DSS-00295,2024-07-07 00:00:00,,,inspection,2024-07-07 00:00:00,340.12,WO-0002636,standard,as_occurred
TLS-01232,2024-07-08 00:00:00,,,vegetation,2024-07-11 00:00:00,721.87,WO-0002637,steel_lattice,reported_late
TLS-01142,2024-07-08 00:00:00,,,inspection,2024-07-08 00:00:00,359.01,WO-0002638,steel_lattice,as_occurred
DFR-01312,2024-07-08 00:00:00,,,routine,2024-07-08 00:00:00,1289.34,WO-0002639,underground,as_occurred
RCL-02075,2024-07-08 00:00:00,,,routine,2024-07-08 00:00:00,1233.07,WO-0002640,standard,as_occurred
PMP-02503,2024-07-08 00:00:00,,,vegetation,2024-07-08 00:00:00,622.08,WO-0002641,standard,as_occurred
WMN-03154,2024-07-08 00:00:00,BASE-20240708-020,physical,corrective,2024-07-08 00:00:00,5473.28,WO-0002642,C.I.,as_occurred
WMN-02905,2024-07-08 06:00:00,BASE-20240708-020,physical,corrective,2024-07-08 06:00:00,7608.43,WO-0002643,cast_iron,as_occurred
DSS-00240,2024-07-08 12:00:00,BASE-20240708-020,physical,corrective,2024-07-08 12:00:00,4492.88,WO-0002644,standard,as_occurred
DFR-01511,2024-07-08 18:00:00,BASE-20240708-020,physical,corrective,2024-07-08 18:00:00,17969.19,WO-0002645,Wood,as_occurred
WMN-02908,2024-07-09 00:00:00,,,vegetation,2024-07-09 00:00:00,444.1,WO-0002646,P.V.C.,as_occurred
RCL-02175,2024-07-09 00:00:00,,,inspection,2024-07-09 00:00:00,946.36,WO-0002647,standard,as_occurred
TLS-00718,2024-07-09 00:00:00,,,routine,2024-07-09 00:00:00,656.57,WO-0002648,steel_lattice,as_occurred
WMN-02997,2024-07-09 00:00:00,,,routine,2024-07-09 00:00:00,678.46,WO-0002649,ductile_iron,as_occurred
WMN-02736,2024-07-10 00:00:00,,,routine,2024-07-10 00:00:00,330.36,WO-0002650,cast_iron,as_occurred
DSS-00304,2024-07-10 00:00:00,,,inspection,2024-07-10 00:00:00,810.78,WO-0002651,standard,as_occurred
TLS-00684,2024-07-10 00:00:00,,,routine,2024-07-10 00:00:00,1004.87,WO-0002652,steel_lattice,as_occurred
DFR-01934,2024-07-10 00:00:00,,,inspection,2024-07-10 00:00:00,728.36,WO-0002653,concrete_pole,as_occurred
WMN-03063,2024-07-10 00:00:00,,,routine,2024-07-10 00:00:00,699.89,WO-0002654,PVC,as_occurred
WMN-03084,2024-07-10 00:00:00,,,vegetation,2024-07-10 00:00:00,1830.98,WO-0002655,DI,as_occurred
DSS-00145,2024-07-11 00:00:00,,,routine,2024-07-11 00:00:00,557.59,WO-0002656,standard,as_occurred
WMN-03228,2024-07-11 00:00:00,,,routine,2024-07-11 00:00:00,206.79,WO-0002657,cast_iron,as_occurred
WMN-02957,2024-07-11 00:00:00,,,routine,2024-07-11 00:00:00,507.94,WO-0002658,ductile_iron,as_occurred
RCL-02200,2024-07-11 06:00:00,BASE-20240711-026,physical,corrective,2024-07-11 06:00:00,2580.86,WO-0002659,standard,as_occurred
RCL-02104,2024-07-11 18:00:00,BASE-20240711-026,physical,corrective,2024-07-11 18:00:00,4912.01,WO-0002660,standard,as_occurred
DFR-01766,2024-07-12 00:00:00,,,routine,2024-07-12 00:00:00,919.32,WO-0002661,Wood Pole,as_occurred
WMN-03403,2024-07-12 00:00:00,,,vegetation,2024-07-12 00:00:00,1691.76,WO-0002662,DI,as_occurred
DSS-00198,2024-07-12 00:00:00,,,vegetation,2024-07-12 00:00:00,531.75,WO-0002663,standard,as_occurred
TLS-01014,2024-07-12 00:00:00,,,inspection,2024-07-12 00:00:00,1161.3,WO-0002664,steel_lattice,as_occurred
PMP-02287,2024-07-13 00:00:00,,,inspection,2024-07-13 00:00:00,1006.92,WO-0002665,standard,as_occurred
TLS-01173,2024-07-13 00:00:00,,,vegetation,2024-07-13 00:00:00,1234.4,WO-0002666,steel_monopole,as_occurred
PMP-02264,2024-07-13 00:00:00,,,routine,2024-07-13 00:00:00,567.31,WO-0002667,standard,as_occurred
PMP-02476,2024-07-13 00:00:00,,,routine,2024-07-13 00:00:00,1457.35,WO-0002668,standard,as_occurred
DFR-01610,2024-07-13 00:00:00,,,inspection,2024-07-13 00:00:00,1137.83,WO-0002669,wood_pole,as_occurred
DFR-01951,2024-07-13 00:00:00,,,routine,2024-07-16 00:00:00,475.09,WO-0002670,concrete_pole,reported_late
RCL-02071,2024-07-14 00:00:00,,,inspection,2024-07-14 00:00:00,975.42,WO-0002671,standard,as_occurred
WMN-03221,2024-07-14 00:00:00,,,routine,2024-07-14 00:00:00,1321.26,WO-0002672,pvc,as_occurred
WMN-03462,2024-07-14 00:00:00,,,inspection,2024-07-14 00:00:00,686.5,WO-0002673,ductile-iron,as_occurred
DSS-00370,2024-07-14 00:00:00,,,routine,2024-07-14 00:00:00,388.13,WO-0002674,standard,as_occurred
TLS-00758,2024-07-14 00:00:00,,,vegetation,2024-07-14 00:00:00,420.84,WO-0002675,steel_lattice,as_occurred
TLS-00995,2024-07-14 00:00:00,,,routine,2024-07-14 00:00:00,1147.91,WO-0002676,steel_lattice,as_occurred
WMN-02680,2024-07-14 00:00:00,,,routine,2024-07-14 00:00:00,766.12,WO-0002677,D.I.,as_occurred
RCL-02065,2024-07-15 00:00:00,,,routine,2024-07-15 00:00:00,831.93,WO-0002678,standard,as_occurred
DFR-01549,2024-07-15 00:00:00,,,vegetation,2024-07-15 00:00:00,1001.62,WO-0002679,wood_pole,as_occurred
TLS-00702,2024-07-15 00:00:00,,,vegetation,2024-07-15 00:00:00,314.29,WO-0002680,steel_monopole,as_occurred
LEGACY-042168,2024-07-15 00:00:00,,,vegetation,2024-07-15 00:00:00,516.85,WO-0002681,,as_occurred
TLS-01085,2024-07-15 00:00:00,,,vegetation,2024-07-15 00:00:00,1957.3,WO-0002682,concrete,as_occurred
RCL-02122,2024-07-15 00:00:00,,,inspection,2024-07-15 00:00:00,473.73,WO-0002683,standard,as_occurred
RCL-02069,2024-07-15 00:00:00,,,inspection,2024-07-15 00:00:00,806.9,WO-0002684,standard,as_occurred
TNK-02563,2024-07-15 00:00:00,,,vegetation,2024-07-15 00:00:00,658.39,WO-0002685,standard,as_occurred
TLS-01079,2024-07-16 00:00:00,,,routine,2024-07-16 00:00:00,3170.09,WO-0002686,steel_monopole,as_occurred
DSS-00063,2024-07-16 00:00:00,,,vegetation,2024-07-16 00:00:00,426.78,WO-0002687,standard,as_occurred
WMN-03473,2024-07-16 00:00:00,,,routine,2024-07-16 00:00:00,401.43,WO-0002688,asbestos_cement,as_occurred
DSS-00297,2024-07-16 00:00:00,,,routine,2024-07-16 00:00:00,991.07,WO-0002689,standard,as_occurred
WMN-02816,2024-07-16 00:00:00,,,vegetation,2024-07-16 00:00:00,699.23,WO-0002690,ductile_iron,as_occurred
TLS-01094,2024-07-16 00:00:00,,,routine,2024-07-16 00:00:00,2021.45,WO-0002691,steel_monopole,as_occurred
DSS-00239,2024-07-16 00:00:00,,,routine,2024-07-16 00:00:00,799.61,WO-0002692,standard,as_occurred
DFR-01705,2024-07-16 00:00:00,,,routine,2024-07-16 00:00:00,949.22,WO-0002693,concrete_pole,as_occurred
TLS-00652,2024-07-17 00:00:00,,,inspection,2024-07-17 00:00:00,385.71,WO-0002694,concrete,as_occurred
RCL-02045,2024-07-17 00:00:00,,,routine,2024-07-17 00:00:00,2147.57,WO-0002695,standard,as_occurred
TLS-01175,2024-07-17 00:00:00,,,routine,2024-07-17 00:00:00,1526.46,WO-0002696,steel_monopole,as_occurred
WMN-03019,2024-07-17 00:00:00,,,inspection,2024-07-17 00:00:00,1327.4,WO-0002697,D.I.,as_occurred
DFR-01323,2024-07-17 00:00:00,,,inspection,2024-07-17 00:00:00,840.15,WO-0002698,underground,as_occurred
PMP-02284,2024-07-18 00:00:00,,,routine,2024-07-18 00:00:00,1081.81,WO-0002699,standard,as_occurred
WMN-03043,2024-07-18 00:00:00,,,inspection,2024-07-18 00:00:00,444.47,WO-0002700,ductile_iron,as_occurred
DFR-01693,2024-07-18 00:00:00,,,vegetation,2024-07-18 00:00:00,1298.45,WO-0002701,wood_pole,as_occurred
DSS-00333,2024-07-18 00:00:00,,,vegetation,2024-07-18 00:00:00,1370.76,WO-0002702,standard,as_occurred
WMN-03460,2024-07-18 00:00:00,,,routine,2024-07-18 00:00:00,402.11,WO-0002703,ductile_iron,as_occurred
LEGACY-077199,2024-07-19 00:00:00,,,routine,2024-07-19 00:00:00,854.75,WO-0002704,,as_occurred
INT-03507,2024-07-19 00:00:00,,,inspection,2024-07-19 00:00:00,631.54,WO-0002705,standard,as_occurred
DFR-01479,2024-07-19 00:00:00,,,inspection,2024-07-19 00:00:00,251.26,WO-0002706,underground,as_occurred
WMN-03449,2024-07-19 00:00:00,,,vegetation,2024-07-19 00:00:00,499.66,WO-0002707,ductile_iron,as_occurred
WMN-02837,2024-07-19 00:00:00,,,routine,2024-07-19 00:00:00,394.01,WO-0002708,ductile_iron,as_occurred
TLS-00561,2024-07-19 00:00:00,,,inspection,2024-07-19 00:00:00,944.2,WO-0002709,steel_lattice,as_occurred
TLS-00412,2024-07-20 00:00:00,,,routine,2024-07-20 00:00:00,632.94,WO-0002710,steel_lattice,as_occurred
WMN-02759,2024-07-20 00:00:00,,,inspection,2024-07-20 00:00:00,839.21,WO-0002711,DI,as_occurred
TNK-02656,2024-07-20 00:00:00,,,vegetation,2024-07-20 00:00:00,292.91,WO-0002712,standard,as_occurred
WMN-02807,2024-07-20 00:00:00,,,inspection,2024-07-20 00:00:00,1190.44,WO-0002713,cast_iron,as_occurred
WMN-03114,2024-07-20 00:00:00,,,routine,2024-07-20 00:00:00,933.06,WO-0002714,C.I.,as_occurred
DSS-00155,2024-07-21 00:00:00,,,routine,2024-07-21 00:00:00,569.44,WO-0002715,standard,as_occurred
TLS-00947,2024-07-21 00:00:00,,,routine,2024-07-21 00:00:00,1272.69,WO-0002716,steel_lattice,as_occurred
DSS-00283,2024-07-21 00:00:00,,,inspection,2024-07-21 00:00:00,1235.19,WO-0002717,standard,as_occurred
DSS-00180,2024-07-21 00:00:00,,,vegetation,2024-07-21 00:00:00,468.35,WO-0002718,standard,as_occurred
DFR-01970,2024-07-21 00:00:00,,,routine,2024-07-24 00:00:00,204.18,WO-0002719,wood_pole,reported_late
TLS-00472,2024-07-21 00:00:00,,,inspection,2024-07-21 00:00:00,263.93,WO-0002720,steel_lattice,as_occurred
PMP-02506,2024-07-22 00:00:00,,,vegetation,2024-07-22 00:00:00,2135.95,WO-0002721,standard,as_occurred
DFR-01651,2024-07-22 00:00:00,,,routine,2024-07-22 00:00:00,369.68,WO-0002722,wood_pole,as_occurred
WMN-03314,2024-07-22 00:00:00,,,inspection,2024-07-22 00:00:00,655.7,WO-0002723,cast_iron,as_occurred
DSS-00297,2024-07-23 00:00:00,,,routine,2024-07-23 00:00:00,666.95,WO-0002724,standard,as_occurred
TLS-00598,2024-07-23 00:00:00,,,vegetation,2024-07-23 00:00:00,208.01,WO-0002725,steel_lattice,as_occurred
WMN-02733,2024-07-23 00:00:00,,,vegetation,2024-07-23 00:00:00,1860.86,WO-0002726,D.I.,as_occurred
TLS-00492,2024-07-23 00:00:00,,,inspection,2024-07-23 00:00:00,344.87,WO-0002727,steel_lattice,as_occurred
TLS-00664,2024-07-23 00:00:00,,,inspection,2024-07-23 00:00:00,290.39,WO-0002728,steel_lattice,as_occurred
DSS-00357,2024-07-24 00:00:00,,,routine,2024-07-24 00:00:00,921.36,WO-0002729,standard,as_occurred
DFR-01344,2024-07-24 00:00:00,,,routine,2024-07-24 00:00:00,2292.02,WO-0002730,wood_pole,as_occurred
RCL-02204,2024-07-24 00:00:00,,,routine,2024-07-24 00:00:00,439.6,WO-0002731,standard,as_occurred
LEGACY-080950,2024-07-24 00:00:00,,,routine,2024-07-24 00:00:00,508.71,WO-0002732,,as_occurred
DSS-00391,2024-07-25 00:00:00,,,routine,2024-07-25 00:00:00,694.2,WO-0002733,standard,as_occurred
TLS-01273,2024-07-25 00:00:00,,,routine,2024-07-25 00:00:00,1119.74,WO-0002734,steel_monopole,as_occurred
DFR-01630,2024-07-25 00:00:00,,,inspection,2024-07-25 00:00:00,469.53,WO-0002735,Wood Pole,as_occurred
WMN-02876,2024-07-25 00:00:00,,,routine,2024-07-25 00:00:00,431.18,WO-0002736,pvc,as_occurred
LEGACY-059215,2024-07-25 00:00:00,,,routine,2024-07-28 00:00:00,2005.12,WO-0002737,,reported_late
DSS-00228,2024-07-25 00:00:00,,,inspection,2024-07-25 00:00:00,301.55,WO-0002738,standard,as_occurred
WMN-03358,2024-07-26 00:00:00,,,routine,2024-07-26 00:00:00,1905.53,WO-0002739,D.I.,as_occurred
TNK-02569,2024-07-26 00:00:00,,,inspection,2024-07-26 00:00:00,516.51,WO-0002740,standard,as_occurred
DFR-01404,2024-07-26 00:00:00,,,routine,2024-07-29 00:00:00,745.75,WO-0002741,composite_pole,reported_late
LEGACY-006719,2024-07-26 00:00:00,,,inspection,2024-07-26 00:00:00,741.96,WO-0002742,,as_occurred
DFR-01569,2024-07-26 00:00:00,,,vegetation,2024-07-26 00:00:00,770.82,WO-0002743,Wood Pole,as_occurred
TLS-00434,2024-07-27 00:00:00,,,vegetation,2024-07-30 00:00:00,842.52,WO-0002744,steel_monopole,reported_late
WMN-03097,2024-07-27 00:00:00,,,routine,2024-07-27 00:00:00,792.52,WO-0002745,cast_iron,as_occurred
TLS-00650,2024-07-27 00:00:00,,,routine,2024-07-27 00:00:00,2735.42,WO-0002746,steel_lattice,as_occurred
DFR-01846,2024-07-27 00:00:00,,,routine,2024-07-27 00:00:00,921.16,WO-0002747,concrete_pole,as_occurred
WMN-03171,2024-07-27 00:00:00,,,routine,2024-07-27 00:00:00,2015.13,WO-0002748,ductile-iron,as_occurred
TLS-01132,2024-07-27 00:00:00,,,routine,2024-07-27 00:00:00,228.97,WO-0002749,steel_lattice,as_occurred
WMN-03255,2024-07-28 00:00:00,,,vegetation,2024-07-31 00:00:00,1610.28,WO-0002750,P.V.C.,reported_late
DFR-01512,2024-07-28 00:00:00,,,inspection,2024-07-28 00:00:00,1492.11,WO-0002751,Wood Pole,as_occurred
DSS-00312,2024-07-29 00:00:00,,,inspection,2024-07-29 00:00:00,349.48,WO-0002752,standard,as_occurred
TLS-00564,2024-07-29 00:00:00,,,inspection,2024-07-29 00:00:00,1796.94,WO-0002753,steel_monopole,as_occurred
WMN-03181,2024-07-29 00:00:00,,,routine,2024-07-29 00:00:00,819.7,WO-0002754,ductile_iron,as_occurred
WMN-03318,2024-07-29 00:00:00,,,routine,2024-07-29 00:00:00,1812.6,WO-0002755,Ductile Iron,as_occurred
DFR-01594,2024-07-29 00:00:00,,,routine,2024-07-29 00:00:00,861.04,WO-0002756,wood_pole,as_occurred
TLS-00471,2024-07-29 00:00:00,,,routine,2024-07-29 00:00:00,1180.11,WO-0002757,steel_lattice,as_occurred
TNK-02559,2024-07-29 00:00:00,,,routine,2024-07-29 00:00:00,688.27,WO-0002758,standard,as_occurred
TLS-00723,2024-07-29 00:00:00,,,routine,2024-07-29 00:00:00,809.81,WO-0002759,steel_lattice,as_occurred
TLS-00886,2024-07-30 00:00:00,,,vegetation,2024-07-30 00:00:00,959.32,WO-0002760,steel_lattice,as_occurred
DSS-00088,2024-07-30 00:00:00,,,inspection,2024-07-30 00:00:00,1167.45,WO-0002761,standard,as_occurred
WMN-03185,2024-07-30 00:00:00,,,routine,2024-08-02 00:00:00,578.94,WO-0002762,pvc,reported_late
TLS-01137,2024-07-30 00:00:00,,,inspection,2024-07-30 00:00:00,694.5,WO-0002763,steel_lattice,as_occurred
LEGACY-008783,2024-07-30 00:00:00,,,inspection,2024-07-30 00:00:00,634.54,WO-0002764,,as_occurred
LEGACY-056849,2024-07-30 00:00:00,,,routine,2024-07-30 00:00:00,288.38,WO-0002765,,as_occurred
TLS-00658,2024-07-31 00:00:00,,,vegetation,2024-08-03 00:00:00,1257.7,WO-0002766,steel_lattice,reported_late
TLS-00529,2024-07-31 00:00:00,,,inspection,2024-07-31 00:00:00,341.87,WO-0002767,steel_monopole,as_occurred
TLS-00532,2024-07-31 00:00:00,,,inspection,2024-07-31 00:00:00,155.82,WO-0002768,steel_monopole,as_occurred
WMN-03281,2024-07-31 00:00:00,,,inspection,2024-07-31 00:00:00,627.51,WO-0002769,ductile_iron,as_occurred
DFR-01892,2024-07-31 00:00:00,,,inspection,2024-07-31 00:00:00,456.1,WO-0002770,wood_pole,as_occurred
RCL-02128,2024-07-31 00:00:00,,,routine,2024-07-31 00:00:00,915.76,WO-0002771,standard,as_occurred
DFR-01922,2024-08-01 00:00:00,,,inspection,2024-08-01 00:00:00,938.52,WO-0002772,Wood,as_occurred
RCL-02037,2024-08-01 00:00:00,,,routine,2024-08-01 00:00:00,633.9,WO-0002773,standard,as_occurred
DFR-01525,2024-08-01 00:00:00,,,vegetation,2024-08-01 00:00:00,1437.7,WO-0002774,wood_pole,as_occurred
DFR-01335,2024-08-02 00:00:00,,,inspection,2024-08-02 00:00:00,261.3,WO-0002775,underground,as_occurred
DSS-00262,2024-08-02 00:00:00,,,routine,2024-08-02 00:00:00,624.73,WO-0002776,standard,as_occurred
DFR-01319,2024-08-02 00:00:00,,,routine,2024-08-02 00:00:00,1536.09,WO-0002777,wood_pole,as_occurred
DFR-01378,2024-08-03 00:00:00,,,routine,2024-08-03 00:00:00,2014.68,WO-0002778,wood_pole,as_occurred
TLS-00541,2024-08-03 00:00:00,,,routine,2024-08-06 00:00:00,353.04,WO-0002779,steel_monopole,reported_late
TLS-00648,2024-08-03 00:00:00,,,routine,2024-08-03 00:00:00,535.29,WO-0002780,steel_monopole,as_occurred
WMN-03352,2024-08-03 00:00:00,,,routine,2024-08-03 00:00:00,831.62,WO-0002781,DI,as_occurred
INT-03479,2024-08-03 00:00:00,,,routine,2024-08-03 00:00:00,3479.62,WO-0002782,standard,as_occurred
PMP-02392,2024-08-03 00:00:00,,,inspection,2024-08-03 00:00:00,295.88,WO-0002783,standard,as_occurred
WMN-03189,2024-08-03 00:00:00,,,inspection,2024-08-03 00:00:00,983.94,WO-0002784,ductile_iron,as_occurred
TLS-00688,2024-08-05 00:00:00,,,inspection,2024-08-05 00:00:00,437.66,WO-0002785,steel_lattice,as_occurred
WMN-03319,2024-08-05 00:00:00,,,routine,2024-08-05 00:00:00,2787.21,WO-0002786,Asbestos Cement,as_occurred
TNK-02565,2024-08-05 00:00:00,,,vegetation,2024-08-05 00:00:00,831.52,WO-0002787,standard,as_occurred
TLS-00899,2024-08-05 00:00:00,,,inspection,2024-08-05 00:00:00,655.51,WO-0002788,concrete,as_occurred
WMN-03464,2024-08-05 00:00:00,,,routine,2024-08-05 00:00:00,1733.72,WO-0002789,cast_iron,as_occurred
TNK-02586,2024-08-05 00:00:00,,,inspection,2024-08-05 00:00:00,657.21,WO-0002790,standard,as_occurred
DSS-00281,2024-08-05 00:00:00,,,routine,2024-08-05 00:00:00,1454.22,WO-0002791,standard,as_occurred
DFR-01514,2024-08-05 00:00:00,,,vegetation,2024-08-05 00:00:00,864.2,WO-0002792,wood_pole,as_occurred
WMN-03332,2024-08-05 00:00:00,,,routine,2024-08-08 00:00:00,536.8,WO-0002793,cast_iron,reported_late
RCL-02024,2024-08-05 00:00:00,,,inspection,2024-08-05 00:00:00,409.66,WO-0002794,standard,as_occurred
DFR-01540,2024-08-06 00:00:00,,,routine,2024-08-06 00:00:00,862.96,WO-0002795,concrete_pole,as_occurred
LEGACY-020559,2024-08-06 00:00:00,,,inspection,2024-08-06 00:00:00,1072.25,WO-0002796,,as_occurred
WMN-03377,2024-08-06 00:00:00,,,inspection,2024-08-06 00:00:00,739.13,WO-0002797,pvc,as_occurred
WMN-03244,2024-08-07 00:00:00,,,routine,2024-08-07 00:00:00,556.57,WO-0002798,Poly Vinyl Chloride,as_occurred
DFR-02004,2024-08-07 00:00:00,,,inspection,2024-08-07 00:00:00,729.63,WO-0002799,timber,as_occurred
DFR-01854,2024-08-07 00:00:00,,,vegetation,2024-08-07 00:00:00,711.25,WO-0002800,wood_pole,as_occurred
WMN-03144,2024-08-08 00:00:00,,,routine,2024-08-11 00:00:00,1807.77,WO-0002801,DI,reported_late
DFR-01321,2024-08-08 00:00:00,,,routine,2024-08-08 00:00:00,1078.78,WO-0002802,wood_pole,as_occurred
PMP-02361,2024-08-08 00:00:00,,,inspection,2024-08-08 00:00:00,1414.54,WO-0002803,standard,as_occurred
DSS-00111,2024-08-08 00:00:00,,,vegetation,2024-08-08 00:00:00,1484.57,WO-0002804,standard,as_occurred
TSS-00044,2024-08-09 00:00:00,,,routine,2024-08-09 00:00:00,1152.48,WO-0002805,standard,as_occurred
WMN-02850,2024-08-09 00:00:00,,,vegetation,2024-08-09 00:00:00,815.34,WO-0002806,steel,as_occurred
PMP-02372,2024-08-09 00:00:00,,,inspection,2024-08-09 00:00:00,560.37,WO-0002807,standard,as_occurred
DFR-01943,2024-08-09 00:00:00,,,routine,2024-08-12 00:00:00,218.65,WO-0002808,concrete_pole,reported_late
TLS-00769,2024-08-09 00:00:00,,,routine,2024-08-09 00:00:00,443.65,WO-0002809,steel_lattice,as_occurred
DFR-01903,2024-08-10 00:00:00,,,routine,2024-08-10 00:00:00,756.83,WO-0002810,wood_pole,as_occurred
DFR-01837,2024-08-10 00:00:00,,,routine,2024-08-10 00:00:00,333.0,WO-0002811,composite_pole,as_occurred
WMN-02900,2024-08-10 00:00:00,,,inspection,2024-08-10 00:00:00,1548.94,WO-0002812,pvc,as_occurred
PMP-02444,2024-08-10 00:00:00,,,inspection,2024-08-10 00:00:00,271.76,WO-0002813,standard,as_occurred
DFR-01544,2024-08-11 00:00:00,,,inspection,2024-08-11 00:00:00,506.68,WO-0002814,Wood Pole,as_occurred
WMN-03195,2024-08-11 00:00:00,,,inspection,2024-08-11 00:00:00,566.74,WO-0002815,pvc,as_occurred
WMN-03237,2024-08-11 00:00:00,,,routine,2024-08-11 00:00:00,1451.2,WO-0002816,asbestos_cement,as_occurred
DFR-01576,2024-08-11 00:00:00,,,inspection,2024-08-11 00:00:00,633.9,WO-0002817,concrete_pole,as_occurred
TLS-00585,2024-08-11 00:00:00,,,inspection,2024-08-11 00:00:00,926.47,WO-0002818,steel_monopole,as_occurred
DFR-01870,2024-08-12 00:00:00,,,vegetation,2024-08-12 00:00:00,975.58,WO-0002819,wood_pole,as_occurred
LEGACY-099208,2024-08-12 00:00:00,,,routine,2024-08-12 00:00:00,221.93,WO-0002820,,as_occurred
WMN-02755,2024-08-12 00:00:00,,,inspection,2024-08-12 00:00:00,1075.96,WO-0002821,DI,as_occurred
DFR-01460,2024-08-12 00:00:00,,,routine,2024-08-12 00:00:00,842.04,WO-0002822,composite_pole,as_occurred
WMN-02908,2024-08-12 00:00:00,,,inspection,2024-08-12 00:00:00,890.12,WO-0002823,pvc,as_occurred
TLS-01090,2024-08-12 00:00:00,,,vegetation,2024-08-12 00:00:00,833.52,WO-0002824,steel_lattice,as_occurred
DSS-00086,2024-08-13 00:00:00,,,inspection,2024-08-13 00:00:00,601.28,WO-0002825,standard,as_occurred
TNK-02597,2024-08-13 00:00:00,,,routine,2024-08-13 00:00:00,1424.05,WO-0002826,standard,as_occurred
DFR-01526,2024-08-13 00:00:00,,,routine,2024-08-13 00:00:00,3035.53,WO-0002827,composite_pole,as_occurred
DFR-01662,2024-08-13 00:00:00,,,routine,2024-08-13 00:00:00,356.13,WO-0002828,underground,as_occurred
DFR-01750,2024-08-13 00:00:00,,,inspection,2024-08-13 00:00:00,711.72,WO-0002829,wood_pole,as_occurred
TSS-00014,2024-08-13 00:00:00,,,inspection,2024-08-13 00:00:00,964.28,WO-0002830,standard,as_occurred
TLS-01177,2024-08-13 00:00:00,,,vegetation,2024-08-16 00:00:00,1638.98,WO-0002831,steel_monopole,reported_late
TLS-00674,2024-08-14 00:00:00,,,vegetation,2024-08-14 00:00:00,1370.77,WO-0002832,steel_lattice,as_occurred
DSS-00235,2024-08-14 00:00:00,,,routine,2024-08-14 00:00:00,983.5,WO-0002833,standard,as_occurred
WMN-02901,2024-08-14 00:00:00,,,inspection,2024-08-14 00:00:00,582.1,WO-0002834,CI,as_occurred
DSS-00242,2024-08-14 00:00:00,,,routine,2024-08-14 00:00:00,521.84,WO-0002835,standard,as_occurred
RCL-02128,2024-08-15 00:00:00,,,inspection,2024-08-15 00:00:00,452.77,WO-0002836,standard,as_occurred
DFR-01757,2024-08-15 00:00:00,,,inspection,2024-08-15 00:00:00,1841.67,WO-0002837,composite_pole,as_occurred
TLS-00829,2024-08-15 00:00:00,,,routine,2024-08-15 00:00:00,753.89,WO-0002838,steel_lattice,as_occurred
PMP-02488,2024-08-15 00:00:00,,,routine,2024-08-15 00:00:00,335.62,WO-0002839,standard,as_occurred
TNK-02643,2024-08-15 00:00:00,,,inspection,2024-08-15 00:00:00,483.72,WO-0002840,standard,as_occurred
TLS-01088,2024-08-16 00:00:00,,,inspection,2024-08-16 00:00:00,792.3,WO-0002841,steel_lattice,as_occurred
DFR-01718,2024-08-16 00:00:00,,,inspection,2024-08-16 00:00:00,1678.24,WO-0002842,wood_pole,as_occurred
WMN-03114,2024-08-16 00:00:00,,,routine,2024-08-16 00:00:00,920.51,WO-0002843,CAST IRON,as_occurred
TLS-01291,2024-08-16 00:00:00,,,routine,2024-08-16 00:00:00,322.99,WO-0002844,steel_lattice,as_occurred
INT-03497,2024-08-16 00:00:00,,,routine,2024-08-16 00:00:00,859.48,WO-0002845,standard,as_occurred
DFR-01954,2024-08-16 00:00:00,,,inspection,2024-08-16 00:00:00,3920.03,WO-0002846,wood_pole,as_occurred
TLS-01176,2024-08-16 00:00:00,,,inspection,2024-08-19 00:00:00,1587.59,WO-0002847,concrete,reported_late
PMP-02481,2024-08-16 00:00:00,,,vegetation,2024-08-16 00:00:00,595.57,WO-0002848,standard,as_occurred
DSS-00100,2024-08-17 00:00:00,,,vegetation,2024-08-17 00:00:00,1049.62,WO-0002849,standard,as_occurred
PMP-02479,2024-08-17 06:00:00,BASE-20240817-083,physical,corrective,2024-08-17 06:00:00,4293.07,WO-0002850,standard,as_occurred
WMN-02949,2024-08-17 06:00:00,BASE-20240817-083,physical,corrective,2024-08-17 06:00:00,3360.21,WO-0002851,cast_iron,as_occurred
LEGACY-099850,2024-08-17 06:00:00,BASE-20240817-083,physical,corrective,2024-08-17 06:00:00,2637.48,WO-0002852,,as_occurred
WMN-02815,2024-08-17 12:00:00,BASE-20240817-083,physical,corrective,2024-08-17 12:00:00,9425.69,WO-0002853,cast_iron,as_occurred
PMP-02430,2024-08-17 12:00:00,BASE-20240817-083,physical,corrective,2024-08-17 12:00:00,17647.22,WO-0002854,standard,as_occurred
WMN-02789,2024-08-17 18:00:00,BASE-20240817-083,physical,corrective,2024-08-17 18:00:00,5340.95,WO-0002855,cast_iron,as_occurred
WMN-03125,2024-08-19 00:00:00,,,routine,2024-08-22 00:00:00,2197.74,WO-0002856,CI,reported_late
WMN-03124,2024-08-19 00:00:00,,,routine,2024-08-19 00:00:00,676.52,WO-0002857,cast_iron,as_occurred
PMP-02233,2024-08-19 00:00:00,,,routine,2024-08-19 00:00:00,831.15,WO-0002858,standard,as_occurred
WMN-02731,2024-08-19 00:00:00,,,routine,2024-08-19 00:00:00,1335.14,WO-0002859,asbestos-cement,as_occurred
DFR-01380,2024-08-20 00:00:00,,,routine,2024-08-20 00:00:00,931.03,WO-0002860,underground,as_occurred
TLS-01014,2024-08-20 00:00:00,,,inspection,2024-08-20 00:00:00,1201.35,WO-0002861,steel_lattice,as_occurred
TLS-00847,2024-08-20 00:00:00,,,routine,2024-08-20 00:00:00,893.71,WO-0002862,steel_monopole,as_occurred
DFR-01946,2024-08-20 00:00:00,,,inspection,2024-08-20 00:00:00,1190.91,WO-0002863,Wood,as_occurred
DSS-00267,2024-08-20 00:00:00,,,vegetation,2024-08-20 00:00:00,839.94,WO-0002864,standard,as_occurred
WMN-02826,2024-08-20 00:00:00,,,vegetation,2024-08-20 00:00:00,847.76,WO-0002865,ductile_iron,as_occurred
TLS-01175,2024-08-21 00:00:00,,,routine,2024-08-21 00:00:00,334.16,WO-0002866,steel_monopole,as_occurred
WMN-03127,2024-08-21 00:00:00,,,inspection,2024-08-21 00:00:00,679.59,WO-0002867,ductile_iron,as_occurred
WMN-02919,2024-08-21 00:00:00,,,routine,2024-08-21 00:00:00,819.01,WO-0002868,ductile_iron,as_occurred
DFR-01912,2024-08-21 00:00:00,,,inspection,2024-08-21 00:00:00,322.63,WO-0002869,wood_pole,as_occurred
TLS-00528,2024-08-22 00:00:00,,,routine,2024-08-22 00:00:00,1820.69,WO-0002870,steel_lattice,as_occurred
DFR-01820,2024-08-22 00:00:00,,,vegetation,2024-08-22 00:00:00,105.26,WO-0002871,wood_pole,as_occurred
TSS-00049,2024-08-22 00:00:00,,,routine,2024-08-22 00:00:00,850.74,WO-0002872,standard,as_occurred
DFR-01674,2024-08-22 00:00:00,,,inspection,2024-08-22 00:00:00,465.13,WO-0002873,wood_pole,as_occurred
TLS-00630,2024-08-23 00:00:00,,,vegetation,2024-08-23 00:00:00,362.69,WO-0002874,steel_monopole,as_occurred
TLS-00720,2024-08-23 00:00:00,,,inspection,2024-08-26 00:00:00,994.33,WO-0002875,steel_monopole,reported_late
DSS-00125,2024-08-24 00:00:00,,,vegetation,2024-08-24 00:00:00,603.56,WO-0002876,standard,as_occurred
LEGACY-043028,2024-08-24 00:00:00,,,vegetation,2024-08-24 00:00:00,900.18,WO-0002877,,as_occurred
RCL-02079,2024-08-24 00:00:00,,,inspection,2024-08-24 00:00:00,492.45,WO-0002878,standard,as_occurred
TNK-02661,2024-08-24 00:00:00,,,inspection,2024-08-24 00:00:00,285.64,WO-0002879,standard,as_occurred
DSS-00184,2024-08-24 00:00:00,,,routine,2024-08-24 00:00:00,713.15,WO-0002880,standard,as_occurred
DSS-00074,2024-08-24 00:00:00,,,vegetation,2024-08-24 00:00:00,546.16,WO-0002881,standard,as_occurred
INT-03492,2024-08-24 00:00:00,,,vegetation,2024-08-24 00:00:00,1865.35,WO-0002882,standard,as_occurred
TNK-02647,2024-08-24 00:00:00,,,routine,2024-08-24 00:00:00,580.25,WO-0002883,standard,as_occurred
LEGACY-004248,2024-08-24 00:00:00,,,routine,2024-08-24 00:00:00,1815.79,WO-0002884,,as_occurred
TLS-00827,2024-08-24 00:00:00,,,inspection,2024-08-24 00:00:00,1603.61,WO-0002885,steel_lattice,as_occurred
TLS-00972,2024-08-24 00:00:00,,,inspection,2024-08-24 00:00:00,680.2,WO-0002886,steel_lattice,as_occurred
TLS-00593,2024-08-25 00:00:00,,,inspection,2024-08-25 00:00:00,583.73,WO-0002887,steel_lattice,as_occurred
TLS-00565,2024-08-25 00:00:00,,,routine,2024-08-25 00:00:00,370.72,WO-0002888,steel_monopole,as_occurred
TLS-01192,2024-08-25 00:00:00,,,inspection,2024-08-25 00:00:00,1014.79,WO-0002889,concrete,as_occurred
TLS-01061,2024-08-25 00:00:00,,,routine,2024-08-28 00:00:00,923.34,WO-0002890,steel_monopole,reported_late
TNK-02653,2024-08-25 00:00:00,,,inspection,2024-08-25 00:00:00,296.45,WO-0002891,standard,as_occurred
PMP-02323,2024-08-26 00:00:00,,,inspection,2024-08-26 00:00:00,2566.42,WO-0002892,standard,as_occurred
DFR-01606,2024-08-26 00:00:00,,,vegetation,2024-08-26 00:00:00,1125.97,WO-0002893,Wood,as_occurred
TLS-00460,2024-08-26 00:00:00,,,routine,2024-08-26 00:00:00,850.63,WO-0002894,steel_lattice,as_occurred
TLS-01070,2024-08-26 00:00:00,,,vegetation,2024-08-26 00:00:00,2962.74,WO-0002895,steel_lattice,as_occurred
TLS-00938,2024-08-26 00:00:00,,,routine,2024-08-26 00:00:00,562.06,WO-0002896,steel_lattice,as_occurred
WMN-02867,2024-08-26 00:00:00,,,routine,2024-08-29 00:00:00,855.87,WO-0002897,ductile_iron,reported_late
TLS-00536,2024-08-27 00:00:00,,,routine,2024-08-27 00:00:00,742.44,WO-0002898,steel_lattice,as_occurred
DFR-01428,2024-08-27 00:00:00,,,routine,2024-08-27 00:00:00,516.59,WO-0002899,Wood,as_occurred
TLS-01066,2024-08-27 00:00:00,,,inspection,2024-08-27 00:00:00,251.59,WO-0002900,steel_lattice,as_occurred
LEGACY-023152,2024-08-27 00:00:00,,,inspection,2024-08-30 00:00:00,1229.63,WO-0002901,,reported_late
DFR-01724,2024-08-27 00:00:00,,,inspection,2024-08-27 00:00:00,1096.71,WO-0002902,WOOD POLE,as_occurred
RCL-02097,2024-08-28 00:00:00,,,routine,2024-08-28 00:00:00,1258.0,WO-0002903,standard,as_occurred
WMN-03046,2024-08-28 00:00:00,,,routine,2024-08-28 00:00:00,239.76,WO-0002904,cast_iron,as_occurred
DSS-00113,2024-08-28 00:00:00,,,inspection,2024-08-28 00:00:00,1671.91,WO-0002905,standard,as_occurred
RCL-02173,2024-08-29 00:00:00,,,routine,2024-08-29 00:00:00,387.58,WO-0002906,standard,as_occurred
RCL-02014,2024-08-29 00:00:00,,,inspection,2024-08-29 00:00:00,955.11,WO-0002907,standard,as_occurred
TLS-01261,2024-08-29 00:00:00,,,routine,2024-08-29 00:00:00,502.2,WO-0002908,steel_lattice,as_occurred
RCL-02201,2024-08-29 00:00:00,,,routine,2024-08-29 00:00:00,1940.59,WO-0002909,standard,as_occurred
PMP-02509,2024-08-29 00:00:00,,,inspection,2024-08-29 00:00:00,320.8,WO-0002910,standard,as_occurred
WTP-02219,2024-08-29 00:00:00,,,routine,2024-08-29 00:00:00,465.33,WO-0002911,standard,as_occurred
TNK-02648,2024-08-29 00:00:00,,,inspection,2024-08-29 00:00:00,554.15,WO-0002912,standard,as_occurred
TLS-00995,2024-08-29 00:00:00,,,inspection,2024-08-29 00:00:00,1195.18,WO-0002913,steel_lattice,as_occurred
WMN-02932,2024-08-30 00:00:00,,,routine,2024-08-30 00:00:00,1692.56,WO-0002914,cast_iron,as_occurred
WMN-02932,2024-08-30 00:00:00,,,inspection,2024-08-30 00:00:00,767.3,WO-0002915,cast_iron,as_occurred
DFR-01673,2024-08-30 00:00:00,,,routine,2024-08-30 00:00:00,373.43,WO-0002916,underground,as_occurred
TLS-00521,2024-08-30 00:00:00,,,routine,2024-08-30 00:00:00,426.06,WO-0002917,steel_monopole,as_occurred
WMN-03224,2024-08-30 00:00:00,,,inspection,2024-09-02 00:00:00,520.99,WO-0002918,asbestos_cement,reported_late
DFR-01870,2024-08-30 00:00:00,,,inspection,2024-08-30 00:00:00,1133.19,WO-0002919,wood_pole,as_occurred
TLS-00783,2024-08-30 00:00:00,,,vegetation,2024-08-30 00:00:00,258.24,WO-0002920,steel_lattice,as_occurred
DFR-01548,2024-08-31 00:00:00,,,routine,2024-08-31 00:00:00,576.36,WO-0002921,wood_pole,as_occurred
DFR-01919,2024-08-31 00:00:00,BASE-20240831-069,physical,corrective,2024-08-31 00:00:00,4273.78,WO-0002922,concrete_pole,as_occurred
TLS-01217,2024-08-31 00:00:00,,,inspection,2024-08-31 00:00:00,1088.79,WO-0002923,steel_lattice,as_occurred
DFR-01568,2024-08-31 00:00:00,,,routine,2024-08-31 00:00:00,3156.89,WO-0002924,wood_pole,as_occurred
RCL-02177,2024-08-31 06:00:00,BASE-20240831-069,physical,corrective,2024-08-31 06:00:00,13506.72,WO-0002925,standard,as_occurred
WMN-03354,2024-08-31 06:00:00,BASE-20240831-069,physical,corrective,2024-08-31 06:00:00,4702.24,WO-0002926,asbestos_cement,as_occurred
WMN-03154,2024-08-31 06:00:00,BASE-20240831-069,physical,corrective,2024-08-31 06:00:00,20201.95,WO-0002927,cast_iron,as_occurred
LEGACY-012052,2024-08-31 12:00:00,BASE-20240831-069,physical,corrective,2024-08-31 12:00:00,3103.14,WO-0002928,,as_occurred
TLS-00785,2024-08-31 18:00:00,BASE-20240831-069,physical,corrective,2024-08-31 18:00:00,8074.23,WO-0002929,steel_lattice,as_occurred
WMN-02736,2024-08-31 18:00:00,BASE-20240831-069,physical,corrective,2024-08-31 18:00:00,7397.8,WO-0002930,cast_iron,as_occurred
DFR-01342,2024-09-01 00:00:00,,,inspection,2024-09-01 00:00:00,492.19,WO-0002931,wood_pole,as_occurred
TSS-00033,2024-09-01 00:00:00,,,routine,2024-09-01 00:00:00,1656.99,WO-0002932,standard,as_occurred
DFR-01603,2024-09-01 00:00:00,,,inspection,2024-09-01 00:00:00,884.64,WO-0002933,concrete_pole,as_occurred
DFR-01530,2024-09-01 00:00:00,,,inspection,2024-09-01 00:00:00,464.72,WO-0002934,wood_pole,as_occurred
TNK-02597,2024-09-01 00:00:00,,,routine,2024-09-01 00:00:00,650.55,WO-0002935,standard,as_occurred
DFR-01605,2024-09-01 00:00:00,,,inspection,2024-09-01 00:00:00,798.62,WO-0002936,wood_pole,as_occurred
TLS-00729,2024-09-01 00:00:00,,,inspection,2024-09-01 00:00:00,536.5,WO-0002937,steel_lattice,as_occurred
DSS-00192,2024-09-02 00:00:00,,,routine,2024-09-02 00:00:00,521.3,WO-0002938,standard,as_occurred
WMN-03449,2024-09-02 00:00:00,,,vegetation,2024-09-02 00:00:00,456.53,WO-0002939,ductile_iron,as_occurred
RCL-02167,2024-09-02 00:00:00,,,inspection,2024-09-02 00:00:00,2595.58,WO-0002940,standard,as_occurred
DFR-01907,2024-09-02 00:00:00,,,vegetation,2024-09-02 00:00:00,1359.69,WO-0002941,wood_pole,as_occurred
DSS-00179,2024-09-02 00:00:00,,,inspection,2024-09-02 00:00:00,2003.76,WO-0002942,standard,as_occurred
DSS-00074,2024-09-02 00:00:00,,,routine,2024-09-02 00:00:00,6123.17,WO-0002943,standard,as_occurred
TSS-00059,2024-09-02 00:00:00,,,routine,2024-09-02 00:00:00,161.9,WO-0002944,standard,as_occurred
WMN-02864,2024-09-02 00:00:00,BASE-20240902-072,physical,corrective,2024-09-02 00:00:00,7851.15,WO-0002945,cast_iron,as_occurred
TLS-01265,2024-09-02 00:00:00,,,routine,2024-09-02 00:00:00,1029.3,WO-0002946,steel_lattice,as_occurred
WMN-03285,2024-09-02 00:00:00,,,vegetation,2024-09-02 00:00:00,2400.22,WO-0002947,cast_iron,as_occurred
DSS-00104,2024-09-02 00:00:00,,,routine,2024-09-02 00:00:00,291.47,WO-0002948,standard,as_occurred
DFR-01665,2024-09-02 06:00:00,BASE-20240902-072,physical,corrective,2024-09-02 06:00:00,6791.38,WO-0002949,Wood Pole,as_occurred
PMP-02514,2024-09-02 12:00:00,BASE-20240902-072,functional_power_loss,corrective,2024-09-02 12:00:00,4169.65,WO-0002950,standard,as_occurred
PMP-02227,2024-09-02 12:00:00,BASE-20240902-072,functional_power_loss,corrective,2024-09-05 12:00:00,5744.59,WO-0002951,standard,reported_late
DSS-00086,2024-09-02 12:00:00,BASE-20240902-072,physical,corrective,2024-09-02 12:00:00,10489.11,WO-0002952,standard,as_occurred
WMN-02732,2024-09-02 18:00:00,BASE-20240902-072,physical,corrective,2024-09-02 18:00:00,1736.26,WO-0002953,asbestos_cement,as_occurred
WMN-02789,2024-09-02 18:00:00,BASE-20240902-072,physical,corrective,2024-09-02 18:00:00,5193.8,WO-0002954,cast-iron,as_occurred
WMN-02716,2024-09-02 18:00:00,BASE-20240902-072,physical,corrective,2024-09-02 18:00:00,2535.94,WO-0002955,asbestos_cement,as_occurred
WMN-02932,2024-09-02 18:00:00,BASE-20240902-072,physical,corrective,2024-09-02 18:00:00,5812.53,WO-0002956,C.I.,as_occurred
WMN-02984,2024-09-02 18:00:00,BASE-20240902-072,physical,corrective,2024-09-02 18:00:00,7429.38,WO-0002957,DI,as_occurred
TNK-02647,2024-09-03 00:00:00,,,routine,2024-09-03 00:00:00,609.11,WO-0002958,standard,as_occurred
DSS-00410,2024-09-03 00:00:00,,,routine,2024-09-03 00:00:00,594.79,WO-0002959,standard,as_occurred
RCL-02189,2024-09-03 00:00:00,,,inspection,2024-09-03 00:00:00,1156.3,WO-0002960,standard,as_occurred
TLS-00980,2024-09-03 00:00:00,,,vegetation,2024-09-03 00:00:00,180.53,WO-0002961,steel_monopole,as_occurred
TLS-00999,2024-09-03 00:00:00,,,inspection,2024-09-03 00:00:00,1203.42,WO-0002962,steel_lattice,as_occurred
WMN-03128,2024-09-03 00:00:00,,,routine,2024-09-03 00:00:00,3090.0,WO-0002963,ductile_iron,as_occurred
DSS-00354,2024-09-04 00:00:00,,,vegetation,2024-09-04 00:00:00,475.78,WO-0002964,standard,as_occurred
TLS-00583,2024-09-04 00:00:00,,,inspection,2024-09-04 00:00:00,512.35,WO-0002965,steel_lattice,as_occurred
TLS-00617,2024-09-04 00:00:00,,,inspection,2024-09-04 00:00:00,1762.32,WO-0002966,steel_monopole,as_occurred
DFR-01661,2024-09-04 00:00:00,,,inspection,2024-09-04 00:00:00,6052.9,WO-0002967,wood_pole,as_occurred
WTP-02212,2024-09-05 00:00:00,,,vegetation,2024-09-05 00:00:00,200.08,WO-0002968,standard,as_occurred
WMN-03246,2024-09-05 00:00:00,,,routine,2024-09-05 00:00:00,524.16,WO-0002969,ductile-iron,as_occurred
DFR-01932,2024-09-05 00:00:00,,,routine,2024-09-05 00:00:00,663.58,WO-0002970,timber,as_occurred
TLS-00808,2024-09-05 00:00:00,,,vegetation,2024-09-08 00:00:00,1046.57,WO-0002971,concrete,reported_late
TLS-00737,2024-09-05 00:00:00,,,routine,2024-09-05 00:00:00,454.17,WO-0002972,steel_monopole,as_occurred
TLS-00905,2024-09-05 00:00:00,,,vegetation,2024-09-05 00:00:00,1819.29,WO-0002973,steel_lattice,as_occurred
TSS-00037,2024-09-05 00:00:00,,,routine,2024-09-05 00:00:00,896.9,WO-0002974,standard,as_occurred
DFR-01460,2024-09-05 00:00:00,,,inspection,2024-09-05 00:00:00,715.11,WO-0002975,composite_pole,as_occurred
RCL-02154,2024-09-05 00:00:00,,,routine,2024-09-08 00:00:00,1225.38,WO-0002976,standard,reported_late
TLS-00444,2024-09-06 00:00:00,,,inspection,2024-09-06 00:00:00,3239.28,WO-0002977,steel_monopole,as_occurred
TLS-00774,2024-09-06 00:00:00,,,inspection,2024-09-06 00:00:00,1581.78,WO-0002978,steel_monopole,as_occurred
DFR-01678,2024-09-06 00:00:00,,,routine,2024-09-06 00:00:00,244.22,WO-0002979,Wood Pole,as_occurred
WMN-03386,2024-09-06 00:00:00,,,inspection,2024-09-09 00:00:00,1946.9,WO-0002980,ductile_iron,reported_late
WMN-02977,2024-09-06 00:00:00,,,vegetation,2024-09-06 00:00:00,742.82,WO-0002981,ductile_iron,as_occurred
WMN-02735,2024-09-06 00:00:00,,,inspection,2024-09-09 00:00:00,371.01,WO-0002982,ductile_iron,reported_late
WMN-02962,2024-09-07 00:00:00,,,routine,2024-09-07 00:00:00,1504.99,WO-0002983,cast_iron,as_occurred
DFR-01871,2024-09-07 00:00:00,,,vegetation,2024-09-07 00:00:00,1762.7,WO-0002984,wood_pole,as_occurred
TSS-00034,2024-09-07 00:00:00,,,inspection,2024-09-07 00:00:00,1185.0,WO-0002985,standard,as_occurred
DSS-00324,2024-09-07 00:00:00,,,routine,2024-09-07 00:00:00,842.41,WO-0002986,standard,as_occurred
DFR-01753,2024-09-07 00:00:00,,,vegetation,2024-09-07 00:00:00,630.11,WO-0002987,wood_pole,as_occurred
DFR-01476,2024-09-07 00:00:00,,,routine,2024-09-07 00:00:00,2000.52,WO-0002988,wood_pole,as_occurred
DSS-00228,2024-09-07 00:00:00,,,routine,2024-09-07 00:00:00,409.48,WO-0002989,standard,as_occurred
WMN-03157,2024-09-08 00:00:00,,,inspection,2024-09-08 00:00:00,467.33,WO-0002990,ductile_iron,as_occurred
WMN-03437,2024-09-08 00:00:00,,,routine,2024-09-08 00:00:00,699.53,WO-0002991,asbestos_cement,as_occurred
TNK-02573,2024-09-08 00:00:00,,,inspection,2024-09-08 00:00:00,390.32,WO-0002992,standard,as_occurred
TLS-01116,2024-09-08 00:00:00,,,inspection,2024-09-08 00:00:00,433.56,WO-0002993,steel_lattice,as_occurred
DSS-00099,2024-09-08 00:00:00,,,routine,2024-09-08 00:00:00,430.81,WO-0002994,standard,as_occurred
DSS-00097,2024-09-09 00:00:00,,,inspection,2024-09-09 00:00:00,362.85,WO-0002995,standard,as_occurred
WMN-03244,2024-09-09 00:00:00,,,inspection,2024-09-12 00:00:00,1569.46,WO-0002996,Poly Vinyl Chloride,reported_late
DFR-01901,2024-09-09 00:00:00,,,vegetation,2024-09-09 00:00:00,866.44,WO-0002997,timber,as_occurred
DSS-00175,2024-09-09 00:00:00,,,inspection,2024-09-09 00:00:00,1176.61,WO-0002998,standard,as_occurred
PMP-02508,2024-09-09 00:00:00,,,vegetation,2024-09-09 00:00:00,384.83,WO-0002999,standard,as_occurred
TNK-02624,2024-09-10 00:00:00,,,inspection,2024-09-10 00:00:00,948.87,WO-0003000,standard,as_occurred
DFR-01719,2024-09-10 00:00:00,,,inspection,2024-09-10 00:00:00,374.47,WO-0003001,wood_pole,as_occurred
WMN-03439,2024-09-10 00:00:00,,,inspection,2024-09-10 00:00:00,688.54,WO-0003002,asbestos_cement,as_occurred
TLS-01144,2024-09-11 00:00:00,,,inspection,2024-09-11 00:00:00,1232.89,WO-0003003,steel_lattice,as_occurred
DFR-01455,2024-09-11 00:00:00,,,vegetation,2024-09-11 00:00:00,706.96,WO-0003004,WOOD POLE,as_occurred
TNK-02638,2024-09-11 00:00:00,,,routine,2024-09-11 00:00:00,699.87,WO-0003005,standard,as_occurred
TLS-00459,2024-09-11 00:00:00,,,inspection,2024-09-11 00:00:00,2020.09,WO-0003006,steel_lattice,as_occurred
WMN-02763,2024-09-11 00:00:00,BASE-20240911-065,physical,corrective,2024-09-11 00:00:00,2778.5,WO-0003007,cast_iron,as_occurred
DFR-01427,2024-09-11 00:00:00,,,routine,2024-09-11 00:00:00,553.45,WO-0003008,wood_pole,as_occurred
DFR-01880,2024-09-11 00:00:00,,,vegetation,2024-09-11 00:00:00,194.9,WO-0003009,wood_pole,as_occurred
TLS-01296,2024-09-11 00:00:00,,,inspection,2024-09-11 00:00:00,754.68,WO-0003010,concrete,as_occurred
DFR-01899,2024-09-11 00:00:00,BASE-20240911-065,physical,corrective,2024-09-11 00:00:00,3913.24,WO-0003011,concrete_pole,as_occurred
WMN-03343,2024-09-11 06:00:00,BASE-20240911-065,physical,corrective,2024-09-11 06:00:00,5446.61,WO-0003012,ductile_iron,as_occurred
DFR-01645,2024-09-11 12:00:00,BASE-20240911-065,physical,corrective,2024-09-11 12:00:00,3030.3,WO-0003013,wood_pole,as_occurred
DSS-00303,2024-09-11 18:00:00,BASE-20240911-065,physical,corrective,2024-09-11 18:00:00,1829.06,WO-0003014,standard,as_occurred
WMN-03075,2024-09-11 18:00:00,BASE-20240911-065,physical,corrective,2024-09-11 18:00:00,2170.64,WO-0003015,cast-iron,as_occurred
RCL-02055,2024-09-12 00:00:00,,,inspection,2024-09-12 00:00:00,721.22,WO-0003016,standard,as_occurred
DFR-01658,2024-09-12 00:00:00,,,inspection,2024-09-12 00:00:00,385.63,WO-0003017,timber,as_occurred
DFR-01771,2024-09-12 00:00:00,,,routine,2024-09-12 00:00:00,868.27,WO-0003018,wood_pole,as_occurred
DFR-01697,2024-09-12 00:00:00,,,inspection,2024-09-15 00:00:00,2437.94,WO-0003019,WOOD POLE,reported_late
DFR-01571,2024-09-12 00:00:00,,,routine,2024-09-12 00:00:00,2131.8,WO-0003020,wood_pole,as_occurred
DFR-01552,2024-09-12 00:00:00,,,vegetation,2024-09-12 00:00:00,1628.87,WO-0003021,underground,as_occurred
TLS-00414,2024-09-12 00:00:00,,,inspection,2024-09-12 00:00:00,1838.52,WO-0003022,steel_lattice,as_occurred
TLS-00703,2024-09-12 00:00:00,,,inspection,2024-09-12 00:00:00,1502.46,WO-0003023,steel_monopole,as_occurred
TLS-00799,2024-09-12 00:00:00,,,routine,2024-09-12 00:00:00,1113.97,WO-0003024,steel_lattice,as_occurred
DSS-00351,2024-09-12 00:00:00,,,routine,2024-09-12 00:00:00,1684.31,WO-0003025,standard,as_occurred
TLS-00493,2024-09-12 00:00:00,,,routine,2024-09-12 00:00:00,496.2,WO-0003026,steel_lattice,as_occurred
WMN-02954,2024-09-12 00:00:00,,,vegetation,2024-09-12 00:00:00,2215.97,WO-0003027,ductile_iron,as_occurred
DFR-02008,2024-09-12 00:00:00,,,inspection,2024-09-12 00:00:00,460.99,WO-0003028,wood_pole,as_occurred
WMN-02918,2024-09-13 00:00:00,,,routine,2024-09-13 00:00:00,535.93,WO-0003029,C.I.,as_occurred
WMN-02840,2024-09-13 00:00:00,BASE-20240913-067,physical,corrective,2024-09-13 00:00:00,6621.17,WO-0003030,CAST IRON,as_occurred
TLS-00667,2024-09-13 00:00:00,,,routine,2024-09-13 00:00:00,448.74,WO-0003031,steel_lattice,as_occurred
PMP-02287,2024-09-13 00:00:00,,,vegetation,2024-09-13 00:00:00,836.79,WO-0003032,standard,as_occurred
PMP-02343,2024-09-13 12:00:00,BASE-20240913-067,physical,corrective,2024-09-13 12:00:00,2693.73,WO-0003033,standard,as_occurred
WMN-02810,2024-09-13 12:00:00,BASE-20240913-067,physical,corrective,2024-09-13 12:00:00,566.01,WO-0003034,asbestos_cement,as_occurred
WMN-03359,2024-09-13 12:00:00,BASE-20240913-067,physical,corrective,2024-09-13 12:00:00,17021.82,WO-0003035,Ductile Iron,as_occurred
TLS-00773,2024-09-13 18:00:00,BASE-20240913-067,physical,corrective,2024-09-13 18:00:00,8548.85,WO-0003036,steel_monopole,as_occurred
DFR-01557,2024-09-14 00:00:00,,,inspection,2024-09-14 00:00:00,3785.14,WO-0003037,wood_pole,as_occurred
WMN-03133,2024-09-14 00:00:00,,,routine,2024-09-14 00:00:00,416.75,WO-0003038,ductile_iron,as_occurred
DSS-00266,2024-09-14 00:00:00,,,inspection,2024-09-14 00:00:00,501.04,WO-0003039,standard,as_occurred
DFR-01918,2024-09-14 00:00:00,,,inspection,2024-09-14 00:00:00,1387.55,WO-0003040,composite_pole,as_occurred
TLS-00683,2024-09-14 00:00:00,,,routine,2024-09-14 00:00:00,2578.74,WO-0003041,steel_monopole,as_occurred
PMP-02334,2024-09-14 00:00:00,,,inspection,2024-09-14 00:00:00,476.65,WO-0003042,standard,as_occurred
WMN-03315,2024-09-14 00:00:00,,,inspection,2024-09-14 00:00:00,2338.23,WO-0003043,asbestos_cement,as_occurred
PMP-02381,2024-09-14 00:00:00,,,vegetation,2024-09-14 00:00:00,412.78,WO-0003044,standard,as_occurred
DFR-01790,2024-09-14 00:00:00,,,vegetation,2024-09-14 00:00:00,1414.79,WO-0003045,concrete_pole,as_occurred
DFR-01648,2024-09-14 00:00:00,,,routine,2024-09-14 00:00:00,2259.79,WO-0003046,Wood,as_occurred
TLS-00662,2024-09-15 00:00:00,,,routine,2024-09-15 00:00:00,228.16,WO-0003047,steel_lattice,as_occurred
TLS-00670,2024-09-15 00:00:00,,,routine,2024-09-15 00:00:00,985.97,WO-0003048,steel_lattice,as_occurred
WMN-02812,2024-09-15 00:00:00,,,routine,2024-09-15 00:00:00,147.04,WO-0003049,cast_iron,as_occurred
TLS-00436,2024-09-15 00:00:00,,,inspection,2024-09-15 00:00:00,551.18,WO-0003050,steel_monopole,as_occurred
DFR-01606,2024-09-15 00:00:00,,,vegetation,2024-09-15 00:00:00,836.24,WO-0003051,wood_pole,as_occurred
TLS-00874,2024-09-15 00:00:00,,,inspection,2024-09-15 00:00:00,1343.32,WO-0003052,steel_monopole,as_occurred
RCL-02035,2024-09-15 00:00:00,,,routine,2024-09-15 00:00:00,834.45,WO-0003053,standard,as_occurred
DFR-01710,2024-09-16 00:00:00,,,routine,2024-09-16 00:00:00,508.12,WO-0003054,wood_pole,as_occurred
RCL-02102,2024-09-16 00:00:00,,,routine,2024-09-16 00:00:00,2863.15,WO-0003055,standard,as_occurred
TLS-01032,2024-09-16 00:00:00,,,vegetation,2024-09-16 00:00:00,243.06,WO-0003056,steel_lattice,as_occurred
TLS-01144,2024-09-16 00:00:00,,,routine,2024-09-16 00:00:00,682.03,WO-0003057,steel_lattice,as_occurred
DFR-01969,2024-09-17 00:00:00,,,inspection,2024-09-17 00:00:00,1153.15,WO-0003058,underground,as_occurred
TLS-00580,2024-09-17 00:00:00,,,routine,2024-09-17 00:00:00,449.86,WO-0003059,steel_monopole,as_occurred
WMN-03314,2024-09-17 00:00:00,,,routine,2024-09-17 00:00:00,840.63,WO-0003060,cast_iron,as_occurred
TNK-02601,2024-09-17 00:00:00,,,inspection,2024-09-17 00:00:00,315.26,WO-0003061,standard,as_occurred
WMN-02851,2024-09-17 00:00:00,,,inspection,2024-09-17 00:00:00,389.63,WO-0003062,PVC,as_occurred
DSS-00402,2024-09-18 00:00:00,,,vegetation,2024-09-18 00:00:00,1122.34,WO-0003063,standard,as_occurred
DSS-00102,2024-09-18 00:00:00,,,routine,2024-09-18 00:00:00,251.18,WO-0003064,standard,as_occurred
DFR-01434,2024-09-18 00:00:00,,,routine,2024-09-18 00:00:00,776.04,WO-0003065,WOOD POLE,as_occurred
PMP-02483,2024-09-19 00:00:00,,,vegetation,2024-09-19 00:00:00,1006.6,WO-0003066,standard,as_occurred
TLS-01142,2024-09-19 00:00:00,,,routine,2024-09-19 00:00:00,606.68,WO-0003067,steel_lattice,as_occurred
DFR-01713,2024-09-19 00:00:00,,,routine,2024-09-19 00:00:00,179.61,WO-0003068,composite_pole,as_occurred
TLS-01068,2024-09-19 00:00:00,,,inspection,2024-09-19 00:00:00,803.57,WO-0003069,steel_lattice,as_occurred
DFR-01528,2024-09-19 00:00:00,,,routine,2024-09-19 00:00:00,3920.09,WO-0003070,wood_pole,as_occurred
LEGACY-090629,2024-09-19 00:00:00,,,routine,2024-09-22 00:00:00,421.71,WO-0003071,,reported_late
TLS-00809,2024-09-20 00:00:00,,,routine,2024-09-20 00:00:00,556.1,WO-0003072,steel_lattice,as_occurred
DSS-00095,2024-09-20 00:00:00,,,inspection,2024-09-23 00:00:00,2000.02,WO-0003073,standard,reported_late
DFR-01999,2024-09-20 00:00:00,,,inspection,2024-09-20 00:00:00,796.76,WO-0003074,wood_pole,as_occurred
DFR-01492,2024-09-20 00:00:00,,,vegetation,2024-09-20 00:00:00,191.54,WO-0003075,Wood Pole,as_occurred
WMN-03230,2024-09-20 00:00:00,,,routine,2024-09-20 00:00:00,805.28,WO-0003076,DI,as_occurred
TLS-00740,2024-09-20 00:00:00,,,inspection,2024-09-20 00:00:00,1116.25,WO-0003077,steel_lattice,as_occurred
DSS-00208,2024-09-20 00:00:00,,,inspection,2024-09-20 00:00:00,660.39,WO-0003078,standard,as_occurred
DFR-01736,2024-09-21 00:00:00,,,routine,2024-09-21 00:00:00,1440.1,WO-0003079,wood_pole,as_occurred
TLS-01108,2024-09-21 00:00:00,,,inspection,2024-09-21 00:00:00,560.54,WO-0003080,steel_lattice,as_occurred
DFR-01584,2024-09-21 00:00:00,,,routine,2024-09-21 00:00:00,971.16,WO-0003081,concrete_pole,as_occurred
WMN-02879,2024-09-21 00:00:00,,,inspection,2024-09-21 00:00:00,369.22,WO-0003082,cast_iron,as_occurred
DSS-00245,2024-09-21 00:00:00,,,routine,2024-09-21 00:00:00,493.13,WO-0003083,standard,as_occurred
DFR-01646,2024-09-22 00:00:00,,,inspection,2024-09-22 00:00:00,1399.74,WO-0003084,wood_pole,as_occurred
DFR-01795,2024-09-22 00:00:00,,,routine,2024-09-22 00:00:00,617.29,WO-0003085,composite_pole,as_occurred
RCL-02038,2024-09-22 00:00:00,,,vegetation,2024-09-22 00:00:00,251.48,WO-0003086,standard,as_occurred
WMN-03147,2024-09-22 00:00:00,,,inspection,2024-09-22 00:00:00,845.57,WO-0003087,pvc,as_occurred
TLS-00486,2024-09-22 00:00:00,,,routine,2024-09-22 00:00:00,491.32,WO-0003088,steel_lattice,as_occurred
LEGACY-046166,2024-09-22 00:00:00,,,routine,2024-09-22 00:00:00,1105.73,WO-0003089,,as_occurred
DSS-00101,2024-09-22 00:00:00,,,vegetation,2024-09-22 00:00:00,976.29,WO-0003090,standard,as_occurred
TSS-00034,2024-09-22 00:00:00,,,routine,2024-09-22 00:00:00,341.58,WO-0003091,standard,as_occurred
DFR-01621,2024-09-23 00:00:00,,,inspection,2024-09-23 00:00:00,1142.32,WO-0003092,wood_pole,as_occurred
TLS-01228,2024-09-23 00:00:00,,,routine,2024-09-23 00:00:00,231.03,WO-0003093,steel_monopole,as_occurred
WMN-03444,2024-09-23 00:00:00,BASE-20240923-081,physical,corrective,2024-09-23 00:00:00,1382.51,WO-0003094,cast_iron,as_occurred
WMN-03191,2024-09-23 00:00:00,BASE-20240923-081,physical,corrective,2024-09-23 00:00:00,5328.12,WO-0003095,asbestos_cement,as_occurred
DFR-01452,2024-09-23 00:00:00,,,vegetation,2024-09-23 00:00:00,413.83,WO-0003096,wood_pole,as_occurred
DFR-01764,2024-09-23 00:00:00,,,routine,2024-09-23 00:00:00,1550.85,WO-0003097,wood_pole,as_occurred
DFR-01920,2024-09-23 00:00:00,,,routine,2024-09-23 00:00:00,831.87,WO-0003098,composite_pole,as_occurred
DFR-01520,2024-09-23 06:00:00,BASE-20240923-081,physical,corrective,2024-09-23 06:00:00,1374.39,WO-0003099,wood_pole,as_occurred
WMN-03072,2024-09-23 06:00:00,BASE-20240923-081,physical,corrective,2024-09-23 06:00:00,21092.57,WO-0003100,cast_iron,as_occurred
WMN-02995,2024-09-23 06:00:00,BASE-20240923-081,physical,corrective,2024-09-23 06:00:00,610.2,WO-0003101,Cast Iron,as_occurred
LEGACY-093498,2024-09-23 12:00:00,BASE-20240923-081,physical,corrective,2024-09-23 12:00:00,5065.57,WO-0003102,,as_occurred
LEGACY-091645,2024-09-23 12:00:00,BASE-20240923-081,physical,corrective,2024-09-23 12:00:00,2600.8,WO-0003103,,as_occurred
WMN-02910,2024-09-23 18:00:00,BASE-20240923-081,physical,corrective,2024-09-23 18:00:00,3750.72,WO-0003104,C.I.,as_occurred
WMN-02881,2024-09-23 18:00:00,BASE-20240923-081,physical,corrective,2024-09-23 18:00:00,1548.3,WO-0003105,steel,as_occurred
TLS-01010,2024-09-24 00:00:00,,,routine,2024-09-24 00:00:00,2144.9,WO-0003106,steel_lattice,as_occurred
WMN-03202,2024-09-24 00:00:00,,,vegetation,2024-09-24 00:00:00,847.16,WO-0003107,ductile_iron,as_occurred
DFR-01827,2024-09-24 00:00:00,,,vegetation,2024-09-24 00:00:00,415.06,WO-0003108,wood_pole,as_occurred
DFR-01441,2024-09-24 00:00:00,,,routine,2024-09-24 00:00:00,1094.97,WO-0003109,wood_pole,as_occurred
DFR-01391,2024-09-24 00:00:00,,,routine,2024-09-24 00:00:00,279.72,WO-0003110,timber,as_occurred
WMN-02744,2024-09-25 00:00:00,,,inspection,2024-09-25 00:00:00,2182.85,WO-0003111,Poly Vinyl Chloride,as_occurred
TNK-02583,2024-09-25 00:00:00,,,routine,2024-09-25 00:00:00,1356.02,WO-0003112,standard,as_occurred
RCL-02062,2024-09-25 00:00:00,,,routine,2024-09-28 00:00:00,4288.01,WO-0003113,standard,reported_late
RCL-02135,2024-09-25 00:00:00,,,routine,2024-09-25 00:00:00,399.31,WO-0003114,standard,as_occurred
LEGACY-009077,2024-09-26 00:00:00,,,routine,2024-09-26 00:00:00,1137.51,WO-0003115,,as_occurred
WMN-02765,2024-09-26 00:00:00,,,routine,2024-09-26 00:00:00,473.43,WO-0003116,D.I.,as_occurred
WMN-02972,2024-09-26 00:00:00,,,vegetation,2024-09-26 00:00:00,542.83,WO-0003117,ductile-iron,as_occurred
WMN-02825,2024-09-26 00:00:00,,,routine,2024-09-26 00:00:00,360.14,WO-0003118,cast_iron,as_occurred
DFR-01522,2024-09-26 00:00:00,,,inspection,2024-09-29 00:00:00,1478.48,WO-0003119,wood_pole,reported_late
WMN-02812,2024-09-26 00:00:00,,,inspection,2024-09-26 00:00:00,797.76,WO-0003120,cast-iron,as_occurred
LEGACY-003097,2024-09-26 00:00:00,,,routine,2024-09-26 00:00:00,385.82,WO-0003121,,as_occurred
RCL-02047,2024-09-27 00:00:00,,,routine,2024-09-27 00:00:00,2746.48,WO-0003122,standard,as_occurred
WMN-02700,2024-09-27 00:00:00,,,routine,2024-09-30 00:00:00,344.88,WO-0003123,asbestos_cement,reported_late
PMP-02505,2024-09-27 00:00:00,,,vegetation,2024-09-27 00:00:00,569.75,WO-0003124,standard,as_occurred
WMN-03317,2024-09-27 00:00:00,,,vegetation,2024-09-27 00:00:00,1328.8,WO-0003125,D.I.,as_occurred
TLS-00603,2024-09-27 00:00:00,,,routine,2024-09-27 00:00:00,908.81,WO-0003126,steel_lattice,as_occurred
WMN-02900,2024-09-27 00:00:00,,,vegetation,2024-09-27 00:00:00,228.12,WO-0003127,Poly Vinyl Chloride,as_occurred
TLS-00497,2024-09-28 00:00:00,,,routine,2024-09-28 00:00:00,311.04,WO-0003128,steel_monopole,as_occurred
TLS-01046,2024-09-28 00:00:00,,,routine,2024-09-28 00:00:00,568.04,WO-0003129,steel_monopole,as_occurred
DFR-01732,2024-09-28 00:00:00,,,vegetation,2024-09-28 00:00:00,1434.04,WO-0003130,wood_pole,as_occurred
WMN-02821,2024-09-28 06:00:00,BASE-20240928-061,physical,corrective,2024-09-28 06:00:00,3255.3,WO-0003131,asbestos_cement,as_occurred
WMN-02693,2024-09-28 18:00:00,BASE-20240928-061,physical,corrective,2024-09-28 18:00:00,4332.49,WO-0003132,CI,as_occurred
WMN-03108,2024-09-28 18:00:00,BASE-20240928-061,physical,corrective,2024-09-28 18:00:00,12881.39,WO-0003133,ductile_iron,as_occurred
DFR-01976,2024-09-29 00:00:00,,,vegetation,2024-09-29 00:00:00,586.52,WO-0003134,composite_pole,as_occurred
DFR-01888,2024-09-29 00:00:00,,,routine,2024-09-29 00:00:00,493.35,WO-0003135,wood_pole,as_occurred
WMN-02992,2024-09-29 00:00:00,,,inspection,2024-09-29 00:00:00,306.88,WO-0003136,ductile_iron,as_occurred
TLS-01225,2024-09-29 00:00:00,,,vegetation,2024-09-29 00:00:00,1614.27,WO-0003137,steel_lattice,as_occurred
WMN-03294,2024-09-29 00:00:00,,,vegetation,2024-09-29 00:00:00,501.83,WO-0003138,cast_iron,as_occurred
DSS-00229,2024-09-29 00:00:00,,,routine,2024-10-02 00:00:00,408.9,WO-0003139,standard,reported_late
DFR-01516,2024-09-29 00:00:00,,,vegetation,2024-09-29 00:00:00,472.21,WO-0003140,underground,as_occurred
TNK-02544,2024-09-29 00:00:00,,,routine,2024-09-29 00:00:00,692.17,WO-0003141,standard,as_occurred
DSS-00227,2024-09-29 00:00:00,,,inspection,2024-09-29 00:00:00,880.58,WO-0003142,standard,as_occurred
DFR-01683,2024-09-30 00:00:00,,,vegetation,2024-09-30 00:00:00,1493.78,WO-0003143,underground,as_occurred
TLS-00683,2024-09-30 00:00:00,,,routine,2024-09-30 00:00:00,248.61,WO-0003144,steel_monopole,as_occurred
TLS-00590,2024-09-30 00:00:00,,,routine,2024-09-30 00:00:00,2823.85,WO-0003145,steel_lattice,as_occurred
DSS-00102,2024-10-01 00:00:00,,,inspection,2024-10-01 00:00:00,2124.36,WO-0003146,standard,as_occurred
RCL-02029,2024-10-01 00:00:00,,,routine,2024-10-01 00:00:00,245.44,WO-0003147,standard,as_occurred
TLS-01060,2024-10-01 00:00:00,,,routine,2024-10-01 00:00:00,655.19,WO-0003148,concrete,as_occurred
DSS-00332,2024-10-01 00:00:00,,,inspection,2024-10-01 00:00:00,2051.71,WO-0003149,standard,as_occurred
PMP-02384,2024-10-01 00:00:00,,,vegetation,2024-10-01 00:00:00,1092.95,WO-0003150,standard,as_occurred
TSS-00025,2024-10-01 00:00:00,,,routine,2024-10-01 00:00:00,1221.65,WO-0003151,standard,as_occurred
TLS-00506,2024-10-02 00:00:00,,,inspection,2024-10-02 00:00:00,724.4,WO-0003152,concrete,as_occurred
DFR-01362,2024-10-02 00:00:00,,,inspection,2024-10-02 00:00:00,1570.3,WO-0003153,underground,as_occurred
PMP-02502,2024-10-02 00:00:00,,,routine,2024-10-02 00:00:00,1715.84,WO-0003154,standard,as_occurred
RCL-02063,2024-10-02 00:00:00,,,routine,2024-10-02 00:00:00,2399.19,WO-0003155,standard,as_occurred
WMN-02750,2024-10-02 00:00:00,,,routine,2024-10-02 00:00:00,106.06,WO-0003156,cast_iron,as_occurred
LEGACY-068485,2024-10-02 00:00:00,,,routine,2024-10-02 00:00:00,1920.16,WO-0003157,,as_occurred
TLS-00613,2024-10-02 00:00:00,,,routine,2024-10-02 00:00:00,1419.19,WO-0003158,steel_lattice,as_occurred
DFR-01772,2024-10-03 00:00:00,,,routine,2024-10-06 00:00:00,1414.84,WO-0003159,timber,reported_late
DFR-01637,2024-10-03 00:00:00,,,routine,2024-10-03 00:00:00,532.64,WO-0003160,concrete_pole,as_occurred
TLS-00539,2024-10-03 00:00:00,,,routine,2024-10-03 00:00:00,2141.59,WO-0003161,steel_monopole,as_occurred
DFR-01724,2024-10-03 00:00:00,,,inspection,2024-10-03 00:00:00,519.84,WO-0003162,timber,as_occurred
TLS-01177,2024-10-03 00:00:00,,,vegetation,2024-10-03 00:00:00,225.25,WO-0003163,steel_monopole,as_occurred
TLS-00897,2024-10-03 00:00:00,,,vegetation,2024-10-03 00:00:00,1286.73,WO-0003164,steel_monopole,as_occurred
TLS-00992,2024-10-04 00:00:00,,,inspection,2024-10-04 00:00:00,750.84,WO-0003165,concrete,as_occurred
WMN-02871,2024-10-04 00:00:00,,,vegetation,2024-10-04 00:00:00,422.44,WO-0003166,ductile-iron,as_occurred
WMN-02734,2024-10-04 00:00:00,,,routine,2024-10-04 00:00:00,480.52,WO-0003167,asbestos_cement,as_occurred
TLS-00615,2024-10-04 00:00:00,,,routine,2024-10-07 00:00:00,846.66,WO-0003168,steel_lattice,reported_late
DFR-01524,2024-10-04 00:00:00,,,inspection,2024-10-04 00:00:00,757.0,WO-0003169,WOOD POLE,as_occurred
TLS-01169,2024-10-04 00:00:00,,,routine,2024-10-04 00:00:00,4347.14,WO-0003170,steel_monopole,as_occurred
TLS-00506,2024-10-05 00:00:00,,,inspection,2024-10-05 00:00:00,2454.33,WO-0003171,concrete,as_occurred
RCL-02049,2024-10-05 00:00:00,,,routine,2024-10-05 00:00:00,1086.44,WO-0003172,standard,as_occurred
LEGACY-084066,2024-10-05 00:00:00,,,routine,2024-10-05 00:00:00,749.52,WO-0003173,,as_occurred
LEGACY-001891,2024-10-05 00:00:00,,,inspection,2024-10-05 00:00:00,1314.83,WO-0003174,,as_occurred
DFR-01941,2024-10-05 00:00:00,,,inspection,2024-10-05 00:00:00,364.78,WO-0003175,wood_pole,as_occurred
DFR-01393,2024-10-05 00:00:00,,,vegetation,2024-10-05 00:00:00,219.64,WO-0003176,Wood,as_occurred
DFR-01593,2024-10-05 00:00:00,,,inspection,2024-10-05 00:00:00,346.91,WO-0003177,wood_pole,as_occurred
TLS-00624,2024-10-06 00:00:00,,,vegetation,2024-10-06 00:00:00,563.84,WO-0003178,steel_lattice,as_occurred
TLS-00806,2024-10-06 00:00:00,,,vegetation,2024-10-06 00:00:00,611.9,WO-0003179,concrete,as_occurred
PMP-02400,2024-10-06 00:00:00,,,routine,2024-10-06 00:00:00,356.16,WO-0003180,standard,as_occurred
RCL-02200,2024-10-06 00:00:00,,,vegetation,2024-10-06 00:00:00,3431.01,WO-0003181,standard,as_occurred
PMP-02227,2024-10-06 00:00:00,,,inspection,2024-10-06 00:00:00,901.79,WO-0003182,standard,as_occurred
TLS-00950,2024-10-06 00:00:00,,,vegetation,2024-10-06 00:00:00,1031.29,WO-0003183,steel_lattice,as_occurred
DSS-00088,2024-10-06 00:00:00,,,routine,2024-10-06 00:00:00,454.78,WO-0003184,standard,as_occurred
WMN-03042,2024-10-06 00:00:00,,,inspection,2024-10-06 00:00:00,392.42,WO-0003185,ductile_iron,as_occurred
TLS-01219,2024-10-06 00:00:00,,,routine,2024-10-06 00:00:00,539.04,WO-0003186,steel_lattice,as_occurred
WMN-02798,2024-10-06 00:00:00,,,vegetation,2024-10-06 00:00:00,685.11,WO-0003187,P.V.C.,as_occurred
TLS-00605,2024-10-07 00:00:00,,,inspection,2024-10-07 00:00:00,522.6,WO-0003188,steel_lattice,as_occurred
TLS-00945,2024-10-07 00:00:00,,,inspection,2024-10-07 00:00:00,806.99,WO-0003189,concrete,as_occurred
DFR-01311,2024-10-07 00:00:00,,,inspection,2024-10-10 00:00:00,1344.48,WO-0003190,composite_pole,reported_late
PMP-02370,2024-10-08 00:00:00,,,inspection,2024-10-08 00:00:00,384.79,WO-0003191,standard,as_occurred
DFR-01434,2024-10-08 00:00:00,,,vegetation,2024-10-08 00:00:00,1724.02,WO-0003192,wood_pole,as_occurred
DFR-01595,2024-10-08 00:00:00,,,routine,2024-10-08 00:00:00,526.16,WO-0003193,composite_pole,as_occurred
DSS-00372,2024-10-08 00:00:00,,,routine,2024-10-08 00:00:00,1000.12,WO-0003194,standard,as_occurred
WMN-02858,2024-10-09 00:00:00,,,routine,2024-10-09 00:00:00,637.81,WO-0003195,ductile_iron,as_occurred
WMN-02887,2024-10-09 00:00:00,,,inspection,2024-10-09 00:00:00,336.03,WO-0003196,cast_iron,as_occurred
RCL-02175,2024-10-09 00:00:00,,,inspection,2024-10-09 00:00:00,1791.31,WO-0003197,standard,as_occurred
TLS-00899,2024-10-09 00:00:00,,,routine,2024-10-09 00:00:00,271.93,WO-0003198,concrete,as_occurred
DSS-00095,2024-10-09 00:00:00,,,routine,2024-10-09 00:00:00,665.7,WO-0003199,standard,as_occurred
TLS-00925,2024-10-09 00:00:00,,,routine,2024-10-12 00:00:00,912.47,WO-0003200,steel_lattice,reported_late
DFR-01498,2024-10-10 00:00:00,,,inspection,2024-10-10 00:00:00,131.95,WO-0003201,wood_pole,as_occurred
TLS-00712,2024-10-10 00:00:00,,,inspection,2024-10-10 00:00:00,4837.23,WO-0003202,steel_lattice,as_occurred
TLS-00528,2024-10-10 00:00:00,,,routine,2024-10-10 00:00:00,1300.29,WO-0003203,steel_lattice,as_occurred
TLS-00892,2024-10-11 00:00:00,,,routine,2024-10-11 00:00:00,744.18,WO-0003204,steel_lattice,as_occurred
TLS-00522,2024-10-11 00:00:00,,,routine,2024-10-11 00:00:00,205.37,WO-0003205,steel_lattice,as_occurred
TNK-02639,2024-10-11 00:00:00,,,inspection,2024-10-11 00:00:00,952.32,WO-0003206,standard,as_occurred
TLS-01188,2024-10-11 00:00:00,,,routine,2024-10-11 00:00:00,291.26,WO-0003207,steel_monopole,as_occurred
TNK-02553,2024-10-12 00:00:00,,,routine,2024-10-15 00:00:00,2457.99,WO-0003208,standard,reported_late
DSS-00163,2024-10-12 00:00:00,,,routine,2024-10-12 00:00:00,534.03,WO-0003209,standard,as_occurred
DSS-00062,2024-10-12 00:00:00,,,routine,2024-10-12 00:00:00,776.52,WO-0003210,standard,as_occurred
PMP-02434,2024-10-12 00:00:00,,,routine,2024-10-12 00:00:00,354.53,WO-0003211,standard,as_occurred
PMP-02482,2024-10-13 00:00:00,,,inspection,2024-10-16 00:00:00,2662.46,WO-0003212,standard,reported_late
DSS-00144,2024-10-13 00:00:00,,,routine,2024-10-13 00:00:00,1124.73,WO-0003213,standard,as_occurred
TLS-00430,2024-10-14 00:00:00,,,routine,2024-10-14 00:00:00,972.34,WO-0003214,steel_lattice,as_occurred
WMN-03226,2024-10-14 00:00:00,,,routine,2024-10-14 00:00:00,1401.64,WO-0003215,D.I.,as_occurred
TLS-00579,2024-10-14 00:00:00,,,routine,2024-10-17 00:00:00,1137.17,WO-0003216,steel_lattice,reported_late
DFR-01979,2024-10-14 00:00:00,,,inspection,2024-10-14 00:00:00,1213.41,WO-0003217,wood_pole,as_occurred
DFR-01536,2024-10-15 00:00:00,,,vegetation,2024-10-18 00:00:00,1482.44,WO-0003218,Wood,reported_late
PMP-02333,2024-10-15 00:00:00,,,routine,2024-10-15 00:00:00,953.61,WO-0003219,standard,as_occurred
TNK-02563,2024-10-15 00:00:00,,,routine,2024-10-15 00:00:00,512.59,WO-0003220,standard,as_occurred
PMP-02413,2024-10-16 00:00:00,,,vegetation,2024-10-16 00:00:00,767.69,WO-0003221,standard,as_occurred
WMN-03152,2024-10-16 00:00:00,,,routine,2024-10-16 00:00:00,1080.29,WO-0003222,ductile_iron,as_occurred
TLS-00886,2024-10-16 00:00:00,,,vegetation,2024-10-16 00:00:00,523.12,WO-0003223,steel_lattice,as_occurred
PMP-02288,2024-10-16 00:00:00,,,routine,2024-10-16 00:00:00,612.37,WO-0003224,standard,as_occurred
TLS-00502,2024-10-17 00:00:00,,,inspection,2024-10-17 00:00:00,1001.27,WO-0003225,steel_lattice,as_occurred
TLS-01229,2024-10-17 00:00:00,,,routine,2024-10-17 00:00:00,212.32,WO-0003226,steel_monopole,as_occurred
WMN-02733,2024-10-17 00:00:00,,,routine,2024-10-17 00:00:00,653.36,WO-0003227,ductile_iron,as_occurred
TSS-00026,2024-10-18 00:00:00,,,inspection,2024-10-18 00:00:00,1006.84,WO-0003228,standard,as_occurred
TLS-01300,2024-10-18 00:00:00,,,vegetation,2024-10-18 00:00:00,628.47,WO-0003229,steel_lattice,as_occurred
DFR-01410,2024-10-18 00:00:00,,,routine,2024-10-18 00:00:00,760.71,WO-0003230,wood_pole,as_occurred
PMP-02413,2024-10-18 00:00:00,,,inspection,2024-10-18 00:00:00,1418.48,WO-0003231,standard,as_occurred
WMN-03409,2024-10-18 00:00:00,,,inspection,2024-10-18 00:00:00,547.67,WO-0003232,cast_iron,as_occurred
TLS-00877,2024-10-19 00:00:00,,,vegetation,2024-10-19 00:00:00,732.14,WO-0003233,steel_lattice,as_occurred
WMN-03043,2024-10-19 00:00:00,,,vegetation,2024-10-19 00:00:00,4224.75,WO-0003234,ductile_iron,as_occurred
TLS-00678,2024-10-19 00:00:00,,,vegetation,2024-10-19 00:00:00,250.96,WO-0003235,steel_lattice,as_occurred
WMN-03264,2024-10-19 00:00:00,,,inspection,2024-10-19 00:00:00,158.53,WO-0003236,ductile-iron,as_occurred
TLS-00529,2024-10-19 00:00:00,,,vegetation,2024-10-19 00:00:00,2479.7,WO-0003237,steel_monopole,as_occurred
TLS-00870,2024-10-20 00:00:00,,,routine,2024-10-20 00:00:00,248.96,WO-0003238,steel_lattice,as_occurred
TLS-01054,2024-10-20 00:00:00,,,inspection,2024-10-20 00:00:00,649.61,WO-0003239,steel_lattice,as_occurred
TLS-00951,2024-10-20 00:00:00,,,routine,2024-10-20 00:00:00,676.18,WO-0003240,steel_lattice,as_occurred
WMN-02753,2024-10-21 00:00:00,,,routine,2024-10-21 00:00:00,1075.36,WO-0003241,CAST IRON,as_occurred
DFR-01590,2024-10-21 00:00:00,,,inspection,2024-10-21 00:00:00,292.57,WO-0003242,Wood Pole,as_occurred
DFR-01978,2024-10-21 00:00:00,,,routine,2024-10-21 00:00:00,730.22,WO-0003243,wood_pole,as_occurred
WMN-02914,2024-10-21 00:00:00,,,vegetation,2024-10-21 00:00:00,763.59,WO-0003244,Poly Vinyl Chloride,as_occurred
TLS-01049,2024-10-21 00:00:00,,,vegetation,2024-10-21 00:00:00,967.21,WO-0003245,steel_lattice,as_occurred
DFR-01889,2024-10-22 00:00:00,,,inspection,2024-10-22 00:00:00,1179.8,WO-0003246,wood_pole,as_occurred
TLS-00954,2024-10-22 00:00:00,,,routine,2024-10-22 00:00:00,378.98,WO-0003247,steel_lattice,as_occurred
WMN-02854,2024-10-23 00:00:00,BASE-20241023-078,physical,corrective,2024-10-23 00:00:00,2111.31,WO-0003248,CAST IRON,as_occurred
WMN-03324,2024-10-23 00:00:00,,,inspection,2024-10-23 00:00:00,1619.13,WO-0003249,steel,as_occurred
WMN-03102,2024-10-23 00:00:00,BASE-20241023-078,physical,corrective,2024-10-23 00:00:00,10911.98,WO-0003250,cast_iron,as_occurred
WMN-03372,2024-10-23 00:00:00,BASE-20241023-078,physical,corrective,2024-10-23 00:00:00,6033.3,WO-0003251,asbestos-cement,as_occurred
PMP-02390,2024-10-23 00:00:00,,,inspection,2024-10-23 00:00:00,1610.25,WO-0003252,standard,as_occurred
LEGACY-085009,2024-10-23 00:00:00,,,inspection,2024-10-23 00:00:00,146.74,WO-0003253,,as_occurred
TLS-00762,2024-10-23 00:00:00,,,routine,2024-10-23 00:00:00,1415.82,WO-0003254,concrete,as_occurred
WMN-03150,2024-10-23 00:00:00,,,vegetation,2024-10-23 00:00:00,753.47,WO-0003255,asbestos_cement,as_occurred
DFR-01896,2024-10-23 00:00:00,,,inspection,2024-10-23 00:00:00,3143.3,WO-0003256,wood_pole,as_occurred
WMN-03310,2024-10-23 06:00:00,BASE-20241023-078,physical,corrective,2024-10-23 06:00:00,6597.46,WO-0003257,cast_iron,as_occurred
WMN-02745,2024-10-23 06:00:00,BASE-20241023-078,physical,corrective,2024-10-23 06:00:00,7424.41,WO-0003258,pvc,as_occurred
DFR-01633,2024-10-23 12:00:00,BASE-20241023-078,physical,corrective,2024-10-23 12:00:00,711.6,WO-0003259,wood_pole,as_occurred
DFR-01402,2024-10-23 12:00:00,BASE-20241023-078,physical,corrective,2024-10-23 12:00:00,6167.73,WO-0003260,wood_pole,as_occurred
WMN-02812,2024-10-23 18:00:00,BASE-20241023-078,physical,corrective,2024-10-23 18:00:00,1838.91,WO-0003261,cast-iron,as_occurred
WMN-02686,2024-10-24 00:00:00,,,routine,2024-10-24 00:00:00,219.61,WO-0003262,pvc,as_occurred
DSS-00398,2024-10-24 00:00:00,,,routine,2024-10-24 00:00:00,2603.53,WO-0003263,standard,as_occurred
DFR-01727,2024-10-24 00:00:00,,,inspection,2024-10-24 00:00:00,285.5,WO-0003264,wood_pole,as_occurred
WMN-03332,2024-10-24 00:00:00,,,routine,2024-10-24 00:00:00,610.21,WO-0003265,cast-iron,as_occurred
LEGACY-051898,2024-10-24 00:00:00,,,inspection,2024-10-24 00:00:00,184.32,WO-0003266,,as_occurred
TLS-01088,2024-10-24 00:00:00,,,routine,2024-10-24 00:00:00,597.14,WO-0003267,steel_lattice,as_occurred
DSS-00315,2024-10-24 00:00:00,,,vegetation,2024-10-27 00:00:00,1481.67,WO-0003268,standard,reported_late
DSS-00124,2024-10-24 00:00:00,,,routine,2024-10-24 00:00:00,669.24,WO-0003269,standard,as_occurred
DFR-01564,2024-10-24 00:00:00,,,routine,2024-10-24 00:00:00,679.11,WO-0003270,Wood Pole,as_occurred
WMN-03149,2024-10-24 00:00:00,,,vegetation,2024-10-24 00:00:00,366.07,WO-0003271,ductile_iron,as_occurred
DFR-01811,2024-10-24 00:00:00,,,inspection,2024-10-27 00:00:00,1207.6,WO-0003272,wood_pole,reported_late
WMN-02846,2024-10-24 00:00:00,,,routine,2024-10-24 00:00:00,587.23,WO-0003273,ductile_iron,as_occurred
TSS-00044,2024-10-25 00:00:00,,,routine,2024-10-25 00:00:00,1051.99,WO-0003274,standard,as_occurred
DSS-00221,2024-10-25 00:00:00,,,routine,2024-10-25 00:00:00,351.51,WO-0003275,standard,as_occurred
TLS-00544,2024-10-25 00:00:00,,,vegetation,2024-10-25 00:00:00,1919.37,WO-0003276,steel_lattice,as_occurred
PMP-02272,2024-10-25 00:00:00,,,routine,2024-10-28 00:00:00,350.09,WO-0003277,standard,reported_late
TLS-01193,2024-10-25 00:00:00,,,inspection,2024-10-25 00:00:00,686.75,WO-0003278,steel_monopole,as_occurred
WMN-02991,2024-10-25 00:00:00,,,routine,2024-10-25 00:00:00,742.78,WO-0003279,pvc,as_occurred
TSS-00029,2024-10-25 00:00:00,,,vegetation,2024-10-25 00:00:00,1020.42,WO-0003280,standard,as_occurred
LEGACY-028808,2024-10-26 00:00:00,,,routine,2024-10-26 00:00:00,1409.36,WO-0003281,,as_occurred
RCL-02099,2024-10-26 00:00:00,,,inspection,2024-10-26 00:00:00,382.71,WO-0003282,standard,as_occurred
TLS-01016,2024-10-26 00:00:00,,,routine,2024-10-26 00:00:00,1199.26,WO-0003283,concrete,as_occurred
WMN-02758,2024-10-26 00:00:00,,,inspection,2024-10-26 00:00:00,1053.82,WO-0003284,cast_iron,as_occurred
DFR-01362,2024-10-26 00:00:00,,,inspection,2024-10-26 00:00:00,1614.76,WO-0003285,underground,as_occurred
TLS-00897,2024-10-26 00:00:00,,,routine,2024-10-29 00:00:00,1115.48,WO-0003286,steel_monopole,reported_late
DSS-00196,2024-10-26 00:00:00,,,routine,2024-10-26 00:00:00,296.09,WO-0003287,standard,as_occurred
TLS-01275,2024-10-26 00:00:00,,,routine,2024-10-26 00:00:00,2796.36,WO-0003288,steel_monopole,as_occurred
TLS-00666,2024-10-26 00:00:00,,,routine,2024-10-26 00:00:00,184.34,WO-0003289,steel_lattice,as_occurred
WMN-02711,2024-10-27 00:00:00,,,vegetation,2024-10-27 00:00:00,849.38,WO-0003290,ductile_iron,as_occurred
PMP-02450,2024-10-27 00:00:00,,,routine,2024-10-27 00:00:00,1167.52,WO-0003291,standard,as_occurred
TLS-00789,2024-10-27 00:00:00,,,vegetation,2024-10-27 00:00:00,1371.63,WO-0003292,steel_lattice,as_occurred
WMN-03180,2024-10-27 00:00:00,,,inspection,2024-10-27 00:00:00,700.9,WO-0003293,P.V.C.,as_occurred
TNK-02551,2024-10-27 00:00:00,,,routine,2024-10-27 00:00:00,525.61,WO-0003294,standard,as_occurred
TLS-00500,2024-10-27 00:00:00,,,routine,2024-10-27 00:00:00,2252.86,WO-0003295,steel_lattice,as_occurred
WMN-02792,2024-10-28 00:00:00,,,vegetation,2024-10-28 00:00:00,1577.18,WO-0003296,Asbestos Cement,as_occurred
WMN-02904,2024-10-28 00:00:00,,,routine,2024-10-28 00:00:00,673.02,WO-0003297,pvc,as_occurred
DFR-01660,2024-10-28 00:00:00,,,routine,2024-10-28 00:00:00,990.8,WO-0003298,composite_pole,as_occurred
TLS-01211,2024-10-28 00:00:00,,,inspection,2024-10-28 00:00:00,384.0,WO-0003299,steel_monopole,as_occurred
RCL-02083,2024-10-29 00:00:00,,,routine,2024-11-01 00:00:00,2158.91,WO-0003300,standard,reported_late
DSS-00168,2024-10-29 00:00:00,,,inspection,2024-10-29 00:00:00,781.95,WO-0003301,standard,as_occurred
RCL-02177,2024-10-30 00:00:00,,,routine,2024-10-30 00:00:00,586.41,WO-0003302,standard,as_occurred
TLS-00901,2024-10-30 00:00:00,,,inspection,2024-10-30 00:00:00,1520.63,WO-0003303,steel_lattice,as_occurred
DFR-01530,2024-10-30 00:00:00,,,routine,2024-10-30 00:00:00,236.73,WO-0003304,wood_pole,as_occurred
DSS-00152,2024-10-30 00:00:00,,,vegetation,2024-10-30 00:00:00,781.77,WO-0003305,standard,as_occurred
DFR-01551,2024-10-31 00:00:00,,,vegetation,2024-10-31 00:00:00,564.5,WO-0003306,wood_pole,as_occurred
TLS-00791,2024-10-31 00:00:00,,,routine,2024-10-31 00:00:00,723.17,WO-0003307,steel_lattice,as_occurred
TLS-01114,2024-10-31 00:00:00,,,inspection,2024-10-31 00:00:00,1372.69,WO-0003308,steel_lattice,as_occurred
DFR-01737,2024-10-31 00:00:00,,,inspection,2024-10-31 00:00:00,777.91,WO-0003309,WOOD POLE,as_occurred
RCL-02155,2024-10-31 00:00:00,,,vegetation,2024-10-31 00:00:00,608.29,WO-0003310,standard,as_occurred
DSS-00122,2024-10-31 00:00:00,,,inspection,2024-10-31 00:00:00,246.31,WO-0003311,standard,as_occurred
WMN-03158,2024-10-31 00:00:00,,,inspection,2024-10-31 00:00:00,520.97,WO-0003312,D.I.,as_occurred
RCL-02196,2024-11-01 00:00:00,,,vegetation,2024-11-01 00:00:00,731.48,WO-0003313,standard,as_occurred
WMN-03208,2024-11-01 00:00:00,,,routine,2024-11-01 00:00:00,226.59,WO-0003314,ductile_iron,as_occurred
INT-03483,2024-11-01 00:00:00,,,inspection,2024-11-01 00:00:00,1846.66,WO-0003315,standard,as_occurred
TLS-00558,2024-11-01 00:00:00,,,inspection,2024-11-01 00:00:00,376.62,WO-0003316,steel_monopole,as_occurred
PMP-02426,2024-11-02 00:00:00,,,routine,2024-11-05 00:00:00,296.75,WO-0003317,standard,reported_late
PMP-02414,2024-11-02 00:00:00,,,inspection,2024-11-02 00:00:00,979.76,WO-0003318,standard,as_occurred
PMP-02422,2024-11-02 00:00:00,,,routine,2024-11-02 00:00:00,766.57,WO-0003319,standard,as_occurred
TLS-00704,2024-11-02 00:00:00,,,routine,2024-11-02 00:00:00,1298.03,WO-0003320,steel_monopole,as_occurred
TLS-01106,2024-11-03 00:00:00,,,vegetation,2024-11-03 00:00:00,396.42,WO-0003321,steel_lattice,as_occurred
WMN-03078,2024-11-03 00:00:00,,,routine,2024-11-03 00:00:00,217.97,WO-0003322,asbestos_cement,as_occurred
DFR-01749,2024-11-03 00:00:00,,,inspection,2024-11-03 00:00:00,368.47,WO-0003323,timber,as_occurred
PMP-02324,2024-11-03 00:00:00,,,routine,2024-11-03 00:00:00,273.23,WO-0003324,standard,as_occurred
TLS-00716,2024-11-03 00:00:00,,,routine,2024-11-03 00:00:00,2441.1,WO-0003325,steel_lattice,as_occurred
DFR-01845,2024-11-03 00:00:00,,,routine,2024-11-03 00:00:00,165.8,WO-0003326,wood_pole,as_occurred
WMN-03318,2024-11-03 00:00:00,,,routine,2024-11-03 00:00:00,2271.23,WO-0003327,ductile_iron,as_occurred
TLS-01077,2024-11-04 00:00:00,,,vegetation,2024-11-04 00:00:00,890.34,WO-0003328,steel_lattice,as_occurred
WMN-02697,2024-11-04 00:00:00,,,routine,2024-11-04 00:00:00,6214.35,WO-0003329,ductile_iron,as_occurred
TLS-00795,2024-11-04 00:00:00,,,routine,2024-11-04 00:00:00,1058.09,WO-0003330,steel_monopole,as_occurred
RCL-02167,2024-11-04 00:00:00,,,routine,2024-11-04 00:00:00,585.1,WO-0003331,standard,as_occurred
DFR-01353,2024-11-04 00:00:00,,,routine,2024-11-04 00:00:00,302.37,WO-0003332,wood_pole,as_occurred
RCL-02030,2024-11-04 00:00:00,,,routine,2024-11-04 00:00:00,294.79,WO-0003333,standard,as_occurred
TSS-00047,2024-11-04 00:00:00,,,inspection,2024-11-04 00:00:00,449.07,WO-0003334,standard,as_occurred
RCL-02087,2024-11-04 00:00:00,,,routine,2024-11-04 00:00:00,410.19,WO-0003335,standard,as_occurred
TLS-00677,2024-11-04 00:00:00,,,vegetation,2024-11-04 00:00:00,263.95,WO-0003336,steel_monopole,as_occurred
PMP-02338,2024-11-04 00:00:00,,,routine,2024-11-04 00:00:00,912.01,WO-0003337,standard,as_occurred
DFR-01857,2024-11-05 00:00:00,,,vegetation,2024-11-05 00:00:00,247.92,WO-0003338,wood_pole,as_occurred
TLS-01082,2024-11-06 00:00:00,,,routine,2024-11-09 00:00:00,798.21,WO-0003339,concrete,reported_late
DSS-00176,2024-11-06 00:00:00,,,routine,2024-11-06 00:00:00,319.33,WO-0003340,standard,as_occurred
TLS-01176,2024-11-06 00:00:00,,,routine,2024-11-06 00:00:00,1795.4,WO-0003341,concrete,as_occurred
RCL-02079,2024-11-06 00:00:00,,,inspection,2024-11-06 00:00:00,373.54,WO-0003342,standard,as_occurred
DFR-01579,2024-11-06 00:00:00,,,vegetation,2024-11-06 00:00:00,754.03,WO-0003343,wood_pole,as_occurred
WMN-02826,2024-11-06 00:00:00,,,inspection,2024-11-06 00:00:00,531.64,WO-0003344,ductile_iron,as_occurred
TLS-01208,2024-11-06 00:00:00,,,routine,2024-11-06 00:00:00,434.71,WO-0003345,steel_lattice,as_occurred
DFR-01868,2024-11-06 06:00:00,BASE-20241106-074,physical,corrective,2024-11-06 06:00:00,4284.79,WO-0003346,composite_pole,as_occurred
WMN-03154,2024-11-06 06:00:00,BASE-20241106-074,physical,corrective,2024-11-06 06:00:00,4183.07,WO-0003347,Cast Iron,as_occurred
WMN-02995,2024-11-06 12:00:00,BASE-20241106-074,physical,corrective,2024-11-06 12:00:00,14081.13,WO-0003348,cast_iron,as_occurred
WMN-03348,2024-11-06 12:00:00,BASE-20241106-074,physical,corrective,2024-11-06 12:00:00,4939.72,WO-0003349,ductile_iron,as_occurred
WMN-02747,2024-11-06 12:00:00,BASE-20241106-074,physical,corrective,2024-11-06 12:00:00,9305.53,WO-0003350,asbestos-cement,as_occurred
TLS-00666,2024-11-06 18:00:00,BASE-20241106-074,physical,corrective,2024-11-06 18:00:00,2127.79,WO-0003351,steel_lattice,as_occurred
INT-03490,2024-11-07 00:00:00,,,inspection,2024-11-07 00:00:00,416.39,WO-0003352,standard,as_occurred
DSS-00366,2024-11-07 00:00:00,,,routine,2024-11-07 00:00:00,701.88,WO-0003353,standard,as_occurred
TLS-00525,2024-11-07 00:00:00,,,vegetation,2024-11-07 00:00:00,742.14,WO-0003354,steel_lattice,as_occurred
RCL-02178,2024-11-07 00:00:00,,,routine,2024-11-10 00:00:00,994.96,WO-0003355,standard,reported_late
RCL-02186,2024-11-07 00:00:00,,,inspection,2024-11-07 00:00:00,2474.85,WO-0003356,standard,as_occurred
DFR-01662,2024-11-07 00:00:00,,,routine,2024-11-07 00:00:00,698.28,WO-0003357,underground,as_occurred
TLS-00807,2024-11-07 00:00:00,,,vegetation,2024-11-07 00:00:00,270.5,WO-0003358,steel_monopole,as_occurred
DFR-01590,2024-11-08 00:00:00,,,routine,2024-11-08 00:00:00,3960.7,WO-0003359,wood_pole,as_occurred
TLS-01073,2024-11-08 00:00:00,,,routine,2024-11-08 00:00:00,1955.27,WO-0003360,steel_lattice,as_occurred
DFR-01864,2024-11-08 00:00:00,,,inspection,2024-11-08 00:00:00,274.48,WO-0003361,WOOD POLE,as_occurred
DFR-01556,2024-11-08 00:00:00,,,inspection,2024-11-08 00:00:00,403.63,WO-0003362,concrete_pole,as_occurred
TLS-00883,2024-11-08 00:00:00,,,routine,2024-11-08 00:00:00,633.2,WO-0003363,steel_monopole,as_occurred
WMN-02731,2024-11-08 00:00:00,,,routine,2024-11-08 00:00:00,754.95,WO-0003364,asbestos_cement,as_occurred
WMN-02967,2024-11-09 00:00:00,,,inspection,2024-11-09 00:00:00,2384.41,WO-0003365,DI,as_occurred
DFR-01607,2024-11-09 00:00:00,,,routine,2024-11-09 00:00:00,1055.66,WO-0003366,composite_pole,as_occurred
LEGACY-067163,2024-11-09 00:00:00,,,inspection,2024-11-09 00:00:00,480.58,WO-0003367,,as_occurred
TLS-01139,2024-11-09 00:00:00,,,routine,2024-11-12 00:00:00,1453.73,WO-0003368,steel_lattice,reported_late
DSS-00407,2024-11-09 00:00:00,,,inspection,2024-11-09 00:00:00,714.87,WO-0003369,standard,as_occurred
TLS-01192,2024-11-10 00:00:00,,,inspection,2024-11-10 00:00:00,2405.87,WO-0003370,concrete,as_occurred
RCL-02082,2024-11-10 00:00:00,,,vegetation,2024-11-10 00:00:00,525.82,WO-0003371,standard,as_occurred
TLS-00872,2024-11-10 00:00:00,,,inspection,2024-11-10 00:00:00,325.44,WO-0003372,concrete,as_occurred
TLS-01237,2024-11-10 00:00:00,,,inspection,2024-11-10 00:00:00,121.65,WO-0003373,steel_lattice,as_occurred
DFR-01606,2024-11-10 00:00:00,,,inspection,2024-11-10 00:00:00,1059.76,WO-0003374,Wood,as_occurred
TLS-01109,2024-11-10 00:00:00,,,vegetation,2024-11-10 00:00:00,925.27,WO-0003375,steel_monopole,as_occurred
RCL-02011,2024-11-11 00:00:00,,,routine,2024-11-11 00:00:00,787.61,WO-0003376,standard,as_occurred
DSS-00292,2024-11-11 00:00:00,,,inspection,2024-11-11 00:00:00,384.61,WO-0003377,standard,as_occurred
DFR-01575,2024-11-11 00:00:00,,,routine,2024-11-11 00:00:00,787.94,WO-0003378,concrete_pole,as_occurred
DFR-01629,2024-11-11 00:00:00,,,inspection,2024-11-11 00:00:00,215.6,WO-0003379,WOOD POLE,as_occurred
TLS-01110,2024-11-11 00:00:00,,,routine,2024-11-11 00:00:00,521.17,WO-0003380,steel_monopole,as_occurred
TLS-01200,2024-11-11 00:00:00,,,routine,2024-11-11 00:00:00,275.49,WO-0003381,steel_monopole,as_occurred
DSS-00140,2024-11-11 00:00:00,,,inspection,2024-11-14 00:00:00,1458.6,WO-0003382,standard,reported_late
DFR-01777,2024-11-11 00:00:00,,,routine,2024-11-11 00:00:00,275.42,WO-0003383,wood_pole,as_occurred
DFR-01611,2024-11-11 00:00:00,,,routine,2024-11-11 00:00:00,1368.85,WO-0003384,concrete_pole,as_occurred
PMP-02316,2024-11-12 00:00:00,,,routine,2024-11-12 00:00:00,286.75,WO-0003385,standard,as_occurred
WMN-02942,2024-11-12 00:00:00,,,routine,2024-11-12 00:00:00,888.96,WO-0003386,pvc,as_occurred
DFR-01517,2024-11-12 00:00:00,,,inspection,2024-11-12 00:00:00,750.78,WO-0003387,WOOD POLE,as_occurred
TLS-00754,2024-11-12 00:00:00,,,inspection,2024-11-12 00:00:00,4985.58,WO-0003388,steel_lattice,as_occurred
DSS-00066,2024-11-13 00:00:00,,,inspection,2024-11-13 00:00:00,541.37,WO-0003389,standard,as_occurred
WMN-03324,2024-11-13 00:00:00,,,routine,2024-11-13 00:00:00,453.99,WO-0003390,steel,as_occurred
WMN-02771,2024-11-14 00:00:00,,,vegetation,2024-11-14 00:00:00,704.04,WO-0003391,DI,as_occurred
WMN-02985,2024-11-14 00:00:00,,,routine,2024-11-14 00:00:00,633.04,WO-0003392,cast_iron,as_occurred
DFR-01838,2024-11-14 00:00:00,,,inspection,2024-11-17 00:00:00,337.84,WO-0003393,wood_pole,reported_late
INT-03479,2024-11-14 00:00:00,,,inspection,2024-11-14 00:00:00,719.46,WO-0003394,standard,as_occurred
INT-03511,2024-11-14 00:00:00,,,routine,2024-11-14 00:00:00,1637.4,WO-0003395,standard,as_occurred
TLS-00787,2024-11-15 00:00:00,,,routine,2024-11-15 00:00:00,557.36,WO-0003396,steel_lattice,as_occurred
WMN-03458,2024-11-15 00:00:00,,,vegetation,2024-11-15 00:00:00,1410.72,WO-0003397,Cast Iron,as_occurred
RCL-02186,2024-11-15 00:00:00,,,routine,2024-11-15 00:00:00,433.51,WO-0003398,standard,as_occurred
DFR-01502,2024-11-15 00:00:00,,,inspection,2024-11-15 00:00:00,4612.29,WO-0003399,wood_pole,as_occurred
DFR-01853,2024-11-15 00:00:00,,,routine,2024-11-15 00:00:00,274.42,WO-0003400,Wood Pole,as_occurred
TLS-01302,2024-11-15 00:00:00,,,routine,2024-11-15 00:00:00,666.55,WO-0003401,steel_lattice,as_occurred
DFR-01334,2024-11-15 00:00:00,,,inspection,2024-11-15 00:00:00,417.13,WO-0003402,Wood Pole,as_occurred
WMN-03046,2024-11-15 00:00:00,,,inspection,2024-11-15 00:00:00,1051.6,WO-0003403,Cast Iron,as_occurred
PMP-02309,2024-11-15 00:00:00,,,routine,2024-11-15 00:00:00,621.2,WO-0003404,standard,as_occurred
TLS-00663,2024-11-16 00:00:00,,,vegetation,2024-11-16 00:00:00,737.94,WO-0003405,steel_lattice,as_occurred
WMN-03099,2024-11-16 00:00:00,,,routine,2024-11-16 00:00:00,608.39,WO-0003406,cast_iron,as_occurred
WMN-03413,2024-11-16 00:00:00,,,inspection,2024-11-16 00:00:00,1040.62,WO-0003407,pvc,as_occurred
DFR-01351,2024-11-16 00:00:00,,,routine,2024-11-16 00:00:00,657.41,WO-0003408,wood_pole,as_occurred
WMN-02949,2024-11-17 00:00:00,,,routine,2024-11-17 00:00:00,264.63,WO-0003409,CI,as_occurred
WTP-02220,2024-11-17 00:00:00,,,vegetation,2024-11-17 00:00:00,1177.96,WO-0003410,standard,as_occurred
DFR-01326,2024-11-17 00:00:00,,,inspection,2024-11-17 00:00:00,922.52,WO-0003411,timber,as_occurred
RCL-02203,2024-11-17 00:00:00,,,vegetation,2024-11-17 00:00:00,740.11,WO-0003412,standard,as_occurred
WMN-02742,2024-11-17 00:00:00,,,routine,2024-11-17 00:00:00,419.0,WO-0003413,CAST IRON,as_occurred
TLS-00963,2024-11-17 00:00:00,,,routine,2024-11-17 00:00:00,605.93,WO-0003414,steel_lattice,as_occurred
LEGACY-003068,2024-11-17 00:00:00,,,vegetation,2024-11-17 00:00:00,1429.0,WO-0003415,,as_occurred
LEGACY-039907,2024-11-17 00:00:00,,,inspection,2024-11-17 00:00:00,221.22,WO-0003416,,as_occurred
RCL-02168,2024-11-18 00:00:00,,,inspection,2024-11-18 00:00:00,848.82,WO-0003417,standard,as_occurred
WMN-03130,2024-11-18 00:00:00,,,vegetation,2024-11-18 00:00:00,1206.67,WO-0003418,pvc,as_occurred
WMN-02912,2024-11-18 00:00:00,,,routine,2024-11-21 00:00:00,218.87,WO-0003419,ductile_iron,reported_late
LEGACY-091832,2024-11-18 00:00:00,,,vegetation,2024-11-18 00:00:00,565.8,WO-0003420,,as_occurred
DFR-01630,2024-11-18 00:00:00,,,routine,2024-11-18 00:00:00,447.58,WO-0003421,wood_pole,as_occurred
WMN-02812,2024-11-18 00:00:00,,,routine,2024-11-18 00:00:00,879.47,WO-0003422,cast_iron,as_occurred
DFR-01833,2024-11-18 00:00:00,,,inspection,2024-11-18 00:00:00,912.89,WO-0003423,wood_pole,as_occurred
TLS-01254,2024-11-18 00:00:00,,,inspection,2024-11-18 00:00:00,931.84,WO-0003424,steel_lattice,as_occurred
DFR-01807,2024-11-18 00:00:00,,,inspection,2024-11-18 00:00:00,1688.53,WO-0003425,composite_pole,as_occurred
TLS-01234,2024-11-19 00:00:00,,,inspection,2024-11-19 00:00:00,746.49,WO-0003426,steel_monopole,as_occurred
PMP-02367,2024-11-19 00:00:00,,,vegetation,2024-11-19 00:00:00,837.92,WO-0003427,standard,as_occurred
TLS-00671,2024-11-19 00:00:00,,,routine,2024-11-19 00:00:00,1924.2,WO-0003428,steel_monopole,as_occurred
WMN-03471,2024-11-19 00:00:00,,,vegetation,2024-11-19 00:00:00,1132.84,WO-0003429,asbestos_cement,as_occurred
DFR-01821,2024-11-20 00:00:00,,,inspection,2024-11-23 00:00:00,701.15,WO-0003430,wood_pole,reported_late
DFR-01538,2024-11-20 00:00:00,,,vegetation,2024-11-20 00:00:00,337.26,WO-0003431,underground,as_occurred
DFR-01468,2024-11-20 00:00:00,,,routine,2024-11-20 00:00:00,803.68,WO-0003432,Wood,as_occurred
TLS-01183,2024-11-20 00:00:00,,,routine,2024-11-20 00:00:00,410.54,WO-0003433,concrete,as_occurred
DFR-01715,2024-11-20 00:00:00,,,vegetation,2024-11-20 00:00:00,725.47,WO-0003434,composite_pole,as_occurred
PMP-02467,2024-11-20 00:00:00,,,inspection,2024-11-20 00:00:00,972.93,WO-0003435,standard,as_occurred
WMN-02825,2024-11-21 00:00:00,,,routine,2024-11-21 00:00:00,286.61,WO-0003436,CI,as_occurred
RCL-02127,2024-11-21 00:00:00,,,routine,2024-11-24 00:00:00,244.66,WO-0003437,standard,reported_late
DFR-01391,2024-11-21 00:00:00,,,routine,2024-11-24 00:00:00,513.75,WO-0003438,wood_pole,reported_late
WMN-02754,2024-11-21 00:00:00,,,inspection,2024-11-21 00:00:00,1382.37,WO-0003439,asbestos_cement,as_occurred
LEGACY-054522,2024-11-21 00:00:00,,,inspection,2024-11-21 00:00:00,952.41,WO-0003440,,as_occurred
TLS-00414,2024-11-21 00:00:00,,,routine,2024-11-21 00:00:00,1938.47,WO-0003441,steel_lattice,as_occurred
DFR-01695,2024-11-21 00:00:00,,,inspection,2024-11-21 00:00:00,209.06,WO-0003442,concrete_pole,as_occurred
TLS-00934,2024-11-21 00:00:00,,,routine,2024-11-21 00:00:00,3072.45,WO-0003443,steel_lattice,as_occurred
LEGACY-044305,2024-11-21 00:00:00,,,routine,2024-11-21 00:00:00,360.12,WO-0003444,,as_occurred
DFR-01976,2024-11-21 00:00:00,,,inspection,2024-11-21 00:00:00,1334.47,WO-0003445,composite_pole,as_occurred
TNK-02530,2024-11-21 00:00:00,,,inspection,2024-11-21 00:00:00,550.65,WO-0003446,standard,as_occurred
DFR-01504,2024-11-22 00:00:00,,,inspection,2024-11-22 00:00:00,134.45,WO-0003447,concrete_pole,as_occurred
WMN-02680,2024-11-22 00:00:00,,,routine,2024-11-22 00:00:00,830.7,WO-0003448,DI,as_occurred
LEGACY-041185,2024-11-23 00:00:00,,,vegetation,2024-11-23 00:00:00,629.93,WO-0003449,,as_occurred
DSS-00239,2024-11-23 00:00:00,,,inspection,2024-11-23 00:00:00,764.4,WO-0003450,standard,as_occurred
PMP-02335,2024-11-23 00:00:00,,,vegetation,2024-11-26 00:00:00,1058.24,WO-0003451,standard,reported_late
TLS-00837,2024-11-24 00:00:00,,,inspection,2024-11-24 00:00:00,241.49,WO-0003452,steel_lattice,as_occurred
WMN-02807,2024-11-24 00:00:00,,,routine,2024-11-24 00:00:00,5156.82,WO-0003453,C.I.,as_occurred
WMN-02751,2024-11-24 00:00:00,,,routine,2024-11-24 00:00:00,1326.18,WO-0003454,ductile_iron,as_occurred
TLS-00553,2024-11-24 00:00:00,,,routine,2024-11-24 00:00:00,430.12,WO-0003455,steel_lattice,as_occurred
TLS-00597,2024-11-25 00:00:00,,,inspection,2024-11-25 00:00:00,1487.67,WO-0003456,steel_lattice,as_occurred
WMN-02680,2024-11-25 00:00:00,,,routine,2024-11-25 00:00:00,522.93,WO-0003457,D.I.,as_occurred
DFR-01391,2024-11-25 00:00:00,,,routine,2024-11-25 00:00:00,971.12,WO-0003458,wood_pole,as_occurred
DFR-01638,2024-11-25 00:00:00,,,routine,2024-11-25 00:00:00,1779.76,WO-0003459,underground,as_occurred
LEGACY-080286,2024-11-25 00:00:00,,,routine,2024-11-25 00:00:00,189.73,WO-0003460,,as_occurred
WMN-03257,2024-11-26 00:00:00,,,vegetation,2024-11-26 00:00:00,2273.9,WO-0003461,ductile_iron,as_occurred
PMP-02246,2024-11-26 00:00:00,,,routine,2024-11-26 00:00:00,725.68,WO-0003462,standard,as_occurred
WMN-02795,2024-11-26 00:00:00,,,routine,2024-11-26 00:00:00,438.03,WO-0003463,pvc,as_occurred
PMP-02332,2024-11-27 00:00:00,,,vegetation,2024-11-27 00:00:00,797.86,WO-0003464,standard,as_occurred
DFR-01350,2024-11-27 00:00:00,,,inspection,2024-11-27 00:00:00,345.12,WO-0003465,timber,as_occurred
PMP-02278,2024-11-28 00:00:00,,,inspection,2024-11-28 00:00:00,1764.8,WO-0003466,standard,as_occurred
DFR-01378,2024-11-28 00:00:00,,,routine,2024-11-28 00:00:00,1230.29,WO-0003467,wood_pole,as_occurred
WMN-03133,2024-11-28 00:00:00,,,routine,2024-11-28 00:00:00,3747.59,WO-0003468,Ductile Iron,as_occurred
TLS-00537,2024-11-28 00:00:00,,,vegetation,2024-11-28 00:00:00,460.45,WO-0003469,steel_monopole,as_occurred
WMN-02991,2024-11-28 00:00:00,,,routine,2024-11-28 00:00:00,1558.68,WO-0003470,pvc,as_occurred
RCL-02087,2024-11-28 00:00:00,,,inspection,2024-11-28 00:00:00,492.71,WO-0003471,standard,as_occurred
TNK-02591,2024-11-28 00:00:00,,,vegetation,2024-11-28 00:00:00,945.25,WO-0003472,standard,as_occurred
WMN-03427,2024-11-28 00:00:00,,,vegetation,2024-12-01 00:00:00,1091.85,WO-0003473,CAST IRON,reported_late
WMN-02998,2024-11-29 00:00:00,,,inspection,2024-11-29 00:00:00,537.31,WO-0003474,ductile_iron,as_occurred
TNK-02556,2024-11-29 00:00:00,,,vegetation,2024-11-29 00:00:00,6768.17,WO-0003475,standard,as_occurred
TLS-00775,2024-11-29 00:00:00,,,routine,2024-11-29 00:00:00,1983.42,WO-0003476,steel_lattice,as_occurred
TNK-02615,2024-11-29 00:00:00,,,vegetation,2024-11-29 00:00:00,271.76,WO-0003477,standard,as_occurred
RCL-02078,2024-11-29 00:00:00,,,inspection,2024-11-29 00:00:00,346.84,WO-0003478,standard,as_occurred
WMN-03282,2024-11-30 00:00:00,,,routine,2024-11-30 00:00:00,365.17,WO-0003479,cast-iron,as_occurred
WMN-02678,2024-11-30 00:00:00,,,inspection,2024-11-30 00:00:00,337.13,WO-0003480,steel,as_occurred
DFR-01325,2024-11-30 00:00:00,,,routine,2024-11-30 00:00:00,2606.99,WO-0003481,wood_pole,as_occurred
TLS-01081,2024-11-30 00:00:00,,,inspection,2024-11-30 00:00:00,564.12,WO-0003482,steel_lattice,as_occurred
PMP-02487,2024-11-30 00:00:00,,,inspection,2024-11-30 00:00:00,1227.74,WO-0003483,standard,as_occurred
WMN-02774,2024-11-30 00:00:00,,,vegetation,2024-11-30 00:00:00,1362.9,WO-0003484,cast_iron,as_occurred
TLS-00837,2024-11-30 00:00:00,,,vegetation,2024-11-30 00:00:00,930.04,WO-0003485,steel_lattice,as_occurred
DFR-01856,2024-11-30 00:00:00,,,vegetation,2024-11-30 00:00:00,999.53,WO-0003486,wood_pole,as_occurred
DSS-00246,2024-12-01 00:00:00,,,vegetation,2024-12-01 00:00:00,2300.09,WO-0003487,standard,as_occurred
TLS-01020,2024-12-01 00:00:00,,,routine,2024-12-01 00:00:00,151.09,WO-0003488,concrete,as_occurred
WMN-03249,2024-12-01 00:00:00,,,routine,2024-12-01 00:00:00,656.89,WO-0003489,cast_iron,as_occurred
TLS-01237,2024-12-01 00:00:00,,,routine,2024-12-01 00:00:00,602.5,WO-0003490,steel_lattice,as_occurred
TLS-00764,2024-12-02 00:00:00,,,routine,2024-12-02 00:00:00,917.68,WO-0003491,steel_lattice,as_occurred
DFR-01794,2024-12-02 00:00:00,,,routine,2024-12-05 00:00:00,687.57,WO-0003492,concrete_pole,reported_late
DFR-01575,2024-12-02 00:00:00,,,vegetation,2024-12-02 00:00:00,1098.44,WO-0003493,concrete_pole,as_occurred
TLS-01285,2024-12-02 00:00:00,,,routine,2024-12-02 00:00:00,746.19,WO-0003494,steel_lattice,as_occurred
WMN-03315,2024-12-02 00:00:00,,,inspection,2024-12-02 00:00:00,2125.44,WO-0003495,asbestos_cement,as_occurred
WMN-02840,2024-12-03 00:00:00,,,routine,2024-12-06 00:00:00,484.67,WO-0003496,cast_iron,reported_late
LEGACY-032493,2024-12-03 00:00:00,,,vegetation,2024-12-03 00:00:00,661.71,WO-0003497,,as_occurred
LEGACY-072062,2024-12-03 00:00:00,BASE-20241203-079,physical,corrective,2024-12-03 00:00:00,2791.05,WO-0003498,,as_occurred
DFR-01625,2024-12-03 00:00:00,,,vegetation,2024-12-03 00:00:00,483.31,WO-0003499,wood_pole,as_occurred
WMN-03019,2024-12-03 00:00:00,,,inspection,2024-12-03 00:00:00,1421.06,WO-0003500,ductile_iron,as_occurred
WMN-03160,2024-12-03 00:00:00,BASE-20241203-079,physical,corrective,2024-12-03 00:00:00,3509.37,WO-0003501,ductile_iron,as_occurred
LEGACY-054224,2024-12-03 00:00:00,BASE-20241203-079,physical,corrective,2024-12-03 00:00:00,8086.37,WO-0003502,,as_occurred
LEGACY-026080,2024-12-03 00:00:00,BASE-20241203-079,physical,corrective,2024-12-03 00:00:00,1230.84,WO-0003503,,as_occurred
PMP-02276,2024-12-03 06:00:00,BASE-20241203-079,functional_power_loss,corrective,2024-12-03 06:00:00,5786.47,WO-0003504,standard,as_occurred
WMN-02821,2024-12-03 06:00:00,BASE-20241203-079,physical,corrective,2024-12-06 06:00:00,2777.29,WO-0003505,asbestos_cement,reported_late
DSS-00068,2024-12-03 06:00:00,BASE-20241203-079,physical,corrective,2024-12-03 06:00:00,2425.18,WO-0003506,standard,as_occurred
WMN-03314,2024-12-03 06:00:00,BASE-20241203-079,physical,corrective,2024-12-03 06:00:00,2712.31,WO-0003507,cast_iron,as_occurred
PMP-02447,2024-12-03 06:00:00,BASE-20241203-079,functional_power_loss,corrective,2024-12-03 06:00:00,3636.94,WO-0003508,standard,as_occurred
DFR-01462,2024-12-03 12:00:00,BASE-20241203-079,physical,corrective,2024-12-03 12:00:00,1944.78,WO-0003509,wood_pole,as_occurred
WMN-03101,2024-12-03 12:00:00,BASE-20241203-079,physical,corrective,2024-12-03 12:00:00,6004.34,WO-0003510,Cast Iron,as_occurred
DSS-00088,2024-12-03 18:00:00,BASE-20241203-079,physical,corrective,2024-12-03 18:00:00,1983.16,WO-0003511,standard,as_occurred
WMN-03092,2024-12-03 18:00:00,BASE-20241203-079,physical,corrective,2024-12-03 18:00:00,12298.38,WO-0003512,asbestos-cement,as_occurred
DSS-00086,2024-12-04 00:00:00,,,routine,2024-12-04 00:00:00,771.57,WO-0003513,standard,as_occurred
TLS-00549,2024-12-04 00:00:00,,,vegetation,2024-12-04 00:00:00,841.45,WO-0003514,steel_lattice,as_occurred
PMP-02268,2024-12-04 00:00:00,,,inspection,2024-12-04 00:00:00,2101.74,WO-0003515,standard,as_occurred
WMN-02895,2024-12-04 00:00:00,,,routine,2024-12-04 00:00:00,2394.9,WO-0003516,CI,as_occurred
DFR-01454,2024-12-04 00:00:00,,,routine,2024-12-04 00:00:00,2333.02,WO-0003517,wood_pole,as_occurred
DFR-01563,2024-12-04 00:00:00,,,vegetation,2024-12-04 00:00:00,905.19,WO-0003518,wood_pole,as_occurred
TLS-01248,2024-12-04 00:00:00,,,vegetation,2024-12-04 00:00:00,845.07,WO-0003519,steel_monopole,as_occurred
DFR-01460,2024-12-04 00:00:00,,,inspection,2024-12-04 00:00:00,1508.08,WO-0003520,composite_pole,as_occurred
DSS-00362,2024-12-05 00:00:00,,,vegetation,2024-12-05 00:00:00,1420.2,WO-0003521,standard,as_occurred
DFR-02005,2024-12-05 00:00:00,,,inspection,2024-12-05 00:00:00,2719.4,WO-0003522,timber,as_occurred
TLS-01206,2024-12-05 00:00:00,,,vegetation,2024-12-05 00:00:00,838.71,WO-0003523,steel_lattice,as_occurred
LEGACY-020156,2024-12-05 00:00:00,,,routine,2024-12-05 00:00:00,1488.31,WO-0003524,,as_occurred
WMN-02736,2024-12-05 00:00:00,,,routine,2024-12-05 00:00:00,734.08,WO-0003525,Cast Iron,as_occurred
WMN-03149,2024-12-05 00:00:00,,,routine,2024-12-08 00:00:00,776.47,WO-0003526,ductile_iron,reported_late
TLS-00874,2024-12-05 00:00:00,,,routine,2024-12-05 00:00:00,1076.73,WO-0003527,steel_monopole,as_occurred
WMN-02902,2024-12-06 00:00:00,,,routine,2024-12-06 00:00:00,1671.8,WO-0003528,DI,as_occurred
RCL-02129,2024-12-06 00:00:00,,,routine,2024-12-06 00:00:00,1968.25,WO-0003529,standard,as_occurred
DFR-01796,2024-12-06 00:00:00,,,inspection,2024-12-06 00:00:00,290.47,WO-0003530,wood_pole,as_occurred
PMP-02395,2024-12-06 00:00:00,,,inspection,2024-12-06 00:00:00,603.91,WO-0003531,standard,as_occurred
DFR-01467,2024-12-06 00:00:00,,,routine,2024-12-06 00:00:00,394.78,WO-0003532,timber,as_occurred
PMP-02244,2024-12-06 00:00:00,BASE-20241206-073,physical,corrective,2024-12-06 00:00:00,7603.65,WO-0003533,standard,as_occurred
WMN-02716,2024-12-06 06:00:00,BASE-20241206-073,physical,corrective,2024-12-06 06:00:00,1559.98,WO-0003534,asbestos_cement,as_occurred
DFR-01349,2024-12-06 06:00:00,BASE-20241206-073,physical,corrective,2024-12-06 06:00:00,731.65,WO-0003535,wood_pole,as_occurred
WMN-03299,2024-12-06 12:00:00,BASE-20241206-073,physical,corrective,2024-12-06 12:00:00,12320.45,WO-0003536,cast_iron,as_occurred
PMP-02487,2024-12-06 12:00:00,BASE-20241206-073,physical,corrective,2024-12-06 12:00:00,1549.38,WO-0003537,standard,as_occurred
WMN-02964,2024-12-07 00:00:00,,,vegetation,2024-12-07 00:00:00,296.63,WO-0003538,ductile_iron,as_occurred
TLS-00689,2024-12-07 00:00:00,,,routine,2024-12-07 00:00:00,596.03,WO-0003539,steel_lattice,as_occurred
TLS-01100,2024-12-07 00:00:00,,,vegetation,2024-12-07 00:00:00,375.44,WO-0003540,steel_lattice,as_occurred
DSS-00158,2024-12-07 00:00:00,,,inspection,2024-12-07 00:00:00,362.88,WO-0003541,standard,as_occurred
WMN-03105,2024-12-07 00:00:00,,,inspection,2024-12-07 00:00:00,275.12,WO-0003542,cast_iron,as_occurred
TLS-01171,2024-12-07 00:00:00,,,inspection,2024-12-10 00:00:00,316.58,WO-0003543,steel_monopole,reported_late
DFR-01701,2024-12-07 00:00:00,,,vegetation,2024-12-07 00:00:00,319.11,WO-0003544,Wood,as_occurred
TLS-00668,2024-12-07 00:00:00,,,routine,2024-12-07 00:00:00,1050.49,WO-0003545,steel_lattice,as_occurred
TLS-01006,2024-12-07 00:00:00,,,inspection,2024-12-07 00:00:00,1030.88,WO-0003546,steel_lattice,as_occurred
DFR-01688,2024-12-07 00:00:00,,,vegetation,2024-12-07 00:00:00,300.37,WO-0003547,wood_pole,as_occurred
WMN-02876,2024-12-08 00:00:00,,,routine,2024-12-08 00:00:00,273.1,WO-0003548,pvc,as_occurred
DFR-01845,2024-12-08 00:00:00,,,routine,2024-12-08 00:00:00,534.17,WO-0003549,wood_pole,as_occurred
TLS-00441,2024-12-08 00:00:00,,,routine,2024-12-08 00:00:00,754.17,WO-0003550,steel_lattice,as_occurred
LEGACY-079276,2024-12-08 00:00:00,,,inspection,2024-12-08 00:00:00,459.79,WO-0003551,,as_occurred
TLS-01251,2024-12-08 00:00:00,,,inspection,2024-12-08 00:00:00,1537.08,WO-0003552,steel_lattice,as_occurred
DFR-01506,2024-12-09 00:00:00,,,inspection,2024-12-09 00:00:00,316.77,WO-0003553,composite_pole,as_occurred
PMP-02361,2024-12-09 00:00:00,,,routine,2024-12-09 00:00:00,276.26,WO-0003554,standard,as_occurred
RCL-02124,2024-12-10 00:00:00,,,routine,2024-12-10 00:00:00,539.04,WO-0003555,standard,as_occurred
DFR-01832,2024-12-10 00:00:00,,,inspection,2024-12-10 00:00:00,1804.02,WO-0003556,wood_pole,as_occurred
TLS-01176,2024-12-10 00:00:00,,,inspection,2024-12-10 00:00:00,390.76,WO-0003557,concrete,as_occurred
LEGACY-047768,2024-12-11 00:00:00,BASE-20241211-084,physical,corrective,2024-12-11 00:00:00,5665.62,WO-0003558,,as_occurred
DSS-00186,2024-12-11 00:00:00,,,inspection,2024-12-11 00:00:00,807.63,WO-0003559,standard,as_occurred
RCL-02087,2024-12-11 00:00:00,,,inspection,2024-12-11 00:00:00,673.99,WO-0003560,standard,as_occurred
DSS-00202,2024-12-11 00:00:00,,,routine,2024-12-11 00:00:00,2050.01,WO-0003561,standard,as_occurred
TLS-00923,2024-12-11 00:00:00,,,inspection,2024-12-11 00:00:00,811.17,WO-0003562,steel_lattice,as_occurred
TNK-02531,2024-12-11 00:00:00,,,inspection,2024-12-11 00:00:00,1443.53,WO-0003563,standard,as_occurred
TLS-01047,2024-12-11 00:00:00,,,vegetation,2024-12-11 00:00:00,1944.8,WO-0003564,steel_monopole,as_occurred
WMN-02985,2024-12-11 00:00:00,,,routine,2024-12-14 00:00:00,567.09,WO-0003565,cast_iron,reported_late
PMP-02514,2024-12-11 00:00:00,,,inspection,2024-12-14 00:00:00,631.57,WO-0003566,standard,reported_late
DSS-00072,2024-12-11 00:00:00,,,routine,2024-12-11 00:00:00,578.53,WO-0003567,standard,as_occurred
WMN-03351,2024-12-11 00:00:00,,,routine,2024-12-11 00:00:00,822.55,WO-0003568,ductile_iron,as_occurred
TNK-02550,2024-12-11 06:00:00,BASE-20241211-084,physical,corrective,2024-12-11 06:00:00,6194.68,WO-0003569,standard,as_occurred
LEGACY-048714,2024-12-11 12:00:00,BASE-20241211-084,physical,corrective,2024-12-11 12:00:00,8893.49,WO-0003570,,as_occurred
WMN-02821,2024-12-12 00:00:00,,,routine,2024-12-12 00:00:00,683.8,WO-0003571,A/C,as_occurred
TLS-00617,2024-12-12 00:00:00,,,vegetation,2024-12-12 00:00:00,505.58,WO-0003572,steel_monopole,as_occurred
DSS-00398,2024-12-12 00:00:00,,,vegetation,2024-12-12 00:00:00,1316.82,WO-0003573,standard,as_occurred
DFR-01378,2024-12-13 00:00:00,,,inspection,2024-12-13 00:00:00,1644.61,WO-0003574,wood_pole,as_occurred
DFR-01951,2024-12-13 00:00:00,,,vegetation,2024-12-13 00:00:00,496.53,WO-0003575,concrete_pole,as_occurred
TNK-02616,2024-12-13 00:00:00,,,routine,2024-12-13 00:00:00,468.33,WO-0003576,standard,as_occurred
DFR-01696,2024-12-13 00:00:00,,,routine,2024-12-13 00:00:00,432.12,WO-0003577,underground,as_occurred
TLS-00837,2024-12-13 00:00:00,,,routine,2024-12-13 00:00:00,2217.73,WO-0003578,steel_lattice,as_occurred
DFR-01773,2024-12-13 00:00:00,,,inspection,2024-12-13 00:00:00,1008.09,WO-0003579,wood_pole,as_occurred
TLS-00622,2024-12-13 00:00:00,,,inspection,2024-12-13 00:00:00,331.69,WO-0003580,steel_lattice,as_occurred
DSS-00326,2024-12-13 00:00:00,,,routine,2024-12-13 00:00:00,268.59,WO-0003581,standard,as_occurred
RCL-02090,2024-12-13 00:00:00,,,routine,2024-12-13 00:00:00,596.25,WO-0003582,standard,as_occurred
LEGACY-047339,2024-12-13 00:00:00,,,inspection,2024-12-13 00:00:00,691.51,WO-0003583,,as_occurred
TLS-00749,2024-12-13 00:00:00,,,inspection,2024-12-13 00:00:00,810.17,WO-0003584,steel_lattice,as_occurred
DFR-01601,2024-12-13 00:00:00,,,vegetation,2024-12-13 00:00:00,665.61,WO-0003585,wood_pole,as_occurred
PMP-02360,2024-12-14 00:00:00,,,vegetation,2024-12-14 00:00:00,298.55,WO-0003586,standard,as_occurred
DFR-01811,2024-12-14 00:00:00,,,routine,2024-12-14 00:00:00,3265.24,WO-0003587,Wood Pole,as_occurred
DSS-00362,2024-12-14 00:00:00,,,vegetation,2024-12-14 00:00:00,398.62,WO-0003588,standard,as_occurred
DFR-01348,2024-12-14 00:00:00,,,routine,2024-12-14 00:00:00,1379.28,WO-0003589,wood_pole,as_occurred
DSS-00063,2024-12-14 00:00:00,,,inspection,2024-12-14 00:00:00,890.4,WO-0003590,standard,as_occurred
DSS-00318,2024-12-14 00:00:00,,,routine,2024-12-14 00:00:00,1358.37,WO-0003591,standard,as_occurred
TSS-00009,2024-12-15 00:00:00,,,inspection,2024-12-15 00:00:00,958.76,WO-0003592,standard,as_occurred
TLS-00858,2024-12-15 00:00:00,,,inspection,2024-12-15 00:00:00,457.98,WO-0003593,steel_lattice,as_occurred
TLS-00937,2024-12-15 00:00:00,,,vegetation,2024-12-15 00:00:00,441.94,WO-0003594,steel_monopole,as_occurred
WMN-03024,2024-12-15 00:00:00,,,routine,2024-12-15 00:00:00,1645.04,WO-0003595,pvc,as_occurred
DFR-01418,2024-12-16 00:00:00,,,routine,2024-12-16 00:00:00,561.02,WO-0003596,composite_pole,as_occurred
DSS-00347,2024-12-16 00:00:00,,,vegetation,2024-12-16 00:00:00,401.03,WO-0003597,standard,as_occurred
WMN-03228,2024-12-16 00:00:00,,,routine,2024-12-16 00:00:00,1442.53,WO-0003598,cast_iron,as_occurred
TLS-00564,2024-12-17 00:00:00,,,vegetation,2024-12-17 00:00:00,1566.14,WO-0003599,steel_monopole,as_occurred
WMN-02895,2024-12-17 00:00:00,,,routine,2024-12-17 00:00:00,236.67,WO-0003600,cast_iron,as_occurred
RCL-02196,2024-12-17 00:00:00,,,routine,2024-12-17 00:00:00,1587.55,WO-0003601,standard,as_occurred
WMN-03393,2024-12-17 00:00:00,,,routine,2024-12-17 00:00:00,1175.4,WO-0003602,cast_iron,as_occurred
TNK-02637,2024-12-18 00:00:00,,,routine,2024-12-18 00:00:00,890.02,WO-0003603,standard,as_occurred
TLS-00599,2024-12-18 00:00:00,,,vegetation,2024-12-18 00:00:00,450.0,WO-0003604,concrete,as_occurred
WMN-03323,2024-12-18 00:00:00,,,routine,2024-12-18 00:00:00,483.63,WO-0003605,DI,as_occurred
TLS-01262,2024-12-18 00:00:00,,,vegetation,2024-12-18 00:00:00,794.24,WO-0003606,steel_lattice,as_occurred
TLS-00594,2024-12-18 00:00:00,,,routine,2024-12-18 00:00:00,754.57,WO-0003607,steel_lattice,as_occurred
TLS-00655,2024-12-18 00:00:00,,,inspection,2024-12-18 00:00:00,2518.39,WO-0003608,steel_monopole,as_occurred
TLS-00573,2024-12-19 00:00:00,,,vegetation,2024-12-19 00:00:00,1215.23,WO-0003609,steel_monopole,as_occurred
DSS-00248,2024-12-19 00:00:00,,,routine,2024-12-19 00:00:00,722.12,WO-0003610,standard,as_occurred
TLS-00662,2024-12-19 00:00:00,,,vegetation,2024-12-19 00:00:00,917.39,WO-0003611,steel_lattice,as_occurred
TNK-02601,2024-12-19 00:00:00,,,routine,2024-12-19 00:00:00,180.58,WO-0003612,standard,as_occurred
DFR-01483,2024-12-19 00:00:00,,,inspection,2024-12-19 00:00:00,339.59,WO-0003613,underground,as_occurred
TLS-01249,2024-12-19 00:00:00,,,routine,2024-12-19 00:00:00,825.5,WO-0003614,steel_lattice,as_occurred
TNK-02531,2024-12-19 00:00:00,,,inspection,2024-12-19 00:00:00,1781.75,WO-0003615,standard,as_occurred
RCL-02039,2024-12-19 00:00:00,,,vegetation,2024-12-19 00:00:00,1220.09,WO-0003616,standard,as_occurred
WMN-02774,2024-12-20 00:00:00,,,routine,2024-12-20 00:00:00,1719.91,WO-0003617,cast_iron,as_occurred
DFR-01336,2024-12-20 00:00:00,WILD-20241220-058,physical,corrective,2024-12-20 00:00:00,6175.18,WO-0003618,wood_pole,as_occurred
TLS-01213,2024-12-20 00:00:00,,,routine,2024-12-20 00:00:00,651.19,WO-0003619,steel_lattice,as_occurred
DFR-01324,2024-12-20 00:00:00,WILD-20241220-058,physical,corrective,2024-12-20 00:00:00,2276.2,WO-0003620,wood_pole,as_occurred
DFR-01730,2024-12-20 00:00:00,WILD-20241220-058,physical,corrective,2024-12-20 00:00:00,5926.96,WO-0003621,wood_pole,as_occurred
DFR-01439,2024-12-20 00:00:00,WILD-20241220-058,physical,corrective,2024-12-20 00:00:00,1156.41,WO-0003622,wood_pole,as_occurred
TLS-00554,2024-12-20 00:00:00,,,vegetation,2024-12-20 00:00:00,2249.27,WO-0003623,steel_lattice,as_occurred
DFR-01750,2024-12-20 00:00:00,WILD-20241220-058,physical,corrective,2024-12-20 00:00:00,3184.52,WO-0003624,wood_pole,as_occurred
DFR-01476,2024-12-20 00:00:00,WILD-20241220-058,physical,corrective,2024-12-20 00:00:00,2947.91,WO-0003625,wood_pole,as_occurred
INT-03486,2024-12-20 00:00:00,,,vegetation,2024-12-20 00:00:00,878.82,WO-0003626,standard,as_occurred
DSS-00084,2024-12-20 00:00:00,,,routine,2024-12-20 00:00:00,323.51,WO-0003627,standard,as_occurred
DFR-01717,2024-12-20 00:00:00,WILD-20241220-058,physical,corrective,2024-12-20 00:00:00,5418.25,WO-0003628,wood_pole,as_occurred
LEGACY-067977,2024-12-20 00:00:00,,,inspection,2024-12-20 00:00:00,357.47,WO-0003629,,as_occurred
RCL-02043,2024-12-20 00:00:00,,,inspection,2024-12-20 00:00:00,797.71,WO-0003630,standard,as_occurred
WMN-03320,2024-12-20 00:00:00,,,inspection,2024-12-20 00:00:00,1632.43,WO-0003631,Poly Vinyl Chloride,as_occurred
DFR-01952,2024-12-20 00:00:00,WILD-20241220-058,physical,corrective,2024-12-20 00:00:00,4258.43,WO-0003632,wood_pole,as_occurred
TSS-00031,2024-12-20 00:00:00,,,vegetation,2024-12-20 00:00:00,930.87,WO-0003633,standard,as_occurred
RCL-02017,2024-12-20 00:00:00,,,routine,2024-12-20 00:00:00,1395.18,WO-0003634,standard,as_occurred
DFR-01503,2024-12-20 00:00:00,WILD-20241220-058,physical,corrective,2024-12-20 00:00:00,4522.65,WO-0003635,wood_pole,as_occurred
DFR-01644,2024-12-20 06:00:00,WILD-20241220-058,physical,corrective,2024-12-20 06:00:00,3285.35,WO-0003636,wood_pole,as_occurred
DFR-01767,2024-12-20 06:00:00,WILD-20241220-058,physical,corrective,2024-12-23 06:00:00,5908.22,WO-0003637,Wood,reported_late
DFR-01319,2024-12-20 06:00:00,WILD-20241220-058,physical,corrective,2024-12-20 06:00:00,5274.88,WO-0003638,wood_pole,as_occurred
DFR-01731,2024-12-20 06:00:00,WILD-20241220-058,physical,corrective,2024-12-23 06:00:00,11579.25,WO-0003639,wood_pole,reported_late
DFR-01425,2024-12-20 06:00:00,WILD-20241220-058,physical,corrective,2024-12-20 06:00:00,16370.98,WO-0003640,wood_pole,as_occurred
DFR-01728,2024-12-20 06:00:00,WILD-20241220-058,physical,corrective,2024-12-20 06:00:00,4773.92,WO-0003641,timber,as_occurred
DFR-01493,2024-12-20 06:00:00,WILD-20241220-058,physical,corrective,2024-12-20 06:00:00,9183.1,WO-0003642,wood_pole,as_occurred
DFR-01651,2024-12-20 06:00:00,WILD-20241220-058,physical,corrective,2024-12-20 06:00:00,4786.8,WO-0003643,Wood,as_occurred
DFR-01901,2024-12-20 06:00:00,WILD-20241220-058,physical,corrective,2024-12-20 06:00:00,2267.44,WO-0003644,wood_pole,as_occurred
DFR-01555,2024-12-20 06:00:00,WILD-20241220-058,physical,corrective,2024-12-20 06:00:00,3465.35,WO-0003645,Wood Pole,as_occurred
DFR-01520,2024-12-20 12:00:00,WILD-20241220-058,physical,corrective,2024-12-20 12:00:00,2782.35,WO-0003646,timber,as_occurred
DFR-01586,2024-12-20 12:00:00,WILD-20241220-058,physical,corrective,2024-12-20 12:00:00,2441.69,WO-0003647,Wood,as_occurred
DFR-01317,2024-12-20 12:00:00,WILD-20241220-058,physical,corrective,2024-12-20 12:00:00,1689.3,WO-0003648,wood_pole,as_occurred
TLS-00549,2024-12-20 12:00:00,WILD-20241220-058,physical,corrective,2024-12-20 12:00:00,3555.6,WO-0003649,steel_lattice,as_occurred
WMN-03237,2024-12-20 12:00:00,WILD-20241220-058,physical,corrective,2024-12-20 12:00:00,10286.06,WO-0003650,asbestos_cement,as_occurred
DFR-01716,2024-12-20 12:00:00,WILD-20241220-058,physical,corrective,2024-12-20 12:00:00,2205.63,WO-0003651,timber,as_occurred
DFR-01941,2024-12-20 18:00:00,WILD-20241220-058,physical,corrective,2024-12-20 18:00:00,5480.76,WO-0003652,WOOD POLE,as_occurred
DSS-00262,2024-12-20 18:00:00,WILD-20241220-058,physical,corrective,2024-12-20 18:00:00,11000.06,WO-0003653,standard,as_occurred
PMP-02475,2024-12-20 18:00:00,WILD-20241220-058,functional_power_loss,corrective,2024-12-20 18:00:00,2435.71,WO-0003654,standard,as_occurred
PMP-02305,2024-12-20 18:00:00,WILD-20241220-058,functional_power_loss,corrective,2024-12-20 18:00:00,5416.32,WO-0003655,standard,as_occurred
DFR-01389,2024-12-20 18:00:00,WILD-20241220-058,physical,corrective,2024-12-20 18:00:00,4176.02,WO-0003656,Wood Pole,as_occurred
DFR-01830,2024-12-20 18:00:00,WILD-20241220-058,physical,corrective,2024-12-20 18:00:00,7548.25,WO-0003657,wood_pole,as_occurred
TLS-00853,2024-12-20 18:00:00,WILD-20241220-058,physical,corrective,2024-12-23 18:00:00,1727.79,WO-0003658,concrete,reported_late
DFR-01739,2024-12-20 18:00:00,WILD-20241220-058,physical,corrective,2024-12-20 18:00:00,5372.63,WO-0003659,Wood,as_occurred
RCL-02160,2024-12-21 00:00:00,,,routine,2024-12-21 00:00:00,454.71,WO-0003660,standard,as_occurred
WMN-02961,2024-12-21 00:00:00,,,inspection,2024-12-21 00:00:00,708.38,WO-0003661,steel,as_occurred
DFR-01936,2024-12-21 00:00:00,WILD-20241220-058,physical,corrective,2024-12-21 00:00:00,3216.99,WO-0003662,wood_pole,as_occurred
TNK-02528,2024-12-21 00:00:00,,,vegetation,2024-12-21 00:00:00,904.97,WO-0003663,standard,as_occurred
DSS-00319,2024-12-21 00:00:00,WILD-20241220-058,physical,corrective,2024-12-21 00:00:00,2469.53,WO-0003664,standard,as_occurred
DFR-01581,2024-12-21 00:00:00,WILD-20241220-058,physical,corrective,2024-12-21 00:00:00,2382.47,WO-0003665,wood_pole,as_occurred
TLS-00644,2024-12-21 00:00:00,,,vegetation,2024-12-21 00:00:00,732.77,WO-0003666,steel_monopole,as_occurred
DFR-01620,2024-12-21 00:00:00,WILD-20241220-058,physical,corrective,2024-12-21 00:00:00,4772.94,WO-0003667,wood_pole,as_occurred
DFR-01986,2024-12-21 00:00:00,WILD-20241220-058,physical,corrective,2024-12-21 00:00:00,11108.11,WO-0003668,composite_pole,as_occurred
WMN-02932,2024-12-21 00:00:00,,,inspection,2024-12-21 00:00:00,1026.54,WO-0003669,Cast Iron,as_occurred
TLS-01162,2024-12-21 06:00:00,WILD-20241220-058,physical,corrective,2024-12-21 06:00:00,17199.11,WO-0003670,steel_monopole,as_occurred
DFR-01625,2024-12-21 06:00:00,WILD-20241220-058,physical,corrective,2024-12-21 06:00:00,3024.77,WO-0003671,wood_pole,as_occurred
RCL-02051,2024-12-21 06:00:00,WILD-20241220-058,physical,corrective,2024-12-24 06:00:00,1905.29,WO-0003672,standard,reported_late
WMN-03145,2024-12-21 06:00:00,WILD-20241220-058,physical,corrective,2024-12-21 06:00:00,10086.91,WO-0003673,C.I.,as_occurred
WMN-03429,2024-12-21 06:00:00,WILD-20241220-058,physical,corrective,2024-12-21 06:00:00,3527.28,WO-0003674,asbestos_cement,as_occurred
DFR-01514,2024-12-21 06:00:00,WILD-20241220-058,physical,corrective,2024-12-21 06:00:00,4196.75,WO-0003675,wood_pole,as_occurred
DFR-01633,2024-12-21 06:00:00,WILD-20241220-058,physical,corrective,2024-12-21 06:00:00,6860.83,WO-0003676,Wood Pole,as_occurred
TLS-00504,2024-12-21 06:00:00,WILD-20241220-058,physical,corrective,2024-12-21 06:00:00,3894.42,WO-0003677,steel_monopole,as_occurred
DFR-01440,2024-12-21 06:00:00,WILD-20241220-058,physical,corrective,2024-12-21 06:00:00,3350.75,WO-0003678,wood_pole,as_occurred
TNK-02657,2024-12-21 12:00:00,WILD-20241220-058,physical,corrective,2024-12-21 12:00:00,1771.25,WO-0003679,standard,as_occurred
WMN-03154,2024-12-21 12:00:00,WILD-20241220-058,physical,corrective,2024-12-21 12:00:00,2032.83,WO-0003680,CAST IRON,as_occurred
DSS-00181,2024-12-21 12:00:00,WILD-20241220-058,physical,corrective,2024-12-24 12:00:00,4158.14,WO-0003681,standard,reported_late
PMP-02314,2024-12-21 12:00:00,WILD-20241220-058,functional_power_loss,corrective,2024-12-21 12:00:00,32111.29,WO-0003682,standard,as_occurred
DFR-02003,2024-12-21 12:00:00,WILD-20241220-058,physical,corrective,2024-12-21 12:00:00,6079.6,WO-0003683,wood_pole,as_occurred
WTP-02214,2024-12-21 12:00:00,WILD-20241220-058,functional_power_loss,corrective,2024-12-21 12:00:00,2766.62,WO-0003684,standard,as_occurred
DFR-01438,2024-12-21 12:00:00,WILD-20241220-058,physical,corrective,2024-12-24 12:00:00,5316.79,WO-0003685,wood_pole,reported_late
LEGACY-081751,2024-12-21 12:00:00,WILD-20241220-058,physical,corrective,2024-12-21 12:00:00,4350.96,WO-0003686,,as_occurred
DFR-01542,2024-12-21 12:00:00,WILD-20241220-058,physical,corrective,2024-12-21 12:00:00,3683.26,WO-0003687,wood_pole,as_occurred
WMN-03083,2024-12-21 12:00:00,WILD-20241220-058,physical,corrective,2024-12-24 12:00:00,1118.43,WO-0003688,cast_iron,reported_late
DFR-01702,2024-12-21 18:00:00,WILD-20241220-058,physical,corrective,2024-12-21 18:00:00,4645.15,WO-0003689,WOOD POLE,as_occurred
DFR-01928,2024-12-21 18:00:00,WILD-20241220-058,physical,corrective,2024-12-21 18:00:00,5428.51,WO-0003690,wood_pole,as_occurred
DFR-01450,2024-12-21 18:00:00,WILD-20241220-058,physical,corrective,2024-12-21 18:00:00,3259.22,WO-0003691,Wood Pole,as_occurred
DFR-01866,2024-12-21 18:00:00,WILD-20241220-058,physical,corrective,2024-12-21 18:00:00,17254.8,WO-0003692,wood_pole,as_occurred
TLS-00452,2024-12-22 00:00:00,,,inspection,2024-12-22 00:00:00,626.53,WO-0003693,steel_lattice,as_occurred
WMN-02733,2024-12-22 00:00:00,,,routine,2024-12-22 00:00:00,1901.48,WO-0003694,ductile_iron,as_occurred
WMN-03151,2024-12-22 00:00:00,,,vegetation,2024-12-22 00:00:00,1262.57,WO-0003695,D.I.,as_occurred
DSS-00102,2024-12-22 00:00:00,,,inspection,2024-12-22 00:00:00,417.64,WO-0003696,standard,as_occurred
TLS-00742,2024-12-23 00:00:00,,,inspection,2024-12-26 00:00:00,378.16,WO-0003697,steel_lattice,reported_late
DFR-01417,2024-12-23 00:00:00,,,inspection,2024-12-23 00:00:00,495.27,WO-0003698,Wood Pole,as_occurred
TNK-02613,2024-12-24 00:00:00,,,routine,2024-12-24 00:00:00,490.75,WO-0003699,standard,as_occurred
TLS-00820,2024-12-24 00:00:00,,,vegetation,2024-12-24 00:00:00,589.66,WO-0003700,steel_monopole,as_occurred
WMN-03416,2024-12-25 00:00:00,,,routine,2024-12-25 00:00:00,526.99,WO-0003701,pvc,as_occurred
TLS-00496,2024-12-25 00:00:00,,,inspection,2024-12-25 00:00:00,398.94,WO-0003702,steel_monopole,as_occurred
DSS-00218,2024-12-25 00:00:00,,,inspection,2024-12-25 00:00:00,1674.91,WO-0003703,standard,as_occurred
PMP-02345,2024-12-26 00:00:00,,,inspection,2024-12-26 00:00:00,609.44,WO-0003704,standard,as_occurred
DSS-00255,2024-12-26 00:00:00,,,vegetation,2024-12-26 00:00:00,210.73,WO-0003705,standard,as_occurred
TLS-01119,2024-12-26 00:00:00,,,routine,2024-12-29 00:00:00,658.51,WO-0003706,steel_lattice,reported_late
TNK-02581,2024-12-27 00:00:00,,,inspection,2024-12-30 00:00:00,510.91,WO-0003707,standard,reported_late
TLS-00506,2024-12-27 00:00:00,,,inspection,2024-12-27 00:00:00,415.71,WO-0003708,concrete,as_occurred
WMN-03376,2024-12-27 00:00:00,,,vegetation,2024-12-30 00:00:00,553.92,WO-0003709,pvc,reported_late
WMN-03031,2024-12-27 00:00:00,,,routine,2024-12-27 00:00:00,1299.57,WO-0003710,PVC,as_occurred
WMN-02840,2024-12-27 00:00:00,,,routine,2024-12-27 00:00:00,820.85,WO-0003711,cast-iron,as_occurred
RCL-02042,2024-12-28 00:00:00,,,routine,2024-12-28 00:00:00,5280.07,WO-0003712,standard,as_occurred
TLS-00503,2024-12-28 00:00:00,,,vegetation,2024-12-28 00:00:00,342.56,WO-0003713,steel_lattice,as_occurred
WMN-02781,2024-12-28 00:00:00,,,routine,2024-12-28 00:00:00,844.21,WO-0003714,ductile_iron,as_occurred
WMN-03453,2024-12-28 00:00:00,,,vegetation,2024-12-28 00:00:00,672.8,WO-0003715,Ductile Iron,as_occurred
WMN-03108,2024-12-29 00:00:00,,,inspection,2024-12-29 00:00:00,1479.78,WO-0003716,ductile_iron,as_occurred
TLS-00572,2024-12-29 00:00:00,,,inspection,2024-12-29 00:00:00,399.84,WO-0003717,steel_monopole,as_occurred
TLS-00548,2024-12-29 00:00:00,,,routine,2024-12-29 00:00:00,348.42,WO-0003718,steel_lattice,as_occurred
DSS-00291,2024-12-29 00:00:00,,,vegetation,2024-12-29 00:00:00,897.15,WO-0003719,standard,as_occurred
PMP-02335,2024-12-29 00:00:00,,,routine,2024-12-29 00:00:00,432.04,WO-0003720,standard,as_occurred
DFR-01323,2024-12-29 00:00:00,,,routine,2024-12-29 00:00:00,756.81,WO-0003721,underground,as_occurred
TSS-00016,2024-12-29 00:00:00,,,routine,2024-12-29 00:00:00,1172.81,WO-0003722,standard,as_occurred
TLS-01001,2024-12-29 00:00:00,,,inspection,2024-12-29 00:00:00,718.18,WO-0003723,steel_monopole,as_occurred
DSS-00198,2024-12-29 00:00:00,,,inspection,2024-12-29 00:00:00,1224.35,WO-0003724,standard,as_occurred
WMN-03033,2024-12-29 00:00:00,,,inspection,2024-12-29 00:00:00,838.18,WO-0003725,CI,as_occurred
WMN-03387,2024-12-30 00:00:00,,,routine,2024-12-30 00:00:00,3689.57,WO-0003726,pvc,as_occurred
DFR-01812,2024-12-30 00:00:00,,,inspection,2024-12-30 00:00:00,638.58,WO-0003727,wood_pole,as_occurred
WMN-02746,2024-12-30 00:00:00,,,routine,2024-12-30 00:00:00,457.39,WO-0003728,D.I.,as_occurred
TLS-00637,2024-12-31 00:00:00,,,routine,2024-12-31 00:00:00,703.39,WO-0003729,steel_monopole,as_occurred
TLS-00845,2024-12-31 00:00:00,,,routine,2024-12-31 00:00:00,239.48,WO-0003730,steel_lattice,as_occurred
DFR-01974,2024-12-31 00:00:00,,,routine,2024-12-31 00:00:00,398.29,WO-0003731,Wood Pole,as_occurred
DFR-01633,2025-01-01 00:00:00,WILD-20250101-056,physical,corrective,2025-01-01 00:00:00,3083.59,WO-0003732,timber,as_occurred
DFR-01625,2025-01-01 00:00:00,WILD-20250101-056,physical,corrective,2025-01-01 00:00:00,1796.95,WO-0003733,WOOD POLE,as_occurred
DFR-01541,2025-01-01 00:00:00,WILD-20250101-056,physical,corrective,2025-01-01 00:00:00,11212.29,WO-0003734,WOOD POLE,as_occurred
DFR-01894,2025-01-01 00:00:00,WILD-20250101-056,physical,corrective,2025-01-01 00:00:00,9419.27,WO-0003735,wood_pole,as_occurred
DFR-01512,2025-01-01 00:00:00,WILD-20250101-056,physical,corrective,2025-01-01 00:00:00,6290.75,WO-0003736,wood_pole,as_occurred
TLS-00485,2025-01-01 00:00:00,,,routine,2025-01-01 00:00:00,1924.26,WO-0003737,steel_monopole,as_occurred
LEGACY-096392,2025-01-01 00:00:00,,,vegetation,2025-01-01 00:00:00,484.3,WO-0003738,,as_occurred
DFR-01779,2025-01-01 00:00:00,WILD-20250101-056,physical,corrective,2025-01-01 00:00:00,6630.55,WO-0003739,wood_pole,as_occurred
DFR-01780,2025-01-01 00:00:00,WILD-20250101-056,physical,corrective,2025-01-01 00:00:00,8550.04,WO-0003740,wood_pole,as_occurred
DFR-01813,2025-01-01 00:00:00,WILD-20250101-056,physical,corrective,2025-01-01 00:00:00,8075.95,WO-0003741,wood_pole,as_occurred
DFR-01375,2025-01-01 00:00:00,WILD-20250101-056,physical,corrective,2025-01-01 00:00:00,9264.39,WO-0003742,wood_pole,as_occurred
DFR-01866,2025-01-01 00:00:00,WILD-20250101-056,physical,corrective,2025-01-01 00:00:00,5308.18,WO-0003743,wood_pole,as_occurred
TLS-00992,2025-01-01 00:00:00,WILD-20250101-056,physical,corrective,2025-01-01 00:00:00,5330.45,WO-0003744,concrete,as_occurred
TSS-00018,2025-01-01 00:00:00,,,routine,2025-01-01 00:00:00,232.85,WO-0003745,standard,as_occurred
TLS-01047,2025-01-01 00:00:00,,,vegetation,2025-01-01 00:00:00,1852.49,WO-0003746,steel_monopole,as_occurred
DFR-01835,2025-01-01 00:00:00,WILD-20250101-056,physical,corrective,2025-01-01 00:00:00,1142.62,WO-0003747,wood_pole,as_occurred
TLS-01135,2025-01-01 00:00:00,,,vegetation,2025-01-01 00:00:00,371.02,WO-0003748,steel_monopole,as_occurred
TSS-00004,2025-01-01 00:00:00,WILD-20250101-056,physical,corrective,2025-01-01 00:00:00,2015.98,WO-0003749,standard,as_occurred
DFR-01937,2025-01-01 00:00:00,WILD-20250101-056,physical,corrective,2025-01-01 00:00:00,3245.9,WO-0003750,wood_pole,as_occurred
TLS-00970,2025-01-01 00:00:00,,,routine,2025-01-01 00:00:00,2665.35,WO-0003751,concrete,as_occurred
WMN-03356,2025-01-01 00:00:00,,,routine,2025-01-01 00:00:00,385.21,WO-0003752,ductile_iron,as_occurred
DFR-02008,2025-01-01 00:00:00,WILD-20250101-056,physical,corrective,2025-01-01 00:00:00,9103.24,WO-0003753,wood_pole,as_occurred
LEGACY-099647,2025-01-01 00:00:00,,,routine,2025-01-01 00:00:00,1127.38,WO-0003754,,as_occurred
LEGACY-067108,2025-01-01 06:00:00,WILD-20250101-056,physical,corrective,2025-01-01 06:00:00,5930.73,WO-0003755,,as_occurred
DFR-01926,2025-01-01 06:00:00,WILD-20250101-056,physical,corrective,2025-01-01 06:00:00,2773.67,WO-0003756,Wood,as_occurred
DFR-01560,2025-01-01 06:00:00,WILD-20250101-056,physical,corrective,2025-01-01 06:00:00,3401.75,WO-0003757,Wood,as_occurred
DFR-01719,2025-01-01 06:00:00,WILD-20250101-056,physical,corrective,2025-01-01 06:00:00,1631.04,WO-0003758,wood_pole,as_occurred
DFR-01372,2025-01-01 06:00:00,WILD-20250101-056,physical,corrective,2025-01-01 06:00:00,2293.21,WO-0003759,wood_pole,as_occurred
DFR-01386,2025-01-01 06:00:00,WILD-20250101-056,physical,corrective,2025-01-01 06:00:00,3223.31,WO-0003760,concrete_pole,as_occurred
DFR-01409,2025-01-01 06:00:00,WILD-20250101-056,physical,corrective,2025-01-01 06:00:00,2375.93,WO-0003761,WOOD POLE,as_occurred
DFR-01365,2025-01-01 06:00:00,WILD-20250101-056,physical,corrective,2025-01-01 06:00:00,7397.79,WO-0003762,wood_pole,as_occurred
DFR-01996,2025-01-01 06:00:00,WILD-20250101-056,physical,corrective,2025-01-01 06:00:00,4727.13,WO-0003763,Wood Pole,as_occurred
DFR-01966,2025-01-01 06:00:00,WILD-20250101-056,physical,corrective,2025-01-01 06:00:00,5190.72,WO-0003764,Wood Pole,as_occurred
DFR-01481,2025-01-01 06:00:00,WILD-20250101-056,physical,corrective,2025-01-01 06:00:00,4370.25,WO-0003765,wood_pole,as_occurred
DFR-01488,2025-01-01 06:00:00,WILD-20250101-056,physical,corrective,2025-01-01 06:00:00,7235.28,WO-0003766,wood_pole,as_occurred
DFR-01908,2025-01-01 06:00:00,WILD-20250101-056,physical,corrective,2025-01-01 06:00:00,2959.63,WO-0003767,wood_pole,as_occurred
DFR-01839,2025-01-01 06:00:00,WILD-20250101-056,physical,corrective,2025-01-01 06:00:00,10846.52,WO-0003768,wood_pole,as_occurred
DFR-01557,2025-01-01 06:00:00,WILD-20250101-056,physical,corrective,2025-01-01 06:00:00,1195.39,WO-0003769,wood_pole,as_occurred
DFR-01970,2025-01-01 06:00:00,WILD-20250101-056,physical,corrective,2025-01-01 06:00:00,12315.77,WO-0003770,Wood,as_occurred
LEGACY-076374,2025-01-01 06:00:00,WILD-20250101-056,physical,corrective,2025-01-01 06:00:00,5966.19,WO-0003771,,as_occurred
DFR-01722,2025-01-01 12:00:00,WILD-20250101-056,physical,corrective,2025-01-01 12:00:00,5111.58,WO-0003772,WOOD POLE,as_occurred
DFR-01689,2025-01-01 12:00:00,WILD-20250101-056,physical,corrective,2025-01-01 12:00:00,14606.22,WO-0003773,wood_pole,as_occurred
DFR-01351,2025-01-01 12:00:00,WILD-20250101-056,physical,corrective,2025-01-01 12:00:00,7690.8,WO-0003774,wood_pole,as_occurred
LEGACY-036688,2025-01-01 12:00:00,WILD-20250101-056,physical,corrective,2025-01-04 12:00:00,1677.6,WO-0003775,,reported_late
DFR-01783,2025-01-01 12:00:00,WILD-20250101-056,physical,corrective,2025-01-01 12:00:00,2970.84,WO-0003776,wood_pole,as_occurred
WMN-03315,2025-01-01 12:00:00,WILD-20250101-056,physical,corrective,2025-01-01 12:00:00,4654.71,WO-0003777,asbestos_cement,as_occurred
DFR-01347,2025-01-01 12:00:00,WILD-20250101-056,physical,corrective,2025-01-01 12:00:00,18037.88,WO-0003778,composite_pole,as_occurred
DFR-01737,2025-01-01 12:00:00,WILD-20250101-056,physical,corrective,2025-01-04 12:00:00,6322.05,WO-0003779,wood_pole,reported_late
WMN-03429,2025-01-01 12:00:00,WILD-20250101-056,physical,corrective,2025-01-01 12:00:00,11477.11,WO-0003780,asbestos_cement,as_occurred
DFR-01327,2025-01-01 12:00:00,WILD-20250101-056,physical,corrective,2025-01-01 12:00:00,6054.18,WO-0003781,wood_pole,as_occurred
WMN-02995,2025-01-01 12:00:00,WILD-20250101-056,physical,corrective,2025-01-01 12:00:00,13574.29,WO-0003782,CI,as_occurred
TLS-00756,2025-01-01 18:00:00,WILD-20250101-056,physical,corrective,2025-01-01 18:00:00,9859.84,WO-0003783,steel_monopole,as_occurred
TLS-01157,2025-01-01 18:00:00,WILD-20250101-056,physical,corrective,2025-01-01 18:00:00,5632.77,WO-0003784,steel_lattice,as_occurred
DFR-01514,2025-01-01 18:00:00,WILD-20250101-056,physical,corrective,2025-01-01 18:00:00,12430.45,WO-0003785,Wood Pole,as_occurred
TLS-01287,2025-01-01 18:00:00,WILD-20250101-056,physical,corrective,2025-01-01 18:00:00,1944.58,WO-0003786,steel_lattice,as_occurred
DFR-01329,2025-01-01 18:00:00,WILD-20250101-056,physical,corrective,2025-01-01 18:00:00,1127.11,WO-0003787,wood_pole,as_occurred
DFR-01359,2025-01-01 18:00:00,WILD-20250101-056,physical,corrective,2025-01-01 18:00:00,2254.27,WO-0003788,wood_pole,as_occurred
DFR-01661,2025-01-01 18:00:00,WILD-20250101-056,physical,corrective,2025-01-01 18:00:00,3316.98,WO-0003789,wood_pole,as_occurred
DFR-01766,2025-01-01 18:00:00,WILD-20250101-056,physical,corrective,2025-01-01 18:00:00,1242.18,WO-0003790,wood_pole,as_occurred
DFR-01429,2025-01-01 18:00:00,WILD-20250101-056,physical,corrective,2025-01-01 18:00:00,3635.42,WO-0003791,underground,as_occurred
WMN-02766,2025-01-01 18:00:00,WILD-20250101-056,physical,corrective,2025-01-01 18:00:00,3327.94,WO-0003792,P.V.C.,as_occurred
DFR-01440,2025-01-01 18:00:00,WILD-20250101-056,physical,corrective,2025-01-01 18:00:00,4030.25,WO-0003793,wood_pole,as_occurred
DFR-01349,2025-01-01 18:00:00,WILD-20250101-056,physical,corrective,2025-01-01 18:00:00,5617.99,WO-0003794,Wood,as_occurred
DFR-01935,2025-01-01 18:00:00,WILD-20250101-056,physical,corrective,2025-01-01 18:00:00,6552.33,WO-0003795,WOOD POLE,as_occurred
DFR-01931,2025-01-02 00:00:00,WILD-20250101-056,physical,corrective,2025-01-02 00:00:00,5656.96,WO-0003796,wood_pole,as_occurred
DFR-01753,2025-01-02 00:00:00,WILD-20250101-056,physical,corrective,2025-01-02 00:00:00,2725.13,WO-0003797,wood_pole,as_occurred
WMN-02698,2025-01-02 00:00:00,,,inspection,2025-01-02 00:00:00,751.17,WO-0003798,pvc,as_occurred
DFR-01731,2025-01-02 00:00:00,WILD-20250101-056,physical,corrective,2025-01-02 00:00:00,14920.3,WO-0003799,wood_pole,as_occurred
DFR-01491,2025-01-02 00:00:00,,,inspection,2025-01-02 00:00:00,551.65,WO-0003800,wood_pole,as_occurred
DFR-01381,2025-01-02 00:00:00,WILD-20250101-056,physical,corrective,2025-01-02 00:00:00,6165.95,WO-0003801,wood_pole,as_occurred
DFR-01366,2025-01-02 00:00:00,WILD-20250101-056,physical,corrective,2025-01-02 00:00:00,3451.53,WO-0003802,Wood Pole,as_occurred
TLS-00567,2025-01-02 00:00:00,WILD-20250101-056,physical,corrective,2025-01-02 00:00:00,4629.6,WO-0003803,steel_lattice,as_occurred
DFR-01334,2025-01-02 00:00:00,WILD-20250101-056,physical,corrective,2025-01-02 00:00:00,5599.04,WO-0003804,timber,as_occurred
DFR-01622,2025-01-02 00:00:00,WILD-20250101-056,physical,corrective,2025-01-02 00:00:00,10523.65,WO-0003805,wood_pole,as_occurred
DFR-01893,2025-01-02 00:00:00,WILD-20250101-056,physical,corrective,2025-01-02 00:00:00,4357.13,WO-0003806,wood_pole,as_occurred
DFR-01590,2025-01-02 00:00:00,WILD-20250101-056,physical,corrective,2025-01-02 00:00:00,2055.95,WO-0003807,wood_pole,as_occurred
PMP-02375,2025-01-02 00:00:00,,,inspection,2025-01-02 00:00:00,317.07,WO-0003808,standard,as_occurred
TLS-01000,2025-01-02 00:00:00,,,routine,2025-01-02 00:00:00,1694.91,WO-0003809,steel_lattice,as_occurred
TLS-00462,2025-01-02 00:00:00,,,routine,2025-01-02 00:00:00,885.52,WO-0003810,steel_lattice,as_occurred
DFR-01738,2025-01-02 06:00:00,WILD-20250101-056,physical,corrective,2025-01-02 06:00:00,4423.18,WO-0003811,wood_pole,as_occurred
LEGACY-035218,2025-01-02 06:00:00,WILD-20250101-056,physical,corrective,2025-01-02 06:00:00,4315.8,WO-0003812,,as_occurred
TLS-00970,2025-01-02 06:00:00,WILD-20250101-056,physical,corrective,2025-01-02 06:00:00,791.42,WO-0003813,concrete,as_occurred
DFR-01915,2025-01-02 06:00:00,WILD-20250101-056,physical,corrective,2025-01-02 06:00:00,803.62,WO-0003814,concrete_pole,as_occurred
WMN-02768,2025-01-02 06:00:00,WILD-20250101-056,physical,corrective,2025-01-02 06:00:00,4541.25,WO-0003815,cast_iron,as_occurred
DFR-01466,2025-01-02 06:00:00,WILD-20250101-056,physical,corrective,2025-01-05 06:00:00,1175.6,WO-0003816,wood_pole,reported_late
DFR-01476,2025-01-02 06:00:00,WILD-20250101-056,physical,corrective,2025-01-02 06:00:00,4059.0,WO-0003817,wood_pole,as_occurred
DFR-01368,2025-01-02 06:00:00,WILD-20250101-056,physical,corrective,2025-01-02 06:00:00,2695.83,WO-0003818,Wood,as_occurred
DFR-01730,2025-01-02 06:00:00,WILD-20250101-056,physical,corrective,2025-01-02 06:00:00,12452.07,WO-0003819,wood_pole,as_occurred
DFR-01501,2025-01-02 12:00:00,WILD-20250101-056,physical,corrective,2025-01-02 12:00:00,2401.58,WO-0003820,wood_pole,as_occurred
LEGACY-075596,2025-01-02 12:00:00,WILD-20250101-056,physical,corrective,2025-01-02 12:00:00,4772.72,WO-0003821,,as_occurred
DFR-01800,2025-01-02 12:00:00,WILD-20250101-056,physical,corrective,2025-01-02 12:00:00,13404.5,WO-0003822,wood_pole,as_occurred
DFR-01430,2025-01-02 12:00:00,WILD-20250101-056,physical,corrective,2025-01-02 12:00:00,3936.83,WO-0003823,wood_pole,as_occurred
DFR-01401,2025-01-02 12:00:00,WILD-20250101-056,physical,corrective,2025-01-02 12:00:00,38702.83,WO-0003824,wood_pole,as_occurred
WMN-03248,2025-01-02 12:00:00,WILD-20250101-056,physical,corrective,2025-01-02 12:00:00,18989.3,WO-0003825,cast_iron,as_occurred
TLS-00808,2025-01-02 12:00:00,WILD-20250101-056,physical,corrective,2025-01-02 12:00:00,8317.54,WO-0003826,concrete,as_occurred
DSS-00229,2025-01-02 18:00:00,WILD-20250101-056,physical,corrective,2025-01-02 18:00:00,7156.45,WO-0003827,standard,as_occurred
WMN-02815,2025-01-02 18:00:00,WILD-20250101-056,physical,corrective,2025-01-02 18:00:00,13587.33,WO-0003828,C.I.,as_occurred
WMN-03053,2025-01-02 18:00:00,WILD-20250101-056,physical,corrective,2025-01-02 18:00:00,2166.45,WO-0003829,Cast Iron,as_occurred
DFR-01757,2025-01-02 18:00:00,WILD-20250101-056,physical,corrective,2025-01-02 18:00:00,2260.65,WO-0003830,composite_pole,as_occurred
DFR-01727,2025-01-02 18:00:00,WILD-20250101-056,physical,corrective,2025-01-02 18:00:00,2918.53,WO-0003831,wood_pole,as_occurred
LEGACY-030633,2025-01-02 18:00:00,WILD-20250101-056,physical,corrective,2025-01-02 18:00:00,3119.4,WO-0003832,,as_occurred
PMP-02309,2025-01-02 18:00:00,WILD-20250101-056,functional_power_loss,corrective,2025-01-02 18:00:00,1683.1,WO-0003833,standard,as_occurred
DFR-01629,2025-01-02 18:00:00,WILD-20250101-056,physical,corrective,2025-01-02 18:00:00,5060.51,WO-0003834,timber,as_occurred
TNK-02656,2025-01-03 00:00:00,,,vegetation,2025-01-03 00:00:00,795.65,WO-0003835,standard,as_occurred
RCL-02068,2025-01-03 00:00:00,,,routine,2025-01-03 00:00:00,697.01,WO-0003836,standard,as_occurred
TLS-01298,2025-01-03 00:00:00,,,routine,2025-01-03 00:00:00,2068.95,WO-0003837,steel_monopole,as_occurred
PMP-02314,2025-01-03 00:00:00,,,vegetation,2025-01-03 00:00:00,1092.18,WO-0003838,standard,as_occurred
TLS-00484,2025-01-03 00:00:00,,,vegetation,2025-01-03 00:00:00,982.0,WO-0003839,steel_lattice,as_occurred
DSS-00292,2025-01-03 00:00:00,,,vegetation,2025-01-03 00:00:00,149.56,WO-0003840,standard,as_occurred
WMN-03033,2025-01-03 00:00:00,,,vegetation,2025-01-03 00:00:00,587.52,WO-0003841,cast_iron,as_occurred
WTP-02215,2025-01-03 00:00:00,,,routine,2025-01-03 00:00:00,513.41,WO-0003842,standard,as_occurred
LEGACY-004134,2025-01-03 00:00:00,,,routine,2025-01-03 00:00:00,137.04,WO-0003843,,as_occurred
DFR-01689,2025-01-03 00:00:00,,,routine,2025-01-03 00:00:00,448.37,WO-0003844,wood_pole,as_occurred
WMN-03345,2025-01-04 00:00:00,HURR-20250104-043,physical,corrective,2025-01-04 00:00:00,4422.98,WO-0003845,asbestos_cement,as_occurred
WMN-02831,2025-01-04 00:00:00,,,vegetation,2025-01-04 00:00:00,693.56,WO-0003846,D.I.,as_occurred
WMN-02972,2025-01-04 00:00:00,,,inspection,2025-01-04 00:00:00,1048.23,WO-0003847,ductile_iron,as_occurred
TLS-01107,2025-01-04 00:00:00,,,inspection,2025-01-04 00:00:00,2756.93,WO-0003848,steel_lattice,as_occurred
RCL-02077,2025-01-04 00:00:00,,,inspection,2025-01-07 00:00:00,1561.4,WO-0003849,standard,reported_late
DFR-01752,2025-01-04 00:00:00,,,inspection,2025-01-07 00:00:00,256.47,WO-0003850,wood_pole,reported_late
TLS-01112,2025-01-04 00:00:00,,,routine,2025-01-04 00:00:00,1056.46,WO-0003851,steel_lattice,as_occurred
DFR-01423,2025-01-04 06:00:00,HURR-20250104-043,physical,corrective,2025-01-04 06:00:00,2049.86,WO-0003852,timber,as_occurred
TNK-02673,2025-01-04 06:00:00,HURR-20250104-043,physical,corrective,2025-01-04 06:00:00,4815.07,WO-0003853,standard,as_occurred
WMN-02747,2025-01-04 06:00:00,HURR-20250104-043,physical,corrective,2025-01-07 06:00:00,5716.78,WO-0003854,asbestos_cement,reported_late
DSS-00389,2025-01-04 12:00:00,HURR-20250104-043,physical,corrective,2025-01-04 12:00:00,12935.05,WO-0003855,standard,as_occurred
WMN-02812,2025-01-04 18:00:00,HURR-20250104-043,physical,corrective,2025-01-04 18:00:00,2223.97,WO-0003856,cast_iron,as_occurred
DFR-01960,2025-01-05 00:00:00,,,inspection,2025-01-05 00:00:00,1001.57,WO-0003857,underground,as_occurred
TLS-00961,2025-01-05 00:00:00,,,routine,2025-01-05 00:00:00,2575.32,WO-0003858,steel_lattice,as_occurred
TLS-00620,2025-01-05 00:00:00,,,inspection,2025-01-05 00:00:00,301.62,WO-0003859,steel_lattice,as_occurred
TLS-00606,2025-01-05 00:00:00,,,routine,2025-01-05 00:00:00,581.61,WO-0003860,steel_monopole,as_occurred
DFR-01843,2025-01-05 00:00:00,,,vegetation,2025-01-05 00:00:00,1121.16,WO-0003861,timber,as_occurred
WMN-03375,2025-01-05 00:00:00,HURR-20250104-043,physical,corrective,2025-01-05 00:00:00,5380.71,WO-0003862,ductile-iron,as_occurred
TLS-00891,2025-01-05 00:00:00,,,inspection,2025-01-05 00:00:00,704.77,WO-0003863,steel_lattice,as_occurred
PMP-02260,2025-01-05 00:00:00,HURR-20250104-043,physical,corrective,2025-01-05 00:00:00,1864.32,WO-0003864,standard,as_occurred
TLS-01199,2025-01-05 00:00:00,,,routine,2025-01-05 00:00:00,1204.2,WO-0003865,steel_lattice,as_occurred
WMN-02881,2025-01-05 00:00:00,,,inspection,2025-01-05 00:00:00,573.34,WO-0003866,steel,as_occurred
PMP-02285,2025-01-05 06:00:00,HURR-20250104-043,physical,corrective,2025-01-05 06:00:00,2462.43,WO-0003867,standard,as_occurred
WMN-02716,2025-01-05 06:00:00,HURR-20250104-043,physical,corrective,2025-01-05 06:00:00,10419.06,WO-0003868,asbestos_cement,as_occurred
WMN-03033,2025-01-05 06:00:00,HURR-20250104-043,physical,corrective,2025-01-05 06:00:00,3763.06,WO-0003869,cast_iron,as_occurred
WMN-03304,2025-01-05 06:00:00,HURR-20250104-043,physical,corrective,2025-01-05 06:00:00,1308.16,WO-0003870,cast_iron,as_occurred
WMN-03269,2025-01-05 12:00:00,HURR-20250104-043,physical,corrective,2025-01-05 12:00:00,7847.82,WO-0003871,asbestos_cement,as_occurred
TLS-01203,2025-01-05 12:00:00,HURR-20250104-043,physical,corrective,2025-01-05 12:00:00,9711.09,WO-0003872,steel_lattice,as_occurred
TLS-00985,2025-01-05 12:00:00,HURR-20250104-043,physical,corrective,2025-01-05 12:00:00,16235.06,WO-0003873,steel_monopole,as_occurred
PMP-02411,2025-01-05 12:00:00,HURR-20250104-043,physical,corrective,2025-01-05 12:00:00,1640.76,WO-0003874,standard,as_occurred
TLS-00945,2025-01-05 12:00:00,HURR-20250104-043,physical,corrective,2025-01-05 12:00:00,28426.03,WO-0003875,concrete,as_occurred
TLS-01189,2025-01-05 12:00:00,HURR-20250104-043,physical,corrective,2025-01-05 12:00:00,4470.87,WO-0003876,steel_lattice,as_occurred
TLS-01249,2025-01-05 12:00:00,HURR-20250104-043,physical,corrective,2025-01-05 12:00:00,7984.14,WO-0003877,steel_lattice,as_occurred
PMP-02346,2025-01-05 12:00:00,HURR-20250104-043,physical,corrective,2025-01-05 12:00:00,2249.65,WO-0003878,standard,as_occurred
TLS-00467,2025-01-05 12:00:00,HURR-20250104-043,physical,corrective,2025-01-05 12:00:00,4663.95,WO-0003879,steel_lattice,as_occurred
TLS-01015,2025-01-05 12:00:00,HURR-20250104-043,physical,corrective,2025-01-05 12:00:00,2450.42,WO-0003880,steel_lattice,as_occurred
LEGACY-012925,2025-01-05 12:00:00,HURR-20250104-043,physical,corrective,2025-01-05 12:00:00,2223.34,WO-0003881,,as_occurred
TLS-00618,2025-01-05 12:00:00,HURR-20250104-043,physical,corrective,2025-01-05 12:00:00,12903.66,WO-0003882,steel_lattice,as_occurred
TLS-00627,2025-01-05 12:00:00,HURR-20250104-043,physical,corrective,2025-01-05 12:00:00,5580.62,WO-0003883,steel_lattice,as_occurred
TLS-00641,2025-01-05 12:00:00,HURR-20250104-043,physical,corrective,2025-01-05 12:00:00,5236.52,WO-0003884,steel_monopole,as_occurred
TLS-00798,2025-01-05 12:00:00,HURR-20250104-043,physical,corrective,2025-01-05 12:00:00,2426.54,WO-0003885,steel_monopole,as_occurred
TLS-01099,2025-01-05 12:00:00,HURR-20250104-043,physical,corrective,2025-01-05 12:00:00,2420.28,WO-0003886,steel_lattice,as_occurred
TLS-00802,2025-01-05 12:00:00,HURR-20250104-043,physical,corrective,2025-01-05 12:00:00,12019.55,WO-0003887,concrete,as_occurred
TLS-00753,2025-01-05 12:00:00,HURR-20250104-043,physical,corrective,2025-01-05 12:00:00,18119.94,WO-0003888,concrete,as_occurred
LEGACY-043161,2025-01-05 12:00:00,HURR-20250104-043,physical,corrective,2025-01-05 12:00:00,3819.76,WO-0003889,,as_occurred
TLS-00833,2025-01-05 12:00:00,HURR-20250104-043,physical,corrective,2025-01-05 12:00:00,1726.46,WO-0003890,steel_lattice,as_occurred
TLS-00426,2025-01-05 12:00:00,HURR-20250104-043,physical,corrective,2025-01-05 12:00:00,5099.03,WO-0003891,steel_lattice,as_occurred
PMP-02477,2025-01-05 12:00:00,HURR-20250104-043,physical,corrective,2025-01-05 12:00:00,7364.86,WO-0003892,standard,as_occurred
PMP-02465,2025-01-05 12:00:00,HURR-20250104-043,physical,corrective,2025-01-05 12:00:00,4537.27,WO-0003893,standard,as_occurred
TLS-01262,2025-01-05 12:00:00,HURR-20250104-043,physical,corrective,2025-01-05 12:00:00,2001.91,WO-0003894,steel_lattice,as_occurred
PMP-02405,2025-01-05 12:00:00,HURR-20250104-043,physical,corrective,2025-01-05 12:00:00,4529.23,WO-0003895,standard,as_occurred
PMP-02395,2025-01-05 12:00:00,HURR-20250104-043,physical,corrective,2025-01-05 12:00:00,2650.56,WO-0003896,standard,as_occurred
LEGACY-054290,2025-01-05 12:00:00,HURR-20250104-043,physical,corrective,2025-01-05 12:00:00,996.74,WO-0003897,,as_occurred
DFR-01562,2025-01-05 12:00:00,HURR-20250104-043,physical,corrective,2025-01-05 12:00:00,5819.93,WO-0003898,wood_pole,as_occurred
PMP-02268,2025-01-05 12:00:00,HURR-20250104-043,physical,corrective,2025-01-05 12:00:00,2347.75,WO-0003899,standard,as_occurred
TLS-01290,2025-01-05 12:00:00,HURR-20250104-043,physical,corrective,2025-01-05 12:00:00,2299.65,WO-0003900,steel_lattice,as_occurred
TLS-01304,2025-01-05 12:00:00,HURR-20250104-043,physical,corrective,2025-01-05 12:00:00,13146.29,WO-0003901,steel_lattice,as_occurred
DFR-01372,2025-01-05 18:00:00,HURR-20250104-043,physical,corrective,2025-01-05 18:00:00,5948.44,WO-0003902,wood_pole,as_occurred
LEGACY-011242,2025-01-05 18:00:00,HURR-20250104-043,physical,corrective,2025-01-05 18:00:00,1490.64,WO-0003903,,as_occurred
DFR-01337,2025-01-05 18:00:00,HURR-20250104-043,physical,corrective,2025-01-05 18:00:00,7581.98,WO-0003904,timber,as_occurred
DFR-01921,2025-01-05 18:00:00,HURR-20250104-043,physical,corrective,2025-01-05 18:00:00,1696.1,WO-0003905,wood_pole,as_occurred
DFR-01351,2025-01-05 18:00:00,HURR-20250104-043,physical,corrective,2025-01-05 18:00:00,14861.93,WO-0003906,wood_pole,as_occurred
DFR-01329,2025-01-05 18:00:00,HURR-20250104-043,physical,corrective,2025-01-05 18:00:00,6019.48,WO-0003907,Wood Pole,as_occurred
DFR-01327,2025-01-05 18:00:00,HURR-20250104-043,physical,corrective,2025-01-05 18:00:00,2229.86,WO-0003908,wood_pole,as_occurred
PMP-02354,2025-01-05 18:00:00,HURR-20250104-043,physical,corrective,2025-01-05 18:00:00,4538.34,WO-0003909,standard,as_occurred
DFR-01779,2025-01-05 18:00:00,HURR-20250104-043,physical,corrective,2025-01-05 18:00:00,3857.43,WO-0003910,wood_pole,as_occurred
DFR-01780,2025-01-05 18:00:00,HURR-20250104-043,physical,corrective,2025-01-05 18:00:00,2815.91,WO-0003911,wood_pole,as_occurred
DFR-01935,2025-01-05 18:00:00,HURR-20250104-043,physical,corrective,2025-01-05 18:00:00,1837.88,WO-0003912,wood_pole,as_occurred
INT-03504,2025-01-05 18:00:00,HURR-20250104-043,physical,corrective,2025-01-05 18:00:00,3920.6,WO-0003913,standard,as_occurred
PMP-02449,2025-01-05 18:00:00,HURR-20250104-043,physical,corrective,2025-01-05 18:00:00,12338.0,WO-0003914,standard,as_occurred
DFR-01800,2025-01-05 18:00:00,HURR-20250104-043,physical,corrective,2025-01-05 18:00:00,2190.26,WO-0003915,wood_pole,as_occurred
RCL-02206,2025-01-05 18:00:00,HURR-20250104-043,physical,corrective,2025-01-05 18:00:00,2223.33,WO-0003916,standard,as_occurred
WTP-02219,2025-01-05 18:00:00,HURR-20250104-043,physical,corrective,2025-01-05 18:00:00,9112.57,WO-0003917,standard,as_occurred
DFR-01996,2025-01-05 18:00:00,HURR-20250104-043,physical,corrective,2025-01-05 18:00:00,4689.84,WO-0003918,Wood Pole,as_occurred
DFR-01971,2025-01-05 18:00:00,HURR-20250104-043,physical,corrective,2025-01-08 18:00:00,5994.79,WO-0003919,timber,reported_late
PMP-02235,2025-01-05 18:00:00,HURR-20250104-043,physical,corrective,2025-01-05 18:00:00,9024.37,WO-0003920,standard,as_occurred
DFR-01430,2025-01-05 18:00:00,HURR-20250104-043,physical,corrective,2025-01-05 18:00:00,14905.17,WO-0003921,wood_pole,as_occurred
DFR-01922,2025-01-05 18:00:00,HURR-20250104-043,physical,corrective,2025-01-05 18:00:00,4891.94,WO-0003922,WOOD POLE,as_occurred
DFR-01313,2025-01-05 18:00:00,HURR-20250104-043,physical,corrective,2025-01-05 18:00:00,1692.36,WO-0003923,concrete_pole,as_occurred
PMP-02504,2025-01-05 18:00:00,HURR-20250104-043,physical,corrective,2025-01-08 18:00:00,2602.91,WO-0003924,standard,reported_late
DFR-01396,2025-01-05 18:00:00,HURR-20250104-043,physical,corrective,2025-01-05 18:00:00,8077.47,WO-0003925,timber,as_occurred
PMP-02363,2025-01-05 18:00:00,HURR-20250104-043,physical,corrective,2025-01-05 18:00:00,3460.62,WO-0003926,standard,as_occurred
DFR-01783,2025-01-05 18:00:00,HURR-20250104-043,physical,corrective,2025-01-05 18:00:00,13967.39,WO-0003927,Wood Pole,as_occurred
RCL-02193,2025-01-05 18:00:00,HURR-20250104-043,physical,corrective,2025-01-05 18:00:00,927.23,WO-0003928,standard,as_occurred
LEGACY-078287,2025-01-05 18:00:00,HURR-20250104-043,physical,corrective,2025-01-05 18:00:00,2122.93,WO-0003929,,as_occurred
DFR-01761,2025-01-05 18:00:00,HURR-20250104-043,physical,corrective,2025-01-05 18:00:00,2767.82,WO-0003930,wood_pole,as_occurred
DFR-01833,2025-01-05 18:00:00,HURR-20250104-043,physical,corrective,2025-01-05 18:00:00,2242.82,WO-0003931,WOOD POLE,as_occurred
WMN-02835,2025-01-05 18:00:00,HURR-20250104-043,physical,corrective,2025-01-05 18:00:00,3013.57,WO-0003932,cast_iron,as_occurred
LEGACY-013760,2025-01-05 18:00:00,HURR-20250104-043,physical,corrective,2025-01-05 18:00:00,7716.76,WO-0003933,,as_occurred
DSS-00145,2025-01-05 18:00:00,HURR-20250104-043,physical,corrective,2025-01-05 18:00:00,5947.04,WO-0003934,standard,as_occurred
DSS-00333,2025-01-05 18:00:00,HURR-20250104-043,physical,corrective,2025-01-05 18:00:00,1894.59,WO-0003935,standard,as_occurred
DFR-02000,2025-01-05 18:00:00,HURR-20250104-043,physical,corrective,2025-01-05 18:00:00,6896.34,WO-0003936,timber,as_occurred
DFR-01854,2025-01-05 18:00:00,HURR-20250104-043,physical,corrective,2025-01-05 18:00:00,2773.85,WO-0003937,wood_pole,as_occurred
TLS-00581,2025-01-05 18:00:00,HURR-20250104-043,physical,corrective,2025-01-08 18:00:00,13189.87,WO-0003938,concrete,reported_late
TLS-00597,2025-01-05 18:00:00,HURR-20250104-043,physical,corrective,2025-01-05 18:00:00,5665.92,WO-0003939,steel_lattice,as_occurred
RCL-02148,2025-01-05 18:00:00,HURR-20250104-043,physical,corrective,2025-01-05 18:00:00,3120.69,WO-0003940,standard,as_occurred
TLS-00876,2025-01-05 18:00:00,HURR-20250104-043,physical,corrective,2025-01-05 18:00:00,3726.52,WO-0003941,steel_lattice,as_occurred
TLS-01116,2025-01-05 18:00:00,HURR-20250104-043,physical,corrective,2025-01-05 18:00:00,2123.26,WO-0003942,steel_lattice,as_occurred
DFR-01906,2025-01-05 18:00:00,HURR-20250104-043,physical,corrective,2025-01-05 18:00:00,5437.07,WO-0003943,WOOD POLE,as_occurred
WTP-02217,2025-01-05 18:00:00,HURR-20250104-043,physical,corrective,2025-01-08 18:00:00,1565.14,WO-0003944,standard,reported_late
PMP-02455,2025-01-05 18:00:00,HURR-20250104-043,physical,corrective,2025-01-05 18:00:00,14907.24,WO-0003945,standard,as_occurred
TLS-01282,2025-01-05 18:00:00,HURR-20250104-043,physical,corrective,2025-01-05 18:00:00,1799.58,WO-0003946,steel_lattice,as_occurred
DFR-01434,2025-01-05 18:00:00,HURR-20250104-043,physical,corrective,2025-01-05 18:00:00,7076.71,WO-0003947,wood_pole,as_occurred
LEGACY-072825,2025-01-05 18:00:00,HURR-20250104-043,physical,corrective,2025-01-05 18:00:00,3779.81,WO-0003948,,as_occurred
PMP-02273,2025-01-05 18:00:00,HURR-20250104-043,physical,corrective,2025-01-05 18:00:00,2206.02,WO-0003949,standard,as_occurred
DFR-01719,2025-01-05 18:00:00,HURR-20250104-043,physical,corrective,2025-01-05 18:00:00,11048.28,WO-0003950,timber,as_occurred
PMP-02440,2025-01-05 18:00:00,HURR-20250104-043,functional_power_loss,corrective,2025-01-05 18:00:00,11020.5,WO-0003951,standard,as_occurred
RCL-02045,2025-01-05 18:00:00,HURR-20250104-043,physical,corrective,2025-01-05 18:00:00,15236.9,WO-0003952,standard,as_occurred
DFR-01508,2025-01-05 18:00:00,HURR-20250104-043,physical,corrective,2025-01-05 18:00:00,10635.89,WO-0003953,Wood,as_occurred
DFR-01440,2025-01-05 18:00:00,HURR-20250104-043,physical,corrective,2025-01-05 18:00:00,11968.22,WO-0003954,timber,as_occurred
DFR-01608,2025-01-05 18:00:00,HURR-20250104-043,physical,corrective,2025-01-05 18:00:00,6472.65,WO-0003955,timber,as_occurred
DFR-01517,2025-01-05 18:00:00,HURR-20250104-043,physical,corrective,2025-01-05 18:00:00,1745.06,WO-0003956,wood_pole,as_occurred
DFR-01563,2025-01-05 18:00:00,HURR-20250104-043,physical,corrective,2025-01-05 18:00:00,3120.14,WO-0003957,wood_pole,as_occurred
RCL-02110,2025-01-05 18:00:00,HURR-20250104-043,physical,corrective,2025-01-05 18:00:00,4127.25,WO-0003958,standard,as_occurred
DFR-01545,2025-01-05 18:00:00,HURR-20250104-043,physical,corrective,2025-01-05 18:00:00,8266.37,WO-0003959,wood_pole,as_occurred
RCL-02071,2025-01-05 18:00:00,HURR-20250104-043,physical,corrective,2025-01-05 18:00:00,2285.57,WO-0003960,standard,as_occurred
DFR-01590,2025-01-05 18:00:00,HURR-20250104-043,physical,corrective,2025-01-05 18:00:00,3118.64,WO-0003961,wood_pole,as_occurred
RCL-02057,2025-01-05 18:00:00,HURR-20250104-043,physical,corrective,2025-01-05 18:00:00,2865.88,WO-0003962,standard,as_occurred
DFR-01596,2025-01-05 18:00:00,HURR-20250104-043,physical,corrective,2025-01-05 18:00:00,431.39,WO-0003963,timber,as_occurred
LEGACY-054055,2025-01-05 18:00:00,HURR-20250104-043,physical,corrective,2025-01-05 18:00:00,4856.23,WO-0003964,,as_occurred
RCL-02046,2025-01-05 18:00:00,HURR-20250104-043,physical,corrective,2025-01-05 18:00:00,7795.32,WO-0003965,standard,as_occurred
DFR-01622,2025-01-05 18:00:00,HURR-20250104-043,physical,corrective,2025-01-05 18:00:00,1214.7,WO-0003966,WOOD POLE,as_occurred
DFR-01629,2025-01-05 18:00:00,HURR-20250104-043,physical,corrective,2025-01-05 18:00:00,3331.23,WO-0003967,wood_pole,as_occurred
RCL-02074,2025-01-05 18:00:00,HURR-20250104-043,physical,corrective,2025-01-05 18:00:00,5467.32,WO-0003968,standard,as_occurred
DFR-01908,2025-01-06 00:00:00,HURR-20250104-043,physical,corrective,2025-01-06 00:00:00,12334.7,WO-0003969,wood_pole,as_occurred
DSS-00380,2025-01-06 00:00:00,HURR-20250104-043,physical,corrective,2025-01-06 00:00:00,2501.19,WO-0003970,standard,as_occurred
DFR-01366,2025-01-06 00:00:00,HURR-20250104-043,physical,corrective,2025-01-06 00:00:00,8453.97,WO-0003971,wood_pole,as_occurred
DFR-01633,2025-01-06 00:00:00,HURR-20250104-043,physical,corrective,2025-01-06 00:00:00,5310.22,WO-0003972,wood_pole,as_occurred
DFR-01722,2025-01-06 00:00:00,HURR-20250104-043,physical,corrective,2025-01-06 00:00:00,3733.91,WO-0003973,wood_pole,as_occurred
DFR-01862,2025-01-06 00:00:00,HURR-20250104-043,physical,corrective,2025-01-06 00:00:00,3160.09,WO-0003974,wood_pole,as_occurred
DFR-01894,2025-01-06 00:00:00,HURR-20250104-043,physical,corrective,2025-01-06 00:00:00,8037.68,WO-0003975,WOOD POLE,as_occurred
DFR-01926,2025-01-06 00:00:00,HURR-20250104-043,physical,corrective,2025-01-06 00:00:00,8180.01,WO-0003976,timber,as_occurred
PMP-02332,2025-01-06 00:00:00,HURR-20250104-043,functional_power_loss,corrective,2025-01-06 00:00:00,4023.19,WO-0003977,standard,as_occurred
PMP-02237,2025-01-06 00:00:00,HURR-20250104-043,physical,corrective,2025-01-06 00:00:00,2616.61,WO-0003978,standard,as_occurred
PMP-02512,2025-01-06 00:00:00,HURR-20250104-043,functional_power_loss,corrective,2025-01-06 00:00:00,2961.07,WO-0003979,standard,as_occurred
PMP-02357,2025-01-06 00:00:00,,,inspection,2025-01-06 00:00:00,640.17,WO-0003980,standard,as_occurred
RCL-02196,2025-01-06 00:00:00,HURR-20250104-043,physical,corrective,2025-01-09 00:00:00,3075.53,WO-0003981,standard,reported_late
RCL-02028,2025-01-06 00:00:00,HURR-20250104-043,physical,corrective,2025-01-06 00:00:00,8894.66,WO-0003982,standard,as_occurred
DSS-00324,2025-01-06 00:00:00,HURR-20250104-043,physical,corrective,2025-01-06 00:00:00,5635.5,WO-0003983,standard,as_occurred
WMN-03275,2025-01-06 00:00:00,,,inspection,2025-01-06 00:00:00,2066.88,WO-0003984,ductile_iron,as_occurred
PMP-02232,2025-01-06 00:00:00,HURR-20250104-043,physical,corrective,2025-01-06 00:00:00,9097.73,WO-0003985,standard,as_occurred
DSS-00211,2025-01-06 00:00:00,HURR-20250104-043,physical,corrective,2025-01-06 00:00:00,10293.63,WO-0003986,standard,as_occurred
DFR-01625,2025-01-06 00:00:00,HURR-20250104-043,physical,corrective,2025-01-06 00:00:00,7856.38,WO-0003987,wood_pole,as_occurred
PMP-02286,2025-01-06 00:00:00,HURR-20250104-043,physical,corrective,2025-01-06 00:00:00,1849.66,WO-0003988,standard,as_occurred
PMP-02433,2025-01-06 00:00:00,HURR-20250104-043,physical,corrective,2025-01-06 00:00:00,10621.53,WO-0003989,standard,as_occurred
DSS-00080,2025-01-06 00:00:00,HURR-20250104-043,physical,corrective,2025-01-06 00:00:00,17109.18,WO-0003990,standard,as_occurred
PMP-02430,2025-01-06 00:00:00,HURR-20250104-043,physical,corrective,2025-01-06 00:00:00,6530.69,WO-0003991,standard,as_occurred
PMP-02427,2025-01-06 00:00:00,HURR-20250104-043,physical,corrective,2025-01-06 00:00:00,4520.27,WO-0003992,standard,as_occurred
PMP-02369,2025-01-06 00:00:00,HURR-20250104-043,physical,corrective,2025-01-09 00:00:00,1957.49,WO-0003993,standard,reported_late
PMP-02451,2025-01-06 00:00:00,HURR-20250104-043,physical,corrective,2025-01-09 00:00:00,915.99,WO-0003994,standard,reported_late
PMP-02338,2025-01-06 00:00:00,HURR-20250104-043,physical,corrective,2025-01-06 00:00:00,3203.71,WO-0003995,standard,as_occurred
PMP-02454,2025-01-06 00:00:00,HURR-20250104-043,physical,corrective,2025-01-06 00:00:00,3672.82,WO-0003996,standard,as_occurred
WMN-03215,2025-01-06 00:00:00,HURR-20250104-043,physical,corrective,2025-01-06 00:00:00,26436.6,WO-0003997,pvc,as_occurred
PMP-02308,2025-01-06 00:00:00,HURR-20250104-043,functional_power_loss,corrective,2025-01-06 00:00:00,3920.2,WO-0003998,standard,as_occurred
PMP-02482,2025-01-06 00:00:00,HURR-20250104-043,physical,corrective,2025-01-06 00:00:00,727.37,WO-0003999,standard,as_occurred
PMP-02479,2025-01-06 00:00:00,HURR-20250104-043,physical,corrective,2025-01-06 00:00:00,4045.5,WO-0004000,standard,as_occurred
PMP-02283,2025-01-06 00:00:00,HURR-20250104-043,physical,corrective,2025-01-06 00:00:00,4880.09,WO-0004001,standard,as_occurred
WMN-02840,2025-01-06 00:00:00,HURR-20250104-043,physical,corrective,2025-01-06 00:00:00,2238.34,WO-0004002,cast_iron,as_occurred
PMP-02334,2025-01-06 00:00:00,HURR-20250104-043,physical,corrective,2025-01-06 00:00:00,5297.56,WO-0004003,standard,as_occurred
PMP-02294,2025-01-06 00:00:00,HURR-20250104-043,physical,corrective,2025-01-06 00:00:00,11368.32,WO-0004004,standard,as_occurred
INT-03485,2025-01-06 00:00:00,HURR-20250104-043,physical,corrective,2025-01-09 00:00:00,4115.19,WO-0004005,standard,reported_late
WMN-03177,2025-01-06 00:00:00,HURR-20250104-043,physical,corrective,2025-01-06 00:00:00,3649.88,WO-0004006,cast_iron,as_occurred
PMP-02515,2025-01-06 00:00:00,HURR-20250104-043,physical,corrective,2025-01-06 00:00:00,5082.12,WO-0004007,standard,as_occurred
INT-03502,2025-01-06 00:00:00,HURR-20250104-043,physical,corrective,2025-01-06 00:00:00,15184.12,WO-0004008,standard,as_occurred
PMP-02488,2025-01-06 06:00:00,HURR-20250104-043,physical,corrective,2025-01-06 06:00:00,10583.24,WO-0004009,standard,as_occurred
PMP-02343,2025-01-06 06:00:00,HURR-20250104-043,physical,corrective,2025-01-09 06:00:00,15026.32,WO-0004010,standard,reported_late
PMP-02370,2025-01-06 06:00:00,HURR-20250104-043,physical,corrective,2025-01-06 06:00:00,1324.08,WO-0004011,standard,as_occurred
DFR-01835,2025-01-06 06:00:00,HURR-20250104-043,physical,corrective,2025-01-06 06:00:00,6470.88,WO-0004012,Wood,as_occurred
DSS-00198,2025-01-06 06:00:00,HURR-20250104-043,physical,corrective,2025-01-06 06:00:00,7950.16,WO-0004013,standard,as_occurred
WMN-03102,2025-01-06 06:00:00,HURR-20250104-043,physical,corrective,2025-01-06 06:00:00,8233.44,WO-0004014,cast_iron,as_occurred
DSS-00233,2025-01-06 06:00:00,HURR-20250104-043,physical,corrective,2025-01-06 06:00:00,2382.99,WO-0004015,standard,as_occurred
DSS-00262,2025-01-06 06:00:00,HURR-20250104-043,physical,corrective,2025-01-06 06:00:00,1734.1,WO-0004016,standard,as_occurred
DSS-00396,2025-01-06 06:00:00,HURR-20250104-043,physical,corrective,2025-01-06 06:00:00,1134.78,WO-0004017,standard,as_occurred
DSS-00261,2025-01-06 06:00:00,HURR-20250104-043,physical,corrective,2025-01-09 06:00:00,3556.59,WO-0004018,standard,reported_late
PMP-02497,2025-01-06 06:00:00,HURR-20250104-043,physical,corrective,2025-01-06 06:00:00,8685.76,WO-0004019,standard,as_occurred
WMN-03456,2025-01-06 06:00:00,HURR-20250104-043,physical,corrective,2025-01-06 06:00:00,2556.8,WO-0004020,cast_iron,as_occurred
PMP-02247,2025-01-06 06:00:00,HURR-20250104-043,physical,corrective,2025-01-06 06:00:00,1738.61,WO-0004021,standard,as_occurred
PMP-02254,2025-01-06 06:00:00,HURR-20250104-043,physical,corrective,2025-01-06 06:00:00,8630.79,WO-0004022,standard,as_occurred
PMP-02336,2025-01-06 06:00:00,HURR-20250104-043,physical,corrective,2025-01-06 06:00:00,2835.06,WO-0004023,standard,as_occurred
PMP-02315,2025-01-06 06:00:00,HURR-20250104-043,physical,corrective,2025-01-06 06:00:00,4461.34,WO-0004024,standard,as_occurred
PMP-02331,2025-01-06 06:00:00,HURR-20250104-043,physical,corrective,2025-01-06 06:00:00,2414.54,WO-0004025,standard,as_occurred
WMN-02844,2025-01-06 06:00:00,HURR-20250104-043,physical,corrective,2025-01-06 06:00:00,2297.8,WO-0004026,ductile_iron,as_occurred
PMP-02375,2025-01-06 06:00:00,HURR-20250104-043,physical,corrective,2025-01-06 06:00:00,9007.04,WO-0004027,standard,as_occurred
PMP-02323,2025-01-06 06:00:00,HURR-20250104-043,functional_power_loss,corrective,2025-01-06 06:00:00,8682.15,WO-0004028,standard,as_occurred
PMP-02305,2025-01-06 06:00:00,HURR-20250104-043,functional_power_loss,corrective,2025-01-06 06:00:00,2173.63,WO-0004029,standard,as_occurred
PMP-02475,2025-01-06 06:00:00,HURR-20250104-043,functional_power_loss,corrective,2025-01-06 06:00:00,12753.3,WO-0004030,standard,as_occurred
PMP-02226,2025-01-06 06:00:00,HURR-20250104-043,physical,corrective,2025-01-06 06:00:00,1882.89,WO-0004031,standard,as_occurred
PMP-02399,2025-01-06 06:00:00,HURR-20250104-043,physical,corrective,2025-01-06 06:00:00,3047.12,WO-0004032,standard,as_occurred
WMN-03322,2025-01-06 06:00:00,HURR-20250104-043,physical,corrective,2025-01-06 06:00:00,17198.1,WO-0004033,cast_iron,as_occurred
PMP-02421,2025-01-06 12:00:00,HURR-20250104-043,physical,corrective,2025-01-06 12:00:00,2437.92,WO-0004034,standard,as_occurred
DSS-00392,2025-01-06 12:00:00,HURR-20250104-043,physical,corrective,2025-01-06 12:00:00,5601.07,WO-0004035,standard,as_occurred
DSS-00265,2025-01-06 12:00:00,HURR-20250104-043,physical,corrective,2025-01-06 12:00:00,4017.66,WO-0004036,standard,as_occurred
PMP-02513,2025-01-06 12:00:00,HURR-20250104-043,physical,corrective,2025-01-06 12:00:00,5096.72,WO-0004037,standard,as_occurred
DFR-01350,2025-01-06 12:00:00,HURR-20250104-043,physical,corrective,2025-01-06 12:00:00,2174.54,WO-0004038,wood_pole,as_occurred
PMP-02289,2025-01-06 12:00:00,HURR-20250104-043,physical,corrective,2025-01-06 12:00:00,3194.69,WO-0004039,standard,as_occurred
PMP-02271,2025-01-06 12:00:00,HURR-20250104-043,physical,corrective,2025-01-06 12:00:00,6754.39,WO-0004040,standard,as_occurred
PMP-02263,2025-01-06 12:00:00,HURR-20250104-043,functional_power_loss,corrective,2025-01-06 12:00:00,4710.63,WO-0004041,standard,as_occurred
PMP-02462,2025-01-06 12:00:00,HURR-20250104-043,physical,corrective,2025-01-06 12:00:00,30503.82,WO-0004042,standard,as_occurred
PMP-02368,2025-01-06 12:00:00,HURR-20250104-043,physical,corrective,2025-01-06 12:00:00,5542.38,WO-0004043,standard,as_occurred
WMN-03428,2025-01-06 18:00:00,HURR-20250104-043,physical,corrective,2025-01-06 18:00:00,4243.12,WO-0004044,cast_iron,as_occurred
WMN-03154,2025-01-06 18:00:00,HURR-20250104-043,physical,corrective,2025-01-06 18:00:00,2573.34,WO-0004045,cast_iron,as_occurred
PMP-02505,2025-01-06 18:00:00,HURR-20250104-043,functional_power_loss,corrective,2025-01-06 18:00:00,10396.81,WO-0004046,standard,as_occurred
TLS-00869,2025-01-06 18:00:00,HURR-20250104-043,physical,corrective,2025-01-06 18:00:00,3109.37,WO-0004047,steel_lattice,as_occurred
PMP-02493,2025-01-06 18:00:00,HURR-20250104-043,physical,corrective,2025-01-09 18:00:00,792.88,WO-0004048,standard,reported_late
WMN-03150,2025-01-06 18:00:00,HURR-20250104-043,physical,corrective,2025-01-06 18:00:00,1879.72,WO-0004049,A/C,as_occurred
DSS-00357,2025-01-06 18:00:00,HURR-20250104-043,physical,corrective,2025-01-06 18:00:00,2228.21,WO-0004050,standard,as_occurred
WMN-02752,2025-01-07 00:00:00,,,routine,2025-01-10 00:00:00,1113.87,WO-0004051,ductile_iron,reported_late
DSS-00395,2025-01-07 00:00:00,,,routine,2025-01-07 00:00:00,946.95,WO-0004052,standard,as_occurred
WMN-03360,2025-01-07 00:00:00,,,inspection,2025-01-10 00:00:00,2563.5,WO-0004053,ductile_iron,reported_late
WMN-02755,2025-01-08 00:00:00,,,vegetation,2025-01-08 00:00:00,229.08,WO-0004054,Ductile Iron,as_occurred
TLS-00575,2025-01-09 00:00:00,,,inspection,2025-01-09 00:00:00,239.93,WO-0004055,steel_lattice,as_occurred
TLS-01270,2025-01-09 00:00:00,,,vegetation,2025-01-09 00:00:00,999.06,WO-0004056,steel_lattice,as_occurred
DSS-00151,2025-01-09 00:00:00,,,routine,2025-01-09 00:00:00,1945.02,WO-0004057,standard,as_occurred
WMN-03277,2025-01-09 00:00:00,,,inspection,2025-01-09 00:00:00,407.91,WO-0004058,pvc,as_occurred
DSS-00089,2025-01-09 00:00:00,,,vegetation,2025-01-12 00:00:00,1233.64,WO-0004059,standard,reported_late
TLS-01305,2025-01-10 00:00:00,,,vegetation,2025-01-10 00:00:00,251.18,WO-0004060,steel_monopole,as_occurred
TLS-01290,2025-01-10 00:00:00,,,routine,2025-01-13 00:00:00,539.11,WO-0004061,steel_lattice,reported_late
WMN-03053,2025-01-10 00:00:00,,,routine,2025-01-10 00:00:00,227.16,WO-0004062,cast_iron,as_occurred
PMP-02519,2025-01-10 00:00:00,,,routine,2025-01-10 00:00:00,2817.58,WO-0004063,standard,as_occurred
WMN-03344,2025-01-10 00:00:00,,,routine,2025-01-13 00:00:00,895.22,WO-0004064,cast_iron,reported_late
WMN-03388,2025-01-11 00:00:00,,,routine,2025-01-11 00:00:00,1347.83,WO-0004065,asbestos_cement,as_occurred
TNK-02556,2025-01-11 00:00:00,,,inspection,2025-01-11 00:00:00,1545.51,WO-0004066,standard,as_occurred
WMN-03449,2025-01-11 00:00:00,,,routine,2025-01-11 00:00:00,514.94,WO-0004067,ductile_iron,as_occurred
WMN-02705,2025-01-11 00:00:00,,,vegetation,2025-01-11 00:00:00,1290.49,WO-0004068,cast_iron,as_occurred
WMN-02996,2025-01-12 00:00:00,,,inspection,2025-01-12 00:00:00,622.54,WO-0004069,pvc,as_occurred
TLS-00573,2025-01-12 00:00:00,,,routine,2025-01-12 00:00:00,1850.35,WO-0004070,steel_monopole,as_occurred
TNK-02530,2025-01-12 00:00:00,,,routine,2025-01-12 00:00:00,812.07,WO-0004071,standard,as_occurred
DSS-00101,2025-01-12 00:00:00,,,inspection,2025-01-12 00:00:00,328.17,WO-0004072,standard,as_occurred
PMP-02372,2025-01-13 00:00:00,,,routine,2025-01-13 00:00:00,584.88,WO-0004073,standard,as_occurred
PMP-02450,2025-01-13 00:00:00,,,inspection,2025-01-13 00:00:00,1004.95,WO-0004074,standard,as_occurred
WMN-03394,2025-01-13 00:00:00,,,inspection,2025-01-13 00:00:00,774.97,WO-0004075,asbestos_cement,as_occurred
TLS-00549,2025-01-14 00:00:00,,,routine,2025-01-14 00:00:00,751.25,WO-0004076,steel_lattice,as_occurred
DFR-01705,2025-01-14 00:00:00,,,routine,2025-01-17 00:00:00,601.06,WO-0004077,concrete_pole,reported_late
DFR-01886,2025-01-14 00:00:00,,,vegetation,2025-01-14 00:00:00,1449.49,WO-0004078,wood_pole,as_occurred
WMN-03354,2025-01-14 00:00:00,,,routine,2025-01-14 00:00:00,328.0,WO-0004079,asbestos_cement,as_occurred
DFR-01639,2025-01-15 00:00:00,,,routine,2025-01-15 00:00:00,986.4,WO-0004080,wood_pole,as_occurred
DFR-01400,2025-01-15 00:00:00,,,routine,2025-01-15 00:00:00,590.81,WO-0004081,underground,as_occurred
RCL-02176,2025-01-15 00:00:00,,,inspection,2025-01-15 00:00:00,576.17,WO-0004082,standard,as_occurred
WTP-02221,2025-01-16 00:00:00,,,vegetation,2025-01-16 00:00:00,293.32,WO-0004083,standard,as_occurred
TLS-00487,2025-01-16 00:00:00,,,routine,2025-01-16 00:00:00,699.15,WO-0004084,steel_lattice,as_occurred
WMN-02887,2025-01-16 00:00:00,,,routine,2025-01-16 00:00:00,765.09,WO-0004085,cast_iron,as_occurred
LEGACY-046788,2025-01-16 00:00:00,,,routine,2025-01-19 00:00:00,419.94,WO-0004086,,reported_late
TLS-00870,2025-01-16 00:00:00,,,inspection,2025-01-16 00:00:00,693.9,WO-0004087,steel_lattice,as_occurred
DFR-01724,2025-01-16 00:00:00,,,routine,2025-01-16 00:00:00,2114.99,WO-0004088,wood_pole,as_occurred
WMN-02818,2025-01-16 00:00:00,,,inspection,2025-01-16 00:00:00,328.85,WO-0004089,cast_iron,as_occurred
RCL-02042,2025-01-16 00:00:00,,,inspection,2025-01-16 00:00:00,3176.83,WO-0004090,standard,as_occurred
PMP-02453,2025-01-16 00:00:00,,,inspection,2025-01-16 00:00:00,1413.94,WO-0004091,standard,as_occurred
WMN-02716,2025-01-17 00:00:00,,,routine,2025-01-17 00:00:00,588.53,WO-0004092,Asbestos Cement,as_occurred
TSS-00025,2025-01-17 00:00:00,,,routine,2025-01-17 00:00:00,373.39,WO-0004093,standard,as_occurred
DFR-01696,2025-01-17 00:00:00,,,inspection,2025-01-17 00:00:00,806.53,WO-0004094,underground,as_occurred
TNK-02638,2025-01-18 00:00:00,,,routine,2025-01-18 00:00:00,1155.58,WO-0004095,standard,as_occurred
DSS-00118,2025-01-18 00:00:00,,,routine,2025-01-18 00:00:00,685.47,WO-0004096,standard,as_occurred
PMP-02518,2025-01-18 00:00:00,,,routine,2025-01-18 00:00:00,455.24,WO-0004097,standard,as_occurred
DSS-00089,2025-01-18 00:00:00,,,inspection,2025-01-18 00:00:00,942.18,WO-0004098,standard,as_occurred
DSS-00078,2025-01-18 00:00:00,,,inspection,2025-01-18 00:00:00,1058.54,WO-0004099,standard,as_occurred
WMN-03248,2025-01-18 00:00:00,,,vegetation,2025-01-18 00:00:00,858.29,WO-0004100,cast_iron,as_occurred
WMN-02795,2025-01-19 00:00:00,,,vegetation,2025-01-19 00:00:00,2258.3,WO-0004101,PVC,as_occurred
TLS-01096,2025-01-19 00:00:00,,,inspection,2025-01-19 00:00:00,1723.03,WO-0004102,steel_lattice,as_occurred
PMP-02349,2025-01-19 00:00:00,,,routine,2025-01-19 00:00:00,203.31,WO-0004103,standard,as_occurred
DSS-00338,2025-01-20 00:00:00,,,routine,2025-01-20 00:00:00,1389.55,WO-0004104,standard,as_occurred
TLS-00770,2025-01-20 00:00:00,,,inspection,2025-01-20 00:00:00,763.05,WO-0004105,concrete,as_occurred
WMN-02923,2025-01-20 00:00:00,,,inspection,2025-01-20 00:00:00,351.7,WO-0004106,ductile_iron,as_occurred
DFR-01607,2025-01-20 00:00:00,,,inspection,2025-01-20 00:00:00,1428.05,WO-0004107,composite_pole,as_occurred
TLS-00539,2025-01-21 00:00:00,,,routine,2025-01-21 00:00:00,1011.36,WO-0004108,steel_monopole,as_occurred
WMN-03250,2025-01-21 00:00:00,,,routine,2025-01-21 00:00:00,830.01,WO-0004109,cast_iron,as_occurred
DFR-01379,2025-01-21 00:00:00,,,vegetation,2025-01-21 00:00:00,782.79,WO-0004110,concrete_pole,as_occurred
DSS-00156,2025-01-22 00:00:00,,,routine,2025-01-22 00:00:00,258.94,WO-0004111,standard,as_occurred
DSS-00187,2025-01-22 00:00:00,,,routine,2025-01-22 00:00:00,450.88,WO-0004112,standard,as_occurred
DSS-00404,2025-01-22 00:00:00,,,routine,2025-01-22 00:00:00,674.39,WO-0004113,standard,as_occurred
DSS-00139,2025-01-23 00:00:00,,,inspection,2025-01-23 00:00:00,530.69,WO-0004114,standard,as_occurred
WMN-03017,2025-01-23 00:00:00,,,inspection,2025-01-23 00:00:00,2035.75,WO-0004115,cast_iron,as_occurred
TLS-00440,2025-01-23 00:00:00,,,routine,2025-01-23 00:00:00,879.03,WO-0004116,concrete,as_occurred
DFR-01591,2025-01-23 00:00:00,,,inspection,2025-01-23 00:00:00,804.03,WO-0004117,composite_pole,as_occurred
TLS-01125,2025-01-23 00:00:00,,,vegetation,2025-01-23 00:00:00,633.05,WO-0004118,steel_monopole,as_occurred
WMN-02794,2025-01-23 00:00:00,,,vegetation,2025-01-23 00:00:00,1179.52,WO-0004119,ductile_iron,as_occurred
PMP-02379,2025-01-24 00:00:00,,,routine,2025-01-24 00:00:00,304.7,WO-0004120,standard,as_occurred
RCL-02182,2025-01-24 00:00:00,,,routine,2025-01-24 00:00:00,1019.3,WO-0004121,standard,as_occurred
PMP-02316,2025-01-24 00:00:00,,,routine,2025-01-24 00:00:00,1256.18,WO-0004122,standard,as_occurred
DSS-00224,2025-01-24 00:00:00,,,vegetation,2025-01-24 00:00:00,823.05,WO-0004123,standard,as_occurred
DFR-01313,2025-01-24 00:00:00,,,routine,2025-01-24 00:00:00,1257.58,WO-0004124,concrete_pole,as_occurred
TNK-02588,2025-01-24 00:00:00,,,routine,2025-01-24 00:00:00,1488.02,WO-0004125,standard,as_occurred
WMN-03364,2025-01-25 00:00:00,,,inspection,2025-01-25 00:00:00,1387.34,WO-0004126,asbestos_cement,as_occurred
WMN-03039,2025-01-25 00:00:00,,,vegetation,2025-01-25 00:00:00,5239.99,WO-0004127,cast_iron,as_occurred
DFR-01725,2025-01-25 00:00:00,,,routine,2025-01-25 00:00:00,586.16,WO-0004128,wood_pole,as_occurred
DFR-01667,2025-01-26 00:00:00,,,inspection,2025-01-26 00:00:00,251.82,WO-0004129,Wood Pole,as_occurred
WMN-03289,2025-01-26 00:00:00,,,routine,2025-01-26 00:00:00,1346.71,WO-0004130,ductile-iron,as_occurred
TLS-00714,2025-01-26 00:00:00,,,routine,2025-01-26 00:00:00,643.31,WO-0004131,steel_lattice,as_occurred
WMN-03067,2025-01-26 00:00:00,,,inspection,2025-01-26 00:00:00,624.87,WO-0004132,steel,as_occurred
WMN-02932,2025-01-26 00:00:00,,,inspection,2025-01-26 00:00:00,725.44,WO-0004133,cast_iron,as_occurred
WMN-02811,2025-01-26 00:00:00,,,routine,2025-01-26 00:00:00,517.84,WO-0004134,pvc,as_occurred
DFR-01798,2025-01-26 00:00:00,,,routine,2025-01-26 00:00:00,620.03,WO-0004135,wood_pole,as_occurred
TSS-00018,2025-01-26 00:00:00,,,routine,2025-01-26 00:00:00,387.78,WO-0004136,standard,as_occurred
LEGACY-027394,2025-01-27 00:00:00,,,routine,2025-01-27 00:00:00,813.15,WO-0004137,,as_occurred
TLS-00578,2025-01-27 00:00:00,,,inspection,2025-01-27 00:00:00,828.03,WO-0004138,steel_lattice,as_occurred
TLS-01112,2025-01-28 00:00:00,,,routine,2025-01-28 00:00:00,1243.76,WO-0004139,steel_lattice,as_occurred
DFR-01359,2025-01-28 00:00:00,,,inspection,2025-01-28 00:00:00,570.24,WO-0004140,Wood,as_occurred
DFR-01542,2025-01-28 00:00:00,,,inspection,2025-01-28 00:00:00,948.89,WO-0004141,Wood Pole,as_occurred
TLS-01263,2025-01-28 00:00:00,,,inspection,2025-01-28 00:00:00,173.1,WO-0004142,steel_monopole,as_occurred
TLS-00970,2025-01-29 00:00:00,,,routine,2025-01-29 00:00:00,398.9,WO-0004143,concrete,as_occurred
DSS-00362,2025-01-29 00:00:00,,,inspection,2025-01-29 00:00:00,908.11,WO-0004144,standard,as_occurred
DSS-00300,2025-01-29 00:00:00,,,inspection,2025-01-29 00:00:00,433.9,WO-0004145,standard,as_occurred
WMN-03375,2025-01-29 06:00:00,HEAT-20250129-045,physical,corrective,2025-01-29 06:00:00,20394.05,WO-0004146,ductile_iron,as_occurred
PMP-02286,2025-01-29 12:00:00,HEAT-20250129-045,physical,corrective,2025-01-29 12:00:00,4837.6,WO-0004147,standard,as_occurred
WMN-03139,2025-01-29 12:00:00,HEAT-20250129-045,physical,corrective,2025-01-29 12:00:00,4927.79,WO-0004148,ductile_iron,as_occurred
WMN-03102,2025-01-29 18:00:00,HEAT-20250129-045,physical,corrective,2025-01-29 18:00:00,882.94,WO-0004149,Cast Iron,as_occurred
DFR-01625,2025-01-30 00:00:00,HEAT-20250129-045,physical,corrective,2025-01-30 00:00:00,3693.34,WO-0004150,wood_pole,as_occurred
PMP-02293,2025-01-30 00:00:00,,,inspection,2025-01-30 00:00:00,1556.84,WO-0004151,standard,as_occurred
WMN-03283,2025-01-30 12:00:00,HEAT-20250129-045,physical,corrective,2025-01-30 12:00:00,8198.37,WO-0004152,asbestos_cement,as_occurred
DSS-00398,2025-01-30 12:00:00,HEAT-20250129-045,physical,corrective,2025-02-02 12:00:00,1763.67,WO-0004153,standard,reported_late
DSS-00080,2025-01-30 12:00:00,HEAT-20250129-045,physical,corrective,2025-02-02 12:00:00,3635.85,WO-0004154,standard,reported_late
WMN-03334,2025-01-30 12:00:00,HEAT-20250129-045,physical,corrective,2025-01-30 12:00:00,1607.49,WO-0004155,cast-iron,as_occurred
WMN-03224,2025-01-30 18:00:00,HEAT-20250129-045,physical,corrective,2025-01-30 18:00:00,9459.55,WO-0004156,asbestos_cement,as_occurred
PMP-02344,2025-01-30 18:00:00,HEAT-20250129-045,physical,corrective,2025-01-30 18:00:00,4570.15,WO-0004157,standard,as_occurred
DSS-00403,2025-01-31 00:00:00,,,routine,2025-01-31 00:00:00,332.21,WO-0004158,standard,as_occurred
WMN-02909,2025-01-31 00:00:00,,,routine,2025-01-31 00:00:00,777.61,WO-0004159,steel,as_occurred
DSS-00247,2025-01-31 00:00:00,,,vegetation,2025-01-31 00:00:00,409.99,WO-0004160,standard,as_occurred
WMN-02902,2025-01-31 00:00:00,HEAT-20250129-045,physical,corrective,2025-01-31 00:00:00,5963.41,WO-0004161,ductile_iron,as_occurred
WMN-02821,2025-01-31 00:00:00,HEAT-20250129-045,physical,corrective,2025-01-31 00:00:00,17452.32,WO-0004162,asbestos_cement,as_occurred
WMN-03092,2025-01-31 00:00:00,HEAT-20250129-045,physical,corrective,2025-01-31 00:00:00,7874.43,WO-0004163,asbestos_cement,as_occurred
LEGACY-010674,2025-01-31 00:00:00,HEAT-20250129-045,physical,corrective,2025-01-31 00:00:00,3907.43,WO-0004164,,as_occurred
TLS-00448,2025-01-31 00:00:00,,,routine,2025-01-31 00:00:00,492.98,WO-0004165,steel_lattice,as_occurred
TLS-01231,2025-01-31 00:00:00,,,vegetation,2025-02-03 00:00:00,394.65,WO-0004166,steel_lattice,reported_late
WMN-02747,2025-01-31 06:00:00,HEAT-20250129-045,physical,corrective,2025-01-31 06:00:00,33647.25,WO-0004167,asbestos_cement,as_occurred
WMN-02866,2025-01-31 06:00:00,HEAT-20250129-045,physical,corrective,2025-01-31 06:00:00,4634.05,WO-0004168,Ductile Iron,as_occurred
DSS-00168,2025-01-31 12:00:00,HEAT-20250129-045,physical,corrective,2025-01-31 12:00:00,2959.96,WO-0004169,standard,as_occurred
DSS-00214,2025-01-31 12:00:00,HEAT-20250129-045,physical,corrective,2025-01-31 12:00:00,22347.46,WO-0004170,standard,as_occurred
DSS-00336,2025-01-31 12:00:00,HEAT-20250129-045,physical,corrective,2025-01-31 12:00:00,4128.91,WO-0004171,standard,as_occurred
DSS-00358,2025-01-31 12:00:00,HEAT-20250129-045,physical,corrective,2025-01-31 12:00:00,23057.6,WO-0004172,standard,as_occurred
PMP-02261,2025-01-31 12:00:00,HEAT-20250129-045,functional_power_loss,corrective,2025-01-31 12:00:00,3074.41,WO-0004173,standard,as_occurred
DSS-00364,2025-01-31 12:00:00,HEAT-20250129-045,physical,corrective,2025-02-03 12:00:00,2067.29,WO-0004174,standard,reported_late
DSS-00328,2025-01-31 12:00:00,HEAT-20250129-045,physical,corrective,2025-01-31 12:00:00,4225.68,WO-0004175,standard,as_occurred
PMP-02343,2025-01-31 12:00:00,HEAT-20250129-045,functional_power_loss,corrective,2025-01-31 12:00:00,5520.55,WO-0004176,standard,as_occurred
PMP-02309,2025-01-31 12:00:00,HEAT-20250129-045,functional_power_loss,corrective,2025-01-31 12:00:00,8205.79,WO-0004177,standard,as_occurred
DSS-00186,2025-01-31 12:00:00,HEAT-20250129-045,physical,corrective,2025-01-31 12:00:00,4307.4,WO-0004178,standard,as_occurred
DSS-00229,2025-01-31 12:00:00,HEAT-20250129-045,physical,corrective,2025-01-31 12:00:00,1202.44,WO-0004179,standard,as_occurred
DSS-00093,2025-01-31 12:00:00,HEAT-20250129-045,physical,corrective,2025-01-31 12:00:00,2860.26,WO-0004180,standard,as_occurred
DSS-00107,2025-01-31 12:00:00,HEAT-20250129-045,physical,corrective,2025-01-31 12:00:00,15309.38,WO-0004181,standard,as_occurred
PMP-02236,2025-01-31 12:00:00,HEAT-20250129-045,functional_power_loss,corrective,2025-01-31 12:00:00,4171.7,WO-0004182,standard,as_occurred
PMP-02422,2025-01-31 12:00:00,HEAT-20250129-045,functional_power_loss,corrective,2025-01-31 12:00:00,11916.0,WO-0004183,standard,as_occurred
PMP-02311,2025-01-31 18:00:00,HEAT-20250129-045,functional_power_loss,corrective,2025-01-31 18:00:00,3367.21,WO-0004184,standard,as_occurred
DFR-01384,2025-01-31 18:00:00,HEAT-20250129-045,physical,corrective,2025-01-31 18:00:00,7585.81,WO-0004185,wood_pole,as_occurred
DFR-01590,2025-02-01 00:00:00,WILD-20250201-057,physical,corrective,2025-02-01 00:00:00,4162.46,WO-0004186,wood_pole,as_occurred
WMN-02905,2025-02-01 00:00:00,,,routine,2025-02-01 00:00:00,332.61,WO-0004187,cast_iron,as_occurred
DFR-01572,2025-02-01 00:00:00,,,inspection,2025-02-01 00:00:00,295.55,WO-0004188,wood_pole,as_occurred
DFR-01372,2025-02-01 00:00:00,,,inspection,2025-02-01 00:00:00,454.37,WO-0004189,wood_pole,as_occurred
WMN-03342,2025-02-01 00:00:00,,,routine,2025-02-01 00:00:00,670.79,WO-0004190,P.V.C.,as_occurred
DFR-01783,2025-02-01 00:00:00,WILD-20250201-057,physical,corrective,2025-02-01 00:00:00,7778.85,WO-0004191,wood_pole,as_occurred
DFR-01758,2025-02-01 00:00:00,WILD-20250201-057,physical,corrective,2025-02-01 00:00:00,14490.54,WO-0004192,wood_pole,as_occurred
DFR-01754,2025-02-01 00:00:00,WILD-20250201-057,physical,corrective,2025-02-01 00:00:00,9639.78,WO-0004193,timber,as_occurred
DFR-01772,2025-02-01 00:00:00,WILD-20250201-057,physical,corrective,2025-02-01 00:00:00,10557.17,WO-0004194,wood_pole,as_occurred
WMN-03381,2025-02-01 00:00:00,,,inspection,2025-02-01 00:00:00,671.87,WO-0004195,ductile_iron,as_occurred
PMP-02450,2025-02-01 00:00:00,HEAT-20250129-045,functional_power_loss,corrective,2025-02-01 00:00:00,3518.63,WO-0004196,standard,as_occurred
DSS-00391,2025-02-01 00:00:00,HEAT-20250129-045,physical,corrective,2025-02-01 00:00:00,10639.92,WO-0004197,standard,as_occurred
DFR-01368,2025-02-01 00:00:00,WILD-20250201-057,physical,corrective,2025-02-01 00:00:00,5280.05,WO-0004198,wood_pole,as_occurred
LEGACY-004733,2025-02-01 00:00:00,WILD-20250201-057,physical,corrective,2025-02-01 00:00:00,5078.15,WO-0004199,,as_occurred
DSS-00186,2025-02-01 00:00:00,WILD-20250201-057,physical,corrective,2025-02-01 00:00:00,903.87,WO-0004200,standard,as_occurred
DFR-01636,2025-02-01 00:00:00,WILD-20250201-057,physical,corrective,2025-02-01 00:00:00,2515.78,WO-0004201,wood_pole,as_occurred
LEGACY-054998,2025-02-01 00:00:00,WILD-20250201-057,physical,corrective,2025-02-01 00:00:00,4682.8,WO-0004202,,as_occurred
WMN-02703,2025-02-01 00:00:00,HEAT-20250129-045,physical,corrective,2025-02-01 00:00:00,3107.43,WO-0004203,steel,as_occurred
DFR-01428,2025-02-01 00:00:00,WILD-20250201-057,physical,corrective,2025-02-01 00:00:00,24228.8,WO-0004204,WOOD POLE,as_occurred
DFR-01617,2025-02-01 06:00:00,WILD-20250201-057,physical,corrective,2025-02-01 06:00:00,1827.98,WO-0004205,timber,as_occurred
DFR-01560,2025-02-01 06:00:00,WILD-20250201-057,physical,corrective,2025-02-01 06:00:00,9751.98,WO-0004206,wood_pole,as_occurred
DFR-01432,2025-02-01 06:00:00,WILD-20250201-057,physical,corrective,2025-02-01 06:00:00,5982.64,WO-0004207,wood_pole,as_occurred
LEGACY-065695,2025-02-01 06:00:00,HEAT-20250129-045,physical,corrective,2025-02-01 06:00:00,3464.42,WO-0004208,,as_occurred
PMP-02295,2025-02-01 12:00:00,HEAT-20250129-045,functional_power_loss,corrective,2025-02-01 12:00:00,8714.73,WO-0004209,standard,as_occurred
LEGACY-051770,2025-02-01 12:00:00,WILD-20250201-057,functional_power_loss,corrective,2025-02-01 12:00:00,2593.55,WO-0004210,,as_occurred
DSS-00231,2025-02-01 12:00:00,HEAT-20250129-045,physical,corrective,2025-02-01 12:00:00,1530.68,WO-0004211,standard,as_occurred
PMP-02491,2025-02-01 12:00:00,WILD-20250201-057,functional_power_loss,corrective,2025-02-01 12:00:00,1321.34,WO-0004212,standard,as_occurred
DSS-00153,2025-02-01 12:00:00,HEAT-20250129-045,physical,corrective,2025-02-01 12:00:00,1923.17,WO-0004213,standard,as_occurred
DSS-00312,2025-02-01 12:00:00,WILD-20250201-057,physical,corrective,2025-02-01 12:00:00,1948.13,WO-0004214,standard,as_occurred
PMP-02307,2025-02-01 12:00:00,HEAT-20250129-045,functional_power_loss,corrective,2025-02-01 12:00:00,4021.67,WO-0004215,standard,as_occurred
PMP-02294,2025-02-01 12:00:00,HEAT-20250129-045,functional_power_loss,corrective,2025-02-01 12:00:00,1385.13,WO-0004216,standard,as_occurred
DSS-00172,2025-02-01 12:00:00,HEAT-20250129-045,physical,corrective,2025-02-01 12:00:00,6467.12,WO-0004217,standard,as_occurred
DSS-00329,2025-02-01 12:00:00,HEAT-20250129-045,physical,corrective,2025-02-04 12:00:00,9204.83,WO-0004218,standard,reported_late
DSS-00145,2025-02-01 12:00:00,HEAT-20250129-045,physical,corrective,2025-02-01 12:00:00,7306.35,WO-0004219,standard,as_occurred
DSS-00183,2025-02-01 12:00:00,HEAT-20250129-045,physical,corrective,2025-02-01 12:00:00,11436.46,WO-0004220,standard,as_occurred
DSS-00352,2025-02-01 12:00:00,HEAT-20250129-045,physical,corrective,2025-02-01 12:00:00,6452.05,WO-0004221,standard,as_occurred
DSS-00327,2025-02-01 12:00:00,HEAT-20250129-045,physical,corrective,2025-02-01 12:00:00,1391.1,WO-0004222,standard,as_occurred
DSS-00246,2025-02-01 12:00:00,HEAT-20250129-045,physical,corrective,2025-02-01 12:00:00,2251.93,WO-0004223,standard,as_occurred
DSS-00370,2025-02-01 12:00:00,HEAT-20250129-045,physical,corrective,2025-02-01 12:00:00,3910.42,WO-0004224,standard,as_occurred
DSS-00394,2025-02-01 12:00:00,HEAT-20250129-045,physical,corrective,2025-02-01 12:00:00,2506.3,WO-0004225,standard,as_occurred
PMP-02249,2025-02-01 12:00:00,HEAT-20250129-045,functional_power_loss,corrective,2025-02-01 12:00:00,7378.93,WO-0004226,standard,as_occurred
DSS-00082,2025-02-01 12:00:00,HEAT-20250129-045,physical,corrective,2025-02-01 12:00:00,9278.3,WO-0004227,standard,as_occurred
DFR-01766,2025-02-01 12:00:00,WILD-20250201-057,physical,corrective,2025-02-01 12:00:00,4745.49,WO-0004228,Wood,as_occurred
DFR-01440,2025-02-01 12:00:00,WILD-20250201-057,physical,corrective,2025-02-01 12:00:00,5459.76,WO-0004229,Wood,as_occurred
DFR-02000,2025-02-01 12:00:00,WILD-20250201-057,physical,corrective,2025-02-01 12:00:00,10768.3,WO-0004230,wood_pole,as_occurred
PMP-02274,2025-02-01 12:00:00,HEAT-20250129-045,functional_power_loss,corrective,2025-02-01 12:00:00,3838.82,WO-0004231,standard,as_occurred
PMP-02238,2025-02-01 12:00:00,HEAT-20250129-045,functional_power_loss,corrective,2025-02-01 12:00:00,4671.63,WO-0004232,standard,as_occurred
DFR-01935,2025-02-01 12:00:00,WILD-20250201-057,physical,corrective,2025-02-04 12:00:00,3045.21,WO-0004233,wood_pole,reported_late
PMP-02362,2025-02-01 12:00:00,HEAT-20250129-045,functional_power_loss,corrective,2025-02-01 12:00:00,3488.19,WO-0004234,standard,as_occurred
TSS-00008,2025-02-01 12:00:00,HEAT-20250129-045,physical,corrective,2025-02-01 12:00:00,3161.52,WO-0004235,standard,as_occurred
PMP-02297,2025-02-01 12:00:00,HEAT-20250129-045,functional_power_loss,corrective,2025-02-01 12:00:00,6393.48,WO-0004236,standard,as_occurred
PMP-02230,2025-02-01 12:00:00,HEAT-20250129-045,functional_power_loss,corrective,2025-02-01 12:00:00,3832.02,WO-0004237,standard,as_occurred
DFR-01570,2025-02-01 12:00:00,WILD-20250201-057,physical,corrective,2025-02-01 12:00:00,2676.44,WO-0004238,WOOD POLE,as_occurred
PMP-02376,2025-02-01 12:00:00,HEAT-20250129-045,functional_power_loss,corrective,2025-02-01 12:00:00,2961.85,WO-0004239,standard,as_occurred
DSS-00371,2025-02-01 12:00:00,HEAT-20250129-045,physical,corrective,2025-02-01 12:00:00,5231.08,WO-0004240,standard,as_occurred
WMN-02776,2025-02-01 18:00:00,WILD-20250201-057,physical,corrective,2025-02-01 18:00:00,6115.14,WO-0004241,asbestos_cement,as_occurred
WMN-02712,2025-02-01 18:00:00,WILD-20250201-057,physical,corrective,2025-02-01 18:00:00,5465.08,WO-0004242,asbestos_cement,as_occurred
PMP-02314,2025-02-01 18:00:00,WILD-20250201-057,functional_power_loss,corrective,2025-02-01 18:00:00,3163.67,WO-0004243,standard,as_occurred
DFR-01906,2025-02-01 18:00:00,WILD-20250201-057,physical,corrective,2025-02-01 18:00:00,2173.17,WO-0004244,timber,as_occurred
DFR-01843,2025-02-01 18:00:00,WILD-20250201-057,physical,corrective,2025-02-01 18:00:00,7009.43,WO-0004245,wood_pole,as_occurred
DFR-01596,2025-02-01 18:00:00,WILD-20250201-057,physical,corrective,2025-02-01 18:00:00,1276.6,WO-0004246,wood_pole,as_occurred
DFR-01753,2025-02-01 18:00:00,WILD-20250201-057,physical,corrective,2025-02-01 18:00:00,1254.8,WO-0004247,Wood,as_occurred
WMN-03454,2025-02-01 18:00:00,HEAT-20250129-045,physical,corrective,2025-02-01 18:00:00,8834.36,WO-0004248,cast_iron,as_occurred
DFR-01780,2025-02-01 18:00:00,WILD-20250201-057,physical,corrective,2025-02-01 18:00:00,6695.83,WO-0004249,wood_pole,as_occurred
DSS-00181,2025-02-01 18:00:00,WILD-20250201-057,physical,corrective,2025-02-01 18:00:00,1198.42,WO-0004250,standard,as_occurred
WTP-02214,2025-02-01 18:00:00,WILD-20250201-057,functional_power_loss,corrective,2025-02-01 18:00:00,2635.43,WO-0004251,standard,as_occurred
DSS-00147,2025-02-02 00:00:00,HEAT-20250129-045,physical,corrective,2025-02-02 00:00:00,3555.64,WO-0004252,standard,as_occurred
LEGACY-069336,2025-02-02 00:00:00,,,routine,2025-02-02 00:00:00,1251.21,WO-0004253,,as_occurred
PMP-02387,2025-02-02 00:00:00,HEAT-20250129-045,functional_power_loss,corrective,2025-02-02 00:00:00,5904.08,WO-0004254,standard,as_occurred
WMN-02840,2025-02-02 00:00:00,HEAT-20250129-045,physical,corrective,2025-02-05 00:00:00,4788.34,WO-0004255,cast_iron,reported_late
WMN-02995,2025-02-02 00:00:00,WILD-20250201-057,physical,corrective,2025-02-02 00:00:00,2128.64,WO-0004256,cast_iron,as_occurred
DFR-01800,2025-02-02 00:00:00,WILD-20250201-057,physical,corrective,2025-02-02 00:00:00,9198.68,WO-0004257,wood_pole,as_occurred
DFR-01719,2025-02-02 00:00:00,WILD-20250201-057,physical,corrective,2025-02-02 00:00:00,7134.25,WO-0004258,wood_pole,as_occurred
WMN-03251,2025-02-02 00:00:00,,,inspection,2025-02-02 00:00:00,444.8,WO-0004259,cast_iron,as_occurred
PMP-02410,2025-02-02 00:00:00,,,routine,2025-02-02 00:00:00,1456.43,WO-0004260,standard,as_occurred
DFR-01438,2025-02-02 06:00:00,WILD-20250201-057,physical,corrective,2025-02-02 06:00:00,4907.54,WO-0004261,Wood,as_occurred
DSS-00352,2025-02-02 06:00:00,WILD-20250201-057,physical,corrective,2025-02-05 06:00:00,5116.98,WO-0004262,standard,reported_late
TLS-00506,2025-02-02 06:00:00,WILD-20250201-057,physical,corrective,2025-02-02 06:00:00,4284.34,WO-0004263,concrete,as_occurred
DFR-01771,2025-02-02 06:00:00,WILD-20250201-057,physical,corrective,2025-02-02 06:00:00,2959.3,WO-0004264,Wood,as_occurred
DFR-01384,2025-02-02 06:00:00,WILD-20250201-057,physical,corrective,2025-02-02 06:00:00,3870.51,WO-0004265,timber,as_occurred
WMN-02690,2025-02-02 06:00:00,HEAT-20250129-045,physical,corrective,2025-02-02 06:00:00,3381.34,WO-0004266,Poly Vinyl Chloride,as_occurred
TLS-01275,2025-02-02 06:00:00,HEAT-20250129-045,physical,corrective,2025-02-02 06:00:00,3634.9,WO-0004267,steel_monopole,as_occurred
DFR-01517,2025-02-02 12:00:00,WILD-20250201-057,physical,corrective,2025-02-02 12:00:00,7768.71,WO-0004268,wood_pole,as_occurred
DFR-01996,2025-02-02 12:00:00,WILD-20250201-057,physical,corrective,2025-02-02 12:00:00,5309.32,WO-0004269,wood_pole,as_occurred
WMN-02859,2025-02-02 12:00:00,WILD-20250201-057,physical,corrective,2025-02-02 12:00:00,18010.87,WO-0004270,CI,as_occurred
PMP-02300,2025-02-02 12:00:00,HEAT-20250129-045,functional_power_loss,corrective,2025-02-02 12:00:00,16948.22,WO-0004271,standard,as_occurred
DSS-00233,2025-02-02 12:00:00,HEAT-20250129-045,physical,corrective,2025-02-02 12:00:00,6552.64,WO-0004272,standard,as_occurred
TLS-00826,2025-02-02 12:00:00,WILD-20250201-057,physical,corrective,2025-02-05 12:00:00,29573.63,WO-0004273,concrete,reported_late
WMN-03080,2025-02-02 12:00:00,HEAT-20250129-045,physical,corrective,2025-02-02 12:00:00,12124.45,WO-0004274,pvc,as_occurred
DSS-00106,2025-02-02 12:00:00,HEAT-20250129-045,physical,corrective,2025-02-02 12:00:00,4317.19,WO-0004275,standard,as_occurred
DSS-00085,2025-02-02 12:00:00,HEAT-20250129-045,physical,corrective,2025-02-02 12:00:00,6403.14,WO-0004276,standard,as_occurred
TSS-00005,2025-02-02 12:00:00,HEAT-20250129-045,physical,corrective,2025-02-02 12:00:00,9295.84,WO-0004277,standard,as_occurred
PMP-02242,2025-02-02 12:00:00,HEAT-20250129-045,functional_power_loss,corrective,2025-02-02 12:00:00,5892.52,WO-0004278,standard,as_occurred
TLS-00939,2025-02-02 12:00:00,HEAT-20250129-045,physical,corrective,2025-02-02 12:00:00,6390.45,WO-0004279,concrete,as_occurred
PMP-02287,2025-02-02 12:00:00,WILD-20250201-057,functional_power_loss,corrective,2025-02-02 12:00:00,6414.23,WO-0004280,standard,as_occurred
PMP-02323,2025-02-02 12:00:00,HEAT-20250129-045,functional_power_loss,corrective,2025-02-02 12:00:00,9291.43,WO-0004281,standard,as_occurred
DSS-00187,2025-02-02 12:00:00,WILD-20250201-057,physical,corrective,2025-02-02 12:00:00,9279.06,WO-0004282,standard,as_occurred
DFR-01621,2025-02-02 18:00:00,WILD-20250201-057,physical,corrective,2025-02-02 18:00:00,11473.54,WO-0004283,wood_pole,as_occurred
DFR-01922,2025-02-02 18:00:00,WILD-20250201-057,physical,corrective,2025-02-02 18:00:00,5977.31,WO-0004284,wood_pole,as_occurred
DFR-01858,2025-02-02 18:00:00,WILD-20250201-057,physical,corrective,2025-02-02 18:00:00,6503.55,WO-0004285,wood_pole,as_occurred
WTP-02220,2025-02-02 18:00:00,HEAT-20250129-045,functional_power_loss,corrective,2025-02-02 18:00:00,2144.51,WO-0004286,standard,as_occurred
RCL-02110,2025-02-02 18:00:00,WILD-20250201-057,physical,corrective,2025-02-02 18:00:00,3621.61,WO-0004287,standard,as_occurred
DFR-01779,2025-02-02 18:00:00,WILD-20250201-057,physical,corrective,2025-02-02 18:00:00,3272.1,WO-0004288,wood_pole,as_occurred
DFR-01589,2025-02-02 18:00:00,WILD-20250201-057,physical,corrective,2025-02-02 18:00:00,4341.15,WO-0004289,concrete_pole,as_occurred
DFR-01910,2025-02-02 18:00:00,WILD-20250201-057,physical,corrective,2025-02-02 18:00:00,5526.42,WO-0004290,WOOD POLE,as_occurred
LEGACY-093125,2025-02-02 18:00:00,WILD-20250201-057,physical,corrective,2025-02-02 18:00:00,1181.63,WO-0004291,,as_occurred
DSS-00138,2025-02-02 18:00:00,HEAT-20250129-045,physical,corrective,2025-02-02 18:00:00,2353.32,WO-0004292,standard,as_occurred
DFR-01631,2025-02-02 18:00:00,WILD-20250201-057,physical,corrective,2025-02-02 18:00:00,1597.44,WO-0004293,WOOD POLE,as_occurred
WMN-03215,2025-02-03 00:00:00,HEAT-20250129-045,physical,corrective,2025-02-03 00:00:00,3226.75,WO-0004294,PVC,as_occurred
WMN-03154,2025-02-03 00:00:00,HEAT-20250129-045,physical,corrective,2025-02-03 00:00:00,3320.92,WO-0004295,cast_iron,as_occurred
DFR-01333,2025-02-03 00:00:00,,,vegetation,2025-02-06 00:00:00,418.13,WO-0004296,concrete_pole,reported_late
DFR-01795,2025-02-03 00:00:00,,,routine,2025-02-03 00:00:00,1975.41,WO-0004297,composite_pole,as_occurred
TLS-01158,2025-02-03 00:00:00,,,routine,2025-02-03 00:00:00,1038.36,WO-0004298,steel_lattice,as_occurred
DSS-00263,2025-02-03 06:00:00,HEAT-20250129-045,physical,corrective,2025-02-03 06:00:00,7260.88,WO-0004299,standard,as_occurred
WMN-02705,2025-02-03 06:00:00,HEAT-20250129-045,physical,corrective,2025-02-06 06:00:00,5815.08,WO-0004300,cast_iron,reported_late
PMP-02355,2025-02-03 06:00:00,HEAT-20250129-045,functional_power_loss,corrective,2025-02-03 06:00:00,2259.25,WO-0004301,standard,as_occurred
DSS-00066,2025-02-03 12:00:00,HEAT-20250129-045,physical,corrective,2025-02-03 12:00:00,10309.66,WO-0004302,standard,as_occurred
DSS-00258,2025-02-03 12:00:00,HEAT-20250129-045,physical,corrective,2025-02-03 12:00:00,11980.87,WO-0004303,standard,as_occurred
PMP-02301,2025-02-03 12:00:00,HEAT-20250129-045,functional_power_loss,corrective,2025-02-03 12:00:00,3145.59,WO-0004304,standard,as_occurred
TLS-00761,2025-02-04 00:00:00,,,inspection,2025-02-04 00:00:00,633.06,WO-0004305,steel_lattice,as_occurred
TLS-00721,2025-02-04 00:00:00,,,routine,2025-02-04 00:00:00,304.5,WO-0004306,steel_lattice,as_occurred
TLS-00442,2025-02-04 00:00:00,,,routine,2025-02-04 00:00:00,873.69,WO-0004307,steel_lattice,as_occurred
WMN-03004,2025-02-04 00:00:00,HEAT-20250129-045,physical,corrective,2025-02-04 00:00:00,4089.38,WO-0004308,asbestos_cement,as_occurred
TLS-01035,2025-02-04 00:00:00,,,inspection,2025-02-04 00:00:00,1377.49,WO-0004309,steel_lattice,as_occurred
RCL-02143,2025-02-04 00:00:00,,,vegetation,2025-02-04 00:00:00,1086.76,WO-0004310,standard,as_occurred
DSS-00192,2025-02-04 00:00:00,,,inspection,2025-02-04 00:00:00,342.34,WO-0004311,standard,as_occurred
DFR-01720,2025-02-04 06:00:00,HEAT-20250129-045,physical,corrective,2025-02-04 06:00:00,8076.43,WO-0004312,wood_pole,as_occurred
WMN-03345,2025-02-04 12:00:00,HEAT-20250129-045,physical,corrective,2025-02-04 12:00:00,5122.2,WO-0004313,asbestos_cement,as_occurred
DSS-00197,2025-02-04 18:00:00,HEAT-20250129-045,physical,corrective,2025-02-07 18:00:00,10185.59,WO-0004314,standard,reported_late
TLS-00908,2025-02-05 00:00:00,,,routine,2025-02-05 00:00:00,367.03,WO-0004315,steel_lattice,as_occurred
DFR-01722,2025-02-05 00:00:00,,,vegetation,2025-02-08 00:00:00,2303.28,WO-0004316,wood_pole,reported_late
TLS-00479,2025-02-05 00:00:00,,,routine,2025-02-05 00:00:00,1668.88,WO-0004317,steel_lattice,as_occurred
DFR-01937,2025-02-05 00:00:00,,,routine,2025-02-05 00:00:00,590.9,WO-0004318,wood_pole,as_occurred
TLS-00861,2025-02-06 00:00:00,,,vegetation,2025-02-06 00:00:00,800.55,WO-0004319,steel_monopole,as_occurred
TLS-00506,2025-02-06 00:00:00,,,inspection,2025-02-06 00:00:00,731.17,WO-0004320,concrete,as_occurred
RCL-02020,2025-02-06 00:00:00,,,routine,2025-02-06 00:00:00,990.24,WO-0004321,standard,as_occurred
WMN-02859,2025-02-06 00:00:00,,,vegetation,2025-02-06 00:00:00,921.41,WO-0004322,cast_iron,as_occurred
DFR-01619,2025-02-06 00:00:00,,,vegetation,2025-02-06 00:00:00,491.71,WO-0004323,wood_pole,as_occurred
WMN-03169,2025-02-07 00:00:00,,,vegetation,2025-02-07 00:00:00,198.38,WO-0004324,pvc,as_occurred
DFR-01606,2025-02-07 00:00:00,BASE-20250207-075,physical,corrective,2025-02-07 00:00:00,7735.55,WO-0004325,wood_pole,as_occurred
WMN-02721,2025-02-07 00:00:00,BASE-20250207-075,physical,corrective,2025-02-07 00:00:00,7556.03,WO-0004326,C.I.,as_occurred
DFR-01532,2025-02-07 00:00:00,,,inspection,2025-02-07 00:00:00,823.62,WO-0004327,underground,as_occurred
WMN-02715,2025-02-07 00:00:00,,,inspection,2025-02-07 00:00:00,1028.95,WO-0004328,Poly Vinyl Chloride,as_occurred
INT-03485,2025-02-07 00:00:00,,,inspection,2025-02-07 00:00:00,476.31,WO-0004329,standard,as_occurred
WMN-03192,2025-02-07 00:00:00,BASE-20250207-075,physical,corrective,2025-02-07 00:00:00,1065.62,WO-0004330,pvc,as_occurred
DFR-01342,2025-02-07 00:00:00,,,inspection,2025-02-07 00:00:00,2006.84,WO-0004331,wood_pole,as_occurred
DFR-01866,2025-02-07 00:00:00,BASE-20250207-075,physical,corrective,2025-02-07 00:00:00,3094.08,WO-0004332,wood_pole,as_occurred
PMP-02512,2025-02-07 00:00:00,,,routine,2025-02-07 00:00:00,1143.02,WO-0004333,standard,as_occurred
DFR-01591,2025-02-07 06:00:00,BASE-20250207-075,physical,corrective,2025-02-07 06:00:00,2530.65,WO-0004334,composite_pole,as_occurred
DFR-01520,2025-02-07 06:00:00,BASE-20250207-075,physical,corrective,2025-02-07 06:00:00,4868.04,WO-0004335,wood_pole,as_occurred
RCL-02166,2025-02-08 00:00:00,,,routine,2025-02-08 00:00:00,815.06,WO-0004336,standard,as_occurred
PMP-02275,2025-02-08 00:00:00,,,vegetation,2025-02-08 00:00:00,236.63,WO-0004337,standard,as_occurred
WMN-02765,2025-02-08 00:00:00,,,inspection,2025-02-08 00:00:00,486.45,WO-0004338,DI,as_occurred
PMP-02427,2025-02-08 00:00:00,,,routine,2025-02-08 00:00:00,840.12,WO-0004339,standard,as_occurred
TLS-00781,2025-02-08 00:00:00,,,routine,2025-02-08 00:00:00,939.27,WO-0004340,steel_lattice,as_occurred
PMP-02251,2025-02-08 00:00:00,,,routine,2025-02-08 00:00:00,276.43,WO-0004341,standard,as_occurred
PMP-02463,2025-02-08 00:00:00,,,routine,2025-02-08 00:00:00,2313.94,WO-0004342,standard,as_occurred
DSS-00352,2025-02-08 00:00:00,BASE-20250208-066,physical,corrective,2025-02-08 00:00:00,11914.85,WO-0004343,standard,as_occurred
WMN-02812,2025-02-08 12:00:00,BASE-20250208-066,physical,corrective,2025-02-08 12:00:00,3443.55,WO-0004344,cast-iron,as_occurred
WMN-03214,2025-02-08 12:00:00,BASE-20250208-066,physical,corrective,2025-02-08 12:00:00,9481.82,WO-0004345,asbestos_cement,as_occurred
WMN-03224,2025-02-08 12:00:00,BASE-20250208-066,physical,corrective,2025-02-08 12:00:00,3345.92,WO-0004346,asbestos_cement,as_occurred
WMN-03294,2025-02-08 12:00:00,BASE-20250208-066,physical,corrective,2025-02-08 12:00:00,5871.53,WO-0004347,cast_iron,as_occurred
WMN-02775,2025-02-08 18:00:00,BASE-20250208-066,physical,corrective,2025-02-08 18:00:00,5504.29,WO-0004348,asbestos_cement,as_occurred
DFR-01822,2025-02-08 18:00:00,BASE-20250208-066,physical,corrective,2025-02-08 18:00:00,5305.91,WO-0004349,timber,as_occurred
TLS-01020,2025-02-09 00:00:00,,,inspection,2025-02-09 00:00:00,344.33,WO-0004350,concrete,as_occurred
DFR-01383,2025-02-09 00:00:00,INLA-20250209-050,physical,corrective,2025-02-09 00:00:00,1706.54,WO-0004351,Wood Pole,as_occurred
TLS-00549,2025-02-09 00:00:00,,,vegetation,2025-02-09 00:00:00,454.43,WO-0004352,steel_lattice,as_occurred
WMN-03471,2025-02-09 00:00:00,,,routine,2025-02-12 00:00:00,692.19,WO-0004353,asbestos_cement,reported_late
DFR-01551,2025-02-09 00:00:00,INLA-20250209-050,physical,corrective,2025-02-09 00:00:00,1634.57,WO-0004354,wood_pole,as_occurred
WMN-03440,2025-02-09 00:00:00,,,inspection,2025-02-09 00:00:00,420.77,WO-0004355,ductile-iron,as_occurred
DFR-01462,2025-02-09 00:00:00,INLA-20250209-050,physical,corrective,2025-02-09 00:00:00,2623.21,WO-0004356,wood_pole,as_occurred
DFR-01514,2025-02-09 00:00:00,INLA-20250209-050,physical,corrective,2025-02-12 00:00:00,5630.25,WO-0004357,WOOD POLE,reported_late
TLS-00654,2025-02-09 00:00:00,,,routine,2025-02-09 00:00:00,410.3,WO-0004358,steel_lattice,as_occurred
DFR-01685,2025-02-09 00:00:00,,,routine,2025-02-09 00:00:00,1741.69,WO-0004359,wood_pole,as_occurred
WMN-02831,2025-02-09 06:00:00,INLA-20250209-050,physical,corrective,2025-02-09 06:00:00,4538.98,WO-0004360,ductile_iron,as_occurred
TLS-00561,2025-02-09 06:00:00,INLA-20250209-050,physical,corrective,2025-02-09 06:00:00,1361.4,WO-0004361,steel_lattice,as_occurred
DFR-01675,2025-02-09 06:00:00,INLA-20250209-050,physical,corrective,2025-02-09 06:00:00,4041.43,WO-0004362,Wood Pole,as_occurred
DFR-01477,2025-02-09 06:00:00,INLA-20250209-050,physical,corrective,2025-02-09 06:00:00,1590.26,WO-0004363,wood_pole,as_occurred
TLS-00762,2025-02-09 12:00:00,INLA-20250209-050,physical,corrective,2025-02-09 12:00:00,5059.23,WO-0004364,concrete,as_occurred
WMN-02852,2025-02-09 18:00:00,INLA-20250209-050,physical,corrective,2025-02-09 18:00:00,1758.56,WO-0004365,asbestos_cement,as_occurred
DFR-01384,2025-02-09 18:00:00,INLA-20250209-050,physical,corrective,2025-02-09 18:00:00,1412.4,WO-0004366,wood_pole,as_occurred
WMN-03224,2025-02-09 18:00:00,INLA-20250209-050,physical,corrective,2025-02-09 18:00:00,2510.81,WO-0004367,asbestos_cement,as_occurred
TLS-00688,2025-02-09 18:00:00,INLA-20250209-050,physical,corrective,2025-02-09 18:00:00,9169.39,WO-0004368,steel_lattice,as_occurred
DFR-01321,2025-02-09 18:00:00,INLA-20250209-050,physical,corrective,2025-02-09 18:00:00,3549.52,WO-0004369,wood_pole,as_occurred
TLS-01123,2025-02-10 00:00:00,,,routine,2025-02-13 00:00:00,1554.08,WO-0004370,steel_monopole,reported_late
WMN-02920,2025-02-10 00:00:00,INLA-20250209-050,physical,corrective,2025-02-10 00:00:00,3053.24,WO-0004371,CI,as_occurred
DFR-01569,2025-02-10 00:00:00,,,inspection,2025-02-10 00:00:00,1964.01,WO-0004372,Wood,as_occurred
DFR-01928,2025-02-10 00:00:00,INLA-20250209-050,physical,corrective,2025-02-10 00:00:00,7974.02,WO-0004373,wood_pole,as_occurred
TLS-00589,2025-02-10 00:00:00,,,inspection,2025-02-10 00:00:00,2089.31,WO-0004374,concrete,as_occurred
DFR-01451,2025-02-10 00:00:00,INLA-20250209-050,physical,corrective,2025-02-10 00:00:00,3028.81,WO-0004375,wood_pole,as_occurred
LEGACY-065833,2025-02-10 00:00:00,,,vegetation,2025-02-10 00:00:00,2820.06,WO-0004376,,as_occurred
TNK-02565,2025-02-10 00:00:00,INLA-20250209-050,physical,corrective,2025-02-10 00:00:00,36057.0,WO-0004377,standard,as_occurred
LEGACY-072658,2025-02-10 00:00:00,,,inspection,2025-02-10 00:00:00,371.74,WO-0004378,,as_occurred
LEGACY-084892,2025-02-10 06:00:00,INLA-20250209-050,physical,corrective,2025-02-10 06:00:00,4712.23,WO-0004379,,as_occurred
WMN-02945,2025-02-10 06:00:00,INLA-20250209-050,physical,corrective,2025-02-10 06:00:00,4849.95,WO-0004380,cast_iron,as_occurred
RCL-02122,2025-02-10 06:00:00,INLA-20250209-050,physical,corrective,2025-02-10 06:00:00,2384.08,WO-0004381,standard,as_occurred
DFR-01415,2025-02-11 00:00:00,,,vegetation,2025-02-11 00:00:00,756.45,WO-0004382,concrete_pole,as_occurred
DSS-00359,2025-02-11 00:00:00,,,vegetation,2025-02-11 00:00:00,817.33,WO-0004383,standard,as_occurred
DFR-01810,2025-02-11 00:00:00,,,inspection,2025-02-11 00:00:00,783.35,WO-0004384,composite_pole,as_occurred
LEGACY-069737,2025-02-11 00:00:00,,,routine,2025-02-11 00:00:00,653.71,WO-0004385,,as_occurred
TLS-00465,2025-02-11 00:00:00,,,inspection,2025-02-11 00:00:00,413.23,WO-0004386,steel_lattice,as_occurred
TLS-01104,2025-02-11 00:00:00,,,vegetation,2025-02-11 00:00:00,519.86,WO-0004387,steel_lattice,as_occurred
TLS-00922,2025-02-11 00:00:00,,,routine,2025-02-11 00:00:00,571.75,WO-0004388,steel_lattice,as_occurred
WMN-03079,2025-02-11 06:00:00,BASE-20250211-060,physical,corrective,2025-02-11 06:00:00,2641.42,WO-0004389,Cast Iron,as_occurred
WMN-03203,2025-02-11 12:00:00,BASE-20250211-060,physical,corrective,2025-02-11 12:00:00,7588.77,WO-0004390,A/C,as_occurred
DSS-00148,2025-02-12 00:00:00,,,vegetation,2025-02-12 00:00:00,539.6,WO-0004391,standard,as_occurred
WMN-03231,2025-02-12 00:00:00,,,vegetation,2025-02-12 00:00:00,543.51,WO-0004392,A/C,as_occurred
RCL-02168,2025-02-12 00:00:00,,,inspection,2025-02-12 00:00:00,514.32,WO-0004393,standard,as_occurred
DSS-00067,2025-02-12 00:00:00,,,routine,2025-02-12 00:00:00,1177.28,WO-0004394,standard,as_occurred
DFR-02005,2025-02-12 00:00:00,,,routine,2025-02-12 00:00:00,3582.58,WO-0004395,wood_pole,as_occurred
TLS-00698,2025-02-12 00:00:00,,,routine,2025-02-12 00:00:00,1036.84,WO-0004396,steel_monopole,as_occurred
WMN-03395,2025-02-12 00:00:00,,,routine,2025-02-12 00:00:00,892.44,WO-0004397,Poly Vinyl Chloride,as_occurred
RCL-02118,2025-02-13 00:00:00,,,vegetation,2025-02-13 00:00:00,977.52,WO-0004398,standard,as_occurred
WMN-02925,2025-02-13 00:00:00,,,inspection,2025-02-13 00:00:00,484.69,WO-0004399,pvc,as_occurred
DFR-01958,2025-02-14 00:00:00,,,inspection,2025-02-14 00:00:00,1171.85,WO-0004400,wood_pole,as_occurred
DFR-01481,2025-02-14 00:00:00,,,routine,2025-02-14 00:00:00,718.33,WO-0004401,Wood Pole,as_occurred
TLS-00743,2025-02-14 00:00:00,,,inspection,2025-02-14 00:00:00,559.12,WO-0004402,steel_lattice,as_occurred
INT-03500,2025-02-14 00:00:00,,,vegetation,2025-02-14 00:00:00,141.03,WO-0004403,standard,as_occurred
WMN-02748,2025-02-14 00:00:00,,,vegetation,2025-02-14 00:00:00,302.68,WO-0004404,PVC,as_occurred
DFR-01528,2025-02-14 00:00:00,,,routine,2025-02-17 00:00:00,2091.04,WO-0004405,wood_pole,reported_late
RCL-02184,2025-02-15 00:00:00,,,vegetation,2025-02-15 00:00:00,1441.92,WO-0004406,standard,as_occurred
DFR-01600,2025-02-15 00:00:00,,,inspection,2025-02-15 00:00:00,3309.7,WO-0004407,wood_pole,as_occurred
TLS-00465,2025-02-15 00:00:00,,,inspection,2025-02-15 00:00:00,730.77,WO-0004408,steel_lattice,as_occurred
LEGACY-092409,2025-02-15 00:00:00,,,routine,2025-02-15 00:00:00,925.05,WO-0004409,,as_occurred
TLS-00496,2025-02-15 00:00:00,,,inspection,2025-02-15 00:00:00,1355.38,WO-0004410,steel_monopole,as_occurred
WMN-02709,2025-02-15 00:00:00,,,routine,2025-02-18 00:00:00,505.66,WO-0004411,P.V.C.,reported_late
PMP-02520,2025-02-15 00:00:00,,,inspection,2025-02-15 00:00:00,710.26,WO-0004412,standard,as_occurred
TLS-00501,2025-02-16 00:00:00,,,inspection,2025-02-16 00:00:00,232.17,WO-0004413,steel_monopole,as_occurred
DFR-01775,2025-02-16 00:00:00,,,routine,2025-02-16 00:00:00,775.39,WO-0004414,concrete_pole,as_occurred
WMN-03219,2025-02-17 00:00:00,,,routine,2025-02-17 00:00:00,1177.68,WO-0004415,PVC,as_occurred
WMN-02974,2025-02-17 00:00:00,,,vegetation,2025-02-17 00:00:00,1239.84,WO-0004416,pvc,as_occurred
TLS-01008,2025-02-17 00:00:00,,,routine,2025-02-17 00:00:00,682.12,WO-0004417,steel_lattice,as_occurred
TLS-00762,2025-02-18 00:00:00,,,routine,2025-02-18 00:00:00,385.13,WO-0004418,concrete,as_occurred
WMN-03315,2025-02-18 00:00:00,,,inspection,2025-02-18 00:00:00,1432.09,WO-0004419,AC,as_occurred
PMP-02437,2025-02-18 00:00:00,,,routine,2025-02-18 00:00:00,1252.61,WO-0004420,standard,as_occurred
LEGACY-092969,2025-02-18 00:00:00,,,inspection,2025-02-18 00:00:00,1177.16,WO-0004421,,as_occurred
WMN-02731,2025-02-18 00:00:00,,,inspection,2025-02-18 00:00:00,2319.55,WO-0004422,asbestos_cement,as_occurred
DFR-01621,2025-02-18 00:00:00,,,routine,2025-02-18 00:00:00,1000.71,WO-0004423,timber,as_occurred
DFR-01643,2025-02-18 00:00:00,,,routine,2025-02-18 00:00:00,682.99,WO-0004424,composite_pole,as_occurred
TNK-02666,2025-02-18 00:00:00,,,routine,2025-02-18 00:00:00,1666.69,WO-0004425,standard,as_occurred
WMN-03104,2025-02-18 00:00:00,,,vegetation,2025-02-18 00:00:00,714.52,WO-0004426,A/C,as_occurred
WMN-03311,2025-02-19 00:00:00,HEAT-20250219-047,physical,corrective,2025-02-19 00:00:00,8548.9,WO-0004427,cast_iron,as_occurred
WMN-03141,2025-02-19 00:00:00,,,inspection,2025-02-19 00:00:00,2241.01,WO-0004428,pvc,as_occurred
DFR-01701,2025-02-19 00:00:00,,,inspection,2025-02-19 00:00:00,394.22,WO-0004429,wood_pole,as_occurred
LEGACY-018150,2025-02-19 00:00:00,,,routine,2025-02-19 00:00:00,607.29,WO-0004430,,as_occurred
TNK-02593,2025-02-19 00:00:00,,,routine,2025-02-19 00:00:00,3022.62,WO-0004431,standard,as_occurred
RCL-02138,2025-02-19 00:00:00,,,inspection,2025-02-19 00:00:00,1063.79,WO-0004432,standard,as_occurred
LEGACY-054423,2025-02-19 00:00:00,,,inspection,2025-02-19 00:00:00,695.04,WO-0004433,,as_occurred
WMN-02873,2025-02-19 00:00:00,,,routine,2025-02-19 00:00:00,358.1,WO-0004434,DI,as_occurred
WMN-02776,2025-02-19 06:00:00,HEAT-20250219-047,physical,corrective,2025-02-19 06:00:00,10960.9,WO-0004435,asbestos_cement,as_occurred
TNK-02632,2025-02-19 12:00:00,HEAT-20250219-047,physical,corrective,2025-02-19 12:00:00,7937.3,WO-0004436,standard,as_occurred
WMN-03441,2025-02-19 12:00:00,HEAT-20250219-047,physical,corrective,2025-02-19 12:00:00,5349.3,WO-0004437,asbestos-cement,as_occurred
PMP-02249,2025-02-19 12:00:00,HEAT-20250219-047,functional_power_loss,corrective,2025-02-19 12:00:00,3553.67,WO-0004438,standard,as_occurred
DSS-00231,2025-02-19 12:00:00,HEAT-20250219-047,physical,corrective,2025-02-19 12:00:00,2864.21,WO-0004439,standard,as_occurred
PMP-02307,2025-02-19 12:00:00,HEAT-20250219-047,functional_power_loss,corrective,2025-02-19 12:00:00,4126.72,WO-0004440,standard,as_occurred
WMN-03177,2025-02-19 12:00:00,HEAT-20250219-047,physical,corrective,2025-02-19 12:00:00,4937.1,WO-0004441,cast_iron,as_occurred
WMN-03154,2025-02-19 18:00:00,HEAT-20250219-047,physical,corrective,2025-02-19 18:00:00,14822.68,WO-0004442,Cast Iron,as_occurred
WMN-03296,2025-02-19 18:00:00,HEAT-20250219-047,physical,corrective,2025-02-22 18:00:00,1262.69,WO-0004443,cast_iron,reported_late
TLS-01060,2025-02-20 00:00:00,,,inspection,2025-02-20 00:00:00,2970.7,WO-0004444,concrete,as_occurred
WMN-03315,2025-02-20 00:00:00,HEAT-20250219-047,physical,corrective,2025-02-20 00:00:00,1698.49,WO-0004445,asbestos-cement,as_occurred
WMN-02810,2025-02-20 00:00:00,HEAT-20250220-048,physical,corrective,2025-02-20 00:00:00,836.34,WO-0004446,asbestos_cement,as_occurred
TLS-00660,2025-02-20 00:00:00,HEAT-20250220-048,physical,corrective,2025-02-20 00:00:00,1821.71,WO-0004447,steel_lattice,as_occurred
WMN-02733,2025-02-20 00:00:00,,,inspection,2025-02-20 00:00:00,3092.88,WO-0004448,ductile_iron,as_occurred
TLS-00660,2025-02-20 00:00:00,,,inspection,2025-02-20 00:00:00,275.3,WO-0004449,steel_lattice,as_occurred
INT-03487,2025-02-20 06:00:00,HEAT-20250220-046,physical,corrective,2025-02-20 06:00:00,5235.78,WO-0004450,standard,as_occurred
WMN-02945,2025-02-20 06:00:00,HEAT-20250219-047,physical,corrective,2025-02-20 06:00:00,1901.3,WO-0004451,CI,as_occurred
TLS-00538,2025-02-20 12:00:00,HEAT-20250220-046,physical,corrective,2025-02-20 12:00:00,1156.57,WO-0004452,concrete,as_occurred
DFR-01559,2025-02-20 12:00:00,HEAT-20250220-046,physical,corrective,2025-02-20 12:00:00,4565.91,WO-0004453,wood_pole,as_occurred
WMN-03345,2025-02-20 12:00:00,HEAT-20250220-046,physical,corrective,2025-02-20 12:00:00,2612.31,WO-0004454,Asbestos Cement,as_occurred
PMP-02477,2025-02-20 12:00:00,HEAT-20250219-047,physical,corrective,2025-02-20 12:00:00,2438.01,WO-0004455,standard,as_occurred
DFR-01537,2025-02-20 12:00:00,HEAT-20250219-047,physical,corrective,2025-02-20 12:00:00,2216.78,WO-0004456,WOOD POLE,as_occurred
DSS-00336,2025-02-20 12:00:00,HEAT-20250219-047,physical,corrective,2025-02-20 12:00:00,2760.2,WO-0004457,standard,as_occurred
WMN-03432,2025-02-20 12:00:00,HEAT-20250220-046,physical,corrective,2025-02-20 12:00:00,2505.63,WO-0004458,cast-iron,as_occurred
WMN-02812,2025-02-20 12:00:00,HEAT-20250220-046,physical,corrective,2025-02-20 12:00:00,1704.09,WO-0004459,cast_iron,as_occurred
DFR-01499,2025-02-20 18:00:00,HEAT-20250219-047,physical,corrective,2025-02-20 18:00:00,1647.84,WO-0004460,composite_pole,as_occurred
RCL-02046,2025-02-20 18:00:00,HEAT-20250220-048,physical,corrective,2025-02-20 18:00:00,15065.87,WO-0004461,standard,as_occurred
WMN-02995,2025-02-20 18:00:00,HEAT-20250220-048,physical,corrective,2025-02-20 18:00:00,7928.16,WO-0004462,cast_iron,as_occurred
PMP-02287,2025-02-21 00:00:00,HEAT-20250220-046,functional_power_loss,corrective,2025-02-21 00:00:00,3833.67,WO-0004463,standard,as_occurred
DFR-01579,2025-02-21 00:00:00,,,routine,2025-02-21 00:00:00,357.52,WO-0004464,wood_pole,as_occurred
WMN-03248,2025-02-21 00:00:00,HEAT-20250220-046,physical,corrective,2025-02-21 00:00:00,8577.44,WO-0004465,cast_iron,as_occurred
DFR-01347,2025-02-21 00:00:00,HEAT-20250220-048,physical,corrective,2025-02-21 00:00:00,14554.33,WO-0004466,composite_pole,as_occurred
DFR-01776,2025-02-21 00:00:00,HEAT-20250220-048,physical,corrective,2025-02-21 00:00:00,8172.27,WO-0004467,wood_pole,as_occurred
DFR-01357,2025-02-21 00:00:00,HEAT-20250219-047,physical,corrective,2025-02-21 00:00:00,4709.55,WO-0004468,wood_pole,as_occurred
WMN-03022,2025-02-21 00:00:00,HEAT-20250220-048,physical,corrective,2025-02-21 00:00:00,6707.03,WO-0004469,ductile_iron,as_occurred
DSS-00187,2025-02-21 00:00:00,HEAT-20250220-046,physical,corrective,2025-02-21 00:00:00,5525.41,WO-0004470,standard,as_occurred
TLS-00721,2025-02-21 00:00:00,,,inspection,2025-02-21 00:00:00,1077.12,WO-0004471,steel_lattice,as_occurred
WMN-03303,2025-02-21 00:00:00,HEAT-20250219-047,physical,corrective,2025-02-21 00:00:00,1945.36,WO-0004472,C.I.,as_occurred
DSS-00253,2025-02-21 00:00:00,,,vegetation,2025-02-21 00:00:00,1175.19,WO-0004473,standard,as_occurred
LEGACY-064194,2025-02-21 06:00:00,HEAT-20250219-047,physical,corrective,2025-02-21 06:00:00,3702.29,WO-0004474,,as_occurred
WMN-02815,2025-02-21 06:00:00,HEAT-20250220-048,physical,corrective,2025-02-21 06:00:00,4209.2,WO-0004475,cast_iron,as_occurred
DSS-00149,2025-02-21 06:00:00,HEAT-20250220-046,physical,corrective,2025-02-21 06:00:00,1566.83,WO-0004476,standard,as_occurred
DFR-01944,2025-02-21 06:00:00,HEAT-20250220-046,physical,corrective,2025-02-21 06:00:00,4209.67,WO-0004477,wood_pole,as_occurred
PMP-02373,2025-02-21 06:00:00,HEAT-20250219-047,physical,corrective,2025-02-21 06:00:00,524.52,WO-0004478,standard,as_occurred
DSS-00364,2025-02-21 12:00:00,HEAT-20250219-047,physical,corrective,2025-02-21 12:00:00,1631.25,WO-0004479,standard,as_occurred
PMP-02236,2025-02-21 12:00:00,HEAT-20250219-047,functional_power_loss,corrective,2025-02-21 12:00:00,2031.26,WO-0004480,standard,as_occurred
WMN-03457,2025-02-21 12:00:00,HEAT-20250220-046,physical,corrective,2025-02-21 12:00:00,2654.54,WO-0004481,pvc,as_occurred
PMP-02422,2025-02-21 12:00:00,HEAT-20250219-047,functional_power_loss,corrective,2025-02-21 12:00:00,7700.27,WO-0004482,standard,as_occurred
WMN-03177,2025-02-21 12:00:00,HEAT-20250220-048,physical,corrective,2025-02-21 12:00:00,35173.24,WO-0004483,cast_iron,as_occurred
INT-03487,2025-02-21 12:00:00,HEAT-20250220-048,physical,corrective,2025-02-21 12:00:00,1737.13,WO-0004484,standard,as_occurred
PMP-02362,2025-02-21 12:00:00,HEAT-20250220-046,functional_power_loss,corrective,2025-02-21 12:00:00,15556.27,WO-0004485,standard,as_occurred
DSS-00394,2025-02-21 12:00:00,HEAT-20250220-046,physical,corrective,2025-02-21 12:00:00,10225.22,WO-0004486,standard,as_occurred
DSS-00093,2025-02-21 12:00:00,HEAT-20250219-047,physical,corrective,2025-02-21 12:00:00,61808.86,WO-0004487,standard,as_occurred
PMP-02261,2025-02-21 12:00:00,HEAT-20250220-046,functional_power_loss,corrective,2025-02-21 12:00:00,1265.35,WO-0004488,standard,as_occurred
DSS-00141,2025-02-21 12:00:00,HEAT-20250219-047,physical,corrective,2025-02-21 12:00:00,6057.46,WO-0004489,standard,as_occurred
PMP-02503,2025-02-21 12:00:00,HEAT-20250220-046,functional_power_loss,corrective,2025-02-21 12:00:00,9434.37,WO-0004490,standard,as_occurred
DSS-00093,2025-02-21 12:00:00,HEAT-20250220-046,physical,corrective,2025-02-21 12:00:00,5698.21,WO-0004491,standard,as_occurred
DSS-00194,2025-02-21 12:00:00,HEAT-20250219-047,physical,corrective,2025-02-21 12:00:00,5199.79,WO-0004492,standard,as_occurred
DSS-00328,2025-02-21 12:00:00,HEAT-20250219-047,physical,corrective,2025-02-21 12:00:00,9315.17,WO-0004493,standard,as_occurred
DSS-00168,2025-02-21 12:00:00,HEAT-20250220-046,physical,corrective,2025-02-21 12:00:00,1909.02,WO-0004494,standard,as_occurred
WMN-03299,2025-02-21 12:00:00,HEAT-20250219-047,physical,corrective,2025-02-21 12:00:00,11969.96,WO-0004495,cast_iron,as_occurred
PMP-02311,2025-02-21 18:00:00,HEAT-20250220-046,functional_power_loss,corrective,2025-02-21 18:00:00,4444.76,WO-0004496,standard,as_occurred
LEGACY-009748,2025-02-21 18:00:00,HEAT-20250219-047,physical,corrective,2025-02-21 18:00:00,2889.33,WO-0004497,,as_occurred
TLS-00919,2025-02-22 00:00:00,,,inspection,2025-02-22 00:00:00,861.58,WO-0004498,steel_lattice,as_occurred
WMN-02690,2025-02-22 00:00:00,,,inspection,2025-02-22 00:00:00,1381.27,WO-0004499,PVC,as_occurred
WMN-03456,2025-02-22 00:00:00,HEAT-20250220-048,physical,corrective,2025-02-22 00:00:00,6547.01,WO-0004500,cast_iron,as_occurred
LEGACY-025513,2025-02-22 00:00:00,,,inspection,2025-02-22 00:00:00,742.31,WO-0004501,,as_occurred
DFR-01489,2025-02-22 00:00:00,,,vegetation,2025-02-22 00:00:00,667.72,WO-0004502,composite_pole,as_occurred
TSS-00020,2025-02-22 00:00:00,,,inspection,2025-02-22 00:00:00,1529.28,WO-0004503,standard,as_occurred
TLS-01177,2025-02-22 00:00:00,,,routine,2025-02-22 00:00:00,406.5,WO-0004504,steel_monopole,as_occurred
LEGACY-087051,2025-02-22 06:00:00,HEAT-20250220-046,physical,corrective,2025-02-22 06:00:00,2423.55,WO-0004505,,as_occurred
DSS-00282,2025-02-22 06:00:00,HEAT-20250219-047,physical,corrective,2025-02-22 06:00:00,14898.54,WO-0004506,standard,as_occurred
DFR-01557,2025-02-22 06:00:00,HEAT-20250219-047,physical,corrective,2025-02-22 06:00:00,2260.44,WO-0004507,wood_pole,as_occurred
DFR-01376,2025-02-22 06:00:00,HEAT-20250220-046,physical,corrective,2025-02-22 06:00:00,9007.82,WO-0004508,wood_pole,as_occurred
WMN-03010,2025-02-22 06:00:00,HEAT-20250220-046,physical,corrective,2025-02-22 06:00:00,2400.14,WO-0004509,Cast Iron,as_occurred
WMN-03157,2025-02-22 06:00:00,HEAT-20250220-046,physical,corrective,2025-02-22 06:00:00,10581.99,WO-0004510,ductile_iron,as_occurred
PMP-02298,2025-02-22 06:00:00,HEAT-20250219-047,functional_power_loss,corrective,2025-02-22 06:00:00,2840.4,WO-0004511,standard,as_occurred
DSS-00329,2025-02-22 12:00:00,HEAT-20250220-046,physical,corrective,2025-02-22 12:00:00,4423.57,WO-0004512,standard,as_occurred
WMN-03083,2025-02-22 12:00:00,HEAT-20250220-046,physical,corrective,2025-02-22 12:00:00,961.2,WO-0004513,cast_iron,as_occurred
LEGACY-023225,2025-02-22 12:00:00,HEAT-20250220-046,physical,corrective,2025-02-22 12:00:00,2664.19,WO-0004514,,as_occurred
DSS-00398,2025-02-22 12:00:00,HEAT-20250220-046,physical,corrective,2025-02-22 12:00:00,6553.74,WO-0004515,standard,as_occurred
DSS-00080,2025-02-22 12:00:00,HEAT-20250220-046,physical,corrective,2025-02-22 12:00:00,2157.23,WO-0004516,standard,as_occurred
LEGACY-014891,2025-02-22 12:00:00,HEAT-20250220-046,physical,corrective,2025-02-22 12:00:00,5990.43,WO-0004517,,as_occurred
PMP-02301,2025-02-22 12:00:00,HEAT-20250219-047,functional_power_loss,corrective,2025-02-22 12:00:00,2944.7,WO-0004518,standard,as_occurred
DSS-00172,2025-02-22 12:00:00,HEAT-20250220-046,physical,corrective,2025-02-22 12:00:00,981.32,WO-0004519,standard,as_occurred
PMP-02370,2025-02-22 12:00:00,HEAT-20250219-047,functional_power_loss,corrective,2025-02-22 12:00:00,1512.39,WO-0004520,standard,as_occurred
PMP-02491,2025-02-22 12:00:00,HEAT-20250219-047,functional_power_loss,corrective,2025-02-22 12:00:00,2164.44,WO-0004521,standard,as_occurred
PMP-02415,2025-02-22 12:00:00,HEAT-20250219-047,functional_power_loss,corrective,2025-02-22 12:00:00,9916.9,WO-0004522,standard,as_occurred
PMP-02297,2025-02-22 12:00:00,HEAT-20250219-047,functional_power_loss,corrective,2025-02-22 12:00:00,2631.98,WO-0004523,standard,as_occurred
DSS-00216,2025-02-22 12:00:00,HEAT-20250220-048,physical,corrective,2025-02-22 12:00:00,24701.3,WO-0004524,standard,as_occurred
PMP-02261,2025-02-22 12:00:00,HEAT-20250219-047,functional_power_loss,corrective,2025-02-22 12:00:00,2365.67,WO-0004525,standard,as_occurred
DSS-00306,2025-02-22 12:00:00,HEAT-20250220-046,physical,corrective,2025-02-22 12:00:00,1998.38,WO-0004526,standard,as_occurred
DSS-00240,2025-02-22 12:00:00,HEAT-20250220-048,physical,corrective,2025-02-22 12:00:00,4156.22,WO-0004527,standard,as_occurred
DSS-00258,2025-02-22 12:00:00,HEAT-20250219-047,physical,corrective,2025-02-22 12:00:00,8563.09,WO-0004528,standard,as_occurred
DSS-00145,2025-02-22 12:00:00,HEAT-20250219-047,physical,corrective,2025-02-22 12:00:00,19747.05,WO-0004529,standard,as_occurred
DSS-00168,2025-02-22 12:00:00,HEAT-20250219-047,physical,corrective,2025-02-22 12:00:00,2319.69,WO-0004530,standard,as_occurred
DSS-00348,2025-02-22 12:00:00,HEAT-20250219-047,physical,corrective,2025-02-22 12:00:00,3242.44,WO-0004531,standard,as_occurred
DSS-00312,2025-02-22 12:00:00,HEAT-20250219-047,physical,corrective,2025-02-22 12:00:00,2083.75,WO-0004532,standard,as_occurred
WMN-03290,2025-02-22 12:00:00,HEAT-20250219-047,physical,corrective,2025-02-22 12:00:00,6217.26,WO-0004533,CI,as_occurred
WMN-02815,2025-02-22 12:00:00,HEAT-20250219-047,physical,corrective,2025-02-22 12:00:00,10279.55,WO-0004534,cast_iron,as_occurred
WMN-02853,2025-02-22 18:00:00,HEAT-20250220-046,physical,corrective,2025-02-22 18:00:00,2647.23,WO-0004535,cast_iron,as_occurred
PMP-02311,2025-02-22 18:00:00,HEAT-20250219-047,functional_power_loss,corrective,2025-02-22 18:00:00,3335.72,WO-0004536,standard,as_occurred
WMN-03222,2025-02-22 18:00:00,HEAT-20250220-048,physical,corrective,2025-02-22 18:00:00,4689.38,WO-0004537,PVC,as_occurred
DFR-01480,2025-02-22 18:00:00,HEAT-20250220-048,physical,corrective,2025-02-22 18:00:00,9214.89,WO-0004538,wood_pole,as_occurred
DSS-00398,2025-02-22 18:00:00,HEAT-20250220-048,physical,corrective,2025-02-22 18:00:00,5539.86,WO-0004539,standard,as_occurred
WMN-02821,2025-02-23 00:00:00,HEAT-20250220-046,physical,corrective,2025-02-23 00:00:00,6212.37,WO-0004540,AC,as_occurred
DFR-01606,2025-02-23 00:00:00,HEAT-20250219-047,physical,corrective,2025-02-23 00:00:00,7473.09,WO-0004541,wood_pole,as_occurred
TLS-00483,2025-02-23 00:00:00,,,routine,2025-02-26 00:00:00,2730.33,WO-0004542,steel_lattice,reported_late
DFR-01742,2025-02-23 00:00:00,,,vegetation,2025-02-23 00:00:00,851.16,WO-0004543,Wood Pole,as_occurred
DSS-00174,2025-02-23 00:00:00,HEAT-20250220-048,physical,corrective,2025-02-23 00:00:00,4067.62,WO-0004544,standard,as_occurred
DFR-01800,2025-02-23 00:00:00,HEAT-20250220-048,physical,corrective,2025-02-23 00:00:00,1690.89,WO-0004545,timber,as_occurred
WMN-03154,2025-02-23 00:00:00,HEAT-20250220-048,physical,corrective,2025-02-23 00:00:00,2842.15,WO-0004546,cast_iron,as_occurred
WMN-03420,2025-02-23 00:00:00,,,routine,2025-02-23 00:00:00,1654.23,WO-0004547,AC,as_occurred
WMN-03364,2025-02-23 00:00:00,,,inspection,2025-02-23 00:00:00,2031.23,WO-0004548,asbestos_cement,as_occurred
DFR-01746,2025-02-23 00:00:00,,,inspection,2025-02-23 00:00:00,260.6,WO-0004549,composite_pole,as_occurred
WMN-02853,2025-02-23 00:00:00,HEAT-20250219-047,physical,corrective,2025-02-23 00:00:00,4642.06,WO-0004550,cast_iron,as_occurred
WMN-03455,2025-02-23 00:00:00,HEAT-20250219-047,physical,corrective,2025-02-23 00:00:00,28164.31,WO-0004551,cast_iron,as_occurred
TLS-00856,2025-02-23 00:00:00,HEAT-20250219-047,physical,corrective,2025-02-23 00:00:00,5097.26,WO-0004552,steel_lattice,as_occurred
TLS-01006,2025-02-23 00:00:00,,,vegetation,2025-02-23 00:00:00,1806.45,WO-0004553,steel_lattice,as_occurred
WMN-03315,2025-02-23 00:00:00,HEAT-20250220-046,physical,corrective,2025-02-26 00:00:00,6828.09,WO-0004554,asbestos_cement,reported_late
TLS-00608,2025-02-23 00:00:00,,,inspection,2025-02-23 00:00:00,1159.24,WO-0004555,steel_lattice,as_occurred
PMP-02231,2025-02-23 06:00:00,HEAT-20250220-048,physical,corrective,2025-02-23 06:00:00,3525.54,WO-0004556,standard,as_occurred
WMN-02835,2025-02-23 06:00:00,HEAT-20250219-047,physical,corrective,2025-02-23 06:00:00,790.1,WO-0004557,cast_iron,as_occurred
PMP-02348,2025-02-23 06:00:00,HEAT-20250219-047,physical,corrective,2025-02-23 06:00:00,4480.49,WO-0004558,standard,as_occurred
PMP-02427,2025-02-23 06:00:00,HEAT-20250219-047,physical,corrective,2025-02-23 06:00:00,15488.39,WO-0004559,standard,as_occurred
WMN-03106,2025-02-23 06:00:00,HEAT-20250220-046,physical,corrective,2025-02-23 06:00:00,1241.2,WO-0004560,ductile_iron,as_occurred
PMP-02334,2025-02-23 12:00:00,HEAT-20250219-047,functional_power_loss,corrective,2025-02-23 12:00:00,3965.39,WO-0004561,standard,as_occurred
PMP-02346,2025-02-23 12:00:00,HEAT-20250219-047,functional_power_loss,corrective,2025-02-23 12:00:00,6253.72,WO-0004562,standard,as_occurred
DFR-01754,2025-02-23 12:00:00,HEAT-20250220-046,physical,corrective,2025-02-26 12:00:00,3514.76,WO-0004563,wood_pole,reported_late
DSS-00145,2025-02-23 12:00:00,HEAT-20250220-046,physical,corrective,2025-02-23 12:00:00,4438.78,WO-0004564,standard,as_occurred
PMP-02341,2025-02-23 12:00:00,HEAT-20250219-047,functional_power_loss,corrective,2025-02-23 12:00:00,5839.63,WO-0004565,standard,as_occurred
PMP-02499,2025-02-23 12:00:00,HEAT-20250220-048,physical,corrective,2025-02-23 12:00:00,2917.9,WO-0004566,standard,as_occurred
WMN-02775,2025-02-23 12:00:00,HEAT-20250220-048,physical,corrective,2025-02-23 12:00:00,27120.26,WO-0004567,asbestos-cement,as_occurred
PMP-02343,2025-02-23 12:00:00,HEAT-20250220-046,functional_power_loss,corrective,2025-02-23 12:00:00,6427.79,WO-0004568,standard,as_occurred
PMP-02253,2025-02-23 12:00:00,HEAT-20250220-048,functional_power_loss,corrective,2025-02-23 12:00:00,11796.25,WO-0004569,standard,as_occurred
LEGACY-017028,2025-02-23 12:00:00,HEAT-20250219-047,physical,corrective,2025-02-23 12:00:00,13547.43,WO-0004570,,as_occurred
DSS-00334,2025-02-23 12:00:00,HEAT-20250219-047,physical,corrective,2025-02-23 12:00:00,8203.82,WO-0004571,standard,as_occurred
DSS-00406,2025-02-23 12:00:00,HEAT-20250219-047,physical,corrective,2025-02-23 12:00:00,11988.1,WO-0004572,standard,as_occurred
DFR-01472,2025-02-23 18:00:00,HEAT-20250220-046,physical,corrective,2025-02-23 18:00:00,9440.01,WO-0004573,wood_pole,as_occurred
DFR-01941,2025-02-23 18:00:00,HEAT-20250220-048,physical,corrective,2025-02-23 18:00:00,1423.25,WO-0004574,wood_pole,as_occurred
WMN-03230,2025-02-23 18:00:00,HEAT-20250219-047,physical,corrective,2025-02-23 18:00:00,1499.72,WO-0004575,ductile_iron,as_occurred
WMN-02870,2025-02-23 18:00:00,HEAT-20250219-047,physical,corrective,2025-02-23 18:00:00,3825.86,WO-0004576,Cast Iron,as_occurred
WMN-03378,2025-02-24 00:00:00,HEAT-20250220-048,physical,corrective,2025-02-24 00:00:00,2711.79,WO-0004577,cast-iron,as_occurred
TLS-00648,2025-02-24 00:00:00,,,routine,2025-02-27 00:00:00,786.07,WO-0004578,steel_monopole,reported_late
WMN-02775,2025-02-24 00:00:00,HEAT-20250219-047,physical,corrective,2025-02-24 00:00:00,4821.5,WO-0004579,asbestos-cement,as_occurred
WMN-03103,2025-02-24 00:00:00,HEAT-20250220-048,physical,corrective,2025-02-24 00:00:00,6105.3,WO-0004580,pvc,as_occurred
WMN-03053,2025-02-24 06:00:00,HEAT-20250219-047,physical,corrective,2025-02-24 06:00:00,5450.02,WO-0004581,cast_iron,as_occurred
TLS-00540,2025-02-24 06:00:00,HEAT-20250220-046,physical,corrective,2025-02-24 06:00:00,1634.93,WO-0004582,steel_lattice,as_occurred
WMN-03112,2025-02-24 06:00:00,HEAT-20250219-047,physical,corrective,2025-02-24 06:00:00,7085.94,WO-0004583,asbestos_cement,as_occurred
WMN-03258,2025-02-24 12:00:00,HEAT-20250220-046,physical,corrective,2025-02-24 12:00:00,13434.58,WO-0004584,CAST IRON,as_occurred
LEGACY-024794,2025-02-24 12:00:00,HEAT-20250220-048,physical,corrective,2025-02-24 12:00:00,7403.31,WO-0004585,,as_occurred
TLS-00659,2025-02-24 12:00:00,HEAT-20250219-047,physical,corrective,2025-02-24 12:00:00,5178.77,WO-0004586,steel_lattice,as_occurred
TLS-00947,2025-02-24 12:00:00,HEAT-20250219-047,physical,corrective,2025-02-24 12:00:00,6145.23,WO-0004587,steel_lattice,as_occurred
WMN-03029,2025-02-24 12:00:00,HEAT-20250219-047,physical,corrective,2025-02-24 12:00:00,1740.91,WO-0004588,CAST IRON,as_occurred
DFR-01681,2025-02-24 18:00:00,HEAT-20250220-046,physical,corrective,2025-02-24 18:00:00,7255.61,WO-0004589,wood_pole,as_occurred
WMN-02789,2025-02-24 18:00:00,HEAT-20250219-047,physical,corrective,2025-02-24 18:00:00,3149.98,WO-0004590,cast_iron,as_occurred
DSS-00203,2025-02-25 00:00:00,HEAT-20250219-047,physical,corrective,2025-02-25 00:00:00,7542.5,WO-0004591,standard,as_occurred
TLS-00586,2025-02-25 00:00:00,,,vegetation,2025-02-25 00:00:00,902.62,WO-0004592,steel_lattice,as_occurred
TLS-01268,2025-02-25 00:00:00,HEAT-20250219-047,physical,corrective,2025-02-25 00:00:00,4770.04,WO-0004593,steel_lattice,as_occurred
WMN-03461,2025-02-25 00:00:00,,,inspection,2025-02-25 00:00:00,792.81,WO-0004594,steel,as_occurred
PMP-02255,2025-02-25 00:00:00,HEAT-20250219-047,physical,corrective,2025-02-25 00:00:00,12934.65,WO-0004595,standard,as_occurred
LEGACY-012953,2025-02-25 00:00:00,HEAT-20250219-047,physical,corrective,2025-02-25 00:00:00,5153.03,WO-0004596,,as_occurred
DFR-01983,2025-02-25 00:00:00,,,vegetation,2025-02-25 00:00:00,2092.97,WO-0004597,Wood Pole,as_occurred
WMN-02695,2025-02-25 06:00:00,HEAT-20250219-047,physical,corrective,2025-02-25 06:00:00,3423.74,WO-0004598,ductile_iron,as_occurred
WMN-03214,2025-02-25 06:00:00,HEAT-20250219-047,physical,corrective,2025-02-25 06:00:00,8787.35,WO-0004599,asbestos_cement,as_occurred
DFR-01353,2025-02-26 00:00:00,,,vegetation,2025-03-01 00:00:00,742.45,WO-0004600,wood_pole,reported_late
TLS-00619,2025-02-26 00:00:00,,,inspection,2025-02-26 00:00:00,721.2,WO-0004601,steel_lattice,as_occurred
WMN-03086,2025-02-26 00:00:00,,,inspection,2025-03-01 00:00:00,229.79,WO-0004602,pvc,reported_late
RCL-02053,2025-02-26 00:00:00,,,inspection,2025-02-26 00:00:00,450.1,WO-0004603,standard,as_occurred
DSS-00170,2025-02-26 00:00:00,,,routine,2025-02-26 00:00:00,654.65,WO-0004604,standard,as_occurred
WMN-03273,2025-02-26 00:00:00,,,routine,2025-02-26 00:00:00,281.8,WO-0004605,Ductile Iron,as_occurred
TLS-01080,2025-02-27 00:00:00,,,inspection,2025-02-27 00:00:00,122.84,WO-0004606,concrete,as_occurred
TLS-01201,2025-02-27 00:00:00,,,vegetation,2025-02-27 00:00:00,3450.59,WO-0004607,steel_lattice,as_occurred
TLS-00780,2025-02-27 00:00:00,,,vegetation,2025-02-27 00:00:00,855.72,WO-0004608,steel_lattice,as_occurred
PMP-02354,2025-02-27 00:00:00,,,routine,2025-02-27 00:00:00,1079.43,WO-0004609,standard,as_occurred
WMN-03087,2025-02-27 00:00:00,,,vegetation,2025-02-27 00:00:00,1129.24,WO-0004610,steel,as_occurred
TNK-02663,2025-02-27 00:00:00,,,routine,2025-02-27 00:00:00,729.05,WO-0004611,standard,as_occurred
DSS-00410,2025-02-27 00:00:00,,,inspection,2025-02-27 00:00:00,3896.82,WO-0004612,standard,as_occurred
WMN-03350,2025-02-28 00:00:00,,,inspection,2025-02-28 00:00:00,425.29,WO-0004613,CAST IRON,as_occurred
LEGACY-015828,2025-02-28 00:00:00,,,routine,2025-02-28 00:00:00,1905.46,WO-0004614,,as_occurred
RCL-02145,2025-02-28 00:00:00,,,routine,2025-02-28 00:00:00,1151.56,WO-0004615,standard,as_occurred
RCL-02111,2025-02-28 00:00:00,,,inspection,2025-02-28 00:00:00,298.96,WO-0004616,standard,as_occurred
DSS-00223,2025-03-01 00:00:00,,,vegetation,2025-03-01 00:00:00,321.05,WO-0004617,standard,as_occurred
WMN-03128,2025-03-01 00:00:00,,,routine,2025-03-01 00:00:00,669.73,WO-0004618,Ductile Iron,as_occurred
DFR-01511,2025-03-01 00:00:00,,,inspection,2025-03-01 00:00:00,369.27,WO-0004619,wood_pole,as_occurred
PMP-02327,2025-03-01 00:00:00,,,routine,2025-03-01 00:00:00,507.45,WO-0004620,standard,as_occurred
DFR-01462,2025-03-01 00:00:00,,,routine,2025-03-01 00:00:00,446.86,WO-0004621,timber,as_occurred
TLS-00620,2025-03-01 00:00:00,,,inspection,2025-03-01 00:00:00,1504.99,WO-0004622,steel_lattice,as_occurred
PMP-02470,2025-03-01 00:00:00,,,routine,2025-03-01 00:00:00,956.37,WO-0004623,standard,as_occurred
RCL-02170,2025-03-02 00:00:00,,,routine,2025-03-02 00:00:00,1990.02,WO-0004624,standard,as_occurred
TNK-02626,2025-03-02 00:00:00,,,vegetation,2025-03-02 00:00:00,2068.98,WO-0004625,standard,as_occurred
DSS-00203,2025-03-02 00:00:00,,,routine,2025-03-02 00:00:00,2500.19,WO-0004626,standard,as_occurred
TSS-00032,2025-03-02 00:00:00,,,inspection,2025-03-02 00:00:00,2198.27,WO-0004627,standard,as_occurred
WMN-03474,2025-03-02 00:00:00,,,vegetation,2025-03-02 00:00:00,2328.96,WO-0004628,ductile_iron,as_occurred
RCL-02098,2025-03-02 00:00:00,,,inspection,2025-03-02 00:00:00,937.13,WO-0004629,standard,as_occurred
WMN-02793,2025-03-02 00:00:00,,,routine,2025-03-02 00:00:00,366.58,WO-0004630,cast_iron,as_occurred
TNK-02574,2025-03-03 00:00:00,,,vegetation,2025-03-03 00:00:00,795.25,WO-0004631,standard,as_occurred
WMN-02763,2025-03-03 00:00:00,,,routine,2025-03-03 00:00:00,529.04,WO-0004632,cast_iron,as_occurred
PMP-02380,2025-03-03 00:00:00,,,vegetation,2025-03-03 00:00:00,651.85,WO-0004633,standard,as_occurred
TLS-00760,2025-03-03 00:00:00,,,routine,2025-03-03 00:00:00,2075.29,WO-0004634,steel_monopole,as_occurred
RCL-02187,2025-03-03 00:00:00,,,inspection,2025-03-06 00:00:00,1454.53,WO-0004635,standard,reported_late
DFR-01418,2025-03-03 00:00:00,,,inspection,2025-03-03 00:00:00,437.21,WO-0004636,composite_pole,as_occurred
TLS-00494,2025-03-03 00:00:00,,,inspection,2025-03-03 00:00:00,891.78,WO-0004637,concrete,as_occurred
DFR-01444,2025-03-04 00:00:00,,,inspection,2025-03-04 00:00:00,693.3,WO-0004638,wood_pole,as_occurred
DFR-01457,2025-03-04 00:00:00,,,vegetation,2025-03-04 00:00:00,561.86,WO-0004639,composite_pole,as_occurred
WMN-03016,2025-03-04 00:00:00,,,inspection,2025-03-04 00:00:00,780.38,WO-0004640,ductile-iron,as_occurred
DFR-01766,2025-03-04 00:00:00,,,inspection,2025-03-04 00:00:00,537.9,WO-0004641,wood_pole,as_occurred
DFR-01720,2025-03-05 00:00:00,,,inspection,2025-03-05 00:00:00,642.91,WO-0004642,wood_pole,as_occurred
TLS-00686,2025-03-05 00:00:00,,,routine,2025-03-05 00:00:00,2534.52,WO-0004643,concrete,as_occurred
WMN-03183,2025-03-05 00:00:00,,,inspection,2025-03-05 00:00:00,640.25,WO-0004644,ductile-iron,as_occurred
DFR-01915,2025-03-06 00:00:00,,,vegetation,2025-03-06 00:00:00,392.91,WO-0004645,concrete_pole,as_occurred
RCL-02201,2025-03-06 00:00:00,,,routine,2025-03-06 00:00:00,384.54,WO-0004646,standard,as_occurred
WMN-03299,2025-03-06 00:00:00,BASE-20250306-077,physical,corrective,2025-03-06 00:00:00,2265.7,WO-0004647,cast_iron,as_occurred
WMN-03450,2025-03-06 00:00:00,,,vegetation,2025-03-06 00:00:00,961.65,WO-0004648,cast_iron,as_occurred
DSS-00234,2025-03-06 00:00:00,,,routine,2025-03-06 00:00:00,395.5,WO-0004649,standard,as_occurred
WMN-03269,2025-03-06 12:00:00,BASE-20250306-077,physical,corrective,2025-03-06 12:00:00,2631.29,WO-0004650,asbestos_cement,as_occurred
WMN-02844,2025-03-06 12:00:00,BASE-20250306-077,physical,corrective,2025-03-06 12:00:00,2093.93,WO-0004651,ductile_iron,as_occurred
WMN-03444,2025-03-06 12:00:00,BASE-20250306-077,physical,corrective,2025-03-09 12:00:00,10067.34,WO-0004652,cast_iron,reported_late
DFR-01446,2025-03-06 18:00:00,BASE-20250306-077,physical,corrective,2025-03-06 18:00:00,6692.03,WO-0004653,wood_pole,as_occurred
WMN-03322,2025-03-06 18:00:00,BASE-20250306-077,physical,corrective,2025-03-09 18:00:00,4940.49,WO-0004654,cast_iron,reported_late
DFR-01724,2025-03-06 18:00:00,BASE-20250306-077,physical,corrective,2025-03-06 18:00:00,1290.51,WO-0004655,wood_pole,as_occurred
DSS-00355,2025-03-07 00:00:00,,,vegetation,2025-03-07 00:00:00,254.18,WO-0004656,standard,as_occurred
DSS-00081,2025-03-07 00:00:00,,,routine,2025-03-07 00:00:00,472.98,WO-0004657,standard,as_occurred
TNK-02549,2025-03-07 00:00:00,,,inspection,2025-03-07 00:00:00,414.51,WO-0004658,standard,as_occurred
PMP-02413,2025-03-07 00:00:00,,,routine,2025-03-07 00:00:00,382.12,WO-0004659,standard,as_occurred
TNK-02591,2025-03-07 00:00:00,,,inspection,2025-03-07 00:00:00,637.87,WO-0004660,standard,as_occurred
TLS-00896,2025-03-07 00:00:00,,,inspection,2025-03-10 00:00:00,231.75,WO-0004661,steel_lattice,reported_late
WMN-03473,2025-03-07 06:00:00,BASE-20250307-059,physical,corrective,2025-03-07 06:00:00,6718.07,WO-0004662,A/C,as_occurred
WMN-03326,2025-03-07 12:00:00,BASE-20250307-059,physical,corrective,2025-03-07 12:00:00,1591.98,WO-0004663,cast_iron,as_occurred
DFR-01569,2025-03-07 12:00:00,BASE-20250307-059,physical,corrective,2025-03-10 12:00:00,12302.39,WO-0004664,wood_pole,reported_late
DFR-01441,2025-03-07 12:00:00,BASE-20250307-059,physical,corrective,2025-03-07 12:00:00,3737.37,WO-0004665,wood_pole,as_occurred
DFR-01702,2025-03-07 18:00:00,BASE-20250307-059,physical,corrective,2025-03-07 18:00:00,2364.79,WO-0004666,wood_pole,as_occurred
LEGACY-066982,2025-03-07 18:00:00,BASE-20250307-059,physical,corrective,2025-03-07 18:00:00,2023.17,WO-0004667,,as_occurred
RCL-02163,2025-03-08 00:00:00,,,inspection,2025-03-08 00:00:00,356.74,WO-0004668,standard,as_occurred
WMN-03205,2025-03-08 00:00:00,,,inspection,2025-03-08 00:00:00,3112.28,WO-0004669,ductile_iron,as_occurred
TNK-02582,2025-03-08 00:00:00,,,routine,2025-03-08 00:00:00,1851.02,WO-0004670,standard,as_occurred
WMN-02999,2025-03-09 00:00:00,,,vegetation,2025-03-09 00:00:00,302.08,WO-0004671,ductile_iron,as_occurred
DFR-01470,2025-03-09 00:00:00,,,routine,2025-03-09 00:00:00,1603.06,WO-0004672,wood_pole,as_occurred
TLS-00424,2025-03-09 00:00:00,,,routine,2025-03-09 00:00:00,1869.96,WO-0004673,steel_lattice,as_occurred
DFR-01802,2025-03-09 00:00:00,INLA-20250309-055,physical,corrective,2025-03-09 00:00:00,1391.13,WO-0004674,Wood Pole,as_occurred
DFR-01554,2025-03-09 00:00:00,,,inspection,2025-03-09 00:00:00,682.59,WO-0004675,wood_pole,as_occurred
DFR-01731,2025-03-09 00:00:00,INLA-20250309-055,physical,corrective,2025-03-09 00:00:00,8946.02,WO-0004676,wood_pole,as_occurred
TLS-00644,2025-03-09 00:00:00,,,routine,2025-03-09 00:00:00,733.59,WO-0004677,steel_monopole,as_occurred
PMP-02323,2025-03-09 06:00:00,INLA-20250309-055,physical,corrective,2025-03-09 06:00:00,9735.03,WO-0004678,standard,as_occurred
DFR-01773,2025-03-09 06:00:00,INLA-20250309-055,physical,corrective,2025-03-09 06:00:00,5273.1,WO-0004679,Wood Pole,as_occurred
DFR-01633,2025-03-09 06:00:00,INLA-20250309-055,physical,corrective,2025-03-12 06:00:00,3994.35,WO-0004680,Wood Pole,reported_late
TLS-00704,2025-03-09 12:00:00,INLA-20250309-055,physical,corrective,2025-03-09 12:00:00,5495.87,WO-0004681,steel_monopole,as_occurred
DFR-01926,2025-03-09 12:00:00,INLA-20250309-055,physical,corrective,2025-03-09 12:00:00,8044.27,WO-0004682,wood_pole,as_occurred
DFR-01530,2025-03-09 18:00:00,INLA-20250309-055,physical,corrective,2025-03-09 18:00:00,6705.86,WO-0004683,wood_pole,as_occurred
DSS-00382,2025-03-09 18:00:00,INLA-20250309-055,physical,corrective,2025-03-09 18:00:00,3976.9,WO-0004684,standard,as_occurred
WMN-02810,2025-03-10 00:00:00,INLA-20250309-055,physical,corrective,2025-03-10 00:00:00,2825.99,WO-0004685,asbestos_cement,as_occurred
WMN-03205,2025-03-10 00:00:00,,,inspection,2025-03-10 00:00:00,796.65,WO-0004686,ductile_iron,as_occurred
TLS-00868,2025-03-10 00:00:00,,,vegetation,2025-03-10 00:00:00,1991.53,WO-0004687,steel_lattice,as_occurred
WMN-02859,2025-03-10 00:00:00,INLA-20250309-055,physical,corrective,2025-03-10 00:00:00,6024.55,WO-0004688,CAST IRON,as_occurred
INT-03499,2025-03-10 00:00:00,INLA-20250309-055,physical,corrective,2025-03-10 00:00:00,11303.78,WO-0004689,standard,as_occurred
WMN-03464,2025-03-10 00:00:00,,,vegetation,2025-03-10 00:00:00,1579.69,WO-0004690,cast_iron,as_occurred
TLS-01233,2025-03-10 00:00:00,,,inspection,2025-03-10 00:00:00,194.65,WO-0004691,concrete,as_occurred
LEGACY-061353,2025-03-10 00:00:00,INLA-20250309-055,physical,corrective,2025-03-13 00:00:00,2898.9,WO-0004692,,reported_late
DFR-01441,2025-03-10 00:00:00,INLA-20250309-055,physical,corrective,2025-03-10 00:00:00,5922.66,WO-0004693,wood_pole,as_occurred
DFR-01681,2025-03-10 00:00:00,INLA-20250309-055,physical,corrective,2025-03-10 00:00:00,3608.21,WO-0004694,wood_pole,as_occurred
TSS-00045,2025-03-10 00:00:00,,,routine,2025-03-10 00:00:00,2404.8,WO-0004695,standard,as_occurred
WMN-02840,2025-03-10 06:00:00,INLA-20250309-055,physical,corrective,2025-03-10 06:00:00,1536.11,WO-0004696,cast_iron,as_occurred
DFR-01848,2025-03-11 00:00:00,,,routine,2025-03-11 00:00:00,742.19,WO-0004697,wood_pole,as_occurred
TLS-00779,2025-03-11 00:00:00,,,vegetation,2025-03-11 00:00:00,94.75,WO-0004698,steel_lattice,as_occurred
TLS-01209,2025-03-11 00:00:00,,,inspection,2025-03-11 00:00:00,489.16,WO-0004699,steel_lattice,as_occurred
TLS-00813,2025-03-12 00:00:00,,,inspection,2025-03-12 00:00:00,691.66,WO-0004700,steel_monopole,as_occurred
WMN-03212,2025-03-12 00:00:00,,,vegetation,2025-03-12 00:00:00,1435.89,WO-0004701,DI,as_occurred
TLS-01265,2025-03-12 00:00:00,,,vegetation,2025-03-15 00:00:00,2413.02,WO-0004702,steel_lattice,reported_late
DFR-01706,2025-03-12 00:00:00,,,routine,2025-03-12 00:00:00,208.16,WO-0004703,Wood,as_occurred
DFR-01606,2025-03-12 00:00:00,,,routine,2025-03-12 00:00:00,816.29,WO-0004704,wood_pole,as_occurred
RCL-02080,2025-03-12 00:00:00,,,inspection,2025-03-12 00:00:00,921.15,WO-0004705,standard,as_occurred
PMP-02484,2025-03-12 00:00:00,,,vegetation,2025-03-12 00:00:00,725.91,WO-0004706,standard,as_occurred
TLS-01178,2025-03-13 00:00:00,,,inspection,2025-03-13 00:00:00,670.78,WO-0004707,concrete,as_occurred
DFR-01568,2025-03-13 00:00:00,,,inspection,2025-03-13 00:00:00,223.08,WO-0004708,timber,as_occurred
TLS-01015,2025-03-14 00:00:00,,,inspection,2025-03-14 00:00:00,425.3,WO-0004709,steel_lattice,as_occurred
WMN-02965,2025-03-14 00:00:00,,,vegetation,2025-03-14 00:00:00,566.07,WO-0004710,ductile-iron,as_occurred
DSS-00304,2025-03-14 00:00:00,,,vegetation,2025-03-14 00:00:00,119.41,WO-0004711,standard,as_occurred
DSS-00286,2025-03-14 00:00:00,,,routine,2025-03-14 00:00:00,167.92,WO-0004712,standard,as_occurred
WMN-02888,2025-03-14 00:00:00,,,vegetation,2025-03-14 00:00:00,1546.68,WO-0004713,CAST IRON,as_occurred
WMN-02972,2025-03-14 00:00:00,,,vegetation,2025-03-14 00:00:00,2351.8,WO-0004714,ductile_iron,as_occurred
PMP-02391,2025-03-15 00:00:00,,,routine,2025-03-15 00:00:00,960.13,WO-0004715,standard,as_occurred
WMN-03167,2025-03-15 00:00:00,,,inspection,2025-03-15 00:00:00,251.59,WO-0004716,ductile_iron,as_occurred
WMN-02915,2025-03-15 00:00:00,,,routine,2025-03-15 00:00:00,367.13,WO-0004717,D.I.,as_occurred
WMN-02714,2025-03-16 00:00:00,,,vegetation,2025-03-16 00:00:00,2529.98,WO-0004718,D.I.,as_occurred
TLS-00806,2025-03-16 00:00:00,,,routine,2025-03-16 00:00:00,630.73,WO-0004719,concrete,as_occurred
PMP-02467,2025-03-16 00:00:00,,,routine,2025-03-16 00:00:00,503.85,WO-0004720,standard,as_occurred
PMP-02240,2025-03-16 00:00:00,,,routine,2025-03-16 00:00:00,545.48,WO-0004721,standard,as_occurred
INT-03489,2025-03-16 00:00:00,,,inspection,2025-03-16 00:00:00,418.06,WO-0004722,standard,as_occurred
DFR-01928,2025-03-16 00:00:00,,,routine,2025-03-16 00:00:00,534.46,WO-0004723,wood_pole,as_occurred
DSS-00187,2025-03-16 00:00:00,,,routine,2025-03-19 00:00:00,1819.3,WO-0004724,standard,reported_late
DFR-01377,2025-03-18 00:00:00,,,routine,2025-03-18 00:00:00,833.95,WO-0004725,wood_pole,as_occurred
PMP-02490,2025-03-18 00:00:00,,,routine,2025-03-18 00:00:00,459.68,WO-0004726,standard,as_occurred
TNK-02531,2025-03-18 00:00:00,,,routine,2025-03-18 00:00:00,799.89,WO-0004727,standard,as_occurred
TSS-00014,2025-03-18 00:00:00,,,routine,2025-03-18 00:00:00,504.94,WO-0004728,standard,as_occurred
DFR-01548,2025-03-19 00:00:00,,,inspection,2025-03-19 00:00:00,491.18,WO-0004729,Wood Pole,as_occurred
DSS-00091,2025-03-19 00:00:00,,,routine,2025-03-19 00:00:00,1740.9,WO-0004730,standard,as_occurred
TLS-00854,2025-03-19 00:00:00,,,routine,2025-03-19 00:00:00,225.67,WO-0004731,steel_monopole,as_occurred
PMP-02477,2025-03-19 00:00:00,,,vegetation,2025-03-19 00:00:00,606.9,WO-0004732,standard,as_occurred
WMN-03264,2025-03-19 00:00:00,,,routine,2025-03-19 00:00:00,185.84,WO-0004733,ductile_iron,as_occurred
DFR-01413,2025-03-20 00:00:00,,,inspection,2025-03-20 00:00:00,1066.35,WO-0004734,wood_pole,as_occurred
WMN-02694,2025-03-20 00:00:00,,,inspection,2025-03-20 00:00:00,898.52,WO-0004735,ductile_iron,as_occurred
DSS-00142,2025-03-20 00:00:00,,,inspection,2025-03-20 00:00:00,967.31,WO-0004736,standard,as_occurred
PMP-02426,2025-03-20 00:00:00,,,inspection,2025-03-20 00:00:00,941.73,WO-0004737,standard,as_occurred
TLS-00484,2025-03-21 00:00:00,,,vegetation,2025-03-21 00:00:00,676.43,WO-0004738,steel_lattice,as_occurred
TLS-00965,2025-03-21 00:00:00,,,routine,2025-03-21 00:00:00,94.09,WO-0004739,concrete,as_occurred
TLS-01136,2025-03-21 00:00:00,,,inspection,2025-03-21 00:00:00,418.07,WO-0004740,steel_lattice,as_occurred
DFR-01373,2025-03-21 00:00:00,,,routine,2025-03-21 00:00:00,1301.48,WO-0004741,composite_pole,as_occurred
DFR-01926,2025-03-22 00:00:00,,,routine,2025-03-22 00:00:00,520.67,WO-0004742,wood_pole,as_occurred
DFR-01889,2025-03-22 00:00:00,,,routine,2025-03-22 00:00:00,910.63,WO-0004743,wood_pole,as_occurred
TLS-01304,2025-03-22 00:00:00,,,routine,2025-03-22 00:00:00,320.36,WO-0004744,steel_lattice,as_occurred
WMN-02876,2025-03-22 00:00:00,,,vegetation,2025-03-22 00:00:00,503.08,WO-0004745,pvc,as_occurred
DFR-01502,2025-03-23 00:00:00,,,inspection,2025-03-23 00:00:00,233.2,WO-0004746,wood_pole,as_occurred
PMP-02271,2025-03-23 00:00:00,,,routine,2025-03-23 00:00:00,637.93,WO-0004747,standard,as_occurred
DSS-00389,2025-03-23 00:00:00,,,routine,2025-03-23 00:00:00,510.4,WO-0004748,standard,as_occurred
RCL-02105,2025-03-23 00:00:00,,,routine,2025-03-23 00:00:00,761.39,WO-0004749,standard,as_occurred
WMN-03380,2025-03-23 00:00:00,,,routine,2025-03-23 00:00:00,472.94,WO-0004750,pvc,as_occurred
DFR-01458,2025-03-23 00:00:00,,,inspection,2025-03-23 00:00:00,232.59,WO-0004751,wood_pole,as_occurred
DSS-00135,2025-03-23 00:00:00,,,inspection,2025-03-23 00:00:00,1059.79,WO-0004752,standard,as_occurred
TNK-02554,2025-03-24 00:00:00,,,inspection,2025-03-24 00:00:00,1273.63,WO-0004753,standard,as_occurred
DFR-01523,2025-03-24 00:00:00,,,vegetation,2025-03-24 00:00:00,1083.01,WO-0004754,underground,as_occurred
TLS-00504,2025-03-24 00:00:00,,,routine,2025-03-24 00:00:00,250.68,WO-0004755,steel_monopole,as_occurred
TSS-00035,2025-03-24 00:00:00,,,inspection,2025-03-24 00:00:00,708.37,WO-0004756,standard,as_occurred
WMN-02757,2025-03-25 00:00:00,,,vegetation,2025-03-25 00:00:00,658.75,WO-0004757,pvc,as_occurred
DFR-01745,2025-03-25 00:00:00,,,inspection,2025-03-25 00:00:00,1649.34,WO-0004758,wood_pole,as_occurred
WMN-03105,2025-03-25 00:00:00,,,routine,2025-03-25 00:00:00,757.69,WO-0004759,cast_iron,as_occurred
DFR-01322,2025-03-25 00:00:00,,,vegetation,2025-03-25 00:00:00,685.7,WO-0004760,wood_pole,as_occurred
TLS-00972,2025-03-25 00:00:00,,,inspection,2025-03-25 00:00:00,697.84,WO-0004761,steel_lattice,as_occurred
RCL-02029,2025-03-25 00:00:00,,,inspection,2025-03-25 00:00:00,359.42,WO-0004762,standard,as_occurred
WMN-03311,2025-03-26 00:00:00,BASE-20250326-062,physical,corrective,2025-03-29 00:00:00,3766.44,WO-0004763,C.I.,reported_late
DFR-01956,2025-03-26 00:00:00,BASE-20250326-062,physical,corrective,2025-03-26 00:00:00,16378.85,WO-0004764,composite_pole,as_occurred
DFR-01696,2025-03-26 00:00:00,,,routine,2025-03-26 00:00:00,1683.74,WO-0004765,underground,as_occurred
DFR-01578,2025-03-26 00:00:00,,,routine,2025-03-26 00:00:00,592.04,WO-0004766,composite_pole,as_occurred
DFR-01924,2025-03-26 06:00:00,BASE-20250326-062,physical,corrective,2025-03-26 06:00:00,7404.11,WO-0004767,wood_pole,as_occurred
DFR-01664,2025-03-26 06:00:00,BASE-20250326-062,physical,corrective,2025-03-26 06:00:00,2546.79,WO-0004768,WOOD POLE,as_occurred
WMN-03454,2025-03-26 06:00:00,BASE-20250326-062,physical,corrective,2025-03-26 06:00:00,1919.25,WO-0004769,cast_iron,as_occurred
TLS-01073,2025-03-26 06:00:00,BASE-20250326-062,physical,corrective,2025-03-26 06:00:00,4370.42,WO-0004770,steel_lattice,as_occurred
WMN-03283,2025-03-26 12:00:00,BASE-20250326-062,physical,corrective,2025-03-26 12:00:00,19189.55,WO-0004771,asbestos-cement,as_occurred
WMN-02810,2025-03-26 12:00:00,BASE-20250326-062,physical,corrective,2025-03-26 12:00:00,14984.37,WO-0004772,asbestos_cement,as_occurred
WMN-02997,2025-03-27 00:00:00,,,inspection,2025-03-27 00:00:00,1522.93,WO-0004773,ductile_iron,as_occurred
DFR-01431,2025-03-27 00:00:00,,,inspection,2025-03-27 00:00:00,397.61,WO-0004774,timber,as_occurred
WMN-03158,2025-03-27 00:00:00,,,routine,2025-03-27 00:00:00,1194.38,WO-0004775,DI,as_occurred
TLS-00810,2025-03-27 00:00:00,,,routine,2025-03-27 00:00:00,2912.57,WO-0004776,steel_monopole,as_occurred
PMP-02273,2025-03-27 00:00:00,,,vegetation,2025-03-27 00:00:00,778.28,WO-0004777,standard,as_occurred
TLS-00656,2025-03-27 00:00:00,,,vegetation,2025-03-27 00:00:00,832.39,WO-0004778,steel_lattice,as_occurred
DFR-01392,2025-03-28 00:00:00,,,inspection,2025-03-28 00:00:00,834.66,WO-0004779,Wood,as_occurred
TNK-02526,2025-03-28 00:00:00,,,vegetation,2025-03-28 00:00:00,503.37,WO-0004780,standard,as_occurred
DFR-01871,2025-03-28 00:00:00,,,inspection,2025-03-28 00:00:00,155.07,WO-0004781,wood_pole,as_occurred
DSS-00240,2025-03-29 00:00:00,,,routine,2025-03-29 00:00:00,473.17,WO-0004782,standard,as_occurred
LEGACY-083207,2025-03-29 00:00:00,,,inspection,2025-03-29 00:00:00,1843.66,WO-0004783,,as_occurred
PMP-02365,2025-03-29 00:00:00,,,routine,2025-03-29 00:00:00,851.97,WO-0004784,standard,as_occurred
DFR-01823,2025-03-29 00:00:00,,,routine,2025-03-29 00:00:00,1297.93,WO-0004785,Wood,as_occurred
TNK-02573,2025-03-30 00:00:00,,,routine,2025-03-30 00:00:00,400.1,WO-0004786,standard,as_occurred
WMN-02950,2025-03-30 00:00:00,,,inspection,2025-03-30 00:00:00,1192.25,WO-0004787,Cast Iron,as_occurred
WMN-03070,2025-03-31 00:00:00,,,routine,2025-03-31 00:00:00,891.97,WO-0004788,ductile_iron,as_occurred
TNK-02651,2025-03-31 00:00:00,,,inspection,2025-03-31 00:00:00,1990.8,WO-0004789,standard,as_occurred
TLS-00818,2025-03-31 00:00:00,,,inspection,2025-03-31 00:00:00,740.84,WO-0004790,steel_lattice,as_occurred
TLS-01164,2025-03-31 00:00:00,,,vegetation,2025-03-31 00:00:00,774.49,WO-0004791,steel_monopole,as_occurred
WMN-02841,2025-03-31 00:00:00,,,inspection,2025-03-31 00:00:00,228.93,WO-0004792,pvc,as_occurred
TLS-00762,2025-04-01 00:00:00,,,vegetation,2025-04-01 00:00:00,1027.63,WO-0004793,concrete,as_occurred
WMN-03220,2025-04-01 00:00:00,,,vegetation,2025-04-01 00:00:00,694.34,WO-0004794,CI,as_occurred
TLS-01105,2025-04-01 00:00:00,,,inspection,2025-04-01 00:00:00,1017.04,WO-0004795,steel_lattice,as_occurred
TLS-00621,2025-04-01 00:00:00,,,inspection,2025-04-01 00:00:00,1018.08,WO-0004796,steel_monopole,as_occurred
DFR-01540,2025-04-02 00:00:00,,,vegetation,2025-04-02 00:00:00,1077.21,WO-0004797,concrete_pole,as_occurred
TSS-00043,2025-04-02 00:00:00,,,inspection,2025-04-02 00:00:00,390.28,WO-0004798,standard,as_occurred
DSS-00105,2025-04-02 00:00:00,,,vegetation,2025-04-02 00:00:00,347.22,WO-0004799,standard,as_occurred
WMN-03192,2025-04-02 06:00:00,INLA-20250402-054,physical,corrective,2025-04-05 06:00:00,19443.28,WO-0004800,pvc,reported_late
WMN-02818,2025-04-02 12:00:00,INLA-20250402-054,physical,corrective,2025-04-02 12:00:00,19826.6,WO-0004801,cast_iron,as_occurred
WMN-02763,2025-04-02 12:00:00,INLA-20250402-054,physical,corrective,2025-04-02 12:00:00,1887.66,WO-0004802,cast_iron,as_occurred
WMN-03224,2025-04-02 18:00:00,INLA-20250402-054,physical,corrective,2025-04-02 18:00:00,6652.78,WO-0004803,AC,as_occurred
TLS-00889,2025-04-02 18:00:00,INLA-20250402-054,physical,corrective,2025-04-02 18:00:00,6792.55,WO-0004804,steel_monopole,as_occurred
LEGACY-073162,2025-04-03 00:00:00,,,routine,2025-04-03 00:00:00,937.08,WO-0004805,,as_occurred
PMP-02423,2025-04-03 00:00:00,,,inspection,2025-04-03 00:00:00,428.17,WO-0004806,standard,as_occurred
WMN-02995,2025-04-03 00:00:00,INLA-20250402-054,physical,corrective,2025-04-03 00:00:00,2013.67,WO-0004807,cast_iron,as_occurred
WMN-02821,2025-04-03 00:00:00,INLA-20250402-054,physical,corrective,2025-04-03 00:00:00,2802.02,WO-0004808,asbestos_cement,as_occurred
TLS-00692,2025-04-03 00:00:00,,,routine,2025-04-03 00:00:00,248.88,WO-0004809,steel_lattice,as_occurred
WMN-02870,2025-04-03 06:00:00,INLA-20250402-054,physical,corrective,2025-04-03 06:00:00,2892.95,WO-0004810,cast-iron,as_occurred
DFR-01526,2025-04-03 06:00:00,INLA-20250402-054,physical,corrective,2025-04-03 06:00:00,7106.08,WO-0004811,composite_pole,as_occurred
DFR-01829,2025-04-03 06:00:00,INLA-20250402-054,physical,corrective,2025-04-03 06:00:00,555.32,WO-0004812,composite_pole,as_occurred
TLS-01096,2025-04-04 00:00:00,,,inspection,2025-04-04 00:00:00,319.72,WO-0004813,steel_lattice,as_occurred
DFR-01884,2025-04-04 00:00:00,,,routine,2025-04-04 00:00:00,1225.01,WO-0004814,composite_pole,as_occurred
WMN-02968,2025-04-04 00:00:00,,,vegetation,2025-04-04 00:00:00,2398.48,WO-0004815,C.I.,as_occurred
TLS-00808,2025-04-04 00:00:00,,,routine,2025-04-04 00:00:00,444.45,WO-0004816,concrete,as_occurred
TLS-00920,2025-04-04 00:00:00,,,routine,2025-04-04 00:00:00,1044.72,WO-0004817,steel_monopole,as_occurred
TNK-02672,2025-04-04 00:00:00,,,routine,2025-04-07 00:00:00,1294.16,WO-0004818,standard,reported_late
DFR-01835,2025-04-04 00:00:00,,,routine,2025-04-04 00:00:00,233.99,WO-0004819,wood_pole,as_occurred
TNK-02526,2025-04-04 00:00:00,,,routine,2025-04-04 00:00:00,247.9,WO-0004820,standard,as_occurred
INT-03509,2025-04-04 12:00:00,HEAT-20250404-049,physical,corrective,2025-04-04 12:00:00,21042.51,WO-0004821,standard,as_occurred
WMN-02863,2025-04-04 12:00:00,HEAT-20250404-049,physical,corrective,2025-04-04 12:00:00,2075.73,WO-0004822,pvc,as_occurred
DSS-00370,2025-04-04 12:00:00,HEAT-20250404-049,physical,corrective,2025-04-04 12:00:00,11841.82,WO-0004823,standard,as_occurred
INT-03495,2025-04-05 00:00:00,,,inspection,2025-04-05 00:00:00,213.29,WO-0004824,standard,as_occurred
DFR-01657,2025-04-05 00:00:00,,,routine,2025-04-05 00:00:00,925.56,WO-0004825,Wood,as_occurred
WMN-03446,2025-04-05 00:00:00,,,routine,2025-04-05 00:00:00,1545.3,WO-0004826,cast_iron,as_occurred
WMN-02863,2025-04-05 00:00:00,,,inspection,2025-04-05 00:00:00,1962.52,WO-0004827,pvc,as_occurred
DFR-01784,2025-04-05 00:00:00,,,vegetation,2025-04-05 00:00:00,921.09,WO-0004828,composite_pole,as_occurred
WMN-03134,2025-04-05 00:00:00,,,inspection,2025-04-05 00:00:00,765.36,WO-0004829,ductile_iron,as_occurred
PMP-02242,2025-04-05 12:00:00,HEAT-20250404-049,functional_power_loss,corrective,2025-04-05 12:00:00,3462.98,WO-0004830,standard,as_occurred
PMP-02300,2025-04-05 12:00:00,HEAT-20250404-049,functional_power_loss,corrective,2025-04-05 12:00:00,5540.33,WO-0004831,standard,as_occurred
WMN-03132,2025-04-06 00:00:00,,,routine,2025-04-06 00:00:00,491.15,WO-0004832,PVC,as_occurred
WMN-02887,2025-04-06 00:00:00,,,routine,2025-04-06 00:00:00,796.95,WO-0004833,cast_iron,as_occurred
WMN-03108,2025-04-06 00:00:00,,,inspection,2025-04-06 00:00:00,1671.88,WO-0004834,ductile_iron,as_occurred
WMN-02750,2025-04-06 00:00:00,,,routine,2025-04-06 00:00:00,293.34,WO-0004835,C.I.,as_occurred
TLS-01114,2025-04-06 00:00:00,,,inspection,2025-04-06 00:00:00,1505.19,WO-0004836,steel_lattice,as_occurred
TNK-02541,2025-04-06 06:00:00,HEAT-20250404-049,physical,corrective,2025-04-06 06:00:00,3034.98,WO-0004837,standard,as_occurred
PMP-02448,2025-04-06 06:00:00,HEAT-20250404-049,physical,corrective,2025-04-06 06:00:00,8550.45,WO-0004838,standard,as_occurred
DFR-01665,2025-04-06 06:00:00,HEAT-20250404-049,physical,corrective,2025-04-06 06:00:00,8526.54,WO-0004839,wood_pole,as_occurred
WMN-02810,2025-04-06 12:00:00,HEAT-20250404-049,physical,corrective,2025-04-06 12:00:00,7322.0,WO-0004840,asbestos-cement,as_occurred
PMP-02261,2025-04-06 12:00:00,HEAT-20250404-049,functional_power_loss,corrective,2025-04-09 12:00:00,5262.18,WO-0004841,standard,reported_late
DSS-00168,2025-04-06 12:00:00,HEAT-20250404-049,physical,corrective,2025-04-06 12:00:00,7080.93,WO-0004842,standard,as_occurred
TLS-00571,2025-04-06 12:00:00,HEAT-20250404-049,physical,corrective,2025-04-06 12:00:00,2325.21,WO-0004843,steel_lattice,as_occurred
PMP-02260,2025-04-06 18:00:00,HEAT-20250404-049,physical,corrective,2025-04-06 18:00:00,3942.22,WO-0004844,standard,as_occurred
PMP-02311,2025-04-06 18:00:00,HEAT-20250404-049,functional_power_loss,corrective,2025-04-06 18:00:00,3050.04,WO-0004845,standard,as_occurred
DFR-01689,2025-04-07 00:00:00,,,inspection,2025-04-07 00:00:00,577.26,WO-0004846,Wood,as_occurred
TLS-00866,2025-04-07 00:00:00,,,routine,2025-04-07 00:00:00,1322.11,WO-0004847,steel_lattice,as_occurred
PMP-02365,2025-04-07 00:00:00,,,vegetation,2025-04-07 00:00:00,5811.23,WO-0004848,standard,as_occurred
WMN-03312,2025-04-07 06:00:00,HEAT-20250404-049,physical,corrective,2025-04-07 06:00:00,3040.49,WO-0004849,cast-iron,as_occurred
TSS-00027,2025-04-07 12:00:00,HEAT-20250404-049,physical,corrective,2025-04-07 12:00:00,1253.05,WO-0004850,standard,as_occurred
PMP-02422,2025-04-07 12:00:00,HEAT-20250404-049,functional_power_loss,corrective,2025-04-07 12:00:00,2404.8,WO-0004851,standard,as_occurred
WMN-02775,2025-04-07 12:00:00,HEAT-20250404-049,physical,corrective,2025-04-07 12:00:00,3005.0,WO-0004852,asbestos_cement,as_occurred
DSS-00364,2025-04-07 12:00:00,HEAT-20250404-049,physical,corrective,2025-04-07 12:00:00,5614.7,WO-0004853,standard,as_occurred
WMN-02789,2025-04-07 12:00:00,HEAT-20250404-049,physical,corrective,2025-04-07 12:00:00,5999.61,WO-0004854,cast_iron,as_occurred
DSS-00183,2025-04-07 12:00:00,HEAT-20250404-049,physical,corrective,2025-04-07 12:00:00,2632.26,WO-0004855,standard,as_occurred
DFR-01843,2025-04-07 18:00:00,HEAT-20250404-049,physical,corrective,2025-04-07 18:00:00,4688.35,WO-0004856,wood_pole,as_occurred
TLS-00907,2025-04-08 00:00:00,,,inspection,2025-04-08 00:00:00,2331.95,WO-0004857,steel_lattice,as_occurred
WMN-03123,2025-04-08 00:00:00,,,routine,2025-04-08 00:00:00,872.3,WO-0004858,pvc,as_occurred
DFR-01604,2025-04-08 00:00:00,,,routine,2025-04-08 00:00:00,255.58,WO-0004859,WOOD POLE,as_occurred
PMP-02331,2025-04-08 06:00:00,HEAT-20250404-049,physical,corrective,2025-04-08 06:00:00,1101.55,WO-0004860,standard,as_occurred
WMN-02812,2025-04-08 06:00:00,HEAT-20250404-049,physical,corrective,2025-04-08 06:00:00,1743.05,WO-0004861,cast-iron,as_occurred
DSS-00093,2025-04-08 12:00:00,HEAT-20250404-049,physical,corrective,2025-04-08 12:00:00,5522.19,WO-0004862,standard,as_occurred
PMP-02297,2025-04-08 12:00:00,HEAT-20250404-049,functional_power_loss,corrective,2025-04-08 12:00:00,4030.63,WO-0004863,standard,as_occurred
DFR-01926,2025-04-08 12:00:00,HEAT-20250404-049,physical,corrective,2025-04-08 12:00:00,2754.8,WO-0004864,Wood,as_occurred
WMN-03322,2025-04-08 12:00:00,HEAT-20250404-049,physical,corrective,2025-04-08 12:00:00,3885.44,WO-0004865,cast_iron,as_occurred
WMN-02992,2025-04-08 18:00:00,HEAT-20250404-049,physical,corrective,2025-04-08 18:00:00,3094.65,WO-0004866,ductile_iron,as_occurred
TLS-01301,2025-04-09 00:00:00,,,vegetation,2025-04-09 00:00:00,1341.82,WO-0004867,steel_lattice,as_occurred
PMP-02521,2025-04-09 00:00:00,,,vegetation,2025-04-09 00:00:00,1098.22,WO-0004868,standard,as_occurred
WMN-02749,2025-04-09 00:00:00,,,routine,2025-04-09 00:00:00,1078.55,WO-0004869,cast-iron,as_occurred
PMP-02518,2025-04-09 00:00:00,,,inspection,2025-04-12 00:00:00,3358.64,WO-0004870,standard,reported_late
PMP-02485,2025-04-09 06:00:00,HEAT-20250404-049,physical,corrective,2025-04-09 06:00:00,4562.63,WO-0004871,standard,as_occurred
DFR-01338,2025-04-09 12:00:00,HEAT-20250404-049,physical,corrective,2025-04-09 12:00:00,3573.77,WO-0004872,wood_pole,as_occurred
WMN-02818,2025-04-09 12:00:00,HEAT-20250404-049,physical,corrective,2025-04-09 12:00:00,1856.66,WO-0004873,cast_iron,as_occurred
DSS-00096,2025-04-09 18:00:00,HEAT-20250404-049,physical,corrective,2025-04-09 18:00:00,8365.47,WO-0004874,standard,as_occurred
WMN-03456,2025-04-09 18:00:00,HEAT-20250404-049,physical,corrective,2025-04-09 18:00:00,2124.7,WO-0004875,cast_iron,as_occurred
PMP-02462,2025-04-09 18:00:00,HEAT-20250404-049,functional_power_loss,corrective,2025-04-09 18:00:00,13473.86,WO-0004876,standard,as_occurred
WMN-03205,2025-04-10 00:00:00,,,inspection,2025-04-10 00:00:00,1627.34,WO-0004877,DI,as_occurred
DFR-01812,2025-04-10 00:00:00,HEAT-20250404-049,physical,corrective,2025-04-10 00:00:00,7792.14,WO-0004878,Wood,as_occurred
TLS-01299,2025-04-10 00:00:00,,,routine,2025-04-10 00:00:00,1597.27,WO-0004879,steel_lattice,as_occurred
DSS-00096,2025-04-10 00:00:00,,,routine,2025-04-10 00:00:00,1211.1,WO-0004880,standard,as_occurred
TLS-01307,2025-04-10 00:00:00,,,inspection,2025-04-10 00:00:00,890.32,WO-0004881,steel_lattice,as_occurred
TLS-00903,2025-04-10 00:00:00,,,inspection,2025-04-10 00:00:00,800.58,WO-0004882,steel_lattice,as_occurred
TLS-00448,2025-04-10 00:00:00,,,inspection,2025-04-10 00:00:00,497.11,WO-0004883,steel_lattice,as_occurred
TLS-01032,2025-04-10 00:00:00,,,inspection,2025-04-10 00:00:00,685.31,WO-0004884,steel_lattice,as_occurred
WMN-03228,2025-04-10 06:00:00,HEAT-20250404-049,physical,corrective,2025-04-10 06:00:00,1593.82,WO-0004885,cast_iron,as_occurred
PMP-02292,2025-04-10 12:00:00,HEAT-20250404-049,physical,corrective,2025-04-10 12:00:00,2765.92,WO-0004886,standard,as_occurred
DFR-01320,2025-04-11 00:00:00,,,routine,2025-04-11 00:00:00,888.9,WO-0004887,composite_pole,as_occurred
WMN-03353,2025-04-11 00:00:00,,,routine,2025-04-11 00:00:00,407.74,WO-0004888,pvc,as_occurred
WMN-03428,2025-04-11 00:00:00,,,inspection,2025-04-11 00:00:00,575.3,WO-0004889,cast_iron,as_occurred
DFR-01835,2025-04-11 00:00:00,,,inspection,2025-04-11 00:00:00,471.12,WO-0004890,wood_pole,as_occurred
PMP-02493,2025-04-11 00:00:00,,,vegetation,2025-04-11 00:00:00,1233.51,WO-0004891,standard,as_occurred
WMN-02690,2025-04-12 00:00:00,,,vegetation,2025-04-12 00:00:00,365.03,WO-0004892,pvc,as_occurred
TLS-00975,2025-04-12 00:00:00,,,routine,2025-04-12 00:00:00,1139.59,WO-0004893,steel_monopole,as_occurred
DSS-00177,2025-04-12 00:00:00,,,inspection,2025-04-12 00:00:00,488.34,WO-0004894,standard,as_occurred
TLS-01025,2025-04-13 00:00:00,,,vegetation,2025-04-13 00:00:00,833.0,WO-0004895,steel_lattice,as_occurred
WMN-03311,2025-04-13 00:00:00,,,vegetation,2025-04-13 00:00:00,310.24,WO-0004896,cast_iron,as_occurred
WMN-02925,2025-04-13 00:00:00,,,routine,2025-04-13 00:00:00,1367.71,WO-0004897,pvc,as_occurred
TLS-00712,2025-04-14 00:00:00,,,inspection,2025-04-14 00:00:00,564.08,WO-0004898,steel_lattice,as_occurred
WMN-03314,2025-04-14 00:00:00,,,vegetation,2025-04-14 00:00:00,396.45,WO-0004899,cast_iron,as_occurred
PMP-02314,2025-04-14 00:00:00,,,vegetation,2025-04-14 00:00:00,683.37,WO-0004900,standard,as_occurred
WMN-03005,2025-04-14 00:00:00,,,routine,2025-04-14 00:00:00,1072.92,WO-0004901,cast_iron,as_occurred
RCL-02116,2025-04-14 00:00:00,,,vegetation,2025-04-14 00:00:00,1437.46,WO-0004902,standard,as_occurred
DFR-01993,2025-04-14 00:00:00,,,routine,2025-04-14 00:00:00,922.87,WO-0004903,wood_pole,as_occurred
TNK-02672,2025-04-14 00:00:00,,,inspection,2025-04-14 00:00:00,652.01,WO-0004904,standard,as_occurred
WMN-02802,2025-04-15 00:00:00,,,inspection,2025-04-15 00:00:00,2614.19,WO-0004905,pvc,as_occurred
TLS-00822,2025-04-15 00:00:00,,,inspection,2025-04-15 00:00:00,753.28,WO-0004906,steel_lattice,as_occurred
RCL-02073,2025-04-15 00:00:00,,,inspection,2025-04-15 00:00:00,1995.45,WO-0004907,standard,as_occurred
PMP-02514,2025-04-16 00:00:00,,,routine,2025-04-16 00:00:00,2252.96,WO-0004908,standard,as_occurred
WMN-03390,2025-04-16 00:00:00,,,vegetation,2025-04-16 00:00:00,242.52,WO-0004909,ductile_iron,as_occurred
DFR-01635,2025-04-16 00:00:00,,,inspection,2025-04-16 00:00:00,430.2,WO-0004910,concrete_pole,as_occurred
DFR-01575,2025-04-16 00:00:00,,,routine,2025-04-16 00:00:00,368.28,WO-0004911,concrete_pole,as_occurred
WMN-02697,2025-04-16 00:00:00,,,inspection,2025-04-16 00:00:00,1833.92,WO-0004912,ductile_iron,as_occurred
TNK-02639,2025-04-16 00:00:00,,,routine,2025-04-16 00:00:00,922.56,WO-0004913,standard,as_occurred
TLS-00557,2025-04-17 00:00:00,,,routine,2025-04-17 00:00:00,821.25,WO-0004914,steel_lattice,as_occurred
TLS-01154,2025-04-17 00:00:00,,,routine,2025-04-17 00:00:00,849.42,WO-0004915,steel_lattice,as_occurred
WMN-02694,2025-04-17 00:00:00,,,routine,2025-04-17 00:00:00,695.9,WO-0004916,ductile_iron,as_occurred
WMN-03268,2025-04-17 00:00:00,,,vegetation,2025-04-17 00:00:00,335.74,WO-0004917,CI,as_occurred
RCL-02092,2025-04-17 00:00:00,,,routine,2025-04-17 00:00:00,1210.8,WO-0004918,standard,as_occurred
WMN-03435,2025-04-18 00:00:00,,,vegetation,2025-04-18 00:00:00,1317.24,WO-0004919,pvc,as_occurred
WMN-02721,2025-04-18 00:00:00,,,routine,2025-04-18 00:00:00,949.89,WO-0004920,cast_iron,as_occurred
WMN-03047,2025-04-18 00:00:00,,,inspection,2025-04-18 00:00:00,413.9,WO-0004921,PVC,as_occurred
TLS-01159,2025-04-18 00:00:00,,,vegetation,2025-04-18 00:00:00,294.14,WO-0004922,steel_lattice,as_occurred
WMN-03379,2025-04-18 00:00:00,,,routine,2025-04-18 00:00:00,863.78,WO-0004923,Asbestos Cement,as_occurred
TLS-00745,2025-04-18 00:00:00,,,vegetation,2025-04-18 00:00:00,204.36,WO-0004924,steel_lattice,as_occurred
TLS-00663,2025-04-18 00:00:00,,,routine,2025-04-21 00:00:00,1276.29,WO-0004925,steel_lattice,reported_late
RCL-02017,2025-04-19 00:00:00,,,vegetation,2025-04-19 00:00:00,939.43,WO-0004926,standard,as_occurred
DFR-01649,2025-04-19 00:00:00,,,routine,2025-04-19 00:00:00,801.99,WO-0004927,WOOD POLE,as_occurred
DSS-00353,2025-04-19 00:00:00,,,inspection,2025-04-19 00:00:00,707.37,WO-0004928,standard,as_occurred
DFR-01637,2025-04-20 00:00:00,,,routine,2025-04-23 00:00:00,223.59,WO-0004929,concrete_pole,reported_late
TLS-00550,2025-04-20 00:00:00,,,inspection,2025-04-20 00:00:00,1173.08,WO-0004930,steel_lattice,as_occurred
TLS-00782,2025-04-20 00:00:00,,,vegetation,2025-04-20 00:00:00,1391.79,WO-0004931,steel_monopole,as_occurred
PMP-02303,2025-04-20 00:00:00,,,inspection,2025-04-20 00:00:00,848.61,WO-0004932,standard,as_occurred
PMP-02374,2025-04-20 00:00:00,,,vegetation,2025-04-20 00:00:00,642.17,WO-0004933,standard,as_occurred
TNK-02669,2025-04-20 00:00:00,,,routine,2025-04-20 00:00:00,1016.04,WO-0004934,standard,as_occurred
LEGACY-098836,2025-04-20 00:00:00,,,vegetation,2025-04-20 00:00:00,331.65,WO-0004935,,as_occurred
DFR-01360,2025-04-21 00:00:00,,,vegetation,2025-04-21 00:00:00,200.69,WO-0004936,Wood,as_occurred
TLS-01112,2025-04-21 00:00:00,,,vegetation,2025-04-21 00:00:00,4706.24,WO-0004937,steel_lattice,as_occurred
WMN-03233,2025-04-21 00:00:00,,,vegetation,2025-04-21 00:00:00,924.98,WO-0004938,ductile_iron,as_occurred
TNK-02663,2025-04-22 00:00:00,,,routine,2025-04-22 00:00:00,517.17,WO-0004939,standard,as_occurred
PMP-02285,2025-04-22 00:00:00,,,inspection,2025-04-22 00:00:00,1347.4,WO-0004940,standard,as_occurred
WMN-02880,2025-04-22 00:00:00,,,inspection,2025-04-22 00:00:00,769.25,WO-0004941,pvc,as_occurred
WMN-02758,2025-04-22 00:00:00,,,vegetation,2025-04-22 00:00:00,987.97,WO-0004942,cast_iron,as_occurred
DFR-01992,2025-04-23 00:00:00,,,inspection,2025-04-26 00:00:00,845.99,WO-0004943,Wood,reported_late
WMN-03403,2025-04-23 00:00:00,,,routine,2025-04-23 00:00:00,1689.71,WO-0004944,Ductile Iron,as_occurred
WMN-02745,2025-04-23 00:00:00,,,vegetation,2025-04-23 00:00:00,2053.92,WO-0004945,pvc,as_occurred
DSS-00242,2025-04-23 00:00:00,,,inspection,2025-04-23 00:00:00,613.57,WO-0004946,standard,as_occurred
INT-03496,2025-04-23 00:00:00,,,vegetation,2025-04-23 00:00:00,120.98,WO-0004947,standard,as_occurred
DSS-00305,2025-04-24 00:00:00,,,inspection,2025-04-27 00:00:00,452.72,WO-0004948,standard,reported_late
LEGACY-027835,2025-04-24 00:00:00,,,inspection,2025-04-24 00:00:00,1392.36,WO-0004949,,as_occurred
DFR-01671,2025-04-24 00:00:00,,,inspection,2025-04-24 00:00:00,1050.7,WO-0004950,wood_pole,as_occurred
TLS-01253,2025-04-24 00:00:00,,,routine,2025-04-24 00:00:00,841.72,WO-0004951,steel_lattice,as_occurred
RCL-02151,2025-04-25 00:00:00,,,inspection,2025-04-25 00:00:00,817.76,WO-0004952,standard,as_occurred
DFR-01394,2025-04-25 00:00:00,,,vegetation,2025-04-25 00:00:00,927.21,WO-0004953,WOOD POLE,as_occurred
DFR-01407,2025-04-25 00:00:00,,,routine,2025-04-25 00:00:00,555.17,WO-0004954,Wood,as_occurred
TLS-00416,2025-04-26 00:00:00,,,routine,2025-04-26 00:00:00,1340.19,WO-0004955,steel_lattice,as_occurred
DFR-01457,2025-04-26 00:00:00,,,routine,2025-04-26 00:00:00,422.74,WO-0004956,composite_pole,as_occurred
DSS-00349,2025-04-26 00:00:00,,,inspection,2025-04-26 00:00:00,684.85,WO-0004957,standard,as_occurred
DFR-01850,2025-04-26 00:00:00,,,inspection,2025-04-26 00:00:00,705.19,WO-0004958,wood_pole,as_occurred
DFR-01512,2025-04-26 00:00:00,,,inspection,2025-04-26 00:00:00,1111.01,WO-0004959,wood_pole,as_occurred
TLS-01025,2025-04-26 00:00:00,,,inspection,2025-04-26 00:00:00,583.24,WO-0004960,steel_lattice,as_occurred
PMP-02464,2025-04-26 00:00:00,,,vegetation,2025-04-26 00:00:00,625.56,WO-0004961,standard,as_occurred
TLS-00451,2025-04-27 00:00:00,,,routine,2025-04-27 00:00:00,138.72,WO-0004962,steel_monopole,as_occurred
PMP-02396,2025-04-27 00:00:00,,,inspection,2025-04-27 00:00:00,1299.5,WO-0004963,standard,as_occurred
DFR-01514,2025-04-28 00:00:00,,,inspection,2025-04-28 00:00:00,878.86,WO-0004964,wood_pole,as_occurred
WMN-02771,2025-04-28 00:00:00,,,routine,2025-04-28 00:00:00,1018.41,WO-0004965,ductile_iron,as_occurred
WMN-02761,2025-04-28 00:00:00,,,inspection,2025-04-28 00:00:00,2452.65,WO-0004966,pvc,as_occurred
WMN-03469,2025-04-28 00:00:00,,,routine,2025-05-01 00:00:00,400.61,WO-0004967,ductile-iron,reported_late
TSS-00022,2025-04-29 00:00:00,,,inspection,2025-04-29 00:00:00,595.25,WO-0004968,standard,as_occurred
DFR-01345,2025-04-29 00:00:00,,,routine,2025-04-29 00:00:00,1351.93,WO-0004969,wood_pole,as_occurred
DFR-01854,2025-04-30 00:00:00,,,vegetation,2025-04-30 00:00:00,825.09,WO-0004970,wood_pole,as_occurred
TLS-00515,2025-04-30 00:00:00,,,vegetation,2025-05-03 00:00:00,553.44,WO-0004971,steel_monopole,reported_late
PMP-02348,2025-04-30 00:00:00,,,inspection,2025-04-30 00:00:00,243.57,WO-0004972,standard,as_occurred
TNK-02557,2025-05-01 00:00:00,,,inspection,2025-05-04 00:00:00,812.55,WO-0004973,standard,reported_late
WMN-03199,2025-05-01 00:00:00,,,inspection,2025-05-01 00:00:00,1080.3,WO-0004974,steel,as_occurred
TLS-00576,2025-05-01 00:00:00,,,routine,2025-05-01 00:00:00,1377.03,WO-0004975,steel_lattice,as_occurred
TLS-00742,2025-05-01 00:00:00,,,inspection,2025-05-01 00:00:00,411.1,WO-0004976,steel_lattice,as_occurred
DSS-00130,2025-05-01 00:00:00,,,routine,2025-05-01 00:00:00,152.51,WO-0004977,standard,as_occurred
DSS-00215,2025-05-01 00:00:00,,,inspection,2025-05-01 00:00:00,779.7,WO-0004978,standard,as_occurred
LEGACY-051526,2025-05-01 00:00:00,,,inspection,2025-05-01 00:00:00,1299.98,WO-0004979,,as_occurred
DFR-01469,2025-05-02 00:00:00,,,routine,2025-05-02 00:00:00,356.62,WO-0004980,concrete_pole,as_occurred
WMN-02825,2025-05-02 00:00:00,,,inspection,2025-05-02 00:00:00,833.3,WO-0004981,CI,as_occurred
PMP-02422,2025-05-02 00:00:00,,,inspection,2025-05-02 00:00:00,349.22,WO-0004982,standard,as_occurred
PMP-02387,2025-05-03 00:00:00,,,routine,2025-05-03 00:00:00,1833.09,WO-0004983,standard,as_occurred
WMN-02772,2025-05-03 00:00:00,,,inspection,2025-05-03 00:00:00,842.19,WO-0004984,Cast Iron,as_occurred
LEGACY-094730,2025-05-04 00:00:00,,,vegetation,2025-05-04 00:00:00,337.0,WO-0004985,,as_occurred
WMN-03148,2025-05-04 00:00:00,,,inspection,2025-05-04 00:00:00,841.45,WO-0004986,DI,as_occurred
DFR-01402,2025-05-04 00:00:00,,,vegetation,2025-05-04 00:00:00,2394.08,WO-0004987,wood_pole,as_occurred
DFR-01821,2025-05-04 00:00:00,,,vegetation,2025-05-04 00:00:00,694.56,WO-0004988,WOOD POLE,as_occurred
WMN-03026,2025-05-05 00:00:00,,,routine,2025-05-05 00:00:00,1599.24,WO-0004989,cast_iron,as_occurred
WMN-02963,2025-05-05 00:00:00,,,routine,2025-05-05 00:00:00,2180.33,WO-0004990,pvc,as_occurred
DFR-01857,2025-05-05 00:00:00,,,routine,2025-05-05 00:00:00,264.22,WO-0004991,WOOD POLE,as_occurred
WMN-02982,2025-05-05 00:00:00,,,routine,2025-05-05 00:00:00,528.1,WO-0004992,cast_iron,as_occurred
WMN-02774,2025-05-05 00:00:00,,,vegetation,2025-05-05 00:00:00,221.16,WO-0004993,cast_iron,as_occurred
DSS-00374,2025-05-06 00:00:00,,,routine,2025-05-06 00:00:00,964.07,WO-0004994,standard,as_occurred
PMP-02280,2025-05-06 00:00:00,,,routine,2025-05-06 00:00:00,1506.28,WO-0004995,standard,as_occurred
DSS-00156,2025-05-06 00:00:00,,,inspection,2025-05-06 00:00:00,550.15,WO-0004996,standard,as_occurred
DSS-00113,2025-05-06 00:00:00,,,vegetation,2025-05-06 00:00:00,606.44,WO-0004997,standard,as_occurred
WMN-03320,2025-05-06 00:00:00,,,routine,2025-05-06 00:00:00,649.04,WO-0004998,pvc,as_occurred
WMN-03152,2025-05-06 00:00:00,,,routine,2025-05-06 00:00:00,1288.3,WO-0004999,ductile_iron,as_occurred
TLS-00467,2025-05-06 00:00:00,,,routine,2025-05-06 00:00:00,599.46,WO-0005000,steel_lattice,as_occurred
TLS-00717,2025-05-06 00:00:00,,,routine,2025-05-06 00:00:00,997.16,WO-0005001,concrete,as_occurred
DSS-00265,2025-05-07 00:00:00,,,inspection,2025-05-07 00:00:00,1996.56,WO-0005002,standard,as_occurred
RCL-02206,2025-05-07 00:00:00,,,vegetation,2025-05-07 00:00:00,987.4,WO-0005003,standard,as_occurred
TLS-01025,2025-05-07 00:00:00,,,inspection,2025-05-07 00:00:00,1654.5,WO-0005004,steel_lattice,as_occurred
TLS-01199,2025-05-07 00:00:00,,,inspection,2025-05-07 00:00:00,164.75,WO-0005005,steel_lattice,as_occurred
DSS-00157,2025-05-07 00:00:00,,,routine,2025-05-07 00:00:00,613.88,WO-0005006,standard,as_occurred
TLS-00423,2025-05-08 00:00:00,,,inspection,2025-05-08 00:00:00,684.49,WO-0005007,steel_lattice,as_occurred
DFR-01400,2025-05-08 00:00:00,,,vegetation,2025-05-08 00:00:00,771.57,WO-0005008,underground,as_occurred
TLS-00899,2025-05-08 00:00:00,,,inspection,2025-05-08 00:00:00,398.6,WO-0005009,concrete,as_occurred
RCL-02193,2025-05-08 00:00:00,,,routine,2025-05-08 00:00:00,1394.63,WO-0005010,standard,as_occurred
WMN-03165,2025-05-08 00:00:00,,,routine,2025-05-08 00:00:00,1409.41,WO-0005011,cast_iron,as_occurred
LEGACY-082807,2025-05-09 00:00:00,,,routine,2025-05-09 00:00:00,703.25,WO-0005012,,as_occurred
DSS-00403,2025-05-09 00:00:00,,,inspection,2025-05-09 00:00:00,410.5,WO-0005013,standard,as_occurred
TNK-02556,2025-05-09 00:00:00,,,inspection,2025-05-09 00:00:00,767.1,WO-0005014,standard,as_occurred
WMN-02929,2025-05-09 00:00:00,,,inspection,2025-05-09 00:00:00,753.3,WO-0005015,pvc,as_occurred
WMN-03268,2025-05-09 00:00:00,,,routine,2025-05-09 00:00:00,1580.71,WO-0005016,CAST IRON,as_occurred
TLS-00883,2025-05-09 00:00:00,,,inspection,2025-05-09 00:00:00,571.66,WO-0005017,steel_monopole,as_occurred
TLS-00706,2025-05-10 00:00:00,,,inspection,2025-05-10 00:00:00,1522.4,WO-0005018,steel_lattice,as_occurred
TNK-02660,2025-05-10 00:00:00,,,vegetation,2025-05-10 00:00:00,1079.91,WO-0005019,standard,as_occurred
TLS-00556,2025-05-10 00:00:00,,,routine,2025-05-10 00:00:00,1083.15,WO-0005020,steel_lattice,as_occurred
DFR-01910,2025-05-10 00:00:00,,,inspection,2025-05-10 00:00:00,2851.65,WO-0005021,wood_pole,as_occurred
WMN-02812,2025-05-10 00:00:00,,,routine,2025-05-10 00:00:00,1059.48,WO-0005022,cast_iron,as_occurred
DSS-00327,2025-05-10 00:00:00,,,inspection,2025-05-10 00:00:00,479.77,WO-0005023,standard,as_occurred
DFR-01702,2025-05-11 00:00:00,,,routine,2025-05-11 00:00:00,3677.71,WO-0005024,wood_pole,as_occurred
WMN-03371,2025-05-11 00:00:00,,,inspection,2025-05-11 00:00:00,500.07,WO-0005025,ductile_iron,as_occurred
WMN-02895,2025-05-11 00:00:00,,,routine,2025-05-11 00:00:00,859.79,WO-0005026,C.I.,as_occurred
DSS-00143,2025-05-11 00:00:00,,,inspection,2025-05-11 00:00:00,1485.58,WO-0005027,standard,as_occurred
PMP-02452,2025-05-11 00:00:00,,,routine,2025-05-11 00:00:00,1092.01,WO-0005028,standard,as_occurred
DFR-01605,2025-05-11 00:00:00,,,inspection,2025-05-11 00:00:00,2212.18,WO-0005029,Wood Pole,as_occurred
PMP-02258,2025-05-11 00:00:00,,,vegetation,2025-05-11 00:00:00,2047.98,WO-0005030,standard,as_occurred
TLS-01240,2025-05-12 00:00:00,,,inspection,2025-05-15 00:00:00,269.92,WO-0005031,steel_monopole,reported_late
WMN-03464,2025-05-12 00:00:00,,,routine,2025-05-12 00:00:00,460.88,WO-0005032,cast_iron,as_occurred
DFR-01673,2025-05-12 00:00:00,,,routine,2025-05-12 00:00:00,1662.29,WO-0005033,underground,as_occurred
TNK-02636,2025-05-13 00:00:00,,,vegetation,2025-05-13 00:00:00,66.93,WO-0005034,standard,as_occurred
LEGACY-013538,2025-05-13 00:00:00,,,inspection,2025-05-13 00:00:00,297.92,WO-0005035,,as_occurred
TLS-00723,2025-05-13 00:00:00,,,routine,2025-05-13 00:00:00,807.39,WO-0005036,steel_lattice,as_occurred
TLS-00496,2025-05-13 06:00:00,BASE-20250513-082,physical,corrective,2025-05-13 06:00:00,6507.27,WO-0005037,steel_monopole,as_occurred
WMN-02840,2025-05-13 06:00:00,BASE-20250513-082,physical,corrective,2025-05-13 06:00:00,1828.61,WO-0005038,cast_iron,as_occurred
TNK-02535,2025-05-13 12:00:00,BASE-20250513-082,physical,corrective,2025-05-13 12:00:00,3486.65,WO-0005039,standard,as_occurred
DFR-01661,2025-05-13 18:00:00,BASE-20250513-082,physical,corrective,2025-05-13 18:00:00,2255.06,WO-0005040,wood_pole,as_occurred
WMN-02815,2025-05-13 18:00:00,BASE-20250513-082,physical,corrective,2025-05-13 18:00:00,6988.12,WO-0005041,cast_iron,as_occurred
TLS-00909,2025-05-14 00:00:00,,,routine,2025-05-14 00:00:00,381.93,WO-0005042,steel_lattice,as_occurred
RCL-02048,2025-05-14 00:00:00,,,routine,2025-05-14 00:00:00,392.05,WO-0005043,standard,as_occurred
PMP-02301,2025-05-14 00:00:00,,,vegetation,2025-05-14 00:00:00,600.49,WO-0005044,standard,as_occurred
DFR-01479,2025-05-14 00:00:00,,,routine,2025-05-14 00:00:00,783.87,WO-0005045,underground,as_occurred
RCL-02037,2025-05-14 00:00:00,,,vegetation,2025-05-14 00:00:00,972.55,WO-0005046,standard,as_occurred
TLS-00756,2025-05-15 00:00:00,,,inspection,2025-05-15 00:00:00,375.6,WO-0005047,steel_monopole,as_occurred
TLS-01023,2025-05-15 00:00:00,,,vegetation,2025-05-15 00:00:00,468.67,WO-0005048,steel_lattice,as_occurred
TNK-02537,2025-05-15 00:00:00,,,routine,2025-05-15 00:00:00,690.38,WO-0005049,standard,as_occurred
WMN-02842,2025-05-15 00:00:00,,,routine,2025-05-15 00:00:00,1045.48,WO-0005050,pvc,as_occurred
DSS-00254,2025-05-16 00:00:00,,,routine,2025-05-16 00:00:00,514.9,WO-0005051,standard,as_occurred
TLS-00548,2025-05-16 00:00:00,,,inspection,2025-05-19 00:00:00,1263.85,WO-0005052,steel_lattice,reported_late
DSS-00086,2025-05-16 00:00:00,,,routine,2025-05-16 00:00:00,227.64,WO-0005053,standard,as_occurred
DSS-00180,2025-05-16 00:00:00,,,routine,2025-05-16 00:00:00,871.13,WO-0005054,standard,as_occurred
WMN-02743,2025-05-16 00:00:00,,,routine,2025-05-16 00:00:00,258.25,WO-0005055,pvc,as_occurred
PMP-02294,2025-05-16 00:00:00,,,routine,2025-05-16 00:00:00,735.09,WO-0005056,standard,as_occurred
PMP-02294,2025-05-17 00:00:00,,,routine,2025-05-17 00:00:00,576.99,WO-0005057,standard,as_occurred
TLS-00430,2025-05-17 00:00:00,,,inspection,2025-05-20 00:00:00,409.07,WO-0005058,steel_lattice,reported_late
TLS-01091,2025-05-17 00:00:00,,,routine,2025-05-17 00:00:00,390.74,WO-0005059,concrete,as_occurred
DFR-01467,2025-05-17 00:00:00,BASE-20250517-063,physical,corrective,2025-05-17 00:00:00,1605.26,WO-0005060,wood_pole,as_occurred
WMN-03414,2025-05-17 18:00:00,BASE-20250517-063,physical,corrective,2025-05-17 18:00:00,6371.01,WO-0005061,cast_iron,as_occurred
WMN-03214,2025-05-17 18:00:00,BASE-20250517-063,physical,corrective,2025-05-17 18:00:00,3100.57,WO-0005062,asbestos_cement,as_occurred
PMP-02419,2025-05-18 00:00:00,,,routine,2025-05-18 00:00:00,249.34,WO-0005063,standard,as_occurred
DFR-01321,2025-05-18 00:00:00,,,routine,2025-05-18 00:00:00,3792.49,WO-0005064,wood_pole,as_occurred
WMN-03393,2025-05-18 00:00:00,,,routine,2025-05-18 00:00:00,2266.96,WO-0005065,cast_iron,as_occurred
DSS-00220,2025-05-18 00:00:00,,,inspection,2025-05-18 00:00:00,590.18,WO-0005066,standard,as_occurred
TNK-02638,2025-05-18 00:00:00,,,vegetation,2025-05-18 00:00:00,279.96,WO-0005067,standard,as_occurred
PMP-02241,2025-05-18 00:00:00,,,routine,2025-05-18 00:00:00,801.4,WO-0005068,standard,as_occurred
TSS-00015,2025-05-18 00:00:00,,,inspection,2025-05-18 00:00:00,1130.29,WO-0005069,standard,as_occurred
TNK-02552,2025-05-18 00:00:00,,,routine,2025-05-18 00:00:00,435.78,WO-0005070,standard,as_occurred
RCL-02103,2025-05-18 00:00:00,,,inspection,2025-05-18 00:00:00,521.53,WO-0005071,standard,as_occurred
DSS-00259,2025-05-18 00:00:00,,,routine,2025-05-18 00:00:00,948.59,WO-0005072,standard,as_occurred
TLS-00815,2025-05-18 00:00:00,,,inspection,2025-05-18 00:00:00,872.67,WO-0005073,concrete,as_occurred
TLS-01242,2025-05-19 00:00:00,,,inspection,2025-05-19 00:00:00,576.53,WO-0005074,steel_lattice,as_occurred
WMN-03350,2025-05-19 00:00:00,,,inspection,2025-05-19 00:00:00,1126.35,WO-0005075,CI,as_occurred
TLS-00873,2025-05-19 00:00:00,,,inspection,2025-05-22 00:00:00,4067.71,WO-0005076,steel_lattice,reported_late
DFR-01421,2025-05-19 00:00:00,,,routine,2025-05-19 00:00:00,779.63,WO-0005077,wood_pole,as_occurred
DFR-01351,2025-05-19 00:00:00,,,inspection,2025-05-19 00:00:00,976.57,WO-0005078,wood_pole,as_occurred
RCL-02102,2025-05-19 00:00:00,,,inspection,2025-05-19 00:00:00,1855.19,WO-0005079,standard,as_occurred
DFR-01911,2025-05-19 00:00:00,,,routine,2025-05-19 00:00:00,788.89,WO-0005080,WOOD POLE,as_occurred
DSS-00234,2025-05-19 00:00:00,,,vegetation,2025-05-19 00:00:00,1621.15,WO-0005081,standard,as_occurred
DFR-01592,2025-05-19 00:00:00,,,inspection,2025-05-19 00:00:00,3467.44,WO-0005082,wood_pole,as_occurred
LEGACY-037055,2025-05-19 00:00:00,,,routine,2025-05-19 00:00:00,1431.68,WO-0005083,,as_occurred
PMP-02336,2025-05-19 00:00:00,,,routine,2025-05-19 00:00:00,970.27,WO-0005084,standard,as_occurred
PMP-02432,2025-05-19 00:00:00,,,inspection,2025-05-22 00:00:00,1378.39,WO-0005085,standard,reported_late
WMN-03265,2025-05-19 00:00:00,,,routine,2025-05-19 00:00:00,503.0,WO-0005086,PVC,as_occurred
WMN-03284,2025-05-20 00:00:00,,,inspection,2025-05-20 00:00:00,2072.34,WO-0005087,ductile_iron,as_occurred
DSS-00183,2025-05-20 00:00:00,,,routine,2025-05-20 00:00:00,1615.4,WO-0005088,standard,as_occurred
RCL-02175,2025-05-20 00:00:00,,,routine,2025-05-20 00:00:00,254.35,WO-0005089,standard,as_occurred
TLS-01205,2025-05-21 00:00:00,,,inspection,2025-05-21 00:00:00,511.4,WO-0005090,steel_monopole,as_occurred
TSS-00041,2025-05-21 00:00:00,,,routine,2025-05-21 00:00:00,517.71,WO-0005091,standard,as_occurred
TLS-01247,2025-05-21 00:00:00,,,routine,2025-05-21 00:00:00,412.81,WO-0005092,steel_lattice,as_occurred
DSS-00197,2025-05-21 00:00:00,,,inspection,2025-05-21 00:00:00,490.15,WO-0005093,standard,as_occurred
TLS-00943,2025-05-21 00:00:00,,,inspection,2025-05-21 00:00:00,1253.56,WO-0005094,concrete,as_occurred
TLS-00855,2025-05-21 00:00:00,,,inspection,2025-05-21 00:00:00,991.99,WO-0005095,concrete,as_occurred
DSS-00094,2025-05-21 00:00:00,,,inspection,2025-05-21 00:00:00,614.93,WO-0005096,standard,as_occurred
TLS-00919,2025-05-21 00:00:00,,,routine,2025-05-21 00:00:00,646.64,WO-0005097,steel_lattice,as_occurred
DFR-01629,2025-05-22 00:00:00,,,inspection,2025-05-22 00:00:00,763.53,WO-0005098,wood_pole,as_occurred
WMN-03100,2025-05-22 00:00:00,,,vegetation,2025-05-22 00:00:00,818.02,WO-0005099,pvc,as_occurred
DSS-00271,2025-05-23 00:00:00,,,vegetation,2025-05-23 00:00:00,286.0,WO-0005100,standard,as_occurred
WMN-03268,2025-05-23 00:00:00,,,inspection,2025-05-23 00:00:00,838.52,WO-0005101,cast-iron,as_occurred
WMN-03365,2025-05-23 00:00:00,,,inspection,2025-05-23 00:00:00,1262.89,WO-0005102,Cast Iron,as_occurred
DFR-01872,2025-05-23 00:00:00,,,inspection,2025-05-23 00:00:00,726.77,WO-0005103,underground,as_occurred
WMN-02982,2025-05-23 00:00:00,,,routine,2025-05-23 00:00:00,1892.38,WO-0005104,cast_iron,as_occurred
DSS-00388,2025-05-23 06:00:00,BASE-20250523-076,physical,corrective,2025-05-23 06:00:00,9397.98,WO-0005105,standard,as_occurred
WMN-03411,2025-05-23 06:00:00,BASE-20250523-076,physical,corrective,2025-05-23 06:00:00,2390.48,WO-0005106,pvc,as_occurred
PMP-02407,2025-05-23 12:00:00,BASE-20250523-076,functional_power_loss,corrective,2025-05-23 12:00:00,9783.61,WO-0005107,standard,as_occurred
DFR-01440,2025-05-23 18:00:00,BASE-20250523-076,physical,corrective,2025-05-23 18:00:00,4705.87,WO-0005108,wood_pole,as_occurred
DFR-01971,2025-05-23 18:00:00,BASE-20250523-076,physical,corrective,2025-05-23 18:00:00,1594.47,WO-0005109,Wood Pole,as_occurred
WMN-03075,2025-05-23 18:00:00,BASE-20250523-076,physical,corrective,2025-05-23 18:00:00,10695.68,WO-0005110,cast_iron,as_occurred
WMN-03125,2025-05-24 00:00:00,,,routine,2025-05-24 00:00:00,400.37,WO-0005111,cast_iron,as_occurred
WMN-03259,2025-05-25 00:00:00,,,vegetation,2025-05-25 00:00:00,2336.91,WO-0005112,ductile_iron,as_occurred
DFR-01316,2025-05-25 00:00:00,,,inspection,2025-05-25 00:00:00,746.98,WO-0005113,concrete_pole,as_occurred
WMN-03007,2025-05-25 00:00:00,,,routine,2025-05-25 00:00:00,665.2,WO-0005114,ductile_iron,as_occurred
WMN-03248,2025-05-25 00:00:00,,,routine,2025-05-25 00:00:00,624.13,WO-0005115,cast_iron,as_occurred
TNK-02638,2025-05-25 00:00:00,,,routine,2025-05-25 00:00:00,474.1,WO-0005116,standard,as_occurred
WMN-03130,2025-05-25 00:00:00,,,vegetation,2025-05-25 00:00:00,1143.53,WO-0005117,pvc,as_occurred
TLS-00955,2025-05-25 00:00:00,,,vegetation,2025-05-25 00:00:00,1314.21,WO-0005118,steel_monopole,as_occurred
TSS-00040,2025-05-26 00:00:00,,,vegetation,2025-05-29 00:00:00,371.6,WO-0005119,standard,reported_late
DFR-01757,2025-05-26 00:00:00,,,inspection,2025-05-26 00:00:00,512.86,WO-0005120,composite_pole,as_occurred
WMN-03395,2025-05-26 00:00:00,,,routine,2025-05-26 00:00:00,466.88,WO-0005121,pvc,as_occurred
WMN-03154,2025-05-26 00:00:00,BASE-20250526-071,physical,corrective,2025-05-26 00:00:00,3941.42,WO-0005122,cast-iron,as_occurred
WMN-03303,2025-05-26 12:00:00,BASE-20250526-071,physical,corrective,2025-05-26 12:00:00,5614.62,WO-0005123,Cast Iron,as_occurred
WMN-03290,2025-05-26 18:00:00,BASE-20250526-071,physical,corrective,2025-05-26 18:00:00,1447.33,WO-0005124,cast_iron,as_occurred
DFR-01875,2025-05-26 18:00:00,BASE-20250526-071,physical,corrective,2025-05-26 18:00:00,5583.14,WO-0005125,wood_pole,as_occurred
DFR-01731,2025-05-26 18:00:00,BASE-20250526-071,physical,corrective,2025-05-26 18:00:00,13012.59,WO-0005126,wood_pole,as_occurred
DFR-01471,2025-05-27 00:00:00,,,routine,2025-05-27 00:00:00,792.98,WO-0005127,timber,as_occurred
DFR-01599,2025-05-27 00:00:00,,,routine,2025-05-27 00:00:00,356.6,WO-0005128,underground,as_occurred
TLS-00608,2025-05-27 00:00:00,,,routine,2025-05-27 00:00:00,461.24,WO-0005129,steel_lattice,as_occurred
DFR-01455,2025-05-27 00:00:00,,,vegetation,2025-05-27 00:00:00,660.73,WO-0005130,timber,as_occurred
DSS-00098,2025-05-27 00:00:00,,,inspection,2025-05-27 00:00:00,549.88,WO-0005131,standard,as_occurred
LEGACY-008519,2025-05-28 00:00:00,,,vegetation,2025-05-28 00:00:00,735.24,WO-0005132,,as_occurred
DFR-01598,2025-05-28 00:00:00,,,vegetation,2025-05-28 00:00:00,1007.72,WO-0005133,wood_pole,as_occurred
TLS-00680,2025-05-29 00:00:00,,,inspection,2025-05-29 00:00:00,495.52,WO-0005134,steel_lattice,as_occurred
TLS-01042,2025-05-29 00:00:00,,,vegetation,2025-05-29 00:00:00,647.82,WO-0005135,steel_lattice,as_occurred
DFR-02010,2025-05-29 00:00:00,,,routine,2025-05-29 00:00:00,601.4,WO-0005136,wood_pole,as_occurred
TLS-01077,2025-05-30 00:00:00,,,routine,2025-05-30 00:00:00,306.86,WO-0005137,steel_lattice,as_occurred
WMN-03040,2025-05-30 00:00:00,,,inspection,2025-05-30 00:00:00,631.8,WO-0005138,asbestos-cement,as_occurred
PMP-02433,2025-05-30 00:00:00,,,inspection,2025-05-30 00:00:00,938.41,WO-0005139,standard,as_occurred
TLS-00503,2025-05-30 00:00:00,,,inspection,2025-05-30 00:00:00,1625.35,WO-0005140,steel_lattice,as_occurred
DFR-01846,2025-05-30 00:00:00,,,routine,2025-05-30 00:00:00,687.55,WO-0005141,concrete_pole,as_occurred
PMP-02476,2025-05-30 00:00:00,,,routine,2025-05-30 00:00:00,1148.53,WO-0005142,standard,as_occurred
WMN-03283,2025-05-31 00:00:00,,,routine,2025-05-31 00:00:00,178.05,WO-0005143,asbestos_cement,as_occurred
WMN-03141,2025-06-01 00:00:00,,,routine,2025-06-01 00:00:00,490.35,WO-0005144,pvc,as_occurred
PMP-02425,2025-06-01 00:00:00,,,routine,2025-06-01 00:00:00,1608.94,WO-0005145,standard,as_occurred
DSS-00391,2025-06-01 00:00:00,,,vegetation,2025-06-01 00:00:00,1163.88,WO-0005146,standard,as_occurred
DFR-01382,2025-06-01 00:00:00,,,vegetation,2025-06-01 00:00:00,352.66,WO-0005147,underground,as_occurred
DSS-00257,2025-06-01 00:00:00,,,routine,2025-06-01 00:00:00,1305.35,WO-0005148,standard,as_occurred
RCL-02111,2025-06-01 00:00:00,,,inspection,2025-06-01 00:00:00,5438.97,WO-0005149,standard,as_occurred
TLS-00484,2025-06-02 00:00:00,,,routine,2025-06-02 00:00:00,455.25,WO-0005150,steel_lattice,as_occurred
TLS-00686,2025-06-02 00:00:00,,,inspection,2025-06-02 00:00:00,508.32,WO-0005151,concrete,as_occurred
PMP-02252,2025-06-02 00:00:00,,,inspection,2025-06-02 00:00:00,249.43,WO-0005152,standard,as_occurred
DFR-01744,2025-06-02 00:00:00,,,inspection,2025-06-02 00:00:00,304.58,WO-0005153,composite_pole,as_occurred
DSS-00244,2025-06-02 00:00:00,,,inspection,2025-06-02 00:00:00,232.53,WO-0005154,standard,as_occurred
DFR-01574,2025-06-02 00:00:00,,,inspection,2025-06-05 00:00:00,525.26,WO-0005155,wood_pole,reported_late
RCL-02138,2025-06-03 00:00:00,,,routine,2025-06-03 00:00:00,1323.78,WO-0005156,standard,as_occurred
LEGACY-067734,2025-06-03 00:00:00,,,inspection,2025-06-03 00:00:00,976.65,WO-0005157,,as_occurred
DSS-00269,2025-06-03 00:00:00,,,vegetation,2025-06-03 00:00:00,3030.53,WO-0005158,standard,as_occurred
DSS-00266,2025-06-03 00:00:00,,,routine,2025-06-03 00:00:00,437.37,WO-0005159,standard,as_occurred
DSS-00109,2025-06-03 00:00:00,,,routine,2025-06-06 00:00:00,1067.96,WO-0005160,standard,reported_late
WMN-02943,2025-06-03 00:00:00,,,vegetation,2025-06-03 00:00:00,2044.9,WO-0005161,pvc,as_occurred
WMN-03088,2025-06-03 00:00:00,,,vegetation,2025-06-03 00:00:00,276.66,WO-0005162,pvc,as_occurred
WMN-02717,2025-06-04 00:00:00,,,inspection,2025-06-04 00:00:00,1487.98,WO-0005163,pvc,as_occurred
TLS-00502,2025-06-04 00:00:00,,,vegetation,2025-06-04 00:00:00,445.03,WO-0005164,steel_lattice,as_occurred
DSS-00115,2025-06-04 00:00:00,,,routine,2025-06-07 00:00:00,710.01,WO-0005165,standard,reported_late
PMP-02278,2025-06-04 00:00:00,,,inspection,2025-06-04 00:00:00,1970.57,WO-0005166,standard,as_occurred
PMP-02399,2025-06-05 00:00:00,,,inspection,2025-06-05 00:00:00,1306.47,WO-0005167,standard,as_occurred
TLS-01248,2025-06-06 00:00:00,,,inspection,2025-06-06 00:00:00,513.67,WO-0005168,steel_monopole,as_occurred
TLS-00825,2025-06-06 00:00:00,,,inspection,2025-06-06 00:00:00,588.25,WO-0005169,steel_lattice,as_occurred
RCL-02066,2025-06-06 00:00:00,,,vegetation,2025-06-06 00:00:00,598.79,WO-0005170,standard,as_occurred
RCL-02201,2025-06-06 00:00:00,,,routine,2025-06-06 00:00:00,431.6,WO-0005171,standard,as_occurred
WMN-02963,2025-06-06 00:00:00,,,routine,2025-06-06 00:00:00,3262.99,WO-0005172,Poly Vinyl Chloride,as_occurred
TNK-02602,2025-06-06 00:00:00,,,inspection,2025-06-06 00:00:00,473.44,WO-0005173,standard,as_occurred
WMN-03007,2025-06-07 00:00:00,,,inspection,2025-06-07 00:00:00,315.48,WO-0005174,ductile_iron,as_occurred
TLS-00680,2025-06-07 00:00:00,,,routine,2025-06-07 00:00:00,2336.19,WO-0005175,steel_lattice,as_occurred
DFR-01527,2025-06-07 00:00:00,,,inspection,2025-06-07 00:00:00,1199.24,WO-0005176,composite_pole,as_occurred
DFR-01647,2025-06-07 00:00:00,,,inspection,2025-06-07 00:00:00,914.02,WO-0005177,composite_pole,as_occurred
TLS-00961,2025-06-07 00:00:00,,,routine,2025-06-07 00:00:00,291.47,WO-0005178,steel_lattice,as_occurred
PMP-02306,2025-06-07 00:00:00,,,vegetation,2025-06-07 00:00:00,1533.59,WO-0005179,standard,as_occurred
TLS-00996,2025-06-07 00:00:00,,,routine,2025-06-07 00:00:00,569.91,WO-0005180,steel_lattice,as_occurred
DFR-01848,2025-06-08 00:00:00,,,inspection,2025-06-08 00:00:00,1011.01,WO-0005181,wood_pole,as_occurred
DSS-00401,2025-06-08 00:00:00,,,routine,2025-06-08 00:00:00,507.87,WO-0005182,standard,as_occurred
TLS-00512,2025-06-08 00:00:00,,,vegetation,2025-06-08 00:00:00,593.1,WO-0005183,concrete,as_occurred
WMN-03142,2025-06-08 00:00:00,,,inspection,2025-06-11 00:00:00,1766.74,WO-0005184,pvc,reported_late
TNK-02546,2025-06-08 00:00:00,,,routine,2025-06-11 00:00:00,1329.68,WO-0005185,standard,reported_late
TLS-00721,2025-06-08 00:00:00,,,vegetation,2025-06-08 00:00:00,2908.09,WO-0005186,steel_lattice,as_occurred
TLS-00730,2025-06-08 00:00:00,,,routine,2025-06-08 00:00:00,1071.84,WO-0005187,steel_monopole,as_occurred
TLS-00605,2025-06-08 00:00:00,,,vegetation,2025-06-08 00:00:00,1664.04,WO-0005188,steel_lattice,as_occurred
WMN-02875,2025-06-09 00:00:00,,,vegetation,2025-06-09 00:00:00,629.6,WO-0005189,cast_iron,as_occurred
WMN-03176,2025-06-09 00:00:00,,,routine,2025-06-09 00:00:00,332.2,WO-0005190,cast-iron,as_occurred
WMN-02926,2025-06-09 00:00:00,,,routine,2025-06-09 00:00:00,298.99,WO-0005191,cast_iron,as_occurred
TLS-01152,2025-06-09 00:00:00,,,routine,2025-06-09 00:00:00,561.46,WO-0005192,steel_lattice,as_occurred
DFR-01690,2025-06-09 00:00:00,,,inspection,2025-06-09 00:00:00,759.0,WO-0005193,wood_pole,as_occurred
PMP-02498,2025-06-09 00:00:00,,,inspection,2025-06-09 00:00:00,594.83,WO-0005194,standard,as_occurred
DSS-00173,2025-06-09 00:00:00,,,vegetation,2025-06-12 00:00:00,740.91,WO-0005195,standard,reported_late
TLS-01237,2025-06-09 00:00:00,,,routine,2025-06-09 00:00:00,506.67,WO-0005196,steel_lattice,as_occurred
TNK-02646,2025-06-10 00:00:00,,,routine,2025-06-10 00:00:00,1443.88,WO-0005197,standard,as_occurred
TLS-00671,2025-06-11 00:00:00,,,inspection,2025-06-11 00:00:00,1051.39,WO-0005198,steel_monopole,as_occurred
DSS-00337,2025-06-11 00:00:00,,,routine,2025-06-11 00:00:00,751.79,WO-0005199,standard,as_occurred
RCL-02189,2025-06-11 00:00:00,,,routine,2025-06-11 00:00:00,3102.98,WO-0005200,standard,as_occurred
TLS-00469,2025-06-11 00:00:00,,,routine,2025-06-11 00:00:00,2362.73,WO-0005201,concrete,as_occurred
DFR-01873,2025-06-11 00:00:00,,,inspection,2025-06-11 00:00:00,587.77,WO-0005202,timber,as_occurred
DFR-01597,2025-06-12 00:00:00,,,routine,2025-06-12 00:00:00,506.49,WO-0005203,wood_pole,as_occurred
DFR-01626,2025-06-12 00:00:00,,,inspection,2025-06-12 00:00:00,1059.77,WO-0005204,wood_pole,as_occurred
DFR-01901,2025-06-12 00:00:00,,,inspection,2025-06-12 00:00:00,1503.42,WO-0005205,Wood,as_occurred
RCL-02121,2025-06-12 00:00:00,,,routine,2025-06-12 00:00:00,1032.41,WO-0005206,standard,as_occurred
WMN-03076,2025-06-12 00:00:00,,,routine,2025-06-12 00:00:00,313.72,WO-0005207,ductile_iron,as_occurred
TNK-02536,2025-06-13 00:00:00,,,routine,2025-06-13 00:00:00,863.16,WO-0005208,standard,as_occurred
WMN-03260,2025-06-13 00:00:00,,,inspection,2025-06-13 00:00:00,378.54,WO-0005209,asbestos_cement,as_occurred
DFR-01377,2025-06-13 00:00:00,,,routine,2025-06-13 00:00:00,1675.55,WO-0005210,timber,as_occurred
RCL-02138,2025-06-13 00:00:00,,,inspection,2025-06-13 00:00:00,576.09,WO-0005211,standard,as_occurred
DSS-00197,2025-06-13 00:00:00,,,inspection,2025-06-13 00:00:00,1618.16,WO-0005212,standard,as_occurred
WMN-02978,2025-06-13 00:00:00,,,routine,2025-06-13 00:00:00,496.83,WO-0005213,steel,as_occurred
DFR-01826,2025-06-13 00:00:00,,,inspection,2025-06-13 00:00:00,756.63,WO-0005214,composite_pole,as_occurred
PMP-02478,2025-06-13 00:00:00,,,routine,2025-06-13 00:00:00,1264.92,WO-0005215,standard,as_occurred
DSS-00227,2025-06-14 00:00:00,,,vegetation,2025-06-14 00:00:00,533.21,WO-0005216,standard,as_occurred
DFR-01889,2025-06-14 00:00:00,,,routine,2025-06-17 00:00:00,919.71,WO-0005217,Wood Pole,reported_late
TLS-00481,2025-06-14 00:00:00,,,inspection,2025-06-14 00:00:00,324.09,WO-0005218,steel_lattice,as_occurred
TLS-00999,2025-06-14 00:00:00,,,routine,2025-06-14 00:00:00,529.36,WO-0005219,steel_lattice,as_occurred
DFR-01317,2025-06-14 00:00:00,,,vegetation,2025-06-14 00:00:00,1416.92,WO-0005220,wood_pole,as_occurred
DFR-01704,2025-06-15 00:00:00,,,vegetation,2025-06-15 00:00:00,984.49,WO-0005221,timber,as_occurred
TLS-00841,2025-06-15 00:00:00,,,inspection,2025-06-15 00:00:00,1302.42,WO-0005222,steel_lattice,as_occurred
WMN-03424,2025-06-15 00:00:00,,,routine,2025-06-15 00:00:00,326.93,WO-0005223,pvc,as_occurred
DSS-00343,2025-06-15 00:00:00,,,routine,2025-06-15 00:00:00,506.2,WO-0005224,standard,as_occurred
DFR-01478,2025-06-15 00:00:00,,,routine,2025-06-15 00:00:00,341.04,WO-0005225,Wood Pole,as_occurred
WMN-02815,2025-06-16 00:00:00,,,routine,2025-06-16 00:00:00,422.79,WO-0005226,cast_iron,as_occurred
WMN-03369,2025-06-17 00:00:00,,,inspection,2025-06-17 00:00:00,867.08,WO-0005227,pvc,as_occurred
PMP-02286,2025-06-17 00:00:00,,,vegetation,2025-06-17 00:00:00,1406.23,WO-0005228,standard,as_occurred
DFR-01493,2025-06-17 00:00:00,,,routine,2025-06-17 00:00:00,2438.32,WO-0005229,timber,as_occurred
WMN-02971,2025-06-17 00:00:00,,,routine,2025-06-17 00:00:00,703.25,WO-0005230,asbestos_cement,as_occurred
TLS-01248,2025-06-18 00:00:00,HURR-20250618-044,physical,corrective,2025-06-18 00:00:00,1602.81,WO-0005231,steel_monopole,as_occurred
TLS-00552,2025-06-18 00:00:00,,,inspection,2025-06-18 00:00:00,1924.83,WO-0005232,steel_lattice,as_occurred
WMN-02747,2025-06-18 00:00:00,HURR-20250618-044,physical,corrective,2025-06-18 00:00:00,2553.4,WO-0005233,A/C,as_occurred
TLS-00818,2025-06-18 00:00:00,,,routine,2025-06-18 00:00:00,721.94,WO-0005234,steel_lattice,as_occurred
WMN-03328,2025-06-18 06:00:00,HURR-20250618-044,physical,corrective,2025-06-18 06:00:00,1038.69,WO-0005235,cast_iron,as_occurred
WMN-03299,2025-06-18 12:00:00,HURR-20250618-044,physical,corrective,2025-06-18 12:00:00,1600.76,WO-0005236,C.I.,as_occurred
WMN-02776,2025-06-18 12:00:00,HURR-20250618-044,physical,corrective,2025-06-18 12:00:00,5781.03,WO-0005237,asbestos_cement,as_occurred
WMN-02701,2025-06-18 12:00:00,HURR-20250618-044,physical,corrective,2025-06-18 12:00:00,10062.49,WO-0005238,cast_iron,as_occurred
WMN-03454,2025-06-18 18:00:00,HURR-20250618-044,physical,corrective,2025-06-18 18:00:00,3561.25,WO-0005239,CAST IRON,as_occurred
DSS-00168,2025-06-19 00:00:00,HURR-20250618-044,physical,corrective,2025-06-19 00:00:00,5694.5,WO-0005240,standard,as_occurred
WTP-02224,2025-06-19 00:00:00,,,inspection,2025-06-19 00:00:00,464.61,WO-0005241,standard,as_occurred
DFR-01820,2025-06-19 00:00:00,,,inspection,2025-06-19 00:00:00,1604.23,WO-0005242,WOOD POLE,as_occurred
TLS-00619,2025-06-19 00:00:00,,,routine,2025-06-19 00:00:00,297.92,WO-0005243,steel_lattice,as_occurred
DFR-01567,2025-06-19 00:00:00,,,routine,2025-06-19 00:00:00,1541.26,WO-0005244,wood_pole,as_occurred
DSS-00130,2025-06-19 00:00:00,,,routine,2025-06-19 00:00:00,859.17,WO-0005245,standard,as_occurred
PMP-02261,2025-06-19 00:00:00,HURR-20250618-044,functional_power_loss,corrective,2025-06-19 00:00:00,5042.3,WO-0005246,standard,as_occurred
TLS-00674,2025-06-19 00:00:00,,,inspection,2025-06-19 00:00:00,325.08,WO-0005247,steel_lattice,as_occurred
WMN-03107,2025-06-19 06:00:00,HURR-20250618-044,physical,corrective,2025-06-19 06:00:00,1770.92,WO-0005248,cast_iron,as_occurred
WMN-03102,2025-06-19 06:00:00,HURR-20250618-044,physical,corrective,2025-06-19 06:00:00,5970.34,WO-0005249,cast_iron,as_occurred
WMN-03150,2025-06-19 06:00:00,HURR-20250618-044,physical,corrective,2025-06-19 06:00:00,1630.45,WO-0005250,asbestos_cement,as_occurred
DSS-00118,2025-06-19 06:00:00,HURR-20250618-044,physical,corrective,2025-06-19 06:00:00,17076.13,WO-0005251,standard,as_occurred
WMN-02775,2025-06-19 06:00:00,HURR-20250618-044,physical,corrective,2025-06-19 06:00:00,652.51,WO-0005252,AC,as_occurred
WMN-02945,2025-06-19 06:00:00,HURR-20250618-044,physical,corrective,2025-06-19 06:00:00,9758.2,WO-0005253,cast-iron,as_occurred
WMN-02815,2025-06-19 06:00:00,HURR-20250618-044,physical,corrective,2025-06-19 06:00:00,14798.78,WO-0005254,cast-iron,as_occurred
PMP-02311,2025-06-19 06:00:00,HURR-20250618-044,functional_power_loss,corrective,2025-06-19 06:00:00,25335.75,WO-0005255,standard,as_occurred
DFR-01952,2025-06-19 06:00:00,INLA-20250619-052,physical,corrective,2025-06-19 06:00:00,5578.33,WO-0005256,wood_pole,as_occurred
INT-03484,2025-06-19 12:00:00,HURR-20250618-044,physical,corrective,2025-06-19 12:00:00,9722.46,WO-0005257,standard,as_occurred
WMN-02840,2025-06-19 12:00:00,INLA-20250619-052,physical,corrective,2025-06-19 12:00:00,2915.52,WO-0005258,cast_iron,as_occurred
LEGACY-099490,2025-06-19 12:00:00,HURR-20250618-044,physical,corrective,2025-06-19 12:00:00,6231.87,WO-0005259,,as_occurred
DFR-01545,2025-06-19 12:00:00,INLA-20250619-052,physical,corrective,2025-06-22 12:00:00,2459.32,WO-0005260,wood_pole,reported_late
TLS-00628,2025-06-19 12:00:00,HURR-20250618-044,physical,corrective,2025-06-19 12:00:00,5378.99,WO-0005261,steel_lattice,as_occurred
TLS-00764,2025-06-19 12:00:00,HURR-20250618-044,physical,corrective,2025-06-19 12:00:00,5656.65,WO-0005262,steel_lattice,as_occurred
WMN-03378,2025-06-19 12:00:00,HURR-20250618-044,physical,corrective,2025-06-19 12:00:00,9638.97,WO-0005263,C.I.,as_occurred
TLS-01288,2025-06-19 12:00:00,HURR-20250618-044,physical,corrective,2025-06-19 12:00:00,13197.94,WO-0005264,steel_lattice,as_occurred
WMN-03451,2025-06-19 12:00:00,HURR-20250618-044,physical,corrective,2025-06-19 12:00:00,18457.52,WO-0005265,cast_iron,as_occurred
TLS-00415,2025-06-19 18:00:00,HURR-20250618-044,physical,corrective,2025-06-19 18:00:00,1531.54,WO-0005266,steel_monopole,as_occurred
TLS-00484,2025-06-19 18:00:00,HURR-20250618-044,physical,corrective,2025-06-19 18:00:00,10505.15,WO-0005267,steel_lattice,as_occurred
DFR-01986,2025-06-19 18:00:00,HURR-20250618-044,physical,corrective,2025-06-19 18:00:00,4037.88,WO-0005268,composite_pole,as_occurred
DFR-01796,2025-06-19 18:00:00,HURR-20250618-044,physical,corrective,2025-06-19 18:00:00,3189.81,WO-0005269,wood_pole,as_occurred
TLS-00503,2025-06-19 18:00:00,HURR-20250618-044,physical,corrective,2025-06-19 18:00:00,2424.71,WO-0005270,steel_lattice,as_occurred
DFR-01990,2025-06-19 18:00:00,HURR-20250618-044,physical,corrective,2025-06-19 18:00:00,10032.7,WO-0005271,WOOD POLE,as_occurred
DFR-01950,2025-06-19 18:00:00,HURR-20250618-044,physical,corrective,2025-06-19 18:00:00,446.52,WO-0005272,wood_pole,as_occurred
DFR-01859,2025-06-19 18:00:00,HURR-20250618-044,physical,corrective,2025-06-19 18:00:00,2861.19,WO-0005273,wood_pole,as_occurred
TLS-00508,2025-06-19 18:00:00,HURR-20250618-044,physical,corrective,2025-06-19 18:00:00,1658.04,WO-0005274,steel_lattice,as_occurred
TLS-00589,2025-06-19 18:00:00,HURR-20250618-044,physical,corrective,2025-06-19 18:00:00,842.94,WO-0005275,concrete,as_occurred
DFR-01834,2025-06-19 18:00:00,HURR-20250618-044,physical,corrective,2025-06-19 18:00:00,643.12,WO-0005276,Wood Pole,as_occurred
TLS-01215,2025-06-19 18:00:00,HURR-20250618-044,physical,corrective,2025-06-19 18:00:00,7528.81,WO-0005277,concrete,as_occurred
LEGACY-018040,2025-06-19 18:00:00,HURR-20250618-044,physical,corrective,2025-06-19 18:00:00,16438.0,WO-0005278,,as_occurred
DFR-01317,2025-06-19 18:00:00,HURR-20250618-044,physical,corrective,2025-06-19 18:00:00,2539.83,WO-0005279,wood_pole,as_occurred
PMP-02352,2025-06-19 18:00:00,HURR-20250618-044,physical,corrective,2025-06-22 18:00:00,4091.17,WO-0005280,standard,reported_late
DFR-01830,2025-06-19 18:00:00,HURR-20250618-044,physical,corrective,2025-06-19 18:00:00,5173.62,WO-0005281,Wood,as_occurred
LEGACY-018569,2025-06-19 18:00:00,HURR-20250618-044,physical,corrective,2025-06-19 18:00:00,2651.37,WO-0005282,,as_occurred
TLS-00844,2025-06-19 18:00:00,HURR-20250618-044,physical,corrective,2025-06-19 18:00:00,4408.84,WO-0005283,steel_monopole,as_occurred
DFR-01641,2025-06-19 18:00:00,HURR-20250618-044,physical,corrective,2025-06-19 18:00:00,3301.32,WO-0005284,Wood Pole,as_occurred
WMN-03173,2025-06-19 18:00:00,HURR-20250618-044,physical,corrective,2025-06-19 18:00:00,11277.46,WO-0005285,Ductile Iron,as_occurred
PMP-02379,2025-06-19 18:00:00,HURR-20250618-044,physical,corrective,2025-06-19 18:00:00,11006.15,WO-0005286,standard,as_occurred
DFR-01642,2025-06-19 18:00:00,HURR-20250618-044,physical,corrective,2025-06-19 18:00:00,1592.84,WO-0005287,wood_pole,as_occurred
PMP-02313,2025-06-19 18:00:00,HURR-20250618-044,physical,corrective,2025-06-19 18:00:00,3362.08,WO-0005288,standard,as_occurred
RCL-02204,2025-06-19 18:00:00,HURR-20250618-044,physical,corrective,2025-06-19 18:00:00,3073.68,WO-0005289,standard,as_occurred
DFR-01610,2025-06-19 18:00:00,HURR-20250618-044,physical,corrective,2025-06-19 18:00:00,7634.4,WO-0005290,wood_pole,as_occurred
RCL-02149,2025-06-19 18:00:00,HURR-20250618-044,physical,corrective,2025-06-19 18:00:00,3014.11,WO-0005291,standard,as_occurred
DFR-01671,2025-06-19 18:00:00,HURR-20250618-044,physical,corrective,2025-06-19 18:00:00,3118.45,WO-0005292,Wood,as_occurred
DSS-00273,2025-06-19 18:00:00,HURR-20250618-044,physical,corrective,2025-06-19 18:00:00,13210.3,WO-0005293,standard,as_occurred
RCL-02116,2025-06-19 18:00:00,HURR-20250618-044,physical,corrective,2025-06-19 18:00:00,9432.95,WO-0005294,standard,as_occurred
DFR-01491,2025-06-19 18:00:00,HURR-20250618-044,physical,corrective,2025-06-19 18:00:00,3664.54,WO-0005295,wood_pole,as_occurred
DFR-01392,2025-06-19 18:00:00,HURR-20250618-044,physical,corrective,2025-06-19 18:00:00,3291.98,WO-0005296,wood_pole,as_occurred
RCL-02089,2025-06-19 18:00:00,HURR-20250618-044,physical,corrective,2025-06-19 18:00:00,30866.76,WO-0005297,standard,as_occurred
RCL-02077,2025-06-19 18:00:00,HURR-20250618-044,physical,corrective,2025-06-19 18:00:00,2736.29,WO-0005298,standard,as_occurred
LEGACY-033231,2025-06-19 18:00:00,HURR-20250618-044,physical,corrective,2025-06-19 18:00:00,7863.59,WO-0005299,,as_occurred
TLS-00661,2025-06-19 18:00:00,HURR-20250618-044,physical,corrective,2025-06-19 18:00:00,1869.94,WO-0005300,steel_lattice,as_occurred
DFR-01797,2025-06-19 18:00:00,HURR-20250618-044,physical,corrective,2025-06-19 18:00:00,7896.64,WO-0005301,concrete_pole,as_occurred
TLS-00739,2025-06-19 18:00:00,HURR-20250618-044,physical,corrective,2025-06-19 18:00:00,2237.92,WO-0005302,steel_lattice,as_occurred
PMP-02363,2025-06-19 18:00:00,HURR-20250618-044,functional_power_loss,corrective,2025-06-19 18:00:00,1294.41,WO-0005303,standard,as_occurred
WMN-02776,2025-06-19 18:00:00,INLA-20250619-052,physical,corrective,2025-06-19 18:00:00,8759.96,WO-0005304,asbestos-cement,as_occurred
WMN-03322,2025-06-19 18:00:00,INLA-20250619-052,physical,corrective,2025-06-19 18:00:00,3334.88,WO-0005305,CI,as_occurred
TLS-00506,2025-06-19 18:00:00,INLA-20250619-052,physical,corrective,2025-06-19 18:00:00,5343.57,WO-0005306,concrete,as_occurred
DFR-01441,2025-06-20 00:00:00,HURR-20250618-044,physical,corrective,2025-06-20 00:00:00,5939.01,WO-0005307,wood_pole,as_occurred
DFR-01901,2025-06-20 00:00:00,HURR-20250618-044,physical,corrective,2025-06-23 00:00:00,4612.7,WO-0005308,wood_pole,reported_late
DFR-01672,2025-06-20 00:00:00,HURR-20250618-044,physical,corrective,2025-06-20 00:00:00,10924.22,WO-0005309,Wood,as_occurred
DFR-01730,2025-06-20 00:00:00,HURR-20250618-044,physical,corrective,2025-06-20 00:00:00,5735.34,WO-0005310,wood_pole,as_occurred
DFR-01439,2025-06-20 00:00:00,HURR-20250618-044,physical,corrective,2025-06-20 00:00:00,6157.23,WO-0005311,wood_pole,as_occurred
DFR-01414,2025-06-20 00:00:00,HURR-20250618-044,physical,corrective,2025-06-20 00:00:00,11140.66,WO-0005312,wood_pole,as_occurred
DFR-01537,2025-06-20 00:00:00,HURR-20250618-044,physical,corrective,2025-06-20 00:00:00,3428.73,WO-0005313,wood_pole,as_occurred
DFR-01723,2025-06-20 00:00:00,HURR-20250618-044,physical,corrective,2025-06-20 00:00:00,3615.16,WO-0005314,wood_pole,as_occurred
DFR-01501,2025-06-20 00:00:00,HURR-20250618-044,physical,corrective,2025-06-23 00:00:00,7738.99,WO-0005315,wood_pole,reported_late
DFR-01476,2025-06-20 00:00:00,HURR-20250618-044,physical,corrective,2025-06-20 00:00:00,3304.01,WO-0005316,wood_pole,as_occurred
DFR-01644,2025-06-20 00:00:00,HURR-20250618-044,physical,corrective,2025-06-20 00:00:00,2024.23,WO-0005317,wood_pole,as_occurred
PMP-02268,2025-06-20 00:00:00,HURR-20250618-044,physical,corrective,2025-06-20 00:00:00,10321.69,WO-0005318,standard,as_occurred
DFR-01593,2025-06-20 00:00:00,HURR-20250618-044,physical,corrective,2025-06-20 00:00:00,6420.34,WO-0005319,wood_pole,as_occurred
DFR-01888,2025-06-20 00:00:00,HURR-20250618-044,physical,corrective,2025-06-20 00:00:00,11585.39,WO-0005320,wood_pole,as_occurred
DFR-01557,2025-06-20 00:00:00,HURR-20250618-044,physical,corrective,2025-06-20 00:00:00,12340.41,WO-0005321,Wood,as_occurred
DFR-01555,2025-06-20 00:00:00,HURR-20250618-044,physical,corrective,2025-06-23 00:00:00,1310.69,WO-0005322,WOOD POLE,reported_late
DFR-01625,2025-06-20 00:00:00,HURR-20250618-044,physical,corrective,2025-06-20 00:00:00,2169.7,WO-0005323,wood_pole,as_occurred
WMN-02700,2025-06-20 00:00:00,INLA-20250619-052,physical,corrective,2025-06-20 00:00:00,3142.72,WO-0005324,asbestos-cement,as_occurred
WMN-02908,2025-06-20 00:00:00,,,inspection,2025-06-20 00:00:00,568.14,WO-0005325,pvc,as_occurred
TLS-00542,2025-06-20 00:00:00,,,inspection,2025-06-20 00:00:00,1131.69,WO-0005326,steel_monopole,as_occurred
DFR-01675,2025-06-20 00:00:00,,,inspection,2025-06-20 00:00:00,409.35,WO-0005327,wood_pole,as_occurred
TLS-00912,2025-06-20 00:00:00,,,routine,2025-06-20 00:00:00,2363.4,WO-0005328,steel_lattice,as_occurred
DFR-01716,2025-06-20 00:00:00,HURR-20250618-044,physical,corrective,2025-06-20 00:00:00,18927.88,WO-0005329,wood_pole,as_occurred
DFR-01581,2025-06-20 00:00:00,HURR-20250618-044,physical,corrective,2025-06-20 00:00:00,4257.92,WO-0005330,Wood Pole,as_occurred
DFR-01866,2025-06-20 00:00:00,HURR-20250618-044,physical,corrective,2025-06-20 00:00:00,2297.14,WO-0005331,Wood,as_occurred
DFR-01802,2025-06-20 00:00:00,HURR-20250618-044,physical,corrective,2025-06-20 00:00:00,8461.6,WO-0005332,wood_pole,as_occurred
PMP-02416,2025-06-20 00:00:00,HURR-20250618-044,physical,corrective,2025-06-23 00:00:00,2164.65,WO-0005333,standard,reported_late
DFR-01772,2025-06-20 00:00:00,HURR-20250618-044,physical,corrective,2025-06-20 00:00:00,3204.26,WO-0005334,wood_pole,as_occurred
RCL-02174,2025-06-20 00:00:00,HURR-20250618-044,physical,corrective,2025-06-20 00:00:00,4094.98,WO-0005335,standard,as_occurred
RCL-02024,2025-06-20 00:00:00,HURR-20250618-044,physical,corrective,2025-06-20 00:00:00,5641.19,WO-0005336,standard,as_occurred
INT-03483,2025-06-20 00:00:00,HURR-20250618-044,physical,corrective,2025-06-23 00:00:00,4069.43,WO-0005337,standard,reported_late
DFR-01932,2025-06-20 00:00:00,HURR-20250618-044,physical,corrective,2025-06-20 00:00:00,5314.6,WO-0005338,wood_pole,as_occurred
DFR-01941,2025-06-20 00:00:00,HURR-20250618-044,physical,corrective,2025-06-20 00:00:00,5791.98,WO-0005339,timber,as_occurred
DFR-01940,2025-06-20 00:00:00,HURR-20250618-044,physical,corrective,2025-06-20 00:00:00,4154.52,WO-0005340,WOOD POLE,as_occurred
DFR-01939,2025-06-20 00:00:00,HURR-20250618-044,physical,corrective,2025-06-20 00:00:00,1480.37,WO-0005341,wood_pole,as_occurred
TLS-01122,2025-06-20 00:00:00,,,routine,2025-06-20 00:00:00,561.81,WO-0005342,steel_lattice,as_occurred
LEGACY-096351,2025-06-20 00:00:00,HURR-20250618-044,physical,corrective,2025-06-20 00:00:00,3491.6,WO-0005343,,as_occurred
DFR-01750,2025-06-20 00:00:00,HURR-20250618-044,physical,corrective,2025-06-20 00:00:00,1381.64,WO-0005344,timber,as_occurred
DFR-01398,2025-06-20 00:00:00,,,inspection,2025-06-20 00:00:00,194.67,WO-0005345,underground,as_occurred
DFR-01931,2025-06-20 00:00:00,HURR-20250618-044,physical,corrective,2025-06-20 00:00:00,1914.97,WO-0005346,wood_pole,as_occurred
DFR-01633,2025-06-20 00:00:00,HURR-20250618-044,physical,corrective,2025-06-20 00:00:00,1593.56,WO-0005347,wood_pole,as_occurred
DFR-01728,2025-06-20 00:00:00,HURR-20250618-044,physical,corrective,2025-06-20 00:00:00,7918.79,WO-0005348,timber,as_occurred
DFR-01814,2025-06-20 00:00:00,HURR-20250618-044,physical,corrective,2025-06-20 00:00:00,2916.5,WO-0005349,timber,as_occurred
DSS-00114,2025-06-20 00:00:00,HURR-20250618-044,physical,corrective,2025-06-20 00:00:00,5061.39,WO-0005350,standard,as_occurred
DFR-01926,2025-06-20 00:00:00,HURR-20250618-044,physical,corrective,2025-06-20 00:00:00,9651.12,WO-0005351,wood_pole,as_occurred
DFR-01799,2025-06-20 00:00:00,HURR-20250618-044,physical,corrective,2025-06-20 00:00:00,9435.63,WO-0005352,wood_pole,as_occurred
TLS-01108,2025-06-20 00:00:00,HURR-20250618-044,physical,corrective,2025-06-20 00:00:00,2140.24,WO-0005353,steel_lattice,as_occurred
DFR-01319,2025-06-20 00:00:00,HURR-20250618-044,physical,corrective,2025-06-20 00:00:00,2477.99,WO-0005354,Wood,as_occurred
DFR-01324,2025-06-20 00:00:00,HURR-20250618-044,physical,corrective,2025-06-20 00:00:00,6410.22,WO-0005355,Wood Pole,as_occurred
DFR-01389,2025-06-20 00:00:00,HURR-20250618-044,physical,corrective,2025-06-20 00:00:00,2168.93,WO-0005356,wood_pole,as_occurred
DFR-01808,2025-06-20 00:00:00,HURR-20250618-044,physical,corrective,2025-06-20 00:00:00,997.8,WO-0005357,Wood,as_occurred
DFR-01855,2025-06-20 00:00:00,HURR-20250618-044,physical,corrective,2025-06-20 00:00:00,3978.17,WO-0005358,wood_pole,as_occurred
DFR-01438,2025-06-20 00:00:00,HURR-20250618-044,physical,corrective,2025-06-20 00:00:00,13427.91,WO-0005359,WOOD POLE,as_occurred
PMP-02368,2025-06-20 06:00:00,HURR-20250618-044,physical,corrective,2025-06-20 06:00:00,2232.35,WO-0005360,standard,as_occurred
WMN-03452,2025-06-20 06:00:00,INLA-20250619-052,physical,corrective,2025-06-20 06:00:00,6000.91,WO-0005361,ductile_iron,as_occurred
WMN-03154,2025-06-20 06:00:00,INLA-20250619-052,physical,corrective,2025-06-20 06:00:00,4051.32,WO-0005362,cast_iron,as_occurred
WMN-02795,2025-06-20 18:00:00,HURR-20250618-044,physical,corrective,2025-06-20 18:00:00,2053.23,WO-0005363,pvc,as_occurred
PMP-02504,2025-06-20 18:00:00,HURR-20250618-044,physical,corrective,2025-06-20 18:00:00,801.72,WO-0005364,standard,as_occurred
PMP-02290,2025-06-20 18:00:00,HURR-20250618-044,physical,corrective,2025-06-20 18:00:00,6894.41,WO-0005365,standard,as_occurred
PMP-02380,2025-06-20 18:00:00,HURR-20250618-044,physical,corrective,2025-06-20 18:00:00,3475.01,WO-0005366,standard,as_occurred
PMP-02486,2025-06-20 18:00:00,HURR-20250618-044,physical,corrective,2025-06-20 18:00:00,3443.04,WO-0005367,standard,as_occurred
TLS-00875,2025-06-21 00:00:00,,,routine,2025-06-21 00:00:00,5719.37,WO-0005368,concrete,as_occurred
TLS-01133,2025-06-21 00:00:00,,,routine,2025-06-21 00:00:00,2538.55,WO-0005369,steel_lattice,as_occurred
DFR-01814,2025-06-21 00:00:00,BASE-20250621-068,physical,corrective,2025-06-21 00:00:00,3101.89,WO-0005370,wood_pole,as_occurred
WMN-03203,2025-06-21 00:00:00,,,inspection,2025-06-21 00:00:00,612.74,WO-0005371,A/C,as_occurred
WMN-03222,2025-06-21 00:00:00,,,routine,2025-06-21 00:00:00,1201.5,WO-0005372,pvc,as_occurred
DFR-01728,2025-06-21 06:00:00,BASE-20250621-068,physical,corrective,2025-06-21 06:00:00,6028.64,WO-0005373,WOOD POLE,as_occurred
WMN-03312,2025-06-21 06:00:00,BASE-20250621-068,physical,corrective,2025-06-21 06:00:00,6992.73,WO-0005374,cast-iron,as_occurred
WMN-03154,2025-06-21 06:00:00,BASE-20250621-068,physical,corrective,2025-06-21 06:00:00,10786.33,WO-0005375,cast_iron,as_occurred
WMN-03322,2025-06-21 12:00:00,BASE-20250621-068,physical,corrective,2025-06-21 12:00:00,3915.75,WO-0005376,cast_iron,as_occurred
WMN-02920,2025-06-21 18:00:00,BASE-20250621-068,physical,corrective,2025-06-21 18:00:00,3609.57,WO-0005377,CI,as_occurred
TLS-00780,2025-06-22 00:00:00,,,routine,2025-06-22 00:00:00,1213.64,WO-0005378,steel_lattice,as_occurred
WMN-03299,2025-06-22 00:00:00,,,vegetation,2025-06-22 00:00:00,494.51,WO-0005379,cast_iron,as_occurred
INT-03485,2025-06-22 00:00:00,,,vegetation,2025-06-22 00:00:00,891.23,WO-0005380,standard,as_occurred
WMN-03099,2025-06-23 00:00:00,,,inspection,2025-06-23 00:00:00,63.17,WO-0005381,CI,as_occurred
LEGACY-055766,2025-06-23 00:00:00,,,inspection,2025-06-23 00:00:00,434.41,WO-0005382,,as_occurred
PMP-02240,2025-06-23 00:00:00,,,inspection,2025-06-23 00:00:00,177.77,WO-0005383,standard,as_occurred
WMN-03229,2025-06-23 00:00:00,,,routine,2025-06-23 00:00:00,942.75,WO-0005384,Poly Vinyl Chloride,as_occurred
TLS-00668,2025-06-23 00:00:00,,,inspection,2025-06-23 00:00:00,496.81,WO-0005385,steel_lattice,as_occurred
WMN-02724,2025-06-23 00:00:00,,,routine,2025-06-23 00:00:00,362.22,WO-0005386,ductile_iron,as_occurred
TLS-00710,2025-06-24 00:00:00,,,vegetation,2025-06-24 00:00:00,1414.79,WO-0005387,concrete,as_occurred
DFR-01756,2025-06-24 00:00:00,,,inspection,2025-06-24 00:00:00,1430.88,WO-0005388,wood_pole,as_occurred
WMN-03101,2025-06-24 00:00:00,,,inspection,2025-06-24 00:00:00,573.77,WO-0005389,CAST IRON,as_occurred
WMN-03054,2025-06-24 00:00:00,,,vegetation,2025-06-24 00:00:00,823.1,WO-0005390,cast_iron,as_occurred
TSS-00029,2025-06-24 00:00:00,,,vegetation,2025-06-24 00:00:00,859.38,WO-0005391,standard,as_occurred
WMN-03266,2025-06-25 00:00:00,,,routine,2025-06-25 00:00:00,477.4,WO-0005392,Ductile Iron,as_occurred
DFR-01758,2025-06-25 00:00:00,,,vegetation,2025-06-25 00:00:00,603.73,WO-0005393,Wood,as_occurred
DFR-01542,2025-06-25 00:00:00,,,vegetation,2025-06-25 00:00:00,540.86,WO-0005394,wood_pole,as_occurred
TLS-01287,2025-06-25 00:00:00,,,routine,2025-06-25 00:00:00,1270.64,WO-0005395,steel_lattice,as_occurred
TLS-00491,2025-06-25 00:00:00,,,routine,2025-06-25 00:00:00,945.28,WO-0005396,concrete,as_occurred
WMN-03445,2025-06-26 00:00:00,BASE-20250626-070,physical,corrective,2025-06-26 00:00:00,3050.9,WO-0005397,cast_iron,as_occurred
TLS-01187,2025-06-26 00:00:00,,,routine,2025-06-26 00:00:00,699.92,WO-0005398,steel_monopole,as_occurred
TLS-00691,2025-06-26 00:00:00,,,vegetation,2025-06-26 00:00:00,302.43,WO-0005399,steel_lattice,as_occurred
TLS-00824,2025-06-26 00:00:00,,,inspection,2025-06-26 00:00:00,582.04,WO-0005400,concrete,as_occurred
WMN-03458,2025-06-26 00:00:00,,,inspection,2025-06-26 00:00:00,147.19,WO-0005401,cast_iron,as_occurred
WMN-03396,2025-06-26 00:00:00,,,vegetation,2025-06-26 00:00:00,998.11,WO-0005402,cast_iron,as_occurred
WMN-03224,2025-06-26 06:00:00,BASE-20250626-070,physical,corrective,2025-06-26 06:00:00,3646.27,WO-0005403,asbestos_cement,as_occurred
DFR-01888,2025-06-26 06:00:00,BASE-20250626-070,physical,corrective,2025-06-29 06:00:00,7143.89,WO-0005404,wood_pole,reported_late
DFR-01361,2025-06-26 06:00:00,BASE-20250626-070,physical,corrective,2025-06-26 06:00:00,2221.71,WO-0005405,wood_pole,as_occurred
WMN-03312,2025-06-26 12:00:00,BASE-20250626-070,physical,corrective,2025-06-26 12:00:00,1674.71,WO-0005406,CAST IRON,as_occurred
WMN-02945,2025-06-26 12:00:00,BASE-20250626-070,physical,corrective,2025-06-26 12:00:00,2518.17,WO-0005407,cast_iron,as_occurred
PMP-02381,2025-06-26 12:00:00,BASE-20250626-070,functional_power_loss,corrective,2025-06-26 12:00:00,5331.89,WO-0005408,standard,as_occurred
WMN-03107,2025-06-26 12:00:00,BASE-20250626-070,physical,corrective,2025-06-26 12:00:00,4896.26,WO-0005409,cast_iron,as_occurred
PMP-02328,2025-06-26 12:00:00,BASE-20250626-070,functional_power_loss,corrective,2025-06-26 12:00:00,7084.86,WO-0005410,standard,as_occurred
WMN-03154,2025-06-26 12:00:00,BASE-20250626-070,physical,corrective,2025-06-26 12:00:00,9604.28,WO-0005411,C.I.,as_occurred
DSS-00309,2025-06-26 12:00:00,BASE-20250626-070,physical,corrective,2025-06-26 12:00:00,5825.69,WO-0005412,standard,as_occurred
WMN-03315,2025-06-26 18:00:00,BASE-20250626-070,physical,corrective,2025-06-26 18:00:00,4788.61,WO-0005413,asbestos_cement,as_occurred
WMN-03102,2025-06-26 18:00:00,BASE-20250626-070,physical,corrective,2025-06-26 18:00:00,22281.78,WO-0005414,cast_iron,as_occurred
DFR-01790,2025-06-27 00:00:00,,,inspection,2025-06-27 00:00:00,1139.91,WO-0005415,concrete_pole,as_occurred
TLS-00418,2025-06-27 00:00:00,,,routine,2025-06-27 00:00:00,1233.34,WO-0005416,steel_monopole,as_occurred
DFR-01476,2025-06-27 00:00:00,,,routine,2025-06-27 00:00:00,762.37,WO-0005417,timber,as_occurred
TLS-00688,2025-06-27 00:00:00,,,vegetation,2025-06-27 00:00:00,1528.63,WO-0005418,steel_lattice,as_occurred
TLS-00910,2025-06-27 00:00:00,,,inspection,2025-06-27 00:00:00,1061.17,WO-0005419,steel_lattice,as_occurred
DFR-01424,2025-06-27 00:00:00,,,routine,2025-06-27 00:00:00,519.16,WO-0005420,wood_pole,as_occurred
DFR-01849,2025-06-27 00:00:00,,,routine,2025-06-27 00:00:00,775.94,WO-0005421,wood_pole,as_occurred
WMN-03418,2025-06-27 00:00:00,,,vegetation,2025-06-27 00:00:00,146.86,WO-0005422,steel,as_occurred
RCL-02125,2025-06-28 00:00:00,,,routine,2025-06-28 00:00:00,280.99,WO-0005423,standard,as_occurred
DFR-01796,2025-06-28 00:00:00,,,inspection,2025-06-28 00:00:00,1220.06,WO-0005424,Wood Pole,as_occurred
DSS-00408,2025-06-28 00:00:00,,,routine,2025-06-28 00:00:00,359.27,WO-0005425,standard,as_occurred
DFR-01666,2025-06-28 00:00:00,,,vegetation,2025-06-28 00:00:00,1368.13,WO-0005426,wood_pole,as_occurred
TLS-00454,2025-06-28 00:00:00,,,inspection,2025-06-28 00:00:00,222.49,WO-0005427,steel_lattice,as_occurred
DFR-01548,2025-06-28 00:00:00,,,vegetation,2025-06-28 00:00:00,789.73,WO-0005428,wood_pole,as_occurred
INT-03481,2025-06-29 00:00:00,,,inspection,2025-06-29 00:00:00,1659.21,WO-0005429,standard,as_occurred
RCL-02039,2025-06-29 00:00:00,,,inspection,2025-06-29 00:00:00,1431.59,WO-0005430,standard,as_occurred
WMN-03275,2025-06-30 00:00:00,,,inspection,2025-06-30 00:00:00,413.81,WO-0005431,ductile_iron,as_occurred
TSS-00029,2025-06-30 00:00:00,,,vegetation,2025-06-30 00:00:00,358.71,WO-0005432,standard,as_occurred
DSS-00132,2025-06-30 00:00:00,,,routine,2025-06-30 00:00:00,245.39,WO-0005433,standard,as_occurred
TLS-01159,2025-06-30 00:00:00,,,vegetation,2025-06-30 00:00:00,455.02,WO-0005434,steel_lattice,as_occurred
WMN-02922,2025-06-30 00:00:00,,,routine,2025-06-30 00:00:00,249.1,WO-0005435,steel,as_occurred
TLS-01304,2025-06-30 00:00:00,,,inspection,2025-06-30 00:00:00,2187.74,WO-0005436,steel_lattice,as_occurred
RCL-02147,2025-06-30 00:00:00,,,inspection,2025-06-30 00:00:00,1200.55,WO-0005437,standard,as_occurred
DFR-01492,2025-07-01 00:00:00,,,routine,2025-07-01 00:00:00,1139.23,WO-0005438,wood_pole,as_occurred
RCL-02106,2025-07-01 00:00:00,,,inspection,2025-07-01 00:00:00,184.75,WO-0005439,standard,as_occurred
DSS-00080,2025-07-01 00:00:00,,,routine,2025-07-01 00:00:00,4613.43,WO-0005440,standard,as_occurred
WMN-02851,2025-07-01 00:00:00,,,routine,2025-07-04 00:00:00,280.62,WO-0005441,Poly Vinyl Chloride,reported_late
WMN-02680,2025-07-01 00:00:00,,,inspection,2025-07-01 00:00:00,509.56,WO-0005442,ductile_iron,as_occurred
WMN-02984,2025-07-02 00:00:00,,,routine,2025-07-02 00:00:00,350.45,WO-0005443,ductile_iron,as_occurred
DSS-00205,2025-07-02 00:00:00,,,routine,2025-07-02 00:00:00,247.01,WO-0005444,standard,as_occurred
PMP-02522,2025-07-02 00:00:00,,,routine,2025-07-05 00:00:00,1289.43,WO-0005445,standard,reported_late
TLS-01206,2025-07-02 00:00:00,,,routine,2025-07-02 00:00:00,1144.04,WO-0005446,steel_lattice,as_occurred
TLS-01103,2025-07-02 00:00:00,,,routine,2025-07-02 00:00:00,951.3,WO-0005447,steel_lattice,as_occurred
RCL-02124,2025-07-02 00:00:00,,,inspection,2025-07-02 00:00:00,1312.33,WO-0005448,standard,as_occurred
TLS-00577,2025-07-03 00:00:00,INLA-20250703-053,physical,corrective,2025-07-03 00:00:00,7882.73,WO-0005449,steel_lattice,as_occurred
WMN-03232,2025-07-03 00:00:00,,,routine,2025-07-03 00:00:00,3206.36,WO-0005450,steel,as_occurred
LEGACY-006068,2025-07-03 00:00:00,,,inspection,2025-07-03 00:00:00,1066.56,WO-0005451,,as_occurred
RCL-02178,2025-07-03 00:00:00,,,inspection,2025-07-03 00:00:00,617.65,WO-0005452,standard,as_occurred
WMN-03311,2025-07-03 00:00:00,,,inspection,2025-07-03 00:00:00,760.55,WO-0005453,CI,as_occurred
TLS-00810,2025-07-03 00:00:00,,,inspection,2025-07-03 00:00:00,816.01,WO-0005454,steel_monopole,as_occurred
WMN-03299,2025-07-03 06:00:00,INLA-20250703-053,physical,corrective,2025-07-03 06:00:00,2523.48,WO-0005455,cast_iron,as_occurred
PMP-02304,2025-07-04 00:00:00,,,vegetation,2025-07-07 00:00:00,468.89,WO-0005456,standard,reported_late
PMP-02332,2025-07-04 00:00:00,,,inspection,2025-07-04 00:00:00,628.56,WO-0005457,standard,as_occurred
DFR-01725,2025-07-04 00:00:00,,,inspection,2025-07-04 00:00:00,2017.72,WO-0005458,wood_pole,as_occurred
DFR-01421,2025-07-04 00:00:00,,,routine,2025-07-04 00:00:00,166.97,WO-0005459,wood_pole,as_occurred
WMN-03129,2025-07-04 00:00:00,INLA-20250703-053,physical,corrective,2025-07-04 00:00:00,3368.17,WO-0005460,CAST IRON,as_occurred
DFR-01872,2025-07-04 00:00:00,,,routine,2025-07-04 00:00:00,340.6,WO-0005461,underground,as_occurred
PMP-02318,2025-07-04 00:00:00,,,vegetation,2025-07-04 00:00:00,589.58,WO-0005462,standard,as_occurred
WMN-03251,2025-07-04 06:00:00,INLA-20250703-053,physical,corrective,2025-07-04 06:00:00,12408.02,WO-0005463,cast_iron,as_occurred
WMN-03177,2025-07-04 06:00:00,INLA-20250703-053,physical,corrective,2025-07-04 06:00:00,19674.67,WO-0005464,CI,as_occurred
WMN-03311,2025-07-05 00:00:00,,,inspection,2025-07-05 00:00:00,617.59,WO-0005465,cast_iron,as_occurred
TLS-00556,2025-07-05 00:00:00,,,inspection,2025-07-05 00:00:00,669.75,WO-0005466,steel_lattice,as_occurred
WMN-03145,2025-07-05 00:00:00,,,routine,2025-07-05 00:00:00,195.91,WO-0005467,CI,as_occurred
WMN-03390,2025-07-07 00:00:00,,,inspection,2025-07-07 00:00:00,689.94,WO-0005468,ductile_iron,as_occurred
WMN-03292,2025-07-08 00:00:00,,,vegetation,2025-07-08 00:00:00,789.4,WO-0005469,steel,as_occurred
PMP-02371,2025-07-08 00:00:00,,,inspection,2025-07-08 00:00:00,1311.17,WO-0005470,standard,as_occurred
DFR-01593,2025-07-08 00:00:00,,,inspection,2025-07-08 00:00:00,145.05,WO-0005471,Wood,as_occurred
WMN-03474,2025-07-08 00:00:00,,,inspection,2025-07-08 00:00:00,738.81,WO-0005472,DI,as_occurred
DFR-01521,2025-07-08 00:00:00,,,routine,2025-07-08 00:00:00,531.6,WO-0005473,wood_pole,as_occurred
PMP-02368,2025-07-08 00:00:00,,,inspection,2025-07-08 00:00:00,555.5,WO-0005474,standard,as_occurred
WMN-03270,2025-07-09 00:00:00,,,routine,2025-07-09 00:00:00,1500.66,WO-0005475,steel,as_occurred
WMN-02690,2025-07-09 00:00:00,,,inspection,2025-07-09 00:00:00,829.18,WO-0005476,pvc,as_occurred
TLS-01066,2025-07-09 00:00:00,,,routine,2025-07-09 00:00:00,808.37,WO-0005477,steel_lattice,as_occurred
TLS-00787,2025-07-09 00:00:00,,,routine,2025-07-09 00:00:00,793.54,WO-0005478,steel_lattice,as_occurred
PMP-02402,2025-07-09 00:00:00,,,inspection,2025-07-09 00:00:00,611.04,WO-0005479,standard,as_occurred
TNK-02584,2025-07-09 00:00:00,,,inspection,2025-07-09 00:00:00,341.89,WO-0005480,standard,as_occurred
WTP-02219,2025-07-10 00:00:00,,,inspection,2025-07-10 00:00:00,813.85,WO-0005481,standard,as_occurred
TLS-00864,2025-07-10 00:00:00,,,routine,2025-07-10 00:00:00,768.41,WO-0005482,steel_monopole,as_occurred
DSS-00395,2025-07-10 00:00:00,,,routine,2025-07-10 00:00:00,2075.42,WO-0005483,standard,as_occurred
TLS-01184,2025-07-11 00:00:00,,,inspection,2025-07-11 00:00:00,684.95,WO-0005484,steel_lattice,as_occurred
PMP-02271,2025-07-11 00:00:00,,,routine,2025-07-11 00:00:00,1334.46,WO-0005485,standard,as_occurred
TLS-01166,2025-07-11 00:00:00,,,inspection,2025-07-11 00:00:00,608.05,WO-0005486,steel_lattice,as_occurred
DSS-00280,2025-07-11 00:00:00,,,vegetation,2025-07-11 00:00:00,5371.58,WO-0005487,standard,as_occurred
DFR-01715,2025-07-11 00:00:00,,,inspection,2025-07-11 00:00:00,484.64,WO-0005488,composite_pole,as_occurred
DFR-01637,2025-07-12 00:00:00,,,inspection,2025-07-15 00:00:00,297.46,WO-0005489,concrete_pole,reported_late
TLS-00855,2025-07-12 00:00:00,,,routine,2025-07-12 00:00:00,580.3,WO-0005490,concrete,as_occurred
TLS-00887,2025-07-12 00:00:00,,,routine,2025-07-12 00:00:00,640.14,WO-0005491,steel_lattice,as_occurred
PMP-02245,2025-07-12 00:00:00,,,routine,2025-07-12 00:00:00,392.61,WO-0005492,standard,as_occurred
WMN-02721,2025-07-13 00:00:00,,,inspection,2025-07-13 00:00:00,1317.79,WO-0005493,cast-iron,as_occurred
WMN-03225,2025-07-13 00:00:00,,,routine,2025-07-13 00:00:00,421.77,WO-0005494,asbestos_cement,as_occurred
WMN-03232,2025-07-13 00:00:00,,,inspection,2025-07-13 00:00:00,143.44,WO-0005495,steel,as_occurred
LEGACY-001214,2025-07-13 00:00:00,,,inspection,2025-07-13 00:00:00,1350.66,WO-0005496,,as_occurred
DFR-01633,2025-07-13 00:00:00,,,inspection,2025-07-13 00:00:00,1118.56,WO-0005497,wood_pole,as_occurred
TLS-01155,2025-07-13 00:00:00,,,routine,2025-07-13 00:00:00,311.76,WO-0005498,steel_lattice,as_occurred
PMP-02441,2025-07-13 00:00:00,,,routine,2025-07-13 00:00:00,512.77,WO-0005499,standard,as_occurred
PMP-02460,2025-07-15 00:00:00,,,routine,2025-07-15 00:00:00,249.45,WO-0005500,standard,as_occurred
LEGACY-072179,2025-07-15 00:00:00,,,routine,2025-07-15 00:00:00,560.96,WO-0005501,,as_occurred
DFR-01714,2025-07-15 00:00:00,,,routine,2025-07-18 00:00:00,573.95,WO-0005502,Wood,reported_late
WMN-03102,2025-07-15 00:00:00,BASE-20250715-080,physical,corrective,2025-07-15 00:00:00,3054.21,WO-0005503,CAST IRON,as_occurred
WMN-02807,2025-07-15 06:00:00,BASE-20250715-080,physical,corrective,2025-07-15 06:00:00,2413.91,WO-0005504,CAST IRON,as_occurred
DSS-00068,2025-07-15 06:00:00,BASE-20250715-080,physical,corrective,2025-07-15 06:00:00,5708.59,WO-0005505,standard,as_occurred
WMN-03299,2025-07-15 06:00:00,BASE-20250715-080,physical,corrective,2025-07-15 06:00:00,6774.82,WO-0005506,cast_iron,as_occurred
PMP-02447,2025-07-15 06:00:00,BASE-20250715-080,functional_power_loss,corrective,2025-07-15 06:00:00,2195.0,WO-0005507,standard,as_occurred
WMN-03375,2025-07-15 06:00:00,BASE-20250715-080,physical,corrective,2025-07-15 06:00:00,6167.41,WO-0005508,ductile_iron,as_occurred
WMN-03354,2025-07-15 06:00:00,BASE-20250715-080,physical,corrective,2025-07-15 06:00:00,11582.92,WO-0005509,asbestos_cement,as_occurred
TLS-00730,2025-07-15 06:00:00,BASE-20250715-080,physical,corrective,2025-07-15 06:00:00,4032.17,WO-0005510,steel_monopole,as_occurred
PMP-02276,2025-07-15 06:00:00,BASE-20250715-080,functional_power_loss,corrective,2025-07-15 06:00:00,5374.16,WO-0005511,standard,as_occurred
WMN-03328,2025-07-15 18:00:00,BASE-20250715-080,physical,corrective,2025-07-15 18:00:00,4359.98,WO-0005512,cast_iron,as_occurred
DFR-01696,2025-07-16 00:00:00,,,routine,2025-07-16 00:00:00,442.79,WO-0005513,underground,as_occurred
TLS-00443,2025-07-16 00:00:00,,,vegetation,2025-07-16 00:00:00,944.67,WO-0005514,steel_lattice,as_occurred
PMP-02259,2025-07-16 00:00:00,,,inspection,2025-07-16 00:00:00,2617.27,WO-0005515,standard,as_occurred
WMN-03101,2025-07-16 00:00:00,,,vegetation,2025-07-16 00:00:00,949.43,WO-0005516,cast_iron,as_occurred
WMN-03076,2025-07-16 00:00:00,,,inspection,2025-07-16 00:00:00,657.67,WO-0005517,ductile_iron,as_occurred
WMN-02975,2025-07-16 00:00:00,,,routine,2025-07-16 00:00:00,2622.57,WO-0005518,pvc,as_occurred
DSS-00397,2025-07-16 00:00:00,,,inspection,2025-07-19 00:00:00,1970.81,WO-0005519,standard,reported_late
DFR-01772,2025-07-16 12:00:00,BASE-20250716-064,physical,corrective,2025-07-16 12:00:00,1263.38,WO-0005520,Wood Pole,as_occurred
WMN-02782,2025-07-16 18:00:00,BASE-20250716-064,physical,corrective,2025-07-16 18:00:00,5115.54,WO-0005521,cast_iron,as_occurred
RCL-02176,2025-07-17 00:00:00,,,routine,2025-07-17 00:00:00,464.98,WO-0005522,standard,as_occurred
RCL-02176,2025-07-17 00:00:00,,,inspection,2025-07-17 00:00:00,639.4,WO-0005523,standard,as_occurred
WMN-02782,2025-07-17 00:00:00,,,inspection,2025-07-17 00:00:00,246.81,WO-0005524,cast_iron,as_occurred
WMN-02915,2025-07-17 00:00:00,,,vegetation,2025-07-17 00:00:00,917.77,WO-0005525,ductile_iron,as_occurred
LEGACY-040060,2025-07-17 00:00:00,,,routine,2025-07-17 00:00:00,533.48,WO-0005526,,as_occurred
RCL-02013,2025-07-17 00:00:00,,,inspection,2025-07-17 00:00:00,468.83,WO-0005527,standard,as_occurred
WMN-03120,2025-07-17 00:00:00,,,vegetation,2025-07-17 00:00:00,370.71,WO-0005528,ductile_iron,as_occurred
TLS-00822,2025-07-18 00:00:00,,,routine,2025-07-18 00:00:00,978.98,WO-0005529,steel_lattice,as_occurred
PMP-02329,2025-07-19 00:00:00,,,vegetation,2025-07-19 00:00:00,663.07,WO-0005530,standard,as_occurred
DFR-01599,2025-07-19 00:00:00,,,routine,2025-07-19 00:00:00,2419.09,WO-0005531,underground,as_occurred
RCL-02100,2025-07-19 00:00:00,,,routine,2025-07-19 00:00:00,926.36,WO-0005532,standard,as_occurred
DFR-01681,2025-07-19 00:00:00,,,routine,2025-07-19 00:00:00,1032.19,WO-0005533,wood_pole,as_occurred
RCL-02191,2025-07-19 00:00:00,,,vegetation,2025-07-19 00:00:00,1565.46,WO-0005534,standard,as_occurred
TLS-01270,2025-07-19 00:00:00,,,routine,2025-07-19 00:00:00,2063.27,WO-0005535,steel_lattice,as_occurred
WMN-02981,2025-07-19 00:00:00,,,vegetation,2025-07-19 00:00:00,382.68,WO-0005536,pvc,as_occurred
DFR-01615,2025-07-19 00:00:00,,,routine,2025-07-19 00:00:00,2337.06,WO-0005537,timber,as_occurred
TLS-00943,2025-07-19 00:00:00,,,routine,2025-07-19 00:00:00,923.91,WO-0005538,concrete,as_occurred
TLS-01074,2025-07-20 00:00:00,,,inspection,2025-07-20 00:00:00,628.97,WO-0005539,steel_lattice,as_occurred
WMN-03081,2025-07-20 00:00:00,,,routine,2025-07-20 00:00:00,774.86,WO-0005540,ductile_iron,as_occurred
WMN-02721,2025-07-20 00:00:00,,,routine,2025-07-23 00:00:00,1231.4,WO-0005541,Cast Iron,reported_late
DSS-00258,2025-07-20 00:00:00,,,vegetation,2025-07-20 00:00:00,898.09,WO-0005542,standard,as_occurred
WMN-02786,2025-07-21 00:00:00,,,routine,2025-07-21 00:00:00,766.14,WO-0005543,cast_iron,as_occurred
DFR-01490,2025-07-21 00:00:00,,,inspection,2025-07-21 00:00:00,841.87,WO-0005544,wood_pole,as_occurred
DFR-01872,2025-07-21 00:00:00,,,routine,2025-07-21 00:00:00,727.23,WO-0005545,underground,as_occurred
PMP-02476,2025-07-22 00:00:00,,,inspection,2025-07-22 00:00:00,1079.37,WO-0005546,standard,as_occurred
WMN-02800,2025-07-22 00:00:00,,,inspection,2025-07-22 00:00:00,879.23,WO-0005547,ductile_iron,as_occurred
WMN-03136,2025-07-22 00:00:00,,,routine,2025-07-22 00:00:00,556.78,WO-0005548,asbestos_cement,as_occurred
DSS-00294,2025-07-22 00:00:00,,,routine,2025-07-22 00:00:00,505.3,WO-0005549,standard,as_occurred
DFR-01819,2025-07-22 00:00:00,,,routine,2025-07-22 00:00:00,194.18,WO-0005550,concrete_pole,as_occurred
WMN-03097,2025-07-22 00:00:00,,,inspection,2025-07-25 00:00:00,280.94,WO-0005551,cast_iron,reported_late
WMN-03069,2025-07-22 00:00:00,,,routine,2025-07-22 00:00:00,342.37,WO-0005552,asbestos_cement,as_occurred
DSS-00236,2025-07-23 00:00:00,,,routine,2025-07-23 00:00:00,704.89,WO-0005553,standard,as_occurred
RCL-02074,2025-07-23 00:00:00,,,routine,2025-07-23 00:00:00,552.21,WO-0005554,standard,as_occurred
WMN-03437,2025-07-24 00:00:00,,,inspection,2025-07-24 00:00:00,434.43,WO-0005555,asbestos_cement,as_occurred
DSS-00324,2025-07-24 00:00:00,,,routine,2025-07-27 00:00:00,255.41,WO-0005556,standard,reported_late
DSS-00217,2025-07-24 00:00:00,,,routine,2025-07-24 00:00:00,1222.47,WO-0005557,standard,as_occurred
TLS-00885,2025-07-24 00:00:00,,,routine,2025-07-24 00:00:00,171.08,WO-0005558,steel_monopole,as_occurred
TNK-02631,2025-07-24 00:00:00,,,inspection,2025-07-24 00:00:00,734.42,WO-0005559,standard,as_occurred
DFR-01965,2025-07-24 00:00:00,INLA-20250724-051,physical,corrective,2025-07-24 00:00:00,9252.84,WO-0005560,WOOD POLE,as_occurred
WMN-03214,2025-07-24 00:00:00,INLA-20250724-051,physical,corrective,2025-07-27 00:00:00,9460.65,WO-0005561,asbestos_cement,reported_late
LEGACY-039580,2025-07-24 06:00:00,INLA-20250724-051,physical,corrective,2025-07-24 06:00:00,1353.84,WO-0005562,,as_occurred
WMN-03156,2025-07-24 06:00:00,INLA-20250724-051,physical,corrective,2025-07-24 06:00:00,5865.62,WO-0005563,pvc,as_occurred
WMN-02812,2025-07-24 12:00:00,INLA-20250724-051,physical,corrective,2025-07-24 12:00:00,644.2,WO-0005564,C.I.,as_occurred
WMN-02902,2025-07-24 12:00:00,INLA-20250724-051,physical,corrective,2025-07-24 12:00:00,8063.12,WO-0005565,DI,as_occurred
DFR-01728,2025-07-24 18:00:00,INLA-20250724-051,physical,corrective,2025-07-24 18:00:00,5466.1,WO-0005566,WOOD POLE,as_occurred
DFR-01594,2025-07-25 00:00:00,,,vegetation,2025-07-25 00:00:00,886.01,WO-0005567,wood_pole,as_occurred
DSS-00304,2025-07-25 00:00:00,,,routine,2025-07-25 00:00:00,226.72,WO-0005568,standard,as_occurred
DFR-01318,2025-07-25 00:00:00,INLA-20250724-051,physical,corrective,2025-07-25 00:00:00,3134.78,WO-0005569,wood_pole,as_occurred
WMN-02947,2025-07-25 00:00:00,INLA-20250724-051,physical,corrective,2025-07-25 00:00:00,968.05,WO-0005570,pvc,as_occurred
WMN-03022,2025-07-25 00:00:00,INLA-20250724-051,physical,corrective,2025-07-25 00:00:00,6200.24,WO-0005571,ductile_iron,as_occurred
WMN-03428,2025-07-25 06:00:00,INLA-20250724-051,physical,corrective,2025-07-25 06:00:00,702.97,WO-0005572,cast_iron,as_occurred
PMP-02464,2025-07-25 06:00:00,INLA-20250724-051,physical,corrective,2025-07-25 06:00:00,2433.63,WO-0005573,standard,as_occurred
TLS-00668,2025-07-26 00:00:00,,,inspection,2025-07-26 00:00:00,529.28,WO-0005574,steel_lattice,as_occurred
TLS-01028,2025-07-26 00:00:00,,,vegetation,2025-07-26 00:00:00,408.97,WO-0005575,steel_lattice,as_occurred
DFR-01399,2025-07-26 00:00:00,,,routine,2025-07-26 00:00:00,819.51,WO-0005576,WOOD POLE,as_occurred
TNK-02585,2025-07-26 00:00:00,,,inspection,2025-07-26 00:00:00,173.26,WO-0005577,standard,as_occurred
DFR-01888,2025-07-26 00:00:00,,,routine,2025-07-26 00:00:00,1031.48,WO-0005578,wood_pole,as_occurred
DFR-01453,2025-07-26 00:00:00,,,routine,2025-07-26 00:00:00,603.33,WO-0005579,composite_pole,as_occurred
TLS-00435,2025-07-26 00:00:00,,,inspection,2025-07-26 00:00:00,777.23,WO-0005580,steel_lattice,as_occurred
WMN-02879,2025-07-27 00:00:00,,,routine,2025-07-27 00:00:00,775.46,WO-0005581,cast-iron,as_occurred
DFR-01930,2025-07-27 00:00:00,,,vegetation,2025-07-27 00:00:00,824.09,WO-0005582,Wood Pole,as_occurred
PMP-02459,2025-07-27 00:00:00,,,inspection,2025-07-27 00:00:00,875.45,WO-0005583,standard,as_occurred
WMN-03316,2025-07-27 00:00:00,,,inspection,2025-07-27 00:00:00,839.01,WO-0005584,pvc,as_occurred
TLS-00794,2025-07-28 00:00:00,,,routine,2025-07-28 00:00:00,201.14,WO-0005585,steel_lattice,as_occurred
WMN-02739,2025-07-28 00:00:00,,,inspection,2025-07-28 00:00:00,3067.54,WO-0005586,asbestos_cement,as_occurred
PMP-02320,2025-07-28 00:00:00,,,vegetation,2025-07-28 00:00:00,1926.98,WO-0005587,standard,as_occurred
LEGACY-049973,2025-07-28 00:00:00,,,inspection,2025-07-28 00:00:00,866.64,WO-0005588,,as_occurred
WMN-03280,2025-07-28 00:00:00,,,inspection,2025-07-31 00:00:00,1163.09,WO-0005589,asbestos_cement,reported_late
DFR-01610,2025-07-28 00:00:00,,,routine,2025-07-28 00:00:00,1221.5,WO-0005590,Wood Pole,as_occurred
TNK-02567,2025-07-28 00:00:00,,,routine,2025-07-31 00:00:00,512.23,WO-0005591,standard,reported_late
DSS-00273,2025-07-28 00:00:00,,,inspection,2025-07-28 00:00:00,958.71,WO-0005592,standard,as_occurred
DSS-00195,2025-07-29 00:00:00,,,inspection,2025-07-29 00:00:00,2078.93,WO-0005593,standard,as_occurred
TLS-00846,2025-07-29 00:00:00,,,routine,2025-07-29 00:00:00,855.76,WO-0005594,steel_lattice,as_occurred
INT-03481,2025-07-29 00:00:00,,,vegetation,2025-07-29 00:00:00,421.44,WO-0005595,standard,as_occurred
TLS-01085,2025-07-29 00:00:00,,,inspection,2025-07-29 00:00:00,716.79,WO-0005596,concrete,as_occurred
WMN-03299,2025-07-30 00:00:00,,,vegetation,2025-07-30 00:00:00,509.02,WO-0005597,cast_iron,as_occurred
RCL-02207,2025-07-30 00:00:00,,,routine,2025-07-30 00:00:00,1794.55,WO-0005598,standard,as_occurred
WMN-03379,2025-07-30 00:00:00,,,vegetation,2025-07-30 00:00:00,661.81,WO-0005599,asbestos-cement,as_occurred
TNK-02557,2025-07-30 00:00:00,,,inspection,2025-07-30 00:00:00,2760.69,WO-0005600,standard,as_occurred
DSS-00283,2025-07-30 00:00:00,,,routine,2025-07-30 00:00:00,327.39,WO-0005601,standard,as_occurred
DSS-00069,2025-07-30 00:00:00,,,vegetation,2025-07-30 00:00:00,1011.31,WO-0005602,standard,as_occurred
PMP-02345,2025-07-30 00:00:00,,,routine,2025-08-02 00:00:00,4984.06,WO-0005603,standard,reported_late
WMN-03428,2025-07-30 00:00:00,,,routine,2025-07-30 00:00:00,994.27,WO-0005604,cast_iron,as_occurred
TLS-00765,2025-07-30 00:00:00,,,inspection,2025-07-30 00:00:00,785.37,WO-0005605,steel_lattice,as_occurred
WMN-03462,2025-07-30 00:00:00,,,routine,2025-07-30 00:00:00,1583.84,WO-0005606,ductile_iron,as_occurred
DFR-01519,2025-07-31 00:00:00,,,inspection,2025-07-31 00:00:00,1362.67,WO-0005607,concrete_pole,as_occurred
WMN-03161,2025-07-31 00:00:00,,,vegetation,2025-07-31 00:00:00,1445.89,WO-0005608,cast_iron,as_occurred
WMN-03458,2025-07-31 00:00:00,,,routine,2025-07-31 00:00:00,1328.86,WO-0005609,cast_iron,as_occurred
DFR-01719,2025-07-31 00:00:00,,,inspection,2025-07-31 00:00:00,230.46,WO-0005610,WOOD POLE,as_occurred
DFR-01502,2025-08-01 00:00:00,,,routine,2025-08-01 00:00:00,1353.08,WO-0005611,wood_pole,as_occurred
TLS-01100,2025-08-01 00:00:00,,,routine,2025-08-01 00:00:00,868.1,WO-0005612,steel_lattice,as_occurred
PMP-02451,2025-08-01 00:00:00,,,inspection,2025-08-01 00:00:00,304.37,WO-0005613,standard,as_occurred
TLS-00969,2025-08-01 00:00:00,,,vegetation,2025-08-01 00:00:00,365.72,WO-0005614,steel_lattice,as_occurred
WMN-03365,2025-08-01 00:00:00,,,vegetation,2025-08-01 00:00:00,317.36,WO-0005615,cast-iron,as_occurred
WMN-03183,2025-08-01 00:00:00,,,routine,2025-08-01 00:00:00,741.0,WO-0005616,ductile_iron,as_occurred
TLS-00775,2025-08-02 00:00:00,,,routine,2025-08-02 00:00:00,564.05,WO-0005617,steel_lattice,as_occurred
DFR-01440,2025-08-02 00:00:00,,,inspection,2025-08-02 00:00:00,419.42,WO-0005618,wood_pole,as_occurred
WMN-02685,2025-08-02 00:00:00,,,inspection,2025-08-02 00:00:00,1554.83,WO-0005619,cast_iron,as_occurred
RCL-02202,2025-08-02 00:00:00,,,routine,2025-08-02 00:00:00,905.85,WO-0005620,standard,as_occurred
TLS-00465,2025-08-03 00:00:00,,,routine,2025-08-03 00:00:00,472.3,WO-0005621,steel_lattice,as_occurred
WMN-03069,2025-08-03 00:00:00,,,inspection,2025-08-03 00:00:00,1615.95,WO-0005622,asbestos_cement,as_occurred
WMN-02830,2025-08-03 00:00:00,,,vegetation,2025-08-03 00:00:00,1025.02,WO-0005623,ductile_iron,as_occurred
WMN-03191,2025-08-03 00:00:00,,,routine,2025-08-06 00:00:00,756.98,WO-0005624,asbestos_cement,reported_late
DFR-01426,2025-08-03 00:00:00,,,inspection,2025-08-03 00:00:00,632.62,WO-0005625,wood_pole,as_occurred
DSS-00295,2025-08-04 00:00:00,,,inspection,2025-08-04 00:00:00,244.69,WO-0005626,standard,as_occurred
WMN-02912,2025-08-04 00:00:00,,,inspection,2025-08-04 00:00:00,1560.24,WO-0005627,ductile_iron,as_occurred
TLS-01134,2025-08-04 00:00:00,,,routine,2025-08-04 00:00:00,961.53,WO-0005628,steel_monopole,as_occurred
DFR-01796,2025-08-05 00:00:00,,,inspection,2025-08-05 00:00:00,1029.99,WO-0005629,wood_pole,as_occurred
TLS-00534,2025-08-05 00:00:00,,,inspection,2025-08-05 00:00:00,781.24,WO-0005630,steel_lattice,as_occurred
DFR-01395,2025-08-05 00:00:00,,,routine,2025-08-05 00:00:00,882.12,WO-0005631,Wood,as_occurred
RCL-02157,2025-08-05 00:00:00,,,inspection,2025-08-05 00:00:00,615.3,WO-0005632,standard,as_occurred
TLS-01256,2025-08-05 00:00:00,,,routine,2025-08-05 00:00:00,908.48,WO-0005633,concrete,as_occurred
DSS-00140,2025-08-05 00:00:00,,,vegetation,2025-08-05 00:00:00,1673.19,WO-0005634,standard,as_occurred
TLS-00707,2025-08-05 00:00:00,,,inspection,2025-08-08 00:00:00,1008.56,WO-0005635,concrete,reported_late
WMN-02935,2025-08-06 00:00:00,,,inspection,2025-08-06 00:00:00,971.35,WO-0005636,asbestos_cement,as_occurred
WMN-03092,2025-08-06 00:00:00,,,inspection,2025-08-06 00:00:00,879.17,WO-0005637,asbestos_cement,as_occurred
INT-03504,2025-08-06 00:00:00,,,inspection,2025-08-09 00:00:00,404.33,WO-0005638,standard,reported_late
DSS-00248,2025-08-06 00:00:00,,,routine,2025-08-06 00:00:00,2174.56,WO-0005639,standard,as_occurred
WMN-03091,2025-08-06 00:00:00,,,inspection,2025-08-06 00:00:00,479.88,WO-0005640,steel,as_occurred
DSS-00129,2025-08-06 00:00:00,,,routine,2025-08-06 00:00:00,804.58,WO-0005641,standard,as_occurred
PMP-02449,2025-08-06 00:00:00,,,routine,2025-08-06 00:00:00,486.78,WO-0005642,standard,as_occurred
WMN-03021,2025-08-06 00:00:00,,,routine,2025-08-06 00:00:00,527.43,WO-0005643,ductile-iron,as_occurred
TLS-00874,2025-08-07 00:00:00,,,routine,2025-08-07 00:00:00,598.68,WO-0005644,steel_monopole,as_occurred
RCL-02015,2025-08-07 00:00:00,,,routine,2025-08-07 00:00:00,1156.79,WO-0005645,standard,as_occurred
LEGACY-061980,2025-08-07 00:00:00,INLA-20250807-097,physical,corrective,2025-08-07 00:00:00,6415.41,WO-0005646,,as_occurred
DFR-01862,2025-08-07 00:00:00,,,routine,2025-08-07 00:00:00,669.63,WO-0005647,wood_pole,as_occurred
DSS-00367,2025-08-07 00:00:00,,,routine,2025-08-07 00:00:00,1503.61,WO-0005648,standard,as_occurred
LEGACY-007898,2025-08-07 12:00:00,INLA-20250807-097,physical,corrective,2025-08-07 12:00:00,1926.07,WO-0005649,,as_occurred
WMN-02810,2025-08-07 18:00:00,INLA-20250807-097,physical,corrective,2025-08-07 18:00:00,1415.15,WO-0005650,A/C,as_occurred
WMN-03214,2025-08-07 18:00:00,INLA-20250807-097,physical,corrective,2025-08-07 18:00:00,6158.22,WO-0005651,asbestos_cement,as_occurred
WMN-03044,2025-08-07 18:00:00,INLA-20250807-097,physical,corrective,2025-08-07 18:00:00,6573.07,WO-0005652,steel,as_occurred
WMN-03429,2025-08-07 18:00:00,INLA-20250807-097,physical,corrective,2025-08-07 18:00:00,9411.12,WO-0005653,asbestos-cement,as_occurred
WMN-03322,2025-08-07 18:00:00,INLA-20250807-097,physical,corrective,2025-08-07 18:00:00,6470.54,WO-0005654,cast-iron,as_occurred
DSS-00343,2025-08-08 00:00:00,INLA-20250807-097,physical,corrective,2025-08-08 00:00:00,7708.06,WO-0005655,standard,as_occurred
DSS-00345,2025-08-08 00:00:00,,,inspection,2025-08-08 00:00:00,705.15,WO-0005656,standard,as_occurred
DFR-01456,2025-08-08 00:00:00,INLA-20250807-097,physical,corrective,2025-08-08 00:00:00,2979.91,WO-0005657,wood_pole,as_occurred
WMN-03203,2025-08-08 00:00:00,INLA-20250807-097,physical,corrective,2025-08-08 00:00:00,657.36,WO-0005658,asbestos_cement,as_occurred
TNK-02599,2025-08-08 00:00:00,,,routine,2025-08-08 00:00:00,645.69,WO-0005659,standard,as_occurred
TLS-00796,2025-08-08 00:00:00,,,vegetation,2025-08-08 00:00:00,855.34,WO-0005660,steel_monopole,as_occurred
DSS-00068,2025-08-09 00:00:00,,,vegetation,2025-08-09 00:00:00,688.94,WO-0005661,standard,as_occurred
RCL-02092,2025-08-09 00:00:00,,,inspection,2025-08-09 00:00:00,845.03,WO-0005662,standard,as_occurred
TNK-02627,2025-08-09 00:00:00,,,routine,2025-08-09 00:00:00,805.32,WO-0005663,standard,as_occurred
TLS-00890,2025-08-10 00:00:00,,,routine,2025-08-10 00:00:00,615.38,WO-0005664,steel_lattice,as_occurred
TLS-00626,2025-08-10 00:00:00,,,routine,2025-08-10 00:00:00,1557.35,WO-0005665,steel_monopole,as_occurred
TLS-00444,2025-08-10 00:00:00,,,routine,2025-08-10 00:00:00,1528.22,WO-0005666,steel_monopole,as_occurred
DSS-00202,2025-08-10 00:00:00,,,routine,2025-08-10 00:00:00,465.9,WO-0005667,standard,as_occurred
WMN-02681,2025-08-10 00:00:00,,,routine,2025-08-10 00:00:00,1340.74,WO-0005668,ductile_iron,as_occurred
TNK-02588,2025-08-11 00:00:00,,,routine,2025-08-11 00:00:00,1365.93,WO-0005669,standard,as_occurred
DSS-00108,2025-08-11 00:00:00,,,inspection,2025-08-11 00:00:00,634.79,WO-0005670,standard,as_occurred
DSS-00238,2025-08-11 00:00:00,,,vegetation,2025-08-11 00:00:00,511.02,WO-0005671,standard,as_occurred
DSS-00324,2025-08-11 00:00:00,BASE-20250811-102,physical,corrective,2025-08-11 00:00:00,4761.21,WO-0005672,standard,as_occurred
PMP-02512,2025-08-11 00:00:00,BASE-20250811-102,functional_power_loss,corrective,2025-08-11 00:00:00,7181.07,WO-0005673,standard,as_occurred
TLS-00498,2025-08-11 00:00:00,,,vegetation,2025-08-11 00:00:00,303.53,WO-0005674,steel_lattice,as_occurred
TNK-02549,2025-08-11 06:00:00,BASE-20250811-102,physical,corrective,2025-08-11 06:00:00,1986.22,WO-0005675,standard,as_occurred
DFR-01495,2025-08-11 12:00:00,BASE-20250811-102,physical,corrective,2025-08-11 12:00:00,3096.49,WO-0005676,wood_pole,as_occurred
WMN-03102,2025-08-11 12:00:00,BASE-20250811-102,physical,corrective,2025-08-11 12:00:00,19120.88,WO-0005677,cast_iron,as_occurred
WMN-03203,2025-08-11 12:00:00,BASE-20250811-102,physical,corrective,2025-08-11 12:00:00,1826.13,WO-0005678,Asbestos Cement,as_occurred
DFR-01362,2025-08-11 12:00:00,BASE-20250811-102,physical,corrective,2025-08-11 12:00:00,2852.32,WO-0005679,underground,as_occurred
TLS-01097,2025-08-12 00:00:00,,,inspection,2025-08-12 00:00:00,1041.64,WO-0005680,steel_monopole,as_occurred
TLS-01120,2025-08-12 00:00:00,,,vegetation,2025-08-12 00:00:00,392.05,WO-0005681,steel_monopole,as_occurred
WMN-02776,2025-08-12 00:00:00,INLA-20250812-096,physical,corrective,2025-08-12 00:00:00,10145.08,WO-0005682,asbestos_cement,as_occurred
INT-03496,2025-08-12 00:00:00,,,routine,2025-08-12 00:00:00,667.5,WO-0005683,standard,as_occurred
WMN-03214,2025-08-12 00:00:00,INLA-20250812-096,physical,corrective,2025-08-12 00:00:00,11242.11,WO-0005684,Asbestos Cement,as_occurred
DFR-01493,2025-08-12 00:00:00,,,vegetation,2025-08-15 00:00:00,4204.67,WO-0005685,Wood Pole,reported_late
DSS-00130,2025-08-12 00:00:00,,,inspection,2025-08-12 00:00:00,2003.39,WO-0005686,standard,as_occurred
DFR-01986,2025-08-12 00:00:00,,,routine,2025-08-15 00:00:00,1323.62,WO-0005687,composite_pole,reported_late
RCL-02123,2025-08-12 00:00:00,,,routine,2025-08-12 00:00:00,1100.31,WO-0005688,standard,as_occurred
TLS-00771,2025-08-12 00:00:00,,,routine,2025-08-12 00:00:00,516.63,WO-0005689,steel_monopole,as_occurred
PMP-02452,2025-08-12 06:00:00,INLA-20250812-096,physical,corrective,2025-08-12 06:00:00,12961.93,WO-0005690,standard,as_occurred
DSS-00329,2025-08-12 12:00:00,INLA-20250812-096,physical,corrective,2025-08-12 12:00:00,2773.05,WO-0005691,standard,as_occurred
PMP-02465,2025-08-12 12:00:00,INLA-20250812-096,physical,corrective,2025-08-15 12:00:00,7138.36,WO-0005692,standard,reported_late
WMN-03154,2025-08-12 12:00:00,INLA-20250812-096,physical,corrective,2025-08-12 12:00:00,4755.51,WO-0005693,cast_iron,as_occurred
RCL-02077,2025-08-12 18:00:00,INLA-20250812-096,physical,corrective,2025-08-12 18:00:00,9480.06,WO-0005694,standard,as_occurred
PMP-02308,2025-08-12 18:00:00,INLA-20250812-096,functional_power_loss,corrective,2025-08-12 18:00:00,8140.43,WO-0005695,standard,as_occurred
PMP-02455,2025-08-12 18:00:00,INLA-20250812-096,physical,corrective,2025-08-12 18:00:00,5170.27,WO-0005696,standard,as_occurred
PMP-02379,2025-08-12 18:00:00,INLA-20250812-096,physical,corrective,2025-08-12 18:00:00,1905.57,WO-0005697,standard,as_occurred
PMP-02268,2025-08-12 18:00:00,INLA-20250812-096,physical,corrective,2025-08-12 18:00:00,5307.69,WO-0005698,standard,as_occurred
PMP-02332,2025-08-12 18:00:00,INLA-20250812-096,functional_power_loss,corrective,2025-08-12 18:00:00,2573.91,WO-0005699,standard,as_occurred
DFR-01564,2025-08-12 18:00:00,INLA-20250812-096,physical,corrective,2025-08-12 18:00:00,6780.43,WO-0005700,wood_pole,as_occurred
RCL-02116,2025-08-12 18:00:00,INLA-20250812-096,physical,corrective,2025-08-12 18:00:00,4293.41,WO-0005701,standard,as_occurred
PMP-02411,2025-08-12 18:00:00,INLA-20250812-096,physical,corrective,2025-08-12 18:00:00,7010.62,WO-0005702,standard,as_occurred
DSS-00380,2025-08-12 18:00:00,INLA-20250812-096,physical,corrective,2025-08-12 18:00:00,6299.35,WO-0005703,standard,as_occurred
WMN-02932,2025-08-12 18:00:00,INLA-20250812-096,physical,corrective,2025-08-12 18:00:00,4021.53,WO-0005704,C.I.,as_occurred
LEGACY-057388,2025-08-13 00:00:00,,,inspection,2025-08-13 00:00:00,617.76,WO-0005705,,as_occurred
DFR-01890,2025-08-13 00:00:00,,,inspection,2025-08-13 00:00:00,837.03,WO-0005706,Wood,as_occurred
WMN-02983,2025-08-13 00:00:00,,,inspection,2025-08-16 00:00:00,402.35,WO-0005707,ductile_iron,reported_late
TLS-00529,2025-08-13 00:00:00,,,routine,2025-08-13 00:00:00,720.0,WO-0005708,steel_monopole,as_occurred
WMN-02946,2025-08-13 00:00:00,INLA-20250812-096,physical,corrective,2025-08-13 00:00:00,3823.01,WO-0005709,CAST IRON,as_occurred
DSS-00114,2025-08-13 00:00:00,INLA-20250812-096,physical,corrective,2025-08-13 00:00:00,3745.05,WO-0005710,standard,as_occurred
WMN-03033,2025-08-13 00:00:00,,,routine,2025-08-13 00:00:00,2459.57,WO-0005711,cast_iron,as_occurred
WMN-02961,2025-08-13 00:00:00,,,vegetation,2025-08-13 00:00:00,1213.71,WO-0005712,steel,as_occurred
TLS-01009,2025-08-13 00:00:00,,,inspection,2025-08-13 00:00:00,1774.52,WO-0005713,steel_lattice,as_occurred
TLS-01278,2025-08-13 00:00:00,,,routine,2025-08-13 00:00:00,1895.13,WO-0005714,concrete,as_occurred
LEGACY-046385,2025-08-13 00:00:00,,,routine,2025-08-13 00:00:00,322.68,WO-0005715,,as_occurred
TLS-00653,2025-08-13 06:00:00,INLA-20250812-096,physical,corrective,2025-08-13 06:00:00,3485.65,WO-0005716,steel_lattice,as_occurred
WMN-03283,2025-08-13 06:00:00,INLA-20250812-096,physical,corrective,2025-08-13 06:00:00,3808.13,WO-0005717,asbestos_cement,as_occurred
PMP-02299,2025-08-13 06:00:00,INLA-20250812-096,physical,corrective,2025-08-13 06:00:00,5293.98,WO-0005718,standard,as_occurred
TLS-00718,2025-08-14 00:00:00,,,inspection,2025-08-14 00:00:00,375.3,WO-0005719,steel_lattice,as_occurred
DSS-00243,2025-08-14 00:00:00,,,inspection,2025-08-14 00:00:00,1714.99,WO-0005720,standard,as_occurred
DFR-01843,2025-08-14 00:00:00,,,routine,2025-08-14 00:00:00,508.32,WO-0005721,wood_pole,as_occurred
WMN-03011,2025-08-14 00:00:00,,,vegetation,2025-08-14 00:00:00,573.49,WO-0005722,ductile_iron,as_occurred
LEGACY-003083,2025-08-14 00:00:00,,,inspection,2025-08-14 00:00:00,489.07,WO-0005723,,as_occurred
PMP-02507,2025-08-14 00:00:00,,,inspection,2025-08-14 00:00:00,450.0,WO-0005724,standard,as_occurred
DSS-00078,2025-08-14 00:00:00,,,inspection,2025-08-14 00:00:00,1127.04,WO-0005725,standard,as_occurred
TLS-01282,2025-08-14 00:00:00,,,routine,2025-08-14 00:00:00,339.08,WO-0005726,steel_lattice,as_occurred
WMN-03235,2025-08-15 00:00:00,,,routine,2025-08-15 00:00:00,396.64,WO-0005727,pvc,as_occurred
WMN-03112,2025-08-15 00:00:00,,,vegetation,2025-08-15 00:00:00,1302.92,WO-0005728,asbestos-cement,as_occurred
DFR-01330,2025-08-15 00:00:00,,,routine,2025-08-15 00:00:00,192.41,WO-0005729,Wood,as_occurred
TLS-00556,2025-08-15 00:00:00,,,vegetation,2025-08-15 00:00:00,648.89,WO-0005730,steel_lattice,as_occurred
DFR-01544,2025-08-15 00:00:00,,,routine,2025-08-15 00:00:00,1266.97,WO-0005731,wood_pole,as_occurred
DFR-01456,2025-08-16 00:00:00,,,inspection,2025-08-16 00:00:00,713.28,WO-0005732,wood_pole,as_occurred
TNK-02572,2025-08-16 00:00:00,,,inspection,2025-08-16 00:00:00,1031.25,WO-0005733,standard,as_occurred
TLS-00752,2025-08-16 00:00:00,,,routine,2025-08-16 00:00:00,1055.92,WO-0005734,steel_lattice,as_occurred
DFR-01383,2025-08-16 00:00:00,,,inspection,2025-08-16 00:00:00,422.2,WO-0005735,wood_pole,as_occurred
WMN-02907,2025-08-16 00:00:00,,,vegetation,2025-08-16 00:00:00,1709.91,WO-0005736,asbestos_cement,as_occurred
WMN-03014,2025-08-16 00:00:00,,,vegetation,2025-08-16 00:00:00,82.79,WO-0005737,D.I.,as_occurred
WMN-03400,2025-08-17 00:00:00,,,vegetation,2025-08-17 00:00:00,572.51,WO-0005738,ductile_iron,as_occurred
TLS-01258,2025-08-17 00:00:00,,,routine,2025-08-17 00:00:00,945.87,WO-0005739,steel_lattice,as_occurred
TNK-02659,2025-08-17 00:00:00,,,routine,2025-08-17 00:00:00,687.5,WO-0005740,standard,as_occurred
TLS-00833,2025-08-18 00:00:00,,,inspection,2025-08-18 00:00:00,614.22,WO-0005741,steel_lattice,as_occurred
TSS-00015,2025-08-18 00:00:00,,,inspection,2025-08-18 00:00:00,624.12,WO-0005742,standard,as_occurred
PMP-02484,2025-08-19 00:00:00,,,inspection,2025-08-19 00:00:00,198.79,WO-0005743,standard,as_occurred
DFR-01655,2025-08-19 00:00:00,,,inspection,2025-08-19 00:00:00,532.56,WO-0005744,composite_pole,as_occurred
WMN-03357,2025-08-19 00:00:00,,,routine,2025-08-19 00:00:00,597.19,WO-0005745,cast-iron,as_occurred
DFR-01504,2025-08-19 00:00:00,,,routine,2025-08-19 00:00:00,627.85,WO-0005746,concrete_pole,as_occurred
DFR-01743,2025-08-19 00:00:00,,,routine,2025-08-19 00:00:00,955.43,WO-0005747,wood_pole,as_occurred
DFR-01864,2025-08-19 00:00:00,,,inspection,2025-08-19 00:00:00,291.68,WO-0005748,wood_pole,as_occurred
DFR-01477,2025-08-19 00:00:00,,,routine,2025-08-19 00:00:00,1497.3,WO-0005749,Wood,as_occurred
DFR-01395,2025-08-19 00:00:00,,,inspection,2025-08-19 00:00:00,326.9,WO-0005750,wood_pole,as_occurred
TLS-00593,2025-08-19 00:00:00,,,vegetation,2025-08-19 00:00:00,1074.87,WO-0005751,steel_lattice,as_occurred
TSS-00027,2025-08-19 00:00:00,,,inspection,2025-08-22 00:00:00,843.54,WO-0005752,standard,reported_late
DFR-01502,2025-08-20 00:00:00,,,routine,2025-08-20 00:00:00,576.5,WO-0005753,wood_pole,as_occurred
TLS-00435,2025-08-20 00:00:00,,,vegetation,2025-08-20 00:00:00,604.79,WO-0005754,steel_lattice,as_occurred
DFR-01394,2025-08-20 00:00:00,,,routine,2025-08-20 00:00:00,952.19,WO-0005755,wood_pole,as_occurred
DFR-01472,2025-08-20 00:00:00,,,inspection,2025-08-20 00:00:00,457.54,WO-0005756,wood_pole,as_occurred
WMN-03445,2025-08-20 00:00:00,,,routine,2025-08-20 00:00:00,1059.84,WO-0005757,C.I.,as_occurred
TLS-00884,2025-08-20 00:00:00,,,routine,2025-08-20 00:00:00,2097.87,WO-0005758,steel_lattice,as_occurred
WMN-03360,2025-08-21 00:00:00,,,inspection,2025-08-21 00:00:00,3248.59,WO-0005759,ductile_iron,as_occurred
WMN-03359,2025-08-22 00:00:00,,,routine,2025-08-22 00:00:00,503.04,WO-0005760,ductile_iron,as_occurred
DSS-00297,2025-08-22 00:00:00,,,routine,2025-08-22 00:00:00,2151.06,WO-0005761,standard,as_occurred
DSS-00253,2025-08-22 00:00:00,,,vegetation,2025-08-25 00:00:00,142.74,WO-0005762,standard,reported_late
DSS-00188,2025-08-22 00:00:00,,,routine,2025-08-22 00:00:00,1185.83,WO-0005763,standard,as_occurred
DFR-01600,2025-08-22 00:00:00,,,inspection,2025-08-22 00:00:00,991.23,WO-0005764,wood_pole,as_occurred
TLS-01170,2025-08-23 00:00:00,,,routine,2025-08-23 00:00:00,685.28,WO-0005765,steel_lattice,as_occurred
TLS-01148,2025-08-23 00:00:00,,,inspection,2025-08-23 00:00:00,415.88,WO-0005766,steel_lattice,as_occurred
DFR-01831,2025-08-23 00:00:00,,,routine,2025-08-23 00:00:00,852.25,WO-0005767,timber,as_occurred
WMN-02947,2025-08-23 00:00:00,,,routine,2025-08-26 00:00:00,715.98,WO-0005768,Poly Vinyl Chloride,reported_late
DSS-00170,2025-08-23 00:00:00,,,routine,2025-08-23 00:00:00,540.65,WO-0005769,standard,as_occurred
DSS-00204,2025-08-24 00:00:00,,,routine,2025-08-24 00:00:00,230.43,WO-0005770,standard,as_occurred
PMP-02522,2025-08-24 00:00:00,,,inspection,2025-08-24 00:00:00,642.93,WO-0005771,standard,as_occurred
TLS-00859,2025-08-24 00:00:00,,,routine,2025-08-24 00:00:00,875.8,WO-0005772,steel_lattice,as_occurred
WMN-03303,2025-08-24 00:00:00,,,vegetation,2025-08-24 00:00:00,864.35,WO-0005773,cast_iron,as_occurred
TLS-00675,2025-08-24 00:00:00,,,inspection,2025-08-24 00:00:00,545.12,WO-0005774,steel_monopole,as_occurred
WTP-02223,2025-08-25 00:00:00,,,vegetation,2025-08-25 00:00:00,1425.4,WO-0005775,standard,as_occurred
DSS-00097,2025-08-25 00:00:00,,,routine,2025-08-25 00:00:00,697.22,WO-0005776,standard,as_occurred
DFR-01753,2025-08-25 00:00:00,,,routine,2025-08-25 00:00:00,600.81,WO-0005777,wood_pole,as_occurred
DFR-01740,2025-08-25 00:00:00,,,inspection,2025-08-25 00:00:00,267.9,WO-0005778,underground,as_occurred
DFR-01380,2025-08-25 00:00:00,,,inspection,2025-08-25 00:00:00,1522.39,WO-0005779,underground,as_occurred
DFR-01606,2025-08-26 00:00:00,,,vegetation,2025-08-29 00:00:00,1932.29,WO-0005780,timber,reported_late
RCL-02022,2025-08-26 00:00:00,,,routine,2025-08-26 00:00:00,596.28,WO-0005781,standard,as_occurred
LEGACY-090797,2025-08-26 00:00:00,,,inspection,2025-08-26 00:00:00,1241.78,WO-0005782,,as_occurred
TLS-01080,2025-08-26 00:00:00,,,vegetation,2025-08-26 00:00:00,479.27,WO-0005783,concrete,as_occurred
DFR-01639,2025-08-26 00:00:00,,,routine,2025-08-26 00:00:00,771.48,WO-0005784,wood_pole,as_occurred
WMN-02950,2025-08-27 00:00:00,,,inspection,2025-08-27 00:00:00,1018.81,WO-0005785,cast_iron,as_occurred
TLS-01168,2025-08-27 00:00:00,,,routine,2025-08-27 00:00:00,462.08,WO-0005786,steel_monopole,as_occurred
WMN-03131,2025-08-27 00:00:00,,,routine,2025-08-27 00:00:00,684.51,WO-0005787,ductile_iron,as_occurred
WMN-03264,2025-08-27 00:00:00,,,routine,2025-08-27 00:00:00,597.3,WO-0005788,DI,as_occurred
TLS-01267,2025-08-27 00:00:00,,,inspection,2025-08-27 00:00:00,469.9,WO-0005789,concrete,as_occurred
TLS-01288,2025-08-28 00:00:00,,,inspection,2025-08-28 00:00:00,451.98,WO-0005790,steel_lattice,as_occurred
RCL-02049,2025-08-28 00:00:00,,,vegetation,2025-08-28 00:00:00,2159.35,WO-0005791,standard,as_occurred
TLS-00847,2025-08-28 00:00:00,,,vegetation,2025-08-28 00:00:00,978.5,WO-0005792,steel_monopole,as_occurred
WMN-02849,2025-08-29 00:00:00,,,routine,2025-08-29 00:00:00,445.73,WO-0005793,ductile_iron,as_occurred
DFR-01335,2025-08-29 00:00:00,,,inspection,2025-08-29 00:00:00,323.79,WO-0005794,underground,as_occurred
WMN-03172,2025-08-29 00:00:00,,,routine,2025-08-29 00:00:00,1221.01,WO-0005795,pvc,as_occurred
WMN-02946,2025-08-30 00:00:00,,,routine,2025-09-02 00:00:00,316.39,WO-0005796,CI,reported_late
PMP-02268,2025-08-30 00:00:00,,,routine,2025-08-30 00:00:00,112.31,WO-0005797,standard,as_occurred
DFR-01934,2025-08-30 00:00:00,,,routine,2025-08-30 00:00:00,1429.3,WO-0005798,concrete_pole,as_occurred
LEGACY-067067,2025-08-30 00:00:00,,,inspection,2025-08-30 00:00:00,612.99,WO-0005799,,as_occurred
TLS-00943,2025-08-30 00:00:00,,,routine,2025-08-30 00:00:00,334.62,WO-0005800,concrete,as_occurred
WMN-03045,2025-08-30 00:00:00,,,routine,2025-08-30 00:00:00,843.23,WO-0005801,cast_iron,as_occurred
TLS-01012,2025-08-30 00:00:00,,,inspection,2025-08-30 00:00:00,880.46,WO-0005802,steel_monopole,as_occurred
LEGACY-004781,2025-08-31 00:00:00,,,inspection,2025-08-31 00:00:00,606.72,WO-0005803,,as_occurred
WMN-02973,2025-08-31 00:00:00,,,inspection,2025-08-31 00:00:00,883.5,WO-0005804,ductile_iron,as_occurred
DSS-00240,2025-08-31 00:00:00,,,routine,2025-08-31 00:00:00,388.7,WO-0005805,standard,as_occurred
TLS-00939,2025-08-31 00:00:00,,,routine,2025-08-31 00:00:00,958.91,WO-0005806,concrete,as_occurred
DSS-00237,2025-09-01 00:00:00,,,vegetation,2025-09-01 00:00:00,1027.33,WO-0005807,standard,as_occurred
LEGACY-050590,2025-09-01 00:00:00,,,inspection,2025-09-01 00:00:00,1033.05,WO-0005808,,as_occurred
DFR-01896,2025-09-01 00:00:00,,,inspection,2025-09-01 00:00:00,240.96,WO-0005809,wood_pole,as_occurred
DSS-00142,2025-09-02 00:00:00,,,routine,2025-09-02 00:00:00,423.33,WO-0005810,standard,as_occurred
TNK-02667,2025-09-02 00:00:00,,,routine,2025-09-02 00:00:00,565.16,WO-0005811,standard,as_occurred
WMN-02735,2025-09-02 00:00:00,,,vegetation,2025-09-02 00:00:00,889.71,WO-0005812,ductile_iron,as_occurred
TLS-00967,2025-09-02 00:00:00,,,inspection,2025-09-02 00:00:00,391.7,WO-0005813,concrete,as_occurred
TLS-00446,2025-09-02 00:00:00,,,routine,2025-09-02 00:00:00,303.33,WO-0005814,steel_monopole,as_occurred
DFR-01824,2025-09-02 00:00:00,,,vegetation,2025-09-02 00:00:00,191.1,WO-0005815,composite_pole,as_occurred
DSS-00178,2025-09-03 00:00:00,,,routine,2025-09-03 00:00:00,1273.86,WO-0005816,standard,as_occurred
DFR-01777,2025-09-03 00:00:00,,,inspection,2025-09-03 00:00:00,876.96,WO-0005817,wood_pole,as_occurred
DSS-00209,2025-09-04 00:00:00,,,routine,2025-09-04 00:00:00,610.88,WO-0005818,standard,as_occurred
DFR-01814,2025-09-04 00:00:00,,,routine,2025-09-04 00:00:00,277.67,WO-0005819,wood_pole,as_occurred
TSS-00043,2025-09-04 00:00:00,,,inspection,2025-09-04 00:00:00,589.77,WO-0005820,standard,as_occurred
TSS-00040,2025-09-04 00:00:00,,,inspection,2025-09-04 00:00:00,1077.98,WO-0005821,standard,as_occurred
WTP-02225,2025-09-04 00:00:00,,,routine,2025-09-04 00:00:00,738.5,WO-0005822,standard,as_occurred
DFR-01787,2025-09-04 00:00:00,,,inspection,2025-09-04 00:00:00,605.04,WO-0005823,composite_pole,as_occurred
PMP-02484,2025-09-05 00:00:00,,,routine,2025-09-05 00:00:00,712.3,WO-0005824,standard,as_occurred
DSS-00062,2025-09-05 00:00:00,,,inspection,2025-09-05 00:00:00,636.3,WO-0005825,standard,as_occurred
TLS-00503,2025-09-05 00:00:00,,,inspection,2025-09-05 00:00:00,509.76,WO-0005826,steel_lattice,as_occurred
PMP-02374,2025-09-05 00:00:00,,,inspection,2025-09-05 00:00:00,683.92,WO-0005827,standard,as_occurred
WMN-03034,2025-09-05 00:00:00,,,inspection,2025-09-05 00:00:00,137.19,WO-0005828,cast-iron,as_occurred
PMP-02344,2025-09-05 00:00:00,,,routine,2025-09-05 00:00:00,432.21,WO-0005829,standard,as_occurred
TLS-00881,2025-09-05 00:00:00,,,routine,2025-09-05 00:00:00,264.73,WO-0005830,steel_lattice,as_occurred
TLS-00479,2025-09-05 00:00:00,,,inspection,2025-09-05 00:00:00,421.81,WO-0005831,steel_lattice,as_occurred
TLS-00748,2025-09-05 00:00:00,,,inspection,2025-09-05 00:00:00,144.81,WO-0005832,steel_monopole,as_occurred
DSS-00124,2025-09-06 00:00:00,,,routine,2025-09-09 00:00:00,245.31,WO-0005833,standard,reported_late
DFR-01494,2025-09-06 00:00:00,,,vegetation,2025-09-06 00:00:00,1159.0,WO-0005834,timber,as_occurred
PMP-02524,2025-09-06 00:00:00,,,inspection,2025-09-06 00:00:00,5239.74,WO-0005835,standard,as_occurred
DFR-01537,2025-09-07 00:00:00,,,routine,2025-09-07 00:00:00,932.1,WO-0005836,timber,as_occurred
DSS-00309,2025-09-07 00:00:00,,,vegetation,2025-09-10 00:00:00,1089.01,WO-0005837,standard,reported_late
DSS-00080,2025-09-07 00:00:00,INLA-20250907-095,physical,corrective,2025-09-07 00:00:00,3255.97,WO-0005838,standard,as_occurred
DFR-01421,2025-09-07 00:00:00,,,vegetation,2025-09-07 00:00:00,1379.75,WO-0005839,wood_pole,as_occurred
TLS-00704,2025-09-07 00:00:00,,,vegetation,2025-09-07 00:00:00,295.9,WO-0005840,steel_monopole,as_occurred
LEGACY-099927,2025-09-07 06:00:00,INLA-20250907-095,physical,corrective,2025-09-07 06:00:00,4573.69,WO-0005841,,as_occurred
PMP-02253,2025-09-07 06:00:00,INLA-20250907-095,physical,corrective,2025-09-07 06:00:00,2237.38,WO-0005842,standard,as_occurred
TLS-00987,2025-09-07 06:00:00,INLA-20250907-095,physical,corrective,2025-09-07 06:00:00,4461.77,WO-0005843,steel_lattice,as_occurred
WMN-03283,2025-09-07 12:00:00,INLA-20250907-095,physical,corrective,2025-09-07 12:00:00,4025.95,WO-0005844,asbestos_cement,as_occurred
DFR-01971,2025-09-07 12:00:00,INLA-20250907-095,physical,corrective,2025-09-07 12:00:00,1736.26,WO-0005845,Wood,as_occurred
WMN-02776,2025-09-07 18:00:00,INLA-20250907-095,physical,corrective,2025-09-07 18:00:00,12187.99,WO-0005846,asbestos_cement,as_occurred
LEGACY-053274,2025-09-07 18:00:00,INLA-20250907-095,physical,corrective,2025-09-07 18:00:00,2867.24,WO-0005847,,as_occurred
TLS-01115,2025-09-08 00:00:00,INLA-20250907-095,physical,corrective,2025-09-08 00:00:00,2540.27,WO-0005848,steel_monopole,as_occurred
RCL-02031,2025-09-08 00:00:00,,,routine,2025-09-08 00:00:00,500.27,WO-0005849,standard,as_occurred
DSS-00129,2025-09-08 00:00:00,INLA-20250907-095,physical,corrective,2025-09-08 00:00:00,16789.83,WO-0005850,standard,as_occurred
PMP-02488,2025-09-08 00:00:00,INLA-20250907-095,physical,corrective,2025-09-08 00:00:00,3837.31,WO-0005851,standard,as_occurred
PMP-02385,2025-09-08 00:00:00,,,inspection,2025-09-08 00:00:00,1572.61,WO-0005852,standard,as_occurred
WMN-03322,2025-09-08 00:00:00,INLA-20250907-095,physical,corrective,2025-09-08 00:00:00,28658.95,WO-0005853,cast_iron,as_occurred
TLS-00593,2025-09-08 00:00:00,,,routine,2025-09-08 00:00:00,807.71,WO-0005854,steel_lattice,as_occurred
WMN-02773,2025-09-08 00:00:00,,,routine,2025-09-08 00:00:00,252.43,WO-0005855,Ductile Iron,as_occurred
WMN-02715,2025-09-08 00:00:00,INLA-20250907-095,physical,corrective,2025-09-08 00:00:00,9491.79,WO-0005856,pvc,as_occurred
WMN-03101,2025-09-08 06:00:00,INLA-20250907-095,physical,corrective,2025-09-08 06:00:00,3128.77,WO-0005857,cast_iron,as_occurred
LEGACY-085508,2025-09-08 06:00:00,INLA-20250907-095,physical,corrective,2025-09-08 06:00:00,4870.49,WO-0005858,,as_occurred
DFR-01625,2025-09-08 06:00:00,INLA-20250907-095,physical,corrective,2025-09-08 06:00:00,2923.72,WO-0005859,wood_pole,as_occurred
WMN-02747,2025-09-08 06:00:00,INLA-20250907-095,physical,corrective,2025-09-08 06:00:00,3049.81,WO-0005860,asbestos_cement,as_occurred
TLS-01204,2025-09-09 00:00:00,,,vegetation,2025-09-09 00:00:00,631.09,WO-0005861,steel_monopole,as_occurred
DFR-01929,2025-09-09 00:00:00,,,inspection,2025-09-09 00:00:00,271.24,WO-0005862,wood_pole,as_occurred
TLS-01084,2025-09-09 00:00:00,,,inspection,2025-09-09 00:00:00,956.03,WO-0005863,steel_monopole,as_occurred
WMN-03343,2025-09-09 00:00:00,,,vegetation,2025-09-09 00:00:00,419.44,WO-0005864,ductile_iron,as_occurred
WMN-03258,2025-09-10 00:00:00,,,vegetation,2025-09-10 00:00:00,1100.81,WO-0005865,C.I.,as_occurred
DSS-00332,2025-09-10 00:00:00,,,routine,2025-09-10 00:00:00,1645.91,WO-0005866,standard,as_occurred
TLS-00815,2025-09-10 00:00:00,,,routine,2025-09-10 00:00:00,738.38,WO-0005867,concrete,as_occurred
TLS-00595,2025-09-10 00:00:00,,,inspection,2025-09-10 00:00:00,492.76,WO-0005868,steel_lattice,as_occurred
TLS-00773,2025-09-10 00:00:00,,,vegetation,2025-09-10 00:00:00,1255.64,WO-0005869,steel_monopole,as_occurred
WMN-02762,2025-09-11 00:00:00,,,routine,2025-09-11 00:00:00,543.79,WO-0005870,pvc,as_occurred
DFR-01690,2025-09-11 00:00:00,,,routine,2025-09-14 00:00:00,717.08,WO-0005871,wood_pole,reported_late
TLS-01299,2025-09-11 00:00:00,,,inspection,2025-09-11 00:00:00,1448.26,WO-0005872,steel_lattice,as_occurred
PMP-02451,2025-09-11 00:00:00,,,inspection,2025-09-11 00:00:00,150.35,WO-0005873,standard,as_occurred
TLS-01310,2025-09-12 00:00:00,,,inspection,2025-09-12 00:00:00,258.73,WO-0005874,concrete,as_occurred
TLS-00496,2025-09-12 00:00:00,,,inspection,2025-09-12 00:00:00,488.8,WO-0005875,steel_monopole,as_occurred
WMN-03452,2025-09-12 00:00:00,,,inspection,2025-09-12 00:00:00,1993.66,WO-0005876,Ductile Iron,as_occurred
DFR-01344,2025-09-12 00:00:00,,,vegetation,2025-09-12 00:00:00,715.9,WO-0005877,Wood,as_occurred
DFR-01933,2025-09-12 00:00:00,,,routine,2025-09-12 00:00:00,127.26,WO-0005878,underground,as_occurred
TLS-01035,2025-09-12 00:00:00,,,inspection,2025-09-12 00:00:00,3607.75,WO-0005879,steel_lattice,as_occurred
DFR-01928,2025-09-13 00:00:00,,,vegetation,2025-09-13 00:00:00,648.75,WO-0005880,wood_pole,as_occurred
TLS-00720,2025-09-13 00:00:00,,,inspection,2025-09-13 00:00:00,296.07,WO-0005881,steel_monopole,as_occurred
DFR-01978,2025-09-13 00:00:00,,,inspection,2025-09-13 00:00:00,679.73,WO-0005882,Wood Pole,as_occurred
DSS-00342,2025-09-13 00:00:00,,,vegetation,2025-09-13 00:00:00,562.31,WO-0005883,standard,as_occurred
TLS-01208,2025-09-13 00:00:00,,,inspection,2025-09-13 00:00:00,2484.48,WO-0005884,steel_lattice,as_occurred
DSS-00325,2025-09-13 00:00:00,,,vegetation,2025-09-13 00:00:00,1160.8,WO-0005885,standard,as_occurred
WMN-03431,2025-09-13 00:00:00,,,vegetation,2025-09-13 00:00:00,2491.72,WO-0005886,ductile_iron,as_occurred
TLS-00576,2025-09-13 00:00:00,,,routine,2025-09-13 00:00:00,391.31,WO-0005887,steel_lattice,as_occurred
TLS-01186,2025-09-13 00:00:00,,,routine,2025-09-13 00:00:00,1200.26,WO-0005888,steel_lattice,as_occurred
DFR-01467,2025-09-14 00:00:00,,,routine,2025-09-14 00:00:00,1751.74,WO-0005889,wood_pole,as_occurred
TNK-02569,2025-09-14 00:00:00,,,routine,2025-09-14 00:00:00,784.67,WO-0005890,standard,as_occurred
DFR-01981,2025-09-14 00:00:00,,,routine,2025-09-17 00:00:00,865.2,WO-0005891,wood_pole,reported_late
TLS-01214,2025-09-14 00:00:00,,,routine,2025-09-14 00:00:00,1668.8,WO-0005892,steel_monopole,as_occurred
LEGACY-060759,2025-09-14 00:00:00,,,inspection,2025-09-14 00:00:00,1303.06,WO-0005893,,as_occurred
WMN-03111,2025-09-14 00:00:00,,,routine,2025-09-14 00:00:00,1061.09,WO-0005894,asbestos-cement,as_occurred
TLS-01173,2025-09-15 00:00:00,,,vegetation,2025-09-15 00:00:00,686.68,WO-0005895,steel_monopole,as_occurred
RCL-02184,2025-09-15 00:00:00,,,vegetation,2025-09-15 00:00:00,954.18,WO-0005896,standard,as_occurred
DFR-01644,2025-09-15 00:00:00,,,vegetation,2025-09-15 00:00:00,413.11,WO-0005897,wood_pole,as_occurred
PMP-02286,2025-09-15 00:00:00,,,routine,2025-09-15 00:00:00,478.92,WO-0005898,standard,as_occurred
TLS-00663,2025-09-16 00:00:00,,,inspection,2025-09-16 00:00:00,233.49,WO-0005899,steel_lattice,as_occurred
TLS-00616,2025-09-16 00:00:00,,,routine,2025-09-16 00:00:00,601.93,WO-0005900,steel_monopole,as_occurred
PMP-02259,2025-09-16 00:00:00,,,vegetation,2025-09-16 00:00:00,2082.86,WO-0005901,standard,as_occurred
LEGACY-091620,2025-09-16 00:00:00,,,inspection,2025-09-16 00:00:00,614.51,WO-0005902,,as_occurred
LEGACY-068237,2025-09-16 00:00:00,,,routine,2025-09-16 00:00:00,925.65,WO-0005903,,as_occurred
DFR-01901,2025-09-16 00:00:00,,,inspection,2025-09-16 00:00:00,515.28,WO-0005904,wood_pole,as_occurred
PMP-02257,2025-09-16 00:00:00,,,routine,2025-09-16 00:00:00,265.07,WO-0005905,standard,as_occurred
DSS-00062,2025-09-17 00:00:00,,,vegetation,2025-09-17 00:00:00,584.61,WO-0005906,standard,as_occurred
WMN-02988,2025-09-17 00:00:00,,,inspection,2025-09-17 00:00:00,509.66,WO-0005907,pvc,as_occurred
DSS-00286,2025-09-17 00:00:00,,,vegetation,2025-09-20 00:00:00,858.28,WO-0005908,standard,reported_late
TLS-00780,2025-09-17 00:00:00,,,routine,2025-09-17 00:00:00,907.18,WO-0005909,steel_lattice,as_occurred
TLS-00754,2025-09-17 00:00:00,,,routine,2025-09-17 00:00:00,2009.46,WO-0005910,steel_lattice,as_occurred
WMN-03464,2025-09-18 00:00:00,,,routine,2025-09-18 00:00:00,2233.76,WO-0005911,cast_iron,as_occurred
TLS-00660,2025-09-18 00:00:00,,,inspection,2025-09-18 00:00:00,1400.03,WO-0005912,steel_lattice,as_occurred
DSS-00402,2025-09-18 00:00:00,,,inspection,2025-09-18 00:00:00,329.95,WO-0005913,standard,as_occurred
DFR-01421,2025-09-18 00:00:00,,,vegetation,2025-09-18 00:00:00,708.3,WO-0005914,wood_pole,as_occurred
WMN-02840,2025-09-18 00:00:00,,,routine,2025-09-18 00:00:00,480.16,WO-0005915,cast_iron,as_occurred
DFR-01508,2025-09-18 00:00:00,,,routine,2025-09-21 00:00:00,837.2,WO-0005916,WOOD POLE,reported_late
WMN-03017,2025-09-18 00:00:00,,,routine,2025-09-21 00:00:00,625.54,WO-0005917,cast_iron,reported_late
TLS-00815,2025-09-19 00:00:00,,,routine,2025-09-19 00:00:00,647.37,WO-0005918,concrete,as_occurred
LEGACY-064441,2025-09-19 00:00:00,,,inspection,2025-09-19 00:00:00,916.01,WO-0005919,,as_occurred
WMN-03106,2025-09-19 00:00:00,,,routine,2025-09-19 00:00:00,1085.22,WO-0005920,ductile_iron,as_occurred
TNK-02637,2025-09-19 00:00:00,,,routine,2025-09-19 00:00:00,613.58,WO-0005921,standard,as_occurred
TLS-00638,2025-09-19 00:00:00,,,inspection,2025-09-19 00:00:00,956.13,WO-0005922,steel_lattice,as_occurred
DFR-01896,2025-09-19 00:00:00,,,vegetation,2025-09-19 00:00:00,1011.61,WO-0005923,timber,as_occurred
TLS-01156,2025-09-20 00:00:00,,,routine,2025-09-20 00:00:00,403.33,WO-0005924,steel_monopole,as_occurred
PMP-02472,2025-09-20 00:00:00,,,routine,2025-09-20 00:00:00,1315.08,WO-0005925,standard,as_occurred
TLS-00828,2025-09-21 00:00:00,,,inspection,2025-09-21 00:00:00,1650.62,WO-0005926,concrete,as_occurred
TLS-01152,2025-09-21 00:00:00,,,routine,2025-09-21 00:00:00,1155.77,WO-0005927,steel_lattice,as_occurred
RCL-02154,2025-09-21 00:00:00,,,routine,2025-09-21 00:00:00,746.87,WO-0005928,standard,as_occurred
PMP-02396,2025-09-21 00:00:00,,,routine,2025-09-21 00:00:00,162.15,WO-0005929,standard,as_occurred
WMN-03430,2025-09-21 00:00:00,,,vegetation,2025-09-24 00:00:00,260.88,WO-0005930,Poly Vinyl Chloride,reported_late
PMP-02263,2025-09-21 00:00:00,,,routine,2025-09-21 00:00:00,753.46,WO-0005931,standard,as_occurred
TLS-01101,2025-09-23 00:00:00,,,routine,2025-09-23 00:00:00,1280.62,WO-0005932,concrete,as_occurred
RCL-02138,2025-09-23 00:00:00,,,inspection,2025-09-23 00:00:00,2050.57,WO-0005933,standard,as_occurred
WMN-02760,2025-09-23 00:00:00,,,routine,2025-09-23 00:00:00,369.51,WO-0005934,cast_iron,as_occurred
TLS-00676,2025-09-23 00:00:00,,,inspection,2025-09-23 00:00:00,153.9,WO-0005935,steel_lattice,as_occurred
TLS-00957,2025-09-23 00:00:00,,,routine,2025-09-23 00:00:00,1139.22,WO-0005936,steel_lattice,as_occurred
DFR-01384,2025-09-23 00:00:00,,,routine,2025-09-23 00:00:00,1991.26,WO-0005937,wood_pole,as_occurred
TLS-00979,2025-09-24 00:00:00,,,inspection,2025-09-24 00:00:00,751.22,WO-0005938,steel_monopole,as_occurred
DSS-00075,2025-09-24 00:00:00,,,vegetation,2025-09-24 00:00:00,736.79,WO-0005939,standard,as_occurred
TNK-02671,2025-09-24 00:00:00,,,routine,2025-09-24 00:00:00,704.45,WO-0005940,standard,as_occurred
DFR-01987,2025-09-24 00:00:00,,,inspection,2025-09-24 00:00:00,915.16,WO-0005941,WOOD POLE,as_occurred
TNK-02604,2025-09-24 00:00:00,,,inspection,2025-09-24 00:00:00,1132.96,WO-0005942,standard,as_occurred
TLS-01122,2025-09-24 00:00:00,,,vegetation,2025-09-24 00:00:00,405.22,WO-0005943,steel_lattice,as_occurred
WMN-03382,2025-09-25 00:00:00,,,routine,2025-09-28 00:00:00,804.11,WO-0005944,ductile_iron,reported_late
DFR-01562,2025-09-25 00:00:00,,,vegetation,2025-09-25 00:00:00,283.57,WO-0005945,wood_pole,as_occurred
TLS-00855,2025-09-25 00:00:00,,,routine,2025-09-28 00:00:00,467.36,WO-0005946,concrete,reported_late
DSS-00258,2025-09-26 00:00:00,,,inspection,2025-09-26 00:00:00,2582.23,WO-0005947,standard,as_occurred
DFR-01501,2025-09-26 00:00:00,,,routine,2025-09-26 00:00:00,1121.46,WO-0005948,wood_pole,as_occurred
DFR-01550,2025-09-26 00:00:00,,,inspection,2025-09-26 00:00:00,1976.21,WO-0005949,wood_pole,as_occurred
DSS-00268,2025-09-27 00:00:00,,,vegetation,2025-09-27 00:00:00,648.41,WO-0005950,standard,as_occurred
TLS-01123,2025-09-27 00:00:00,,,routine,2025-09-30 00:00:00,3947.62,WO-0005951,steel_monopole,reported_late
DFR-01881,2025-09-27 00:00:00,,,vegetation,2025-09-27 00:00:00,558.92,WO-0005952,wood_pole,as_occurred
WMN-02684,2025-09-27 00:00:00,,,inspection,2025-09-27 00:00:00,1186.45,WO-0005953,pvc,as_occurred
WMN-02986,2025-09-27 00:00:00,,,routine,2025-09-27 00:00:00,525.35,WO-0005954,PVC,as_occurred
DFR-01354,2025-09-27 00:00:00,,,inspection,2025-09-27 00:00:00,217.39,WO-0005955,wood_pole,as_occurred
TLS-01090,2025-09-28 00:00:00,,,vegetation,2025-09-28 00:00:00,193.93,WO-0005956,steel_lattice,as_occurred
TSS-00007,2025-09-28 00:00:00,,,routine,2025-09-28 00:00:00,984.0,WO-0005957,standard,as_occurred
TLS-00726,2025-09-28 00:00:00,,,inspection,2025-09-28 00:00:00,340.08,WO-0005958,steel_lattice,as_occurred
WMN-02806,2025-09-28 00:00:00,,,routine,2025-09-28 00:00:00,851.26,WO-0005959,cast_iron,as_occurred
DFR-01564,2025-09-28 00:00:00,,,inspection,2025-09-28 00:00:00,152.87,WO-0005960,wood_pole,as_occurred
DFR-01834,2025-09-28 00:00:00,,,routine,2025-10-01 00:00:00,1434.89,WO-0005961,wood_pole,reported_late
WMN-03000,2025-09-28 00:00:00,,,inspection,2025-09-28 00:00:00,592.22,WO-0005962,ductile_iron,as_occurred
WMN-02703,2025-09-28 06:00:00,BASE-20250928-110,physical,corrective,2025-09-28 06:00:00,2815.5,WO-0005963,steel,as_occurred
DFR-01731,2025-09-28 06:00:00,BASE-20250928-110,physical,corrective,2025-09-28 06:00:00,4601.87,WO-0005964,Wood,as_occurred
DFR-01936,2025-09-28 06:00:00,BASE-20250928-110,physical,corrective,2025-09-28 06:00:00,11947.96,WO-0005965,timber,as_occurred
TNK-02621,2025-09-29 00:00:00,,,routine,2025-09-29 00:00:00,378.44,WO-0005966,standard,as_occurred
PMP-02499,2025-09-29 00:00:00,,,inspection,2025-09-29 00:00:00,603.13,WO-0005967,standard,as_occurred
TNK-02594,2025-09-29 00:00:00,,,inspection,2025-09-29 00:00:00,1729.26,WO-0005968,standard,as_occurred
DFR-01718,2025-09-29 00:00:00,,,inspection,2025-09-29 00:00:00,252.35,WO-0005969,wood_pole,as_occurred
DFR-01853,2025-09-29 00:00:00,,,inspection,2025-09-29 00:00:00,1456.03,WO-0005970,wood_pole,as_occurred
PMP-02359,2025-09-29 00:00:00,,,routine,2025-09-29 00:00:00,1079.14,WO-0005971,standard,as_occurred
DFR-01998,2025-09-30 00:00:00,,,inspection,2025-09-30 00:00:00,2077.28,WO-0005972,wood_pole,as_occurred
PMP-02257,2025-09-30 00:00:00,,,inspection,2025-09-30 00:00:00,695.09,WO-0005973,standard,as_occurred
DFR-01775,2025-09-30 00:00:00,,,routine,2025-09-30 00:00:00,1033.75,WO-0005974,concrete_pole,as_occurred
WMN-03102,2025-09-30 00:00:00,,,inspection,2025-10-03 00:00:00,447.64,WO-0005975,cast_iron,reported_late
TSS-00019,2025-09-30 00:00:00,,,inspection,2025-09-30 00:00:00,1192.65,WO-0005976,standard,as_occurred
WMN-02708,2025-09-30 00:00:00,,,routine,2025-09-30 00:00:00,783.74,WO-0005977,pvc,as_occurred
WMN-03221,2025-09-30 00:00:00,,,inspection,2025-09-30 00:00:00,443.12,WO-0005978,pvc,as_occurred
RCL-02045,2025-09-30 00:00:00,,,routine,2025-09-30 00:00:00,433.7,WO-0005979,standard,as_occurred
PMP-02376,2025-09-30 00:00:00,,,vegetation,2025-09-30 00:00:00,1209.31,WO-0005980,standard,as_occurred
WMN-03011,2025-09-30 00:00:00,,,routine,2025-09-30 00:00:00,385.27,WO-0005981,ductile_iron,as_occurred
TLS-00946,2025-09-30 00:00:00,,,vegetation,2025-10-03 00:00:00,403.97,WO-0005982,steel_lattice,reported_late
DFR-01385,2025-10-01 00:00:00,,,inspection,2025-10-01 00:00:00,996.68,WO-0005983,Wood,as_occurred
WMN-03370,2025-10-01 00:00:00,,,inspection,2025-10-01 00:00:00,159.79,WO-0005984,ductile_iron,as_occurred
WMN-02699,2025-10-01 00:00:00,,,inspection,2025-10-01 00:00:00,882.18,WO-0005985,PVC,as_occurred
TLS-01159,2025-10-01 00:00:00,,,routine,2025-10-01 00:00:00,291.43,WO-0005986,steel_lattice,as_occurred
DFR-01883,2025-10-02 00:00:00,,,routine,2025-10-02 00:00:00,652.29,WO-0005987,underground,as_occurred
DFR-01327,2025-10-02 00:00:00,,,routine,2025-10-02 00:00:00,3169.37,WO-0005988,wood_pole,as_occurred
DSS-00089,2025-10-02 00:00:00,,,inspection,2025-10-02 00:00:00,1738.46,WO-0005989,standard,as_occurred
DFR-01397,2025-10-02 00:00:00,,,routine,2025-10-02 00:00:00,456.09,WO-0005990,wood_pole,as_occurred
LEGACY-075403,2025-10-02 00:00:00,,,vegetation,2025-10-05 00:00:00,2046.52,WO-0005991,,reported_late
WMN-02945,2025-10-03 00:00:00,,,routine,2025-10-03 00:00:00,757.95,WO-0005992,cast_iron,as_occurred
LEGACY-037221,2025-10-03 00:00:00,,,routine,2025-10-03 00:00:00,735.08,WO-0005993,,as_occurred
RCL-02061,2025-10-03 00:00:00,,,routine,2025-10-03 00:00:00,532.41,WO-0005994,standard,as_occurred
WMN-02828,2025-10-03 00:00:00,,,inspection,2025-10-03 00:00:00,693.72,WO-0005995,ductile-iron,as_occurred
TLS-00838,2025-10-03 00:00:00,,,inspection,2025-10-06 00:00:00,314.23,WO-0005996,steel_lattice,reported_late
DFR-01704,2025-10-03 00:00:00,,,inspection,2025-10-03 00:00:00,847.75,WO-0005997,wood_pole,as_occurred
TLS-01194,2025-10-04 00:00:00,,,routine,2025-10-04 00:00:00,1889.82,WO-0005998,steel_lattice,as_occurred
TSS-00005,2025-10-04 00:00:00,,,routine,2025-10-04 00:00:00,407.01,WO-0005999,standard,as_occurred
DSS-00237,2025-10-04 00:00:00,,,inspection,2025-10-07 00:00:00,1120.04,WO-0006000,standard,reported_late
DFR-01752,2025-10-05 00:00:00,,,routine,2025-10-05 00:00:00,1203.36,WO-0006001,Wood,as_occurred
WMN-03130,2025-10-05 00:00:00,,,inspection,2025-10-05 00:00:00,1064.3,WO-0006002,pvc,as_occurred
TNK-02586,2025-10-05 00:00:00,,,inspection,2025-10-08 00:00:00,779.2,WO-0006003,standard,reported_late
DFR-01393,2025-10-05 00:00:00,,,inspection,2025-10-05 00:00:00,1131.82,WO-0006004,wood_pole,as_occurred
TLS-00481,2025-10-05 00:00:00,,,routine,2025-10-05 00:00:00,4306.37,WO-0006005,steel_lattice,as_occurred
DFR-01737,2025-10-05 00:00:00,,,inspection,2025-10-05 00:00:00,248.52,WO-0006006,Wood Pole,as_occurred
TLS-01227,2025-10-06 00:00:00,,,inspection,2025-10-06 00:00:00,569.57,WO-0006007,steel_lattice,as_occurred
TLS-01001,2025-10-06 00:00:00,,,inspection,2025-10-06 00:00:00,836.56,WO-0006008,steel_monopole,as_occurred
WMN-02937,2025-10-06 00:00:00,,,inspection,2025-10-06 00:00:00,222.81,WO-0006009,ductile_iron,as_occurred
PMP-02460,2025-10-06 00:00:00,,,inspection,2025-10-06 00:00:00,1107.1,WO-0006010,standard,as_occurred
WMN-02894,2025-10-06 00:00:00,,,inspection,2025-10-06 00:00:00,471.75,WO-0006011,steel,as_occurred
TLS-01288,2025-10-06 00:00:00,,,vegetation,2025-10-06 00:00:00,385.73,WO-0006012,steel_lattice,as_occurred
TLS-00477,2025-10-06 00:00:00,,,inspection,2025-10-06 00:00:00,723.62,WO-0006013,steel_lattice,as_occurred
WMN-02689,2025-10-06 00:00:00,,,inspection,2025-10-06 00:00:00,489.08,WO-0006014,ductile_iron,as_occurred
TNK-02563,2025-10-07 00:00:00,,,routine,2025-10-07 00:00:00,747.51,WO-0006015,standard,as_occurred
WMN-03036,2025-10-07 00:00:00,,,vegetation,2025-10-07 00:00:00,369.12,WO-0006016,ductile_iron,as_occurred
WMN-02988,2025-10-07 00:00:00,,,routine,2025-10-07 00:00:00,227.34,WO-0006017,P.V.C.,as_occurred
DFR-01696,2025-10-07 00:00:00,,,routine,2025-10-07 00:00:00,681.41,WO-0006018,underground,as_occurred
RCL-02200,2025-10-07 00:00:00,,,inspection,2025-10-07 00:00:00,684.71,WO-0006019,standard,as_occurred
DFR-01811,2025-10-07 00:00:00,,,routine,2025-10-10 00:00:00,491.92,WO-0006020,timber,reported_late
TNK-02599,2025-10-07 00:00:00,,,routine,2025-10-07 00:00:00,732.37,WO-0006021,standard,as_occurred
TLS-00848,2025-10-07 00:00:00,,,routine,2025-10-07 00:00:00,697.92,WO-0006022,steel_monopole,as_occurred
TLS-00478,2025-10-07 00:00:00,,,inspection,2025-10-07 00:00:00,4278.58,WO-0006023,steel_lattice,as_occurred
TLS-00636,2025-10-07 00:00:00,,,routine,2025-10-07 00:00:00,436.2,WO-0006024,steel_lattice,as_occurred
TLS-01194,2025-10-08 00:00:00,,,routine,2025-10-08 00:00:00,1079.0,WO-0006025,steel_lattice,as_occurred
DFR-01919,2025-10-08 00:00:00,,,routine,2025-10-08 00:00:00,399.22,WO-0006026,concrete_pole,as_occurred
TLS-01296,2025-10-08 00:00:00,,,inspection,2025-10-11 00:00:00,2750.27,WO-0006027,concrete,reported_late
PMP-02330,2025-10-08 00:00:00,,,inspection,2025-10-08 00:00:00,677.55,WO-0006028,standard,as_occurred
WMN-03115,2025-10-08 00:00:00,,,routine,2025-10-08 00:00:00,1943.29,WO-0006029,Cast Iron,as_occurred
WMN-03162,2025-10-08 00:00:00,,,vegetation,2025-10-08 00:00:00,2219.58,WO-0006030,CI,as_occurred
DFR-01517,2025-10-08 00:00:00,,,routine,2025-10-08 00:00:00,878.34,WO-0006031,Wood Pole,as_occurred
TLS-00542,2025-10-08 00:00:00,,,inspection,2025-10-08 00:00:00,692.32,WO-0006032,steel_monopole,as_occurred
TLS-00421,2025-10-08 00:00:00,,,routine,2025-10-08 00:00:00,2035.26,WO-0006033,steel_monopole,as_occurred
DSS-00394,2025-10-09 00:00:00,WILD-20251009-098,physical,corrective,2025-10-09 00:00:00,1254.96,WO-0006034,standard,as_occurred
DFR-01356,2025-10-09 00:00:00,WILD-20251009-098,physical,corrective,2025-10-09 00:00:00,6674.76,WO-0006035,wood_pole,as_occurred
WMN-03366,2025-10-09 00:00:00,,,inspection,2025-10-09 00:00:00,293.83,WO-0006036,ductile_iron,as_occurred
WMN-03232,2025-10-09 00:00:00,,,routine,2025-10-09 00:00:00,1273.04,WO-0006037,steel,as_occurred
WMN-03456,2025-10-09 00:00:00,WILD-20251009-098,physical,corrective,2025-10-09 00:00:00,3171.41,WO-0006038,cast_iron,as_occurred
DFR-01657,2025-10-09 00:00:00,WILD-20251009-098,physical,corrective,2025-10-09 00:00:00,2841.24,WO-0006039,wood_pole,as_occurred
PMP-02362,2025-10-09 00:00:00,WILD-20251009-098,functional_power_loss,corrective,2025-10-09 00:00:00,728.59,WO-0006040,standard,as_occurred
TNK-02593,2025-10-09 00:00:00,BASE-20251009-112,physical,corrective,2025-10-09 00:00:00,10377.7,WO-0006041,standard,as_occurred
PMP-02354,2025-10-09 00:00:00,BASE-20251009-112,physical,corrective,2025-10-09 00:00:00,5167.04,WO-0006042,standard,as_occurred
DFR-01529,2025-10-09 06:00:00,WILD-20251009-098,physical,corrective,2025-10-09 06:00:00,7563.78,WO-0006043,WOOD POLE,as_occurred
DFR-01462,2025-10-09 06:00:00,WILD-20251009-098,physical,corrective,2025-10-09 06:00:00,1679.3,WO-0006044,wood_pole,as_occurred
TLS-00975,2025-10-09 06:00:00,BASE-20251009-112,physical,corrective,2025-10-09 06:00:00,6332.06,WO-0006045,steel_monopole,as_occurred
DFR-01553,2025-10-09 06:00:00,WILD-20251009-098,physical,corrective,2025-10-09 06:00:00,2132.13,WO-0006046,wood_pole,as_occurred
DFR-01904,2025-10-09 12:00:00,WILD-20251009-098,physical,corrective,2025-10-09 12:00:00,11180.26,WO-0006047,wood_pole,as_occurred
DFR-01369,2025-10-09 12:00:00,WILD-20251009-098,physical,corrective,2025-10-09 12:00:00,2107.28,WO-0006048,Wood,as_occurred
DFR-01399,2025-10-09 12:00:00,WILD-20251009-098,physical,corrective,2025-10-09 12:00:00,9521.56,WO-0006049,wood_pole,as_occurred
LEGACY-029620,2025-10-09 12:00:00,WILD-20251009-098,physical,corrective,2025-10-12 12:00:00,3206.57,WO-0006050,,reported_late
DSS-00364,2025-10-09 18:00:00,WILD-20251009-098,physical,corrective,2025-10-09 18:00:00,1598.12,WO-0006051,standard,as_occurred
DFR-01374,2025-10-09 18:00:00,WILD-20251009-098,physical,corrective,2025-10-09 18:00:00,8824.31,WO-0006052,wood_pole,as_occurred
TSS-00038,2025-10-09 18:00:00,BASE-20251009-112,physical,corrective,2025-10-09 18:00:00,3069.44,WO-0006053,standard,as_occurred
DFR-01664,2025-10-09 18:00:00,WILD-20251009-098,physical,corrective,2025-10-09 18:00:00,23383.29,WO-0006054,wood_pole,as_occurred
WMN-03101,2025-10-09 18:00:00,BASE-20251009-112,physical,corrective,2025-10-09 18:00:00,12744.92,WO-0006055,cast_iron,as_occurred
WMN-02812,2025-10-09 18:00:00,BASE-20251009-112,physical,corrective,2025-10-09 18:00:00,4944.82,WO-0006056,cast_iron,as_occurred
WMN-03322,2025-10-09 18:00:00,WILD-20251009-098,physical,corrective,2025-10-09 18:00:00,5462.88,WO-0006057,cast_iron,as_occurred
DFR-01514,2025-10-09 18:00:00,BASE-20251009-112,physical,corrective,2025-10-09 18:00:00,11806.67,WO-0006058,wood_pole,as_occurred
LEGACY-035309,2025-10-09 18:00:00,WILD-20251009-098,functional_power_loss,corrective,2025-10-09 18:00:00,23284.07,WO-0006059,,as_occurred
TNK-02636,2025-10-10 00:00:00,,,routine,2025-10-10 00:00:00,629.21,WO-0006060,standard,as_occurred
RCL-02145,2025-10-10 00:00:00,,,inspection,2025-10-10 00:00:00,773.27,WO-0006061,standard,as_occurred
INT-03507,2025-10-10 00:00:00,,,vegetation,2025-10-10 00:00:00,206.45,WO-0006062,standard,as_occurred
WMN-02965,2025-10-10 00:00:00,,,routine,2025-10-10 00:00:00,391.7,WO-0006063,DI,as_occurred
DSS-00080,2025-10-10 00:00:00,WILD-20251009-098,physical,corrective,2025-10-10 00:00:00,1046.78,WO-0006064,standard,as_occurred
DFR-01398,2025-10-10 00:00:00,,,routine,2025-10-13 00:00:00,353.87,WO-0006065,underground,reported_late
DSS-00406,2025-10-10 00:00:00,WILD-20251009-098,physical,corrective,2025-10-10 00:00:00,5642.61,WO-0006066,standard,as_occurred
WMN-02682,2025-10-10 00:00:00,WILD-20251009-098,physical,corrective,2025-10-10 00:00:00,9080.84,WO-0006067,pvc,as_occurred
TLS-00902,2025-10-10 00:00:00,,,inspection,2025-10-13 00:00:00,1450.24,WO-0006068,steel_lattice,reported_late
PMP-02346,2025-10-10 00:00:00,WILD-20251009-098,functional_power_loss,corrective,2025-10-10 00:00:00,12907.38,WO-0006069,standard,as_occurred
DFR-01631,2025-10-10 00:00:00,WILD-20251009-098,physical,corrective,2025-10-10 00:00:00,2448.44,WO-0006070,wood_pole,as_occurred
PMP-02489,2025-10-10 00:00:00,WILD-20251009-098,physical,corrective,2025-10-10 00:00:00,3520.07,WO-0006071,standard,as_occurred
PMP-02341,2025-10-10 00:00:00,WILD-20251009-098,functional_power_loss,corrective,2025-10-10 00:00:00,3203.69,WO-0006072,standard,as_occurred
PMP-02334,2025-10-10 00:00:00,WILD-20251009-098,functional_power_loss,corrective,2025-10-10 00:00:00,1745.5,WO-0006073,standard,as_occurred
DFR-01978,2025-10-10 06:00:00,WILD-20251009-098,physical,corrective,2025-10-10 06:00:00,5672.45,WO-0006074,wood_pole,as_occurred
DFR-01559,2025-10-10 06:00:00,WILD-20251009-098,physical,corrective,2025-10-10 06:00:00,1816.2,WO-0006075,wood_pole,as_occurred
DFR-01959,2025-10-10 06:00:00,WILD-20251009-098,physical,corrective,2025-10-10 06:00:00,14436.78,WO-0006076,wood_pole,as_occurred
DFR-01756,2025-10-10 06:00:00,WILD-20251009-098,physical,corrective,2025-10-13 06:00:00,11535.89,WO-0006077,wood_pole,reported_late
DSS-00398,2025-10-10 06:00:00,WILD-20251009-098,physical,corrective,2025-10-10 06:00:00,4295.69,WO-0006078,standard,as_occurred
WMN-02875,2025-10-10 12:00:00,WILD-20251009-098,physical,corrective,2025-10-10 12:00:00,10064.05,WO-0006079,Cast Iron,as_occurred
DFR-01928,2025-10-10 12:00:00,WILD-20251009-098,physical,corrective,2025-10-10 12:00:00,4174.52,WO-0006080,wood_pole,as_occurred
DSS-00327,2025-10-10 12:00:00,WILD-20251009-098,physical,corrective,2025-10-10 12:00:00,3542.09,WO-0006081,standard,as_occurred
PMP-02238,2025-10-10 12:00:00,WILD-20251009-098,functional_power_loss,corrective,2025-10-10 12:00:00,4956.47,WO-0006082,standard,as_occurred
DFR-01507,2025-10-10 12:00:00,WILD-20251009-098,physical,corrective,2025-10-10 12:00:00,3210.81,WO-0006083,Wood,as_occurred
DFR-01550,2025-10-10 12:00:00,WILD-20251009-098,physical,corrective,2025-10-10 12:00:00,1671.93,WO-0006084,wood_pole,as_occurred
WMN-02859,2025-10-10 18:00:00,WILD-20251009-098,physical,corrective,2025-10-10 18:00:00,1161.17,WO-0006085,cast_iron,as_occurred
PMP-02297,2025-10-10 18:00:00,WILD-20251009-098,functional_power_loss,corrective,2025-10-10 18:00:00,3060.08,WO-0006086,standard,as_occurred
DFR-01579,2025-10-10 18:00:00,WILD-20251009-098,physical,corrective,2025-10-10 18:00:00,14398.01,WO-0006087,timber,as_occurred
DSS-00172,2025-10-10 18:00:00,WILD-20251009-098,physical,corrective,2025-10-10 18:00:00,808.0,WO-0006088,standard,as_occurred
DSS-00243,2025-10-10 18:00:00,WILD-20251009-098,physical,corrective,2025-10-10 18:00:00,2295.7,WO-0006089,standard,as_occurred
DFR-01440,2025-10-11 00:00:00,,,inspection,2025-10-14 00:00:00,781.64,WO-0006090,WOOD POLE,reported_late
DFR-01551,2025-10-11 00:00:00,,,inspection,2025-10-11 00:00:00,1129.46,WO-0006091,wood_pole,as_occurred
DFR-01769,2025-10-11 00:00:00,,,inspection,2025-10-11 00:00:00,335.65,WO-0006092,timber,as_occurred
TLS-00833,2025-10-11 00:00:00,,,routine,2025-10-11 00:00:00,612.13,WO-0006093,steel_lattice,as_occurred
WMN-02677,2025-10-11 00:00:00,,,routine,2025-10-11 00:00:00,930.71,WO-0006094,cast_iron,as_occurred
DSS-00263,2025-10-11 00:00:00,,,inspection,2025-10-11 00:00:00,298.58,WO-0006095,standard,as_occurred
LEGACY-061611,2025-10-11 00:00:00,,,inspection,2025-10-11 00:00:00,608.21,WO-0006096,,as_occurred
TLS-00965,2025-10-11 00:00:00,,,inspection,2025-10-11 00:00:00,1472.76,WO-0006097,concrete,as_occurred
RCL-02173,2025-10-11 00:00:00,,,routine,2025-10-11 00:00:00,754.39,WO-0006098,standard,as_occurred
WMN-03172,2025-10-12 00:00:00,,,routine,2025-10-15 00:00:00,349.55,WO-0006099,pvc,reported_late
WTP-02219,2025-10-12 00:00:00,,,routine,2025-10-12 00:00:00,551.8,WO-0006100,standard,as_occurred
TLS-00959,2025-10-12 00:00:00,,,routine,2025-10-12 00:00:00,1681.1,WO-0006101,steel_monopole,as_occurred
TNK-02625,2025-10-12 00:00:00,,,vegetation,2025-10-12 00:00:00,1821.26,WO-0006102,standard,as_occurred
TLS-00970,2025-10-12 00:00:00,,,vegetation,2025-10-12 00:00:00,598.78,WO-0006103,concrete,as_occurred
WMN-03271,2025-10-12 00:00:00,,,inspection,2025-10-12 00:00:00,737.97,WO-0006104,pvc,as_occurred
TLS-00470,2025-10-13 00:00:00,,,routine,2025-10-13 00:00:00,408.36,WO-0006105,steel_lattice,as_occurred
WMN-03300,2025-10-13 00:00:00,BASE-20251013-106,physical,corrective,2025-10-13 00:00:00,8297.57,WO-0006106,ductile-iron,as_occurred
WMN-03282,2025-10-13 00:00:00,,,inspection,2025-10-13 00:00:00,403.97,WO-0006107,cast_iron,as_occurred
WMN-03429,2025-10-13 06:00:00,BASE-20251013-106,physical,corrective,2025-10-13 06:00:00,3364.06,WO-0006108,asbestos_cement,as_occurred
WMN-02875,2025-10-13 12:00:00,BASE-20251013-106,physical,corrective,2025-10-16 12:00:00,3543.77,WO-0006109,cast_iron,reported_late
DFR-01928,2025-10-13 12:00:00,BASE-20251013-106,physical,corrective,2025-10-13 12:00:00,4048.51,WO-0006110,wood_pole,as_occurred
DSS-00121,2025-10-13 12:00:00,BASE-20251013-106,physical,corrective,2025-10-13 12:00:00,5205.16,WO-0006111,standard,as_occurred
WMN-02810,2025-10-13 18:00:00,BASE-20251013-106,physical,corrective,2025-10-13 18:00:00,1874.77,WO-0006112,asbestos_cement,as_occurred
TNK-02671,2025-10-13 18:00:00,BASE-20251013-106,physical,corrective,2025-10-13 18:00:00,1762.15,WO-0006113,standard,as_occurred
DFR-01616,2025-10-14 00:00:00,,,routine,2025-10-14 00:00:00,548.1,WO-0006114,underground,as_occurred
RCL-02088,2025-10-14 00:00:00,,,inspection,2025-10-14 00:00:00,1917.16,WO-0006115,standard,as_occurred
LEGACY-057585,2025-10-14 00:00:00,,,inspection,2025-10-14 00:00:00,1419.66,WO-0006116,,as_occurred
WMN-03376,2025-10-14 00:00:00,,,routine,2025-10-17 00:00:00,695.72,WO-0006117,PVC,reported_late
DSS-00371,2025-10-15 00:00:00,,,vegetation,2025-10-15 00:00:00,799.91,WO-0006118,standard,as_occurred
DFR-01952,2025-10-15 00:00:00,,,vegetation,2025-10-15 00:00:00,786.31,WO-0006119,wood_pole,as_occurred
TNK-02592,2025-10-15 00:00:00,,,routine,2025-10-15 00:00:00,1465.23,WO-0006120,standard,as_occurred
WMN-02781,2025-10-15 00:00:00,,,inspection,2025-10-18 00:00:00,437.48,WO-0006121,ductile-iron,reported_late
WMN-02885,2025-10-15 00:00:00,,,routine,2025-10-15 00:00:00,1252.45,WO-0006122,ductile_iron,as_occurred
DFR-01896,2025-10-15 00:00:00,,,vegetation,2025-10-15 00:00:00,575.22,WO-0006123,wood_pole,as_occurred
DFR-01582,2025-10-16 00:00:00,,,routine,2025-10-19 00:00:00,2110.74,WO-0006124,concrete_pole,reported_late
TLS-00594,2025-10-16 00:00:00,,,routine,2025-10-16 00:00:00,512.15,WO-0006125,steel_lattice,as_occurred
TLS-01211,2025-10-16 00:00:00,,,vegetation,2025-10-16 00:00:00,659.74,WO-0006126,steel_monopole,as_occurred
TLS-01160,2025-10-16 00:00:00,,,vegetation,2025-10-16 00:00:00,1315.56,WO-0006127,steel_lattice,as_occurred
PMP-02334,2025-10-17 00:00:00,,,inspection,2025-10-17 00:00:00,164.05,WO-0006128,standard,as_occurred
TLS-01268,2025-10-17 00:00:00,,,vegetation,2025-10-17 00:00:00,539.03,WO-0006129,steel_lattice,as_occurred
TNK-02673,2025-10-17 00:00:00,,,routine,2025-10-17 00:00:00,571.51,WO-0006130,standard,as_occurred
WMN-02841,2025-10-17 00:00:00,,,inspection,2025-10-17 00:00:00,602.71,WO-0006131,pvc,as_occurred
WMN-02841,2025-10-17 00:00:00,,,inspection,2025-10-17 00:00:00,524.43,WO-0006132,pvc,as_occurred
WTP-02224,2025-10-18 00:00:00,,,vegetation,2025-10-18 00:00:00,634.09,WO-0006133,standard,as_occurred
TNK-02614,2025-10-18 00:00:00,,,inspection,2025-10-18 00:00:00,500.17,WO-0006134,standard,as_occurred
DFR-01782,2025-10-18 00:00:00,,,vegetation,2025-10-18 00:00:00,1977.89,WO-0006135,wood_pole,as_occurred
DFR-01633,2025-10-18 18:00:00,BASE-20251018-101,physical,corrective,2025-10-18 18:00:00,3672.19,WO-0006136,wood_pole,as_occurred
WMN-03058,2025-10-18 18:00:00,BASE-20251018-101,physical,corrective,2025-10-18 18:00:00,5527.76,WO-0006137,CI,as_occurred
WMN-03463,2025-10-18 18:00:00,BASE-20251018-101,physical,corrective,2025-10-18 18:00:00,2334.28,WO-0006138,cast_iron,as_occurred
WMN-03429,2025-10-18 18:00:00,BASE-20251018-101,physical,corrective,2025-10-18 18:00:00,2562.88,WO-0006139,asbestos_cement,as_occurred
WMN-03347,2025-10-19 00:00:00,,,inspection,2025-10-19 00:00:00,941.07,WO-0006140,ductile_iron,as_occurred
DFR-01642,2025-10-19 00:00:00,,,vegetation,2025-10-19 00:00:00,1954.38,WO-0006141,WOOD POLE,as_occurred
DFR-01833,2025-10-19 00:00:00,,,inspection,2025-10-19 00:00:00,690.92,WO-0006142,Wood Pole,as_occurred
TNK-02641,2025-10-19 00:00:00,,,inspection,2025-10-19 00:00:00,794.96,WO-0006143,standard,as_occurred
TLS-00481,2025-10-19 00:00:00,,,vegetation,2025-10-19 00:00:00,421.83,WO-0006144,steel_lattice,as_occurred
TLS-00862,2025-10-19 00:00:00,,,routine,2025-10-19 00:00:00,741.43,WO-0006145,concrete,as_occurred
RCL-02116,2025-10-19 00:00:00,,,vegetation,2025-10-19 00:00:00,646.56,WO-0006146,standard,as_occurred
WMN-02969,2025-10-20 00:00:00,,,inspection,2025-10-20 00:00:00,1332.06,WO-0006147,ductile_iron,as_occurred
WMN-03182,2025-10-20 00:00:00,,,routine,2025-10-20 00:00:00,919.5,WO-0006148,cast_iron,as_occurred
DSS-00184,2025-10-21 00:00:00,,,routine,2025-10-21 00:00:00,642.97,WO-0006149,standard,as_occurred
PMP-02300,2025-10-21 00:00:00,,,vegetation,2025-10-24 00:00:00,6326.05,WO-0006150,standard,reported_late
DFR-01436,2025-10-21 00:00:00,,,inspection,2025-10-21 00:00:00,1146.29,WO-0006151,concrete_pole,as_occurred
TLS-00743,2025-10-21 00:00:00,,,inspection,2025-10-21 00:00:00,361.39,WO-0006152,steel_lattice,as_occurred
RCL-02113,2025-10-21 00:00:00,,,vegetation,2025-10-21 00:00:00,243.74,WO-0006153,standard,as_occurred
DSS-00310,2025-10-22 00:00:00,,,routine,2025-10-22 00:00:00,464.25,WO-0006154,standard,as_occurred
DSS-00075,2025-10-22 00:00:00,,,inspection,2025-10-22 00:00:00,1139.47,WO-0006155,standard,as_occurred
WMN-03448,2025-10-22 00:00:00,,,inspection,2025-10-22 00:00:00,492.19,WO-0006156,steel,as_occurred
TLS-01249,2025-10-22 00:00:00,,,inspection,2025-10-22 00:00:00,298.67,WO-0006157,steel_lattice,as_occurred
PMP-02373,2025-10-23 00:00:00,,,routine,2025-10-23 00:00:00,616.73,WO-0006158,standard,as_occurred
WMN-03082,2025-10-23 00:00:00,,,inspection,2025-10-23 00:00:00,2288.21,WO-0006159,ductile_iron,as_occurred
DFR-01762,2025-10-23 00:00:00,,,routine,2025-10-23 00:00:00,549.42,WO-0006160,WOOD POLE,as_occurred
PMP-02491,2025-10-23 00:00:00,,,inspection,2025-10-23 00:00:00,1211.84,WO-0006161,standard,as_occurred
RCL-02127,2025-10-23 00:00:00,,,inspection,2025-10-23 00:00:00,403.67,WO-0006162,standard,as_occurred
WMN-03037,2025-10-23 00:00:00,,,inspection,2025-10-23 00:00:00,1809.21,WO-0006163,cast_iron,as_occurred
DSS-00255,2025-10-23 00:00:00,,,routine,2025-10-23 00:00:00,1145.11,WO-0006164,standard,as_occurred
DSS-00146,2025-10-23 00:00:00,,,inspection,2025-10-23 00:00:00,582.92,WO-0006165,standard,as_occurred
TSS-00055,2025-10-23 00:00:00,,,routine,2025-10-23 00:00:00,1006.83,WO-0006166,standard,as_occurred
DFR-01401,2025-10-23 00:00:00,,,routine,2025-10-26 00:00:00,1112.74,WO-0006167,wood_pole,reported_late
WMN-02811,2025-10-24 00:00:00,,,inspection,2025-10-24 00:00:00,954.84,WO-0006168,pvc,as_occurred
WMN-02923,2025-10-24 00:00:00,,,inspection,2025-10-24 00:00:00,1858.84,WO-0006169,ductile_iron,as_occurred
DFR-01560,2025-10-24 00:00:00,,,inspection,2025-10-24 00:00:00,520.45,WO-0006170,wood_pole,as_occurred
WMN-02681,2025-10-24 00:00:00,,,inspection,2025-10-24 00:00:00,614.14,WO-0006171,ductile_iron,as_occurred
TNK-02667,2025-10-24 00:00:00,,,routine,2025-10-24 00:00:00,360.85,WO-0006172,standard,as_occurred
WMN-03437,2025-10-24 00:00:00,,,routine,2025-10-24 00:00:00,1415.53,WO-0006173,asbestos_cement,as_occurred
WMN-02763,2025-10-24 00:00:00,,,vegetation,2025-10-24 00:00:00,909.73,WO-0006174,cast_iron,as_occurred
TLS-01073,2025-10-24 00:00:00,,,routine,2025-10-24 00:00:00,406.21,WO-0006175,steel_lattice,as_occurred
TNK-02575,2025-10-24 00:00:00,,,routine,2025-10-24 00:00:00,1057.8,WO-0006176,standard,as_occurred
TLS-00997,2025-10-25 00:00:00,,,inspection,2025-10-25 00:00:00,671.44,WO-0006177,steel_lattice,as_occurred
DFR-01347,2025-10-25 00:00:00,,,routine,2025-10-25 00:00:00,382.85,WO-0006178,composite_pole,as_occurred
TLS-00583,2025-10-25 00:00:00,,,routine,2025-10-25 00:00:00,234.1,WO-0006179,steel_lattice,as_occurred
DFR-01340,2025-10-26 00:00:00,,,routine,2025-10-26 00:00:00,2014.83,WO-0006180,composite_pole,as_occurred
WMN-02879,2025-10-26 00:00:00,,,vegetation,2025-10-26 00:00:00,1506.96,WO-0006181,cast_iron,as_occurred
RCL-02156,2025-10-27 00:00:00,,,inspection,2025-10-27 00:00:00,493.97,WO-0006182,standard,as_occurred
TLS-01083,2025-10-27 00:00:00,,,inspection,2025-10-27 00:00:00,656.43,WO-0006183,steel_monopole,as_occurred
DFR-01553,2025-10-27 00:00:00,,,routine,2025-10-27 00:00:00,1156.47,WO-0006184,wood_pole,as_occurred
WMN-03186,2025-10-27 00:00:00,,,inspection,2025-10-27 00:00:00,526.1,WO-0006185,pvc,as_occurred
DSS-00340,2025-10-27 00:00:00,,,routine,2025-10-27 00:00:00,386.84,WO-0006186,standard,as_occurred
DFR-01928,2025-10-28 00:00:00,BASE-20251028-115,physical,corrective,2025-10-28 00:00:00,11326.12,WO-0006187,WOOD POLE,as_occurred
TLS-01071,2025-10-28 00:00:00,BASE-20251028-115,physical,corrective,2025-10-28 00:00:00,4936.9,WO-0006188,steel_monopole,as_occurred
LEGACY-032132,2025-10-28 00:00:00,,,routine,2025-10-28 00:00:00,892.99,WO-0006189,,as_occurred
WMN-03239,2025-10-28 00:00:00,,,inspection,2025-10-28 00:00:00,1037.02,WO-0006190,cast_iron,as_occurred
DFR-01644,2025-10-28 06:00:00,BASE-20251028-115,physical,corrective,2025-10-28 06:00:00,2612.73,WO-0006191,wood_pole,as_occurred
TLS-00878,2025-10-28 06:00:00,BASE-20251028-115,physical,corrective,2025-10-28 06:00:00,2830.93,WO-0006192,steel_lattice,as_occurred
WMN-03016,2025-10-28 12:00:00,BASE-20251028-115,physical,corrective,2025-10-28 12:00:00,3269.23,WO-0006193,ductile_iron,as_occurred
WMN-02837,2025-10-28 12:00:00,BASE-20251028-115,physical,corrective,2025-10-28 12:00:00,6917.46,WO-0006194,ductile_iron,as_occurred
WMN-02781,2025-10-28 12:00:00,BASE-20251028-115,physical,corrective,2025-10-28 12:00:00,18840.61,WO-0006195,ductile_iron,as_occurred
DFR-01441,2025-10-28 18:00:00,BASE-20251028-115,physical,corrective,2025-10-28 18:00:00,2126.55,WO-0006196,WOOD POLE,as_occurred
WMN-03429,2025-10-28 18:00:00,BASE-20251028-115,physical,corrective,2025-10-28 18:00:00,4950.28,WO-0006197,asbestos-cement,as_occurred
DFR-01940,2025-10-28 18:00:00,BASE-20251028-115,physical,corrective,2025-10-28 18:00:00,7092.92,WO-0006198,wood_pole,as_occurred
DFR-01722,2025-10-29 00:00:00,,,vegetation,2025-10-29 00:00:00,853.69,WO-0006199,wood_pole,as_occurred
DFR-01326,2025-10-29 00:00:00,,,vegetation,2025-10-29 00:00:00,2263.52,WO-0006200,wood_pole,as_occurred
TLS-01105,2025-10-29 00:00:00,,,routine,2025-10-29 00:00:00,4475.15,WO-0006201,steel_lattice,as_occurred
WMN-03387,2025-10-29 00:00:00,,,vegetation,2025-10-29 00:00:00,1054.35,WO-0006202,pvc,as_occurred
TLS-00661,2025-10-29 00:00:00,,,inspection,2025-10-29 00:00:00,829.53,WO-0006203,steel_lattice,as_occurred
LEGACY-018399,2025-10-29 00:00:00,,,routine,2025-10-29 00:00:00,1132.81,WO-0006204,,as_occurred
TLS-00946,2025-10-30 00:00:00,,,vegetation,2025-10-30 00:00:00,395.52,WO-0006205,steel_lattice,as_occurred
TNK-02638,2025-10-30 00:00:00,,,inspection,2025-10-30 00:00:00,300.44,WO-0006206,standard,as_occurred
PMP-02347,2025-10-30 00:00:00,,,routine,2025-10-30 00:00:00,864.48,WO-0006207,standard,as_occurred
TLS-01034,2025-10-30 00:00:00,,,inspection,2025-10-30 00:00:00,1182.93,WO-0006208,steel_monopole,as_occurred
WMN-03396,2025-10-31 00:00:00,,,routine,2025-10-31 00:00:00,2543.74,WO-0006209,cast-iron,as_occurred
WMN-03166,2025-10-31 00:00:00,,,routine,2025-10-31 00:00:00,879.7,WO-0006210,cast-iron,as_occurred
DSS-00196,2025-10-31 00:00:00,,,inspection,2025-10-31 00:00:00,789.4,WO-0006211,standard,as_occurred
WMN-02677,2025-10-31 00:00:00,,,inspection,2025-10-31 00:00:00,252.19,WO-0006212,cast_iron,as_occurred
DSS-00107,2025-10-31 00:00:00,,,routine,2025-10-31 00:00:00,400.84,WO-0006213,standard,as_occurred
TLS-01304,2025-11-02 00:00:00,,,routine,2025-11-02 00:00:00,1484.87,WO-0006214,steel_lattice,as_occurred
DSS-00346,2025-11-02 00:00:00,,,vegetation,2025-11-02 00:00:00,880.88,WO-0006215,standard,as_occurred
WMN-02989,2025-11-02 00:00:00,,,inspection,2025-11-02 00:00:00,1903.07,WO-0006216,pvc,as_occurred
LEGACY-050583,2025-11-02 00:00:00,,,routine,2025-11-02 00:00:00,868.18,WO-0006217,,as_occurred
DFR-01730,2025-11-02 00:00:00,,,routine,2025-11-02 00:00:00,1548.36,WO-0006218,wood_pole,as_occurred
DFR-01663,2025-11-02 00:00:00,,,inspection,2025-11-02 00:00:00,865.42,WO-0006219,wood_pole,as_occurred
DSS-00217,2025-11-03 00:00:00,,,inspection,2025-11-06 00:00:00,1762.36,WO-0006220,standard,reported_late
WMN-02778,2025-11-03 00:00:00,,,routine,2025-11-03 00:00:00,918.48,WO-0006221,asbestos_cement,as_occurred
TLS-00495,2025-11-03 00:00:00,,,routine,2025-11-03 00:00:00,378.25,WO-0006222,steel_monopole,as_occurred
WMN-02842,2025-11-03 00:00:00,,,inspection,2025-11-03 00:00:00,788.58,WO-0006223,pvc,as_occurred
DSS-00123,2025-11-03 00:00:00,,,routine,2025-11-03 00:00:00,720.66,WO-0006224,standard,as_occurred
DSS-00270,2025-11-03 00:00:00,,,routine,2025-11-06 00:00:00,2082.36,WO-0006225,standard,reported_late
DSS-00180,2025-11-03 00:00:00,,,routine,2025-11-03 00:00:00,1214.26,WO-0006226,standard,as_occurred
TLS-00847,2025-11-04 00:00:00,,,inspection,2025-11-04 00:00:00,427.81,WO-0006227,steel_monopole,as_occurred
TLS-00662,2025-11-04 00:00:00,,,inspection,2025-11-04 00:00:00,502.36,WO-0006228,steel_lattice,as_occurred
TLS-01061,2025-11-04 00:00:00,,,vegetation,2025-11-04 00:00:00,574.49,WO-0006229,steel_monopole,as_occurred
TLS-01042,2025-11-04 00:00:00,,,vegetation,2025-11-04 00:00:00,1558.51,WO-0006230,steel_lattice,as_occurred
PMP-02480,2025-11-04 00:00:00,,,routine,2025-11-04 00:00:00,722.65,WO-0006231,standard,as_occurred
DFR-01637,2025-11-04 00:00:00,,,vegetation,2025-11-04 00:00:00,1134.37,WO-0006232,concrete_pole,as_occurred
TLS-00684,2025-11-05 00:00:00,,,routine,2025-11-05 00:00:00,414.86,WO-0006233,steel_lattice,as_occurred
TLS-00563,2025-11-05 00:00:00,,,routine,2025-11-05 00:00:00,4064.2,WO-0006234,steel_monopole,as_occurred
WMN-02837,2025-11-05 00:00:00,,,inspection,2025-11-08 00:00:00,984.12,WO-0006235,ductile-iron,reported_late
TLS-00901,2025-11-05 00:00:00,,,routine,2025-11-05 00:00:00,873.12,WO-0006236,steel_lattice,as_occurred
TLS-00452,2025-11-05 00:00:00,,,vegetation,2025-11-05 00:00:00,874.48,WO-0006237,steel_lattice,as_occurred
WMN-03333,2025-11-06 00:00:00,,,inspection,2025-11-09 00:00:00,285.1,WO-0006238,steel,reported_late
TLS-01028,2025-11-06 00:00:00,,,vegetation,2025-11-06 00:00:00,399.46,WO-0006239,steel_lattice,as_occurred
DSS-00379,2025-11-06 00:00:00,,,inspection,2025-11-06 00:00:00,547.23,WO-0006240,standard,as_occurred
DFR-01451,2025-11-06 00:00:00,,,routine,2025-11-06 00:00:00,751.51,WO-0006241,wood_pole,as_occurred
TLS-01012,2025-11-07 00:00:00,,,routine,2025-11-07 00:00:00,708.36,WO-0006242,steel_monopole,as_occurred
WMN-03157,2025-11-07 00:00:00,,,inspection,2025-11-07 00:00:00,553.43,WO-0006243,ductile_iron,as_occurred
WMN-03007,2025-11-08 00:00:00,,,routine,2025-11-08 00:00:00,1175.87,WO-0006244,ductile_iron,as_occurred
DSS-00176,2025-11-08 00:00:00,,,routine,2025-11-08 00:00:00,1212.96,WO-0006245,standard,as_occurred
WMN-03259,2025-11-08 00:00:00,,,vegetation,2025-11-08 00:00:00,1353.39,WO-0006246,ductile_iron,as_occurred
PMP-02347,2025-11-09 00:00:00,,,routine,2025-11-09 00:00:00,818.94,WO-0006247,standard,as_occurred
TLS-00530,2025-11-09 00:00:00,,,routine,2025-11-09 00:00:00,2415.89,WO-0006248,steel_monopole,as_occurred
DSS-00145,2025-11-09 00:00:00,,,routine,2025-11-09 00:00:00,393.26,WO-0006249,standard,as_occurred
TSS-00026,2025-11-09 00:00:00,,,routine,2025-11-12 00:00:00,3026.58,WO-0006250,standard,reported_late
DSS-00076,2025-11-09 00:00:00,,,routine,2025-11-09 00:00:00,1723.71,WO-0006251,standard,as_occurred
TNK-02644,2025-11-09 00:00:00,,,routine,2025-11-09 00:00:00,937.93,WO-0006252,standard,as_occurred
LEGACY-007388,2025-11-09 00:00:00,,,inspection,2025-11-12 00:00:00,711.87,WO-0006253,,reported_late
DFR-01666,2025-11-09 00:00:00,,,vegetation,2025-11-09 00:00:00,141.23,WO-0006254,wood_pole,as_occurred
TLS-00904,2025-11-09 00:00:00,,,routine,2025-11-09 00:00:00,1245.71,WO-0006255,steel_lattice,as_occurred
PMP-02523,2025-11-10 00:00:00,,,routine,2025-11-10 00:00:00,679.75,WO-0006256,standard,as_occurred
WMN-03212,2025-11-10 00:00:00,,,inspection,2025-11-10 00:00:00,2655.09,WO-0006257,ductile_iron,as_occurred
WMN-03355,2025-11-10 00:00:00,,,routine,2025-11-10 00:00:00,943.99,WO-0006258,ductile_iron,as_occurred
DSS-00405,2025-11-10 00:00:00,,,routine,2025-11-10 00:00:00,841.4,WO-0006259,standard,as_occurred
PMP-02390,2025-11-10 00:00:00,,,routine,2025-11-10 00:00:00,738.65,WO-0006260,standard,as_occurred
TLS-01031,2025-11-10 00:00:00,,,routine,2025-11-13 00:00:00,534.92,WO-0006261,steel_lattice,reported_late
TNK-02527,2025-11-11 00:00:00,,,inspection,2025-11-11 00:00:00,870.05,WO-0006262,standard,as_occurred
DFR-01355,2025-11-11 00:00:00,,,vegetation,2025-11-11 00:00:00,410.96,WO-0006263,underground,as_occurred
DSS-00306,2025-11-11 00:00:00,,,vegetation,2025-11-11 00:00:00,296.78,WO-0006264,standard,as_occurred
WMN-02746,2025-11-11 00:00:00,,,routine,2025-11-11 00:00:00,3446.17,WO-0006265,Ductile Iron,as_occurred
WMN-03135,2025-11-11 00:00:00,,,routine,2025-11-11 00:00:00,795.13,WO-0006266,cast_iron,as_occurred
TNK-02598,2025-11-12 00:00:00,,,routine,2025-11-12 00:00:00,758.14,WO-0006267,standard,as_occurred
WMN-03176,2025-11-12 00:00:00,,,inspection,2025-11-12 00:00:00,1449.07,WO-0006268,cast_iron,as_occurred
WMN-03022,2025-11-12 00:00:00,,,routine,2025-11-12 00:00:00,308.02,WO-0006269,ductile_iron,as_occurred
PMP-02366,2025-11-13 00:00:00,,,routine,2025-11-13 00:00:00,398.23,WO-0006270,standard,as_occurred
PMP-02369,2025-11-13 00:00:00,,,routine,2025-11-13 00:00:00,1436.22,WO-0006271,standard,as_occurred
PMP-02456,2025-11-13 00:00:00,,,routine,2025-11-13 00:00:00,279.72,WO-0006272,standard,as_occurred
DSS-00082,2025-11-13 00:00:00,,,routine,2025-11-13 00:00:00,641.28,WO-0006273,standard,as_occurred
WMN-03091,2025-11-13 00:00:00,,,vegetation,2025-11-13 00:00:00,239.07,WO-0006274,steel,as_occurred
DFR-01979,2025-11-13 00:00:00,,,vegetation,2025-11-13 00:00:00,131.03,WO-0006275,timber,as_occurred
WMN-03134,2025-11-14 00:00:00,,,inspection,2025-11-14 00:00:00,1569.47,WO-0006276,DI,as_occurred
DFR-01425,2025-11-14 00:00:00,,,inspection,2025-11-14 00:00:00,211.11,WO-0006277,wood_pole,as_occurred
TLS-01212,2025-11-14 00:00:00,,,routine,2025-11-14 00:00:00,992.02,WO-0006278,steel_monopole,as_occurred
DFR-01357,2025-11-14 00:00:00,,,routine,2025-11-14 00:00:00,1110.62,WO-0006279,wood_pole,as_occurred
TLS-01132,2025-11-14 00:00:00,,,routine,2025-11-14 00:00:00,535.33,WO-0006280,steel_lattice,as_occurred
DSS-00208,2025-11-14 00:00:00,,,inspection,2025-11-14 00:00:00,1515.82,WO-0006281,standard,as_occurred
TLS-01106,2025-11-14 00:00:00,,,inspection,2025-11-14 00:00:00,1243.82,WO-0006282,steel_lattice,as_occurred
WMN-03406,2025-11-14 00:00:00,,,routine,2025-11-14 00:00:00,640.93,WO-0006283,PVC,as_occurred
TNK-02606,2025-11-15 00:00:00,,,routine,2025-11-15 00:00:00,320.44,WO-0006284,standard,as_occurred
WMN-02961,2025-11-15 00:00:00,,,inspection,2025-11-15 00:00:00,1138.65,WO-0006285,steel,as_occurred
TLS-00658,2025-11-15 00:00:00,,,inspection,2025-11-15 00:00:00,293.79,WO-0006286,steel_lattice,as_occurred
DSS-00140,2025-11-15 00:00:00,,,routine,2025-11-15 00:00:00,189.53,WO-0006287,standard,as_occurred
DFR-01954,2025-11-15 00:00:00,,,inspection,2025-11-15 00:00:00,441.76,WO-0006288,Wood,as_occurred
DSS-00391,2025-11-15 00:00:00,,,inspection,2025-11-15 00:00:00,895.62,WO-0006289,standard,as_occurred
DFR-01802,2025-11-15 00:00:00,,,routine,2025-11-18 00:00:00,568.62,WO-0006290,wood_pole,reported_late
DSS-00187,2025-11-15 00:00:00,,,routine,2025-11-15 00:00:00,529.51,WO-0006291,standard,as_occurred
TLS-01083,2025-11-16 00:00:00,,,inspection,2025-11-16 00:00:00,434.0,WO-0006292,steel_monopole,as_occurred
WMN-02925,2025-11-16 00:00:00,,,inspection,2025-11-16 00:00:00,490.24,WO-0006293,pvc,as_occurred
DFR-01906,2025-11-16 00:00:00,,,vegetation,2025-11-16 00:00:00,2579.52,WO-0006294,WOOD POLE,as_occurred
TLS-00781,2025-11-16 00:00:00,,,vegetation,2025-11-16 00:00:00,2106.68,WO-0006295,steel_lattice,as_occurred
TLS-01005,2025-11-16 00:00:00,,,routine,2025-11-16 00:00:00,268.61,WO-0006296,steel_lattice,as_occurred
DSS-00311,2025-11-16 00:00:00,,,routine,2025-11-16 00:00:00,195.51,WO-0006297,standard,as_occurred
TLS-01030,2025-11-16 00:00:00,,,routine,2025-11-16 00:00:00,2589.24,WO-0006298,steel_lattice,as_occurred
RCL-02079,2025-11-17 00:00:00,,,inspection,2025-11-17 00:00:00,442.57,WO-0006299,standard,as_occurred
PMP-02364,2025-11-17 00:00:00,,,routine,2025-11-17 00:00:00,1027.1,WO-0006300,standard,as_occurred
DFR-01637,2025-11-17 00:00:00,,,vegetation,2025-11-17 00:00:00,872.21,WO-0006301,concrete_pole,as_occurred
WMN-02838,2025-11-17 00:00:00,,,inspection,2025-11-17 00:00:00,2311.28,WO-0006302,ductile_iron,as_occurred
DFR-01799,2025-11-18 00:00:00,,,routine,2025-11-18 00:00:00,514.07,WO-0006303,wood_pole,as_occurred
DFR-01400,2025-11-18 00:00:00,,,inspection,2025-11-18 00:00:00,456.44,WO-0006304,underground,as_occurred
TLS-00589,2025-11-18 00:00:00,,,vegetation,2025-11-18 00:00:00,645.85,WO-0006305,concrete,as_occurred
PMP-02418,2025-11-18 00:00:00,,,inspection,2025-11-18 00:00:00,846.62,WO-0006306,standard,as_occurred
WMN-03322,2025-11-19 00:00:00,,,vegetation,2025-11-19 00:00:00,2281.34,WO-0006307,cast_iron,as_occurred
TLS-00833,2025-11-20 00:00:00,,,routine,2025-11-20 00:00:00,420.67,WO-0006308,steel_lattice,as_occurred
DFR-01558,2025-11-20 00:00:00,,,vegetation,2025-11-20 00:00:00,1448.3,WO-0006309,composite_pole,as_occurred
DFR-01576,2025-11-20 00:00:00,,,routine,2025-11-20 00:00:00,4034.47,WO-0006310,concrete_pole,as_occurred
DFR-01698,2025-11-20 00:00:00,,,vegetation,2025-11-20 00:00:00,1033.64,WO-0006311,wood_pole,as_occurred
TLS-01034,2025-11-21 00:00:00,,,routine,2025-11-21 00:00:00,825.43,WO-0006312,steel_monopole,as_occurred
TLS-00865,2025-11-21 00:00:00,,,inspection,2025-11-21 00:00:00,1878.36,WO-0006313,steel_lattice,as_occurred
INT-03480,2025-11-21 00:00:00,BASE-20251121-105,physical,corrective,2025-11-21 00:00:00,2760.82,WO-0006314,standard,as_occurred
WMN-03177,2025-11-21 00:00:00,BASE-20251121-105,physical,corrective,2025-11-21 00:00:00,7172.89,WO-0006315,cast-iron,as_occurred
WMN-03459,2025-11-21 00:00:00,,,routine,2025-11-21 00:00:00,439.83,WO-0006316,cast_iron,as_occurred
WMN-02815,2025-11-21 00:00:00,BASE-20251121-105,physical,corrective,2025-11-21 00:00:00,6856.73,WO-0006317,CAST IRON,as_occurred
TLS-01044,2025-11-21 06:00:00,BASE-20251121-105,physical,corrective,2025-11-21 06:00:00,2100.84,WO-0006318,concrete,as_occurred
WMN-03299,2025-11-21 12:00:00,BASE-20251121-105,physical,corrective,2025-11-21 12:00:00,1038.08,WO-0006319,cast_iron,as_occurred
WMN-03312,2025-11-21 12:00:00,BASE-20251121-105,physical,corrective,2025-11-21 12:00:00,2096.69,WO-0006320,cast_iron,as_occurred
DSS-00396,2025-11-21 18:00:00,BASE-20251121-105,physical,corrective,2025-11-24 18:00:00,4264.44,WO-0006321,standard,reported_late
WMN-02840,2025-11-21 18:00:00,BASE-20251121-105,physical,corrective,2025-11-21 18:00:00,2813.33,WO-0006322,cast_iron,as_occurred
DFR-01580,2025-11-21 18:00:00,BASE-20251121-105,physical,corrective,2025-11-21 18:00:00,1189.75,WO-0006323,concrete_pole,as_occurred
RCL-02172,2025-11-22 00:00:00,,,vegetation,2025-11-22 00:00:00,178.14,WO-0006324,standard,as_occurred
TLS-00592,2025-11-22 00:00:00,,,inspection,2025-11-22 00:00:00,913.91,WO-0006325,steel_monopole,as_occurred
TNK-02531,2025-11-22 00:00:00,,,inspection,2025-11-22 00:00:00,549.28,WO-0006326,standard,as_occurred
TLS-00921,2025-11-22 00:00:00,,,routine,2025-11-22 00:00:00,627.43,WO-0006327,steel_lattice,as_occurred
DSS-00105,2025-11-22 00:00:00,,,routine,2025-11-22 00:00:00,645.28,WO-0006328,standard,as_occurred
WTP-02224,2025-11-22 00:00:00,,,inspection,2025-11-22 00:00:00,606.66,WO-0006329,standard,as_occurred
TLS-00820,2025-11-23 00:00:00,,,routine,2025-11-23 00:00:00,492.31,WO-0006330,steel_monopole,as_occurred
DFR-01695,2025-11-23 00:00:00,,,routine,2025-11-23 00:00:00,1048.58,WO-0006331,concrete_pole,as_occurred
WMN-02693,2025-11-23 00:00:00,,,inspection,2025-11-23 00:00:00,1213.04,WO-0006332,cast_iron,as_occurred
DFR-01429,2025-11-23 00:00:00,,,routine,2025-11-23 00:00:00,1278.93,WO-0006333,underground,as_occurred
DFR-01577,2025-11-23 00:00:00,,,routine,2025-11-23 00:00:00,992.63,WO-0006334,Wood Pole,as_occurred
TLS-01091,2025-11-23 00:00:00,,,inspection,2025-11-23 00:00:00,494.19,WO-0006335,concrete,as_occurred
WMN-02715,2025-11-24 00:00:00,,,routine,2025-11-24 00:00:00,649.25,WO-0006336,pvc,as_occurred
WMN-03199,2025-11-24 00:00:00,,,inspection,2025-11-24 00:00:00,2029.3,WO-0006337,steel,as_occurred
WMN-02934,2025-11-24 00:00:00,,,routine,2025-11-24 00:00:00,389.33,WO-0006338,D.I.,as_occurred
TLS-00525,2025-11-24 00:00:00,,,routine,2025-11-24 00:00:00,1631.54,WO-0006339,steel_lattice,as_occurred
TLS-00501,2025-11-24 00:00:00,,,inspection,2025-11-24 00:00:00,460.65,WO-0006340,steel_monopole,as_occurred
INT-03508,2025-11-24 00:00:00,,,routine,2025-11-24 00:00:00,383.75,WO-0006341,standard,as_occurred
WMN-03305,2025-11-25 00:00:00,,,inspection,2025-11-25 00:00:00,3173.18,WO-0006342,cast_iron,as_occurred
PMP-02268,2025-11-25 00:00:00,,,routine,2025-11-25 00:00:00,842.54,WO-0006343,standard,as_occurred
WMN-03098,2025-11-25 00:00:00,,,routine,2025-11-25 00:00:00,500.3,WO-0006344,pvc,as_occurred
DFR-01577,2025-11-25 00:00:00,,,routine,2025-11-25 00:00:00,791.67,WO-0006345,Wood Pole,as_occurred
WMN-03227,2025-11-25 00:00:00,,,routine,2025-11-25 00:00:00,1023.71,WO-0006346,asbestos_cement,as_occurred
DFR-01391,2025-11-26 00:00:00,,,vegetation,2025-11-26 00:00:00,813.61,WO-0006347,wood_pole,as_occurred
LEGACY-047079,2025-11-26 00:00:00,,,routine,2025-11-26 00:00:00,976.94,WO-0006348,,as_occurred
TLS-01259,2025-11-26 00:00:00,,,inspection,2025-11-26 00:00:00,1055.34,WO-0006349,steel_lattice,as_occurred
TLS-00494,2025-11-26 00:00:00,,,routine,2025-11-26 00:00:00,1761.6,WO-0006350,concrete,as_occurred
DSS-00352,2025-11-26 00:00:00,,,vegetation,2025-11-26 00:00:00,485.5,WO-0006351,standard,as_occurred
DSS-00355,2025-11-26 00:00:00,,,routine,2025-11-26 00:00:00,816.39,WO-0006352,standard,as_occurred
RCL-02126,2025-11-26 00:00:00,,,vegetation,2025-11-26 00:00:00,902.94,WO-0006353,standard,as_occurred
WMN-03374,2025-11-27 00:00:00,,,inspection,2025-11-27 00:00:00,1338.71,WO-0006354,steel,as_occurred
DFR-01392,2025-11-27 00:00:00,,,vegetation,2025-11-27 00:00:00,1245.14,WO-0006355,wood_pole,as_occurred
DFR-01812,2025-11-27 00:00:00,,,inspection,2025-11-27 00:00:00,205.25,WO-0006356,Wood,as_occurred
DSS-00121,2025-11-28 00:00:00,,,vegetation,2025-11-28 00:00:00,2414.19,WO-0006357,standard,as_occurred
WMN-02922,2025-11-28 00:00:00,,,vegetation,2025-11-28 00:00:00,324.34,WO-0006358,steel,as_occurred
LEGACY-099835,2025-11-28 00:00:00,,,routine,2025-11-28 00:00:00,560.31,WO-0006359,,as_occurred
LEGACY-040946,2025-11-29 00:00:00,,,inspection,2025-11-29 00:00:00,726.69,WO-0006360,,as_occurred
DFR-01576,2025-11-29 00:00:00,,,inspection,2025-11-29 00:00:00,253.51,WO-0006361,concrete_pole,as_occurred
TLS-01189,2025-11-29 00:00:00,,,inspection,2025-11-29 00:00:00,3960.31,WO-0006362,steel_lattice,as_occurred
RCL-02163,2025-11-29 00:00:00,,,routine,2025-11-29 00:00:00,200.29,WO-0006363,standard,as_occurred
TNK-02652,2025-11-30 00:00:00,,,vegetation,2025-11-30 00:00:00,1467.51,WO-0006364,standard,as_occurred
DSS-00377,2025-11-30 00:00:00,,,inspection,2025-11-30 00:00:00,705.08,WO-0006365,standard,as_occurred
TLS-01134,2025-11-30 00:00:00,,,routine,2025-11-30 00:00:00,410.24,WO-0006366,steel_monopole,as_occurred
TLS-00816,2025-11-30 00:00:00,,,routine,2025-11-30 00:00:00,626.86,WO-0006367,steel_lattice,as_occurred
TLS-00754,2025-11-30 00:00:00,,,routine,2025-11-30 00:00:00,597.5,WO-0006368,steel_lattice,as_occurred
TLS-00772,2025-11-30 00:00:00,,,vegetation,2025-11-30 00:00:00,448.08,WO-0006369,steel_lattice,as_occurred
INT-03476,2025-11-30 00:00:00,,,routine,2025-11-30 00:00:00,285.97,WO-0006370,standard,as_occurred
DSS-00298,2025-11-30 00:00:00,,,inspection,2025-11-30 00:00:00,216.33,WO-0006371,standard,as_occurred
WMN-02929,2025-11-30 00:00:00,,,routine,2025-11-30 00:00:00,187.08,WO-0006372,pvc,as_occurred
LEGACY-091244,2025-11-30 00:00:00,,,inspection,2025-11-30 00:00:00,1232.37,WO-0006373,,as_occurred
RCL-02144,2025-11-30 00:00:00,,,routine,2025-11-30 00:00:00,2075.12,WO-0006374,standard,as_occurred
WMN-03399,2025-12-02 00:00:00,,,routine,2025-12-02 00:00:00,281.45,WO-0006375,cast_iron,as_occurred
WMN-02968,2025-12-02 00:00:00,,,routine,2025-12-02 00:00:00,541.85,WO-0006376,cast_iron,as_occurred
WMN-02883,2025-12-02 00:00:00,,,inspection,2025-12-02 00:00:00,1293.67,WO-0006377,CAST IRON,as_occurred
LEGACY-093630,2025-12-02 00:00:00,,,inspection,2025-12-02 00:00:00,446.54,WO-0006378,,as_occurred
PMP-02262,2025-12-03 00:00:00,,,vegetation,2025-12-03 00:00:00,270.72,WO-0006379,standard,as_occurred
TLS-00757,2025-12-03 00:00:00,,,vegetation,2025-12-03 00:00:00,947.11,WO-0006380,steel_lattice,as_occurred
WMN-03082,2025-12-03 00:00:00,,,routine,2025-12-03 00:00:00,940.53,WO-0006381,D.I.,as_occurred
TLS-00919,2025-12-03 00:00:00,,,vegetation,2025-12-03 00:00:00,1565.27,WO-0006382,steel_lattice,as_occurred
RCL-02208,2025-12-03 00:00:00,,,routine,2025-12-03 00:00:00,1495.99,WO-0006383,standard,as_occurred
TLS-00613,2025-12-03 00:00:00,,,vegetation,2025-12-03 00:00:00,237.42,WO-0006384,steel_lattice,as_occurred
INT-03502,2025-12-03 00:00:00,,,inspection,2025-12-03 00:00:00,2015.11,WO-0006385,standard,as_occurred
DFR-01677,2025-12-03 00:00:00,,,vegetation,2025-12-03 00:00:00,1028.21,WO-0006386,wood_pole,as_occurred
WMN-03138,2025-12-04 00:00:00,,,routine,2025-12-04 00:00:00,586.69,WO-0006387,asbestos_cement,as_occurred
TLS-01161,2025-12-04 00:00:00,,,inspection,2025-12-04 00:00:00,574.84,WO-0006388,steel_lattice,as_occurred
WMN-03407,2025-12-04 00:00:00,,,vegetation,2025-12-04 00:00:00,739.4,WO-0006389,asbestos_cement,as_occurred
PMP-02465,2025-12-04 00:00:00,,,routine,2025-12-07 00:00:00,484.95,WO-0006390,standard,reported_late
INT-03479,2025-12-04 00:00:00,,,inspection,2025-12-04 00:00:00,1070.8,WO-0006391,standard,as_occurred
DFR-01511,2025-12-04 00:00:00,,,routine,2025-12-04 00:00:00,443.95,WO-0006392,Wood,as_occurred
TLS-01063,2025-12-04 00:00:00,,,inspection,2025-12-04 00:00:00,298.53,WO-0006393,concrete,as_occurred
DFR-01557,2025-12-04 00:00:00,,,inspection,2025-12-04 00:00:00,867.79,WO-0006394,wood_pole,as_occurred
WMN-02902,2025-12-04 00:00:00,,,routine,2025-12-04 00:00:00,581.14,WO-0006395,ductile_iron,as_occurred
WMN-02981,2025-12-04 00:00:00,,,inspection,2025-12-04 00:00:00,541.83,WO-0006396,pvc,as_occurred
LEGACY-036430,2025-12-04 00:00:00,,,vegetation,2025-12-04 00:00:00,1208.86,WO-0006397,,as_occurred
PMP-02480,2025-12-04 00:00:00,,,inspection,2025-12-04 00:00:00,3272.67,WO-0006398,standard,as_occurred
TLS-01206,2025-12-05 00:00:00,,,routine,2025-12-05 00:00:00,581.38,WO-0006399,steel_lattice,as_occurred
RCL-02175,2025-12-05 00:00:00,,,vegetation,2025-12-05 00:00:00,620.1,WO-0006400,standard,as_occurred
WMN-02715,2025-12-05 00:00:00,BASE-20251205-107,physical,corrective,2025-12-05 00:00:00,2617.17,WO-0006401,pvc,as_occurred
WMN-02812,2025-12-05 06:00:00,BASE-20251205-107,physical,corrective,2025-12-05 06:00:00,1722.88,WO-0006402,C.I.,as_occurred
WMN-03053,2025-12-05 12:00:00,BASE-20251205-107,physical,corrective,2025-12-05 12:00:00,3884.74,WO-0006403,cast_iron,as_occurred
WMN-03322,2025-12-05 18:00:00,BASE-20251205-107,physical,corrective,2025-12-08 18:00:00,2617.59,WO-0006404,cast_iron,reported_late
PMP-02277,2025-12-06 00:00:00,,,routine,2025-12-06 00:00:00,1493.86,WO-0006405,standard,as_occurred
DFR-01693,2025-12-06 00:00:00,,,inspection,2025-12-06 00:00:00,1147.14,WO-0006406,WOOD POLE,as_occurred
DFR-01347,2025-12-06 00:00:00,,,inspection,2025-12-06 00:00:00,1248.45,WO-0006407,composite_pole,as_occurred
TLS-00604,2025-12-06 00:00:00,,,routine,2025-12-06 00:00:00,1063.87,WO-0006408,steel_lattice,as_occurred
TLS-00503,2025-12-06 00:00:00,,,routine,2025-12-06 00:00:00,498.97,WO-0006409,steel_lattice,as_occurred
RCL-02083,2025-12-07 00:00:00,,,inspection,2025-12-07 00:00:00,1089.21,WO-0006410,standard,as_occurred
PMP-02519,2025-12-07 00:00:00,,,routine,2025-12-07 00:00:00,582.16,WO-0006411,standard,as_occurred
DFR-01586,2025-12-08 00:00:00,,,routine,2025-12-08 00:00:00,743.37,WO-0006412,wood_pole,as_occurred
DFR-01439,2025-12-08 00:00:00,,,inspection,2025-12-08 00:00:00,1205.41,WO-0006413,wood_pole,as_occurred
TLS-00819,2025-12-08 00:00:00,,,inspection,2025-12-08 00:00:00,1104.12,WO-0006414,steel_monopole,as_occurred
DSS-00240,2025-12-08 00:00:00,,,vegetation,2025-12-08 00:00:00,1021.71,WO-0006415,standard,as_occurred
WMN-03231,2025-12-08 00:00:00,,,inspection,2025-12-08 00:00:00,619.24,WO-0006416,asbestos_cement,as_occurred
DFR-01481,2025-12-08 00:00:00,,,vegetation,2025-12-11 00:00:00,398.89,WO-0006417,wood_pole,reported_late
DFR-01523,2025-12-09 00:00:00,,,routine,2025-12-12 00:00:00,364.8,WO-0006418,underground,reported_late
WMN-02957,2025-12-09 00:00:00,,,routine,2025-12-09 00:00:00,1216.53,WO-0006419,ductile_iron,as_occurred
WMN-03159,2025-12-09 00:00:00,,,routine,2025-12-09 00:00:00,2456.27,WO-0006420,Poly Vinyl Chloride,as_occurred
LEGACY-040706,2025-12-09 00:00:00,,,routine,2025-12-12 00:00:00,524.26,WO-0006421,,reported_late
PMP-02337,2025-12-09 00:00:00,,,vegetation,2025-12-09 00:00:00,304.22,WO-0006422,standard,as_occurred
TLS-01019,2025-12-09 00:00:00,,,routine,2025-12-09 00:00:00,490.95,WO-0006423,steel_lattice,as_occurred
DFR-01505,2025-12-09 00:00:00,,,vegetation,2025-12-09 00:00:00,591.49,WO-0006424,timber,as_occurred
INT-03493,2025-12-09 00:00:00,,,inspection,2025-12-09 00:00:00,926.92,WO-0006425,standard,as_occurred
DSS-00342,2025-12-10 00:00:00,,,inspection,2025-12-10 00:00:00,773.23,WO-0006426,standard,as_occurred
TNK-02637,2025-12-10 00:00:00,,,routine,2025-12-10 00:00:00,682.74,WO-0006427,standard,as_occurred
DFR-01913,2025-12-10 00:00:00,,,vegetation,2025-12-10 00:00:00,1495.34,WO-0006428,Wood,as_occurred
TLS-00971,2025-12-10 00:00:00,,,inspection,2025-12-10 00:00:00,1193.15,WO-0006429,steel_lattice,as_occurred
WMN-02732,2025-12-10 00:00:00,,,routine,2025-12-10 00:00:00,1499.2,WO-0006430,asbestos_cement,as_occurred
TLS-00434,2025-12-10 00:00:00,,,inspection,2025-12-10 00:00:00,449.32,WO-0006431,steel_monopole,as_occurred
WMN-02887,2025-12-10 00:00:00,,,inspection,2025-12-10 00:00:00,1281.72,WO-0006432,CI,as_occurred
TSS-00001,2025-12-11 00:00:00,,,inspection,2025-12-11 00:00:00,335.88,WO-0006433,standard,as_occurred
DFR-01366,2025-12-11 00:00:00,,,routine,2025-12-11 00:00:00,3750.87,WO-0006434,wood_pole,as_occurred
DFR-01646,2025-12-11 00:00:00,,,routine,2025-12-11 00:00:00,1368.58,WO-0006435,wood_pole,as_occurred
TLS-00594,2025-12-11 00:00:00,,,routine,2025-12-11 00:00:00,1257.44,WO-0006436,steel_lattice,as_occurred
TLS-01197,2025-12-11 00:00:00,,,inspection,2025-12-11 00:00:00,812.63,WO-0006437,steel_monopole,as_occurred
TNK-02545,2025-12-12 00:00:00,,,vegetation,2025-12-12 00:00:00,1282.35,WO-0006438,standard,as_occurred
WMN-03142,2025-12-12 00:00:00,,,vegetation,2025-12-12 00:00:00,3543.09,WO-0006439,pvc,as_occurred
TLS-00923,2025-12-12 00:00:00,,,vegetation,2025-12-12 00:00:00,319.13,WO-0006440,steel_lattice,as_occurred
WMN-03031,2025-12-12 00:00:00,,,vegetation,2025-12-12 00:00:00,1121.19,WO-0006441,pvc,as_occurred
DFR-01854,2025-12-12 00:00:00,,,inspection,2025-12-12 00:00:00,348.67,WO-0006442,wood_pole,as_occurred
LEGACY-008141,2025-12-12 00:00:00,,,routine,2025-12-12 00:00:00,475.88,WO-0006443,,as_occurred
DFR-01966,2025-12-12 00:00:00,,,routine,2025-12-12 00:00:00,2170.26,WO-0006444,Wood,as_occurred
DFR-01716,2025-12-12 00:00:00,,,inspection,2025-12-12 00:00:00,1251.48,WO-0006445,wood_pole,as_occurred
RCL-02117,2025-12-13 00:00:00,,,routine,2025-12-13 00:00:00,1075.72,WO-0006446,standard,as_occurred
DSS-00090,2025-12-13 00:00:00,,,inspection,2025-12-13 00:00:00,434.59,WO-0006447,standard,as_occurred
RCL-02064,2025-12-13 00:00:00,,,routine,2025-12-13 00:00:00,550.11,WO-0006448,standard,as_occurred
WMN-03038,2025-12-13 00:00:00,,,routine,2025-12-13 00:00:00,527.44,WO-0006449,ductile_iron,as_occurred
DSS-00152,2025-12-14 00:00:00,,,vegetation,2025-12-14 00:00:00,967.36,WO-0006450,standard,as_occurred
INT-03486,2025-12-14 00:00:00,,,routine,2025-12-14 00:00:00,2051.52,WO-0006451,standard,as_occurred
PMP-02522,2025-12-14 00:00:00,,,routine,2025-12-14 00:00:00,878.67,WO-0006452,standard,as_occurred
RCL-02141,2025-12-14 00:00:00,,,routine,2025-12-14 00:00:00,802.91,WO-0006453,standard,as_occurred
TLS-00764,2025-12-15 00:00:00,,,routine,2025-12-15 00:00:00,2004.74,WO-0006454,steel_lattice,as_occurred
TLS-00687,2025-12-15 00:00:00,,,routine,2025-12-15 00:00:00,1031.08,WO-0006455,steel_lattice,as_occurred
INT-03480,2025-12-15 00:00:00,,,routine,2025-12-15 00:00:00,673.54,WO-0006456,standard,as_occurred
WMN-02981,2025-12-15 00:00:00,,,routine,2025-12-15 00:00:00,519.51,WO-0006457,Poly Vinyl Chloride,as_occurred
DFR-01432,2025-12-15 00:00:00,,,vegetation,2025-12-15 00:00:00,1420.75,WO-0006458,wood_pole,as_occurred
TLS-01276,2025-12-15 00:00:00,,,routine,2025-12-15 00:00:00,748.47,WO-0006459,steel_lattice,as_occurred
DFR-01825,2025-12-16 00:00:00,,,routine,2025-12-16 00:00:00,821.81,WO-0006460,wood_pole,as_occurred
WMN-02837,2025-12-16 00:00:00,,,inspection,2025-12-16 00:00:00,233.35,WO-0006461,ductile_iron,as_occurred
TLS-00834,2025-12-16 00:00:00,,,inspection,2025-12-16 00:00:00,1521.35,WO-0006462,steel_lattice,as_occurred
PMP-02356,2025-12-16 00:00:00,,,routine,2025-12-16 00:00:00,680.94,WO-0006463,standard,as_occurred
TLS-00984,2025-12-16 00:00:00,,,routine,2025-12-19 00:00:00,411.79,WO-0006464,steel_monopole,reported_late
WMN-03106,2025-12-16 00:00:00,,,routine,2025-12-16 00:00:00,747.5,WO-0006465,ductile_iron,as_occurred
LEGACY-062883,2025-12-16 00:00:00,,,routine,2025-12-16 00:00:00,1053.46,WO-0006466,,as_occurred
TLS-00774,2025-12-16 00:00:00,,,routine,2025-12-16 00:00:00,347.67,WO-0006467,steel_monopole,as_occurred
PMP-02422,2025-12-17 00:00:00,,,inspection,2025-12-17 00:00:00,1049.38,WO-0006468,standard,as_occurred
DFR-01988,2025-12-17 00:00:00,,,routine,2025-12-17 00:00:00,306.1,WO-0006469,concrete_pole,as_occurred
WMN-02830,2025-12-17 00:00:00,,,routine,2025-12-17 00:00:00,979.83,WO-0006470,ductile_iron,as_occurred
WMN-03331,2025-12-17 00:00:00,,,routine,2025-12-17 00:00:00,178.96,WO-0006471,ductile_iron,as_occurred
TLS-00560,2025-12-17 00:00:00,,,vegetation,2025-12-17 00:00:00,936.74,WO-0006472,steel_lattice,as_occurred
WMN-03082,2025-12-18 00:00:00,,,vegetation,2025-12-18 00:00:00,2276.36,WO-0006473,ductile_iron,as_occurred
DSS-00265,2025-12-18 00:00:00,,,routine,2025-12-18 00:00:00,1224.2,WO-0006474,standard,as_occurred
DFR-01350,2025-12-18 00:00:00,,,inspection,2025-12-18 00:00:00,920.13,WO-0006475,Wood,as_occurred
DFR-01647,2025-12-18 00:00:00,,,routine,2025-12-18 00:00:00,557.22,WO-0006476,composite_pole,as_occurred
DFR-01558,2025-12-18 00:00:00,,,vegetation,2025-12-18 00:00:00,1213.51,WO-0006477,composite_pole,as_occurred
WMN-03254,2025-12-19 00:00:00,,,vegetation,2025-12-19 00:00:00,484.48,WO-0006478,pvc,as_occurred
DFR-01915,2025-12-19 00:00:00,,,routine,2025-12-19 00:00:00,979.19,WO-0006479,concrete_pole,as_occurred
DFR-01331,2025-12-19 00:00:00,,,vegetation,2025-12-19 00:00:00,1228.89,WO-0006480,wood_pole,as_occurred
WMN-02919,2025-12-19 00:00:00,,,vegetation,2025-12-19 00:00:00,374.23,WO-0006481,Ductile Iron,as_occurred
TLS-00751,2025-12-19 00:00:00,,,routine,2025-12-19 00:00:00,1251.61,WO-0006482,steel_lattice,as_occurred
TLS-00870,2025-12-20 00:00:00,,,routine,2025-12-20 00:00:00,349.62,WO-0006483,steel_lattice,as_occurred
RCL-02204,2025-12-20 00:00:00,,,routine,2025-12-20 00:00:00,980.99,WO-0006484,standard,as_occurred
PMP-02346,2025-12-20 00:00:00,,,inspection,2025-12-20 00:00:00,703.71,WO-0006485,standard,as_occurred
DFR-01421,2025-12-20 00:00:00,,,inspection,2025-12-20 00:00:00,185.55,WO-0006486,wood_pole,as_occurred
DFR-01613,2025-12-20 00:00:00,,,routine,2025-12-20 00:00:00,194.91,WO-0006487,wood_pole,as_occurred
WMN-03077,2025-12-20 00:00:00,,,routine,2025-12-20 00:00:00,1264.0,WO-0006488,Asbestos Cement,as_occurred
PMP-02308,2025-12-20 00:00:00,,,vegetation,2025-12-20 00:00:00,456.58,WO-0006489,standard,as_occurred
WMN-03423,2025-12-21 00:00:00,,,inspection,2025-12-21 00:00:00,829.46,WO-0006490,cast_iron,as_occurred
WMN-02720,2025-12-21 00:00:00,,,inspection,2025-12-21 00:00:00,420.96,WO-0006491,P.V.C.,as_occurred
PMP-02519,2025-12-21 06:00:00,BASE-20251221-119,physical,corrective,2025-12-21 06:00:00,12916.34,WO-0006492,standard,as_occurred
TLS-00654,2025-12-21 06:00:00,BASE-20251221-119,physical,corrective,2025-12-21 06:00:00,3159.73,WO-0006493,steel_lattice,as_occurred
DFR-01579,2025-12-21 12:00:00,BASE-20251221-119,physical,corrective,2025-12-21 12:00:00,12992.96,WO-0006494,wood_pole,as_occurred
DFR-01555,2025-12-22 00:00:00,,,vegetation,2025-12-22 00:00:00,2754.26,WO-0006495,wood_pole,as_occurred
WMN-03134,2025-12-22 00:00:00,,,routine,2025-12-25 00:00:00,358.09,WO-0006496,DI,reported_late
PMP-02316,2025-12-22 00:00:00,,,vegetation,2025-12-22 00:00:00,949.44,WO-0006497,standard,as_occurred
LEGACY-094842,2025-12-23 00:00:00,,,routine,2025-12-23 00:00:00,897.1,WO-0006498,,as_occurred
WMN-02693,2025-12-23 00:00:00,,,routine,2025-12-23 00:00:00,479.98,WO-0006499,cast_iron,as_occurred
WMN-03335,2025-12-23 00:00:00,,,vegetation,2025-12-23 00:00:00,1024.26,WO-0006500,ductile_iron,as_occurred
WMN-02811,2025-12-23 00:00:00,,,vegetation,2025-12-23 00:00:00,966.19,WO-0006501,pvc,as_occurred
RCL-02089,2025-12-24 00:00:00,,,inspection,2025-12-24 00:00:00,691.6,WO-0006502,standard,as_occurred
DFR-01486,2025-12-24 00:00:00,,,vegetation,2025-12-24 00:00:00,199.44,WO-0006503,composite_pole,as_occurred
DSS-00118,2025-12-24 00:00:00,,,inspection,2025-12-24 00:00:00,2000.11,WO-0006504,standard,as_occurred
TNK-02666,2025-12-24 00:00:00,,,inspection,2025-12-24 00:00:00,2151.5,WO-0006505,standard,as_occurred
TNK-02599,2025-12-25 00:00:00,,,inspection,2025-12-25 00:00:00,1309.7,WO-0006506,standard,as_occurred
DFR-01941,2025-12-25 00:00:00,,,inspection,2025-12-28 00:00:00,2242.39,WO-0006507,wood_pole,reported_late
TLS-01021,2025-12-25 00:00:00,,,routine,2025-12-25 00:00:00,634.32,WO-0006508,steel_monopole,as_occurred
TNK-02639,2025-12-25 00:00:00,,,inspection,2025-12-25 00:00:00,160.79,WO-0006509,standard,as_occurred
LEGACY-099963,2025-12-25 00:00:00,,,inspection,2025-12-25 00:00:00,446.6,WO-0006510,,as_occurred
DFR-01840,2025-12-25 00:00:00,,,inspection,2025-12-25 00:00:00,1463.89,WO-0006511,wood_pole,as_occurred
WMN-03150,2025-12-25 00:00:00,,,inspection,2025-12-25 00:00:00,740.91,WO-0006512,Asbestos Cement,as_occurred
WMN-02953,2025-12-25 00:00:00,,,inspection,2025-12-25 00:00:00,236.86,WO-0006513,ductile_iron,as_occurred
RCL-02048,2025-12-26 00:00:00,,,inspection,2025-12-26 00:00:00,311.54,WO-0006514,standard,as_occurred
DFR-01704,2025-12-26 00:00:00,,,vegetation,2025-12-26 00:00:00,1173.02,WO-0006515,wood_pole,as_occurred
WTP-02214,2025-12-26 00:00:00,,,inspection,2025-12-26 00:00:00,1236.11,WO-0006516,standard,as_occurred
DFR-01738,2025-12-26 00:00:00,,,inspection,2025-12-26 00:00:00,4686.51,WO-0006517,timber,as_occurred
LEGACY-020934,2025-12-26 00:00:00,,,vegetation,2025-12-26 00:00:00,1520.57,WO-0006518,,as_occurred
WMN-03058,2025-12-26 00:00:00,,,vegetation,2025-12-26 00:00:00,897.22,WO-0006519,cast_iron,as_occurred
DSS-00085,2025-12-26 00:00:00,,,inspection,2025-12-26 00:00:00,248.75,WO-0006520,standard,as_occurred
TLS-01300,2025-12-26 00:00:00,,,routine,2025-12-26 00:00:00,1902.14,WO-0006521,steel_lattice,as_occurred
DFR-01680,2025-12-26 00:00:00,,,routine,2025-12-26 00:00:00,822.45,WO-0006522,wood_pole,as_occurred
WMN-03406,2025-12-26 00:00:00,,,inspection,2025-12-26 00:00:00,403.76,WO-0006523,pvc,as_occurred
TLS-00655,2025-12-27 00:00:00,,,vegetation,2025-12-27 00:00:00,2950.71,WO-0006524,steel_monopole,as_occurred
WMN-03146,2025-12-27 00:00:00,,,routine,2025-12-27 00:00:00,2094.9,WO-0006525,asbestos_cement,as_occurred
TLS-01040,2025-12-27 00:00:00,,,routine,2025-12-27 00:00:00,914.0,WO-0006526,steel_lattice,as_occurred
DFR-01319,2025-12-27 00:00:00,,,vegetation,2025-12-27 00:00:00,277.55,WO-0006527,timber,as_occurred
DSS-00117,2025-12-27 00:00:00,,,vegetation,2025-12-27 00:00:00,636.85,WO-0006528,standard,as_occurred
TLS-01217,2025-12-28 00:00:00,,,inspection,2025-12-28 00:00:00,929.3,WO-0006529,steel_lattice,as_occurred
LEGACY-088773,2025-12-28 00:00:00,,,routine,2025-12-28 00:00:00,1197.16,WO-0006530,,as_occurred
TLS-00444,2025-12-28 00:00:00,,,routine,2025-12-28 00:00:00,653.99,WO-0006531,steel_monopole,as_occurred
PMP-02242,2025-12-28 00:00:00,,,vegetation,2025-12-28 00:00:00,323.11,WO-0006532,standard,as_occurred
WMN-02863,2025-12-28 00:00:00,,,routine,2025-12-28 00:00:00,1536.43,WO-0006533,PVC,as_occurred
INT-03483,2025-12-28 00:00:00,,,vegetation,2025-12-28 00:00:00,400.4,WO-0006534,standard,as_occurred
PMP-02359,2025-12-28 00:00:00,,,vegetation,2025-12-28 00:00:00,449.71,WO-0006535,standard,as_occurred
DFR-01604,2025-12-28 00:00:00,,,routine,2025-12-28 00:00:00,133.96,WO-0006536,timber,as_occurred
DSS-00216,2025-12-28 00:00:00,,,inspection,2025-12-28 00:00:00,563.74,WO-0006537,standard,as_occurred
DSS-00370,2025-12-29 00:00:00,,,vegetation,2025-12-29 00:00:00,619.47,WO-0006538,standard,as_occurred
WMN-03317,2025-12-29 00:00:00,,,routine,2025-12-29 00:00:00,468.33,WO-0006539,ductile_iron,as_occurred
WMN-03388,2025-12-29 00:00:00,,,routine,2025-12-29 00:00:00,2301.59,WO-0006540,asbestos_cement,as_occurred
RCL-02198,2025-12-29 00:00:00,,,inspection,2025-12-29 00:00:00,1609.71,WO-0006541,standard,as_occurred
DFR-01466,2025-12-29 00:00:00,,,routine,2026-01-01 00:00:00,305.59,WO-0006542,Wood,reported_late
RCL-02072,2025-12-29 00:00:00,,,routine,2025-12-29 00:00:00,483.61,WO-0006543,standard,as_occurred
TLS-00456,2025-12-30 00:00:00,,,inspection,2025-12-30 00:00:00,981.74,WO-0006544,steel_lattice,as_occurred
WMN-03236,2025-12-30 00:00:00,,,vegetation,2025-12-30 00:00:00,696.44,WO-0006545,Cast Iron,as_occurred
WMN-03177,2025-12-30 06:00:00,HEAT-20251230-091,physical,corrective,2025-12-30 06:00:00,8431.92,WO-0006546,Cast Iron,as_occurred
WMN-03444,2025-12-30 06:00:00,HEAT-20251230-091,physical,corrective,2025-12-30 06:00:00,4896.75,WO-0006547,cast_iron,as_occurred
WMN-02815,2025-12-30 12:00:00,HEAT-20251230-091,physical,corrective,2025-12-30 12:00:00,1598.6,WO-0006548,cast_iron,as_occurred
WMN-02944,2025-12-30 18:00:00,HEAT-20251230-091,physical,corrective,2025-12-30 18:00:00,4546.25,WO-0006549,cast_iron,as_occurred
TLS-00703,2025-12-31 00:00:00,HURR-20251231-086,physical,corrective,2025-12-31 00:00:00,4239.58,WO-0006550,steel_monopole,as_occurred
TLS-01204,2025-12-31 00:00:00,,,routine,2025-12-31 00:00:00,1509.09,WO-0006551,steel_monopole,as_occurred
TLS-00614,2025-12-31 00:00:00,,,inspection,2025-12-31 00:00:00,821.4,WO-0006552,steel_lattice,as_occurred
DFR-01389,2025-12-31 00:00:00,,,vegetation,2025-12-31 00:00:00,793.43,WO-0006553,wood_pole,as_occurred
TNK-02546,2025-12-31 00:00:00,,,routine,2025-12-31 00:00:00,1387.9,WO-0006554,standard,as_occurred
WMN-02805,2025-12-31 06:00:00,HEAT-20251230-091,physical,corrective,2025-12-31 06:00:00,8122.41,WO-0006555,cast-iron,as_occurred
WMN-03354,2025-12-31 06:00:00,HURR-20251231-086,physical,corrective,2025-12-31 06:00:00,8615.47,WO-0006556,asbestos_cement,as_occurred
WMN-03154,2025-12-31 06:00:00,HURR-20251231-086,physical,corrective,2025-12-31 06:00:00,1709.84,WO-0006557,cast_iron,as_occurred
DFR-01593,2025-12-31 06:00:00,HEAT-20251230-091,physical,corrective,2025-12-31 06:00:00,10719.08,WO-0006558,WOOD POLE,as_occurred
LEGACY-035166,2025-12-31 12:00:00,HURR-20251231-086,physical,corrective,2025-12-31 12:00:00,1740.79,WO-0006559,,as_occurred
WMN-03301,2025-12-31 12:00:00,HURR-20251231-086,physical,corrective,2025-12-31 12:00:00,2669.62,WO-0006560,DI,as_occurred
WMN-03083,2025-12-31 12:00:00,HEAT-20251230-091,physical,corrective,2025-12-31 12:00:00,1986.26,WO-0006561,Cast Iron,as_occurred
WMN-03228,2025-12-31 18:00:00,HURR-20251231-086,physical,corrective,2025-12-31 18:00:00,1542.76,WO-0006562,C.I.,as_occurred
WMN-02821,2025-12-31 18:00:00,HEAT-20251230-091,physical,corrective,2025-12-31 18:00:00,1641.27,WO-0006563,asbestos_cement,as_occurred
WMN-03053,2025-12-31 18:00:00,HEAT-20251230-091,physical,corrective,2025-12-31 18:00:00,1724.94,WO-0006564,cast_iron,as_occurred
DSS-00369,2025-12-31 18:00:00,HEAT-20251230-091,physical,corrective,2025-12-31 18:00:00,4754.27,WO-0006565,standard,as_occurred
WMN-02879,2025-12-31 18:00:00,HEAT-20251230-091,physical,corrective,2025-12-31 18:00:00,2905.33,WO-0006566,cast-iron,as_occurred
WMN-03038,2025-12-31 18:00:00,HURR-20251231-086,physical,corrective,2025-12-31 18:00:00,2620.65,WO-0006567,ductile_iron,as_occurred
DSS-00118,2026-01-01 00:00:00,,,routine,2026-01-01 00:00:00,497.17,WO-0006568,standard,as_occurred
DSS-00381,2026-01-01 00:00:00,,,inspection,2026-01-01 00:00:00,402.72,WO-0006569,standard,as_occurred
TLS-01018,2026-01-01 00:00:00,,,routine,2026-01-01 00:00:00,506.93,WO-0006570,steel_lattice,as_occurred
DFR-01571,2026-01-01 00:00:00,HURR-20251231-086,physical,corrective,2026-01-01 00:00:00,1658.5,WO-0006571,wood_pole,as_occurred
WMN-02826,2026-01-01 00:00:00,,,inspection,2026-01-01 00:00:00,1106.59,WO-0006572,ductile_iron,as_occurred
WMN-03190,2026-01-01 06:00:00,HEAT-20251230-091,physical,corrective,2026-01-01 06:00:00,4822.79,WO-0006573,cast_iron,as_occurred
PMP-02268,2026-01-01 06:00:00,HEAT-20251230-091,physical,corrective,2026-01-01 06:00:00,5119.6,WO-0006574,standard,as_occurred
DFR-01697,2026-01-01 06:00:00,HEAT-20251230-091,physical,corrective,2026-01-01 06:00:00,3060.73,WO-0006575,wood_pole,as_occurred
DSS-00168,2026-01-01 06:00:00,HURR-20251231-086,physical,corrective,2026-01-04 06:00:00,7122.35,WO-0006576,standard,reported_late
WMN-02776,2026-01-01 06:00:00,HURR-20251231-086,physical,corrective,2026-01-01 06:00:00,3869.27,WO-0006577,asbestos_cement,as_occurred
PMP-02261,2026-01-01 06:00:00,HURR-20251231-086,functional_power_loss,corrective,2026-01-01 06:00:00,6207.56,WO-0006578,standard,as_occurred
WMN-03296,2026-01-01 06:00:00,HURR-20251231-086,physical,corrective,2026-01-01 06:00:00,4663.82,WO-0006579,cast_iron,as_occurred
PMP-02301,2026-01-01 12:00:00,HEAT-20251230-091,functional_power_loss,corrective,2026-01-01 12:00:00,4308.2,WO-0006580,standard,as_occurred
WMN-03444,2026-01-01 12:00:00,HURR-20251231-086,physical,corrective,2026-01-01 12:00:00,9578.69,WO-0006581,cast_iron,as_occurred
PMP-02311,2026-01-01 12:00:00,HURR-20251231-086,functional_power_loss,corrective,2026-01-01 12:00:00,698.63,WO-0006582,standard,as_occurred
DSS-00080,2026-01-01 12:00:00,HEAT-20251230-091,physical,corrective,2026-01-01 12:00:00,3435.27,WO-0006583,standard,as_occurred
PMP-02260,2026-01-01 12:00:00,HURR-20251231-086,physical,corrective,2026-01-01 12:00:00,5034.64,WO-0006584,standard,as_occurred
WMN-03059,2026-01-01 12:00:00,HURR-20251231-086,physical,corrective,2026-01-01 12:00:00,7982.67,WO-0006585,C.I.,as_occurred
PMP-02385,2026-01-01 12:00:00,HURR-20251231-086,physical,corrective,2026-01-01 12:00:00,6251.49,WO-0006586,standard,as_occurred
DSS-00258,2026-01-01 12:00:00,HEAT-20251230-091,physical,corrective,2026-01-01 12:00:00,7467.78,WO-0006587,standard,as_occurred
DSS-00379,2026-01-01 12:00:00,HEAT-20251230-091,physical,corrective,2026-01-01 12:00:00,4138.29,WO-0006588,standard,as_occurred
WMN-02854,2026-01-01 12:00:00,HURR-20251231-086,physical,corrective,2026-01-01 12:00:00,15516.01,WO-0006589,cast_iron,as_occurred
WMN-03102,2026-01-01 12:00:00,HURR-20251231-086,physical,corrective,2026-01-01 12:00:00,4010.0,WO-0006590,cast_iron,as_occurred
WTP-02215,2026-01-01 12:00:00,HURR-20251231-086,physical,corrective,2026-01-01 12:00:00,5523.43,WO-0006591,standard,as_occurred
DFR-01500,2026-01-01 18:00:00,HURR-20251231-086,physical,corrective,2026-01-01 18:00:00,9345.59,WO-0006592,Wood,as_occurred
PMP-02273,2026-01-01 18:00:00,HURR-20251231-086,physical,corrective,2026-01-01 18:00:00,17887.04,WO-0006593,standard,as_occurred
PMP-02299,2026-01-01 18:00:00,HURR-20251231-086,physical,corrective,2026-01-01 18:00:00,4196.16,WO-0006594,standard,as_occurred
INT-03483,2026-01-01 18:00:00,HURR-20251231-086,physical,corrective,2026-01-01 18:00:00,5092.05,WO-0006595,standard,as_occurred
DFR-01495,2026-01-01 18:00:00,HURR-20251231-086,physical,corrective,2026-01-01 18:00:00,2500.0,WO-0006596,wood_pole,as_occurred
DFR-01889,2026-01-01 18:00:00,HURR-20251231-086,physical,corrective,2026-01-01 18:00:00,9527.2,WO-0006597,WOOD POLE,as_occurred
DFR-01395,2026-01-01 18:00:00,HURR-20251231-086,physical,corrective,2026-01-01 18:00:00,2739.1,WO-0006598,wood_pole,as_occurred
DFR-01849,2026-01-01 18:00:00,HURR-20251231-086,physical,corrective,2026-01-01 18:00:00,6228.31,WO-0006599,WOOD POLE,as_occurred
DFR-01991,2026-01-01 18:00:00,HURR-20251231-086,physical,corrective,2026-01-01 18:00:00,15450.11,WO-0006600,timber,as_occurred
PMP-02346,2026-01-01 18:00:00,HURR-20251231-086,physical,corrective,2026-01-01 18:00:00,3043.03,WO-0006601,standard,as_occurred
DFR-01813,2026-01-01 18:00:00,HURR-20251231-086,physical,corrective,2026-01-01 18:00:00,11518.82,WO-0006602,WOOD POLE,as_occurred
DFR-01766,2026-01-01 18:00:00,HURR-20251231-086,physical,corrective,2026-01-04 18:00:00,9613.24,WO-0006603,Wood Pole,reported_late
RCL-02037,2026-01-01 18:00:00,HURR-20251231-086,physical,corrective,2026-01-01 18:00:00,10253.4,WO-0006604,standard,as_occurred
PMP-02233,2026-01-01 18:00:00,HURR-20251231-086,physical,corrective,2026-01-01 18:00:00,11781.64,WO-0006605,standard,as_occurred
PMP-02465,2026-01-01 18:00:00,HURR-20251231-086,physical,corrective,2026-01-01 18:00:00,1307.69,WO-0006606,standard,as_occurred
RCL-02015,2026-01-01 18:00:00,HURR-20251231-086,physical,corrective,2026-01-01 18:00:00,11107.4,WO-0006607,standard,as_occurred
WMN-02812,2026-01-01 18:00:00,HURR-20251231-086,physical,corrective,2026-01-01 18:00:00,10199.06,WO-0006608,cast_iron,as_occurred
DFR-01910,2026-01-01 18:00:00,HURR-20251231-086,physical,corrective,2026-01-01 18:00:00,5064.59,WO-0006609,WOOD POLE,as_occurred
DFR-01440,2026-01-01 18:00:00,HURR-20251231-086,physical,corrective,2026-01-01 18:00:00,2170.57,WO-0006610,wood_pole,as_occurred
TLS-00826,2026-01-01 18:00:00,HURR-20251231-086,physical,corrective,2026-01-01 18:00:00,10087.64,WO-0006611,concrete,as_occurred
DFR-01462,2026-01-01 18:00:00,HEAT-20251230-091,physical,corrective,2026-01-01 18:00:00,4899.31,WO-0006612,wood_pole,as_occurred
LEGACY-050185,2026-01-01 18:00:00,HURR-20251231-086,physical,corrective,2026-01-01 18:00:00,4862.51,WO-0006613,,as_occurred
DFR-01689,2026-01-01 18:00:00,HURR-20251231-086,physical,corrective,2026-01-01 18:00:00,6514.83,WO-0006614,WOOD POLE,as_occurred
DFR-01727,2026-01-01 18:00:00,HURR-20251231-086,physical,corrective,2026-01-01 18:00:00,5375.46,WO-0006615,Wood Pole,as_occurred
DFR-01461,2026-01-01 18:00:00,HURR-20251231-086,physical,corrective,2026-01-01 18:00:00,25576.3,WO-0006616,wood_pole,as_occurred
TLS-01066,2026-01-01 18:00:00,HURR-20251231-086,physical,corrective,2026-01-01 18:00:00,3626.92,WO-0006617,steel_lattice,as_occurred
DSS-00261,2026-01-02 00:00:00,HURR-20251231-086,physical,corrective,2026-01-05 00:00:00,7965.83,WO-0006618,standard,reported_late
RCL-02128,2026-01-02 00:00:00,,,vegetation,2026-01-02 00:00:00,416.78,WO-0006619,standard,as_occurred
PMP-02247,2026-01-02 00:00:00,HURR-20251231-086,physical,corrective,2026-01-02 00:00:00,1658.67,WO-0006620,standard,as_occurred
PMP-02345,2026-01-02 00:00:00,HURR-20251231-086,physical,corrective,2026-01-02 00:00:00,1609.29,WO-0006621,standard,as_occurred
WMN-02717,2026-01-02 00:00:00,HURR-20251231-086,physical,corrective,2026-01-02 00:00:00,3827.38,WO-0006622,pvc,as_occurred
WMN-03317,2026-01-02 00:00:00,,,routine,2026-01-02 00:00:00,1947.4,WO-0006623,ductile_iron,as_occurred
DFR-01909,2026-01-02 00:00:00,,,vegetation,2026-01-02 00:00:00,1210.29,WO-0006624,underground,as_occurred
PMP-02437,2026-01-02 00:00:00,HURR-20251231-086,physical,corrective,2026-01-02 00:00:00,8091.62,WO-0006625,standard,as_occurred
TLS-00868,2026-01-02 00:00:00,,,inspection,2026-01-02 00:00:00,1329.44,WO-0006626,steel_lattice,as_occurred
WTP-02217,2026-01-02 00:00:00,,,vegetation,2026-01-02 00:00:00,1783.47,WO-0006627,standard,as_occurred
RCL-02142,2026-01-02 00:00:00,HEAT-20251230-091,physical,corrective,2026-01-02 00:00:00,4901.4,WO-0006628,standard,as_occurred
WMN-03030,2026-01-02 00:00:00,,,vegetation,2026-01-02 00:00:00,2136.13,WO-0006629,C.I.,as_occurred
TLS-00814,2026-01-02 00:00:00,,,routine,2026-01-02 00:00:00,466.5,WO-0006630,steel_monopole,as_occurred
WMN-03341,2026-01-02 00:00:00,HURR-20251231-086,physical,corrective,2026-01-02 00:00:00,4797.57,WO-0006631,cast_iron,as_occurred
TLS-00441,2026-01-02 00:00:00,HURR-20251231-086,physical,corrective,2026-01-02 00:00:00,17442.68,WO-0006632,steel_lattice,as_occurred
DSS-00243,2026-01-02 00:00:00,HURR-20251231-086,physical,corrective,2026-01-02 00:00:00,1537.23,WO-0006633,standard,as_occurred
PMP-02395,2026-01-02 00:00:00,HURR-20251231-086,physical,corrective,2026-01-02 00:00:00,2506.05,WO-0006634,standard,as_occurred
DFR-01478,2026-01-02 00:00:00,,,inspection,2026-01-02 00:00:00,291.85,WO-0006635,wood_pole,as_occurred
PMP-02258,2026-01-02 06:00:00,HEAT-20251230-091,functional_power_loss,corrective,2026-01-02 06:00:00,26311.1,WO-0006636,standard,as_occurred
WMN-02932,2026-01-02 06:00:00,HURR-20251231-086,physical,corrective,2026-01-02 06:00:00,3496.91,WO-0006637,cast_iron,as_occurred
PMP-02430,2026-01-02 06:00:00,HURR-20251231-086,physical,corrective,2026-01-02 06:00:00,4970.91,WO-0006638,standard,as_occurred
PMP-02479,2026-01-02 06:00:00,HURR-20251231-086,physical,corrective,2026-01-02 06:00:00,3062.07,WO-0006639,standard,as_occurred
DSS-00278,2026-01-02 06:00:00,HEAT-20251230-091,physical,corrective,2026-01-02 06:00:00,9283.64,WO-0006640,standard,as_occurred
PMP-02285,2026-01-02 06:00:00,HURR-20251231-086,physical,corrective,2026-01-02 06:00:00,4492.38,WO-0006641,standard,as_occurred
LEGACY-056476,2026-01-02 06:00:00,HURR-20251231-086,physical,corrective,2026-01-02 06:00:00,742.6,WO-0006642,,as_occurred
PMP-02291,2026-01-02 06:00:00,HURR-20251231-086,physical,corrective,2026-01-05 06:00:00,2945.69,WO-0006643,standard,reported_late
PMP-02422,2026-01-02 12:00:00,HEAT-20251230-091,functional_power_loss,corrective,2026-01-02 12:00:00,3499.41,WO-0006644,standard,as_occurred
WMN-03053,2026-01-02 12:00:00,HURR-20251231-086,physical,corrective,2026-01-02 12:00:00,5507.72,WO-0006645,C.I.,as_occurred
DSS-00093,2026-01-02 12:00:00,HEAT-20251230-091,physical,corrective,2026-01-02 12:00:00,968.33,WO-0006646,standard,as_occurred
DSS-00364,2026-01-02 12:00:00,HEAT-20251230-091,physical,corrective,2026-01-02 12:00:00,3569.76,WO-0006647,standard,as_occurred
PMP-02275,2026-01-02 12:00:00,HURR-20251231-086,physical,corrective,2026-01-02 12:00:00,6100.38,WO-0006648,standard,as_occurred
WMN-03154,2026-01-02 12:00:00,HEAT-20251230-091,physical,corrective,2026-01-02 12:00:00,10004.68,WO-0006649,cast_iron,as_occurred
DFR-01772,2026-01-02 12:00:00,HEAT-20251230-091,physical,corrective,2026-01-02 12:00:00,8755.82,WO-0006650,wood_pole,as_occurred
TLS-01197,2026-01-02 12:00:00,HURR-20251231-086,physical,corrective,2026-01-02 12:00:00,3038.87,WO-0006651,steel_monopole,as_occurred
PMP-02271,2026-01-02 12:00:00,HURR-20251231-086,physical,corrective,2026-01-02 12:00:00,12757.17,WO-0006652,standard,as_occurred
PMP-02343,2026-01-02 12:00:00,HEAT-20251230-091,functional_power_loss,corrective,2026-01-02 12:00:00,3833.82,WO-0006653,standard,as_occurred
LEGACY-067249,2026-01-02 18:00:00,HURR-20251231-086,physical,corrective,2026-01-02 18:00:00,9704.22,WO-0006654,,as_occurred
WMN-03045,2026-01-02 18:00:00,HEAT-20251230-091,physical,corrective,2026-01-02 18:00:00,6355.49,WO-0006655,cast_iron,as_occurred
DSS-00303,2026-01-02 18:00:00,HURR-20251231-086,physical,corrective,2026-01-02 18:00:00,13877.68,WO-0006656,standard,as_occurred
DSS-00145,2026-01-02 18:00:00,HURR-20251231-086,physical,corrective,2026-01-02 18:00:00,31416.35,WO-0006657,standard,as_occurred
WMN-02909,2026-01-03 00:00:00,,,vegetation,2026-01-03 00:00:00,1619.03,WO-0006658,steel,as_occurred
WMN-02880,2026-01-03 00:00:00,HEAT-20251230-091,physical,corrective,2026-01-03 00:00:00,16529.37,WO-0006659,pvc,as_occurred
LEGACY-058061,2026-01-03 00:00:00,HEAT-20251230-091,physical,corrective,2026-01-03 00:00:00,5387.56,WO-0006660,,as_occurred
DFR-01867,2026-01-03 00:00:00,,,routine,2026-01-03 00:00:00,119.69,WO-0006661,wood_pole,as_occurred
TLS-00587,2026-01-03 00:00:00,,,vegetation,2026-01-03 00:00:00,272.88,WO-0006662,steel_lattice,as_occurred
TNK-02546,2026-01-03 00:00:00,,,routine,2026-01-03 00:00:00,828.49,WO-0006663,standard,as_occurred
PMP-02428,2026-01-03 06:00:00,HEAT-20251230-091,functional_power_loss,corrective,2026-01-03 06:00:00,698.74,WO-0006664,standard,as_occurred
WMN-02783,2026-01-03 06:00:00,HEAT-20251230-091,physical,corrective,2026-01-03 06:00:00,15678.46,WO-0006665,ductile-iron,as_occurred
DSS-00359,2026-01-03 06:00:00,HEAT-20251230-091,physical,corrective,2026-01-03 06:00:00,4877.41,WO-0006666,standard,as_occurred
PMP-02297,2026-01-03 12:00:00,HEAT-20251230-091,functional_power_loss,corrective,2026-01-03 12:00:00,1969.77,WO-0006667,standard,as_occurred
DFR-01421,2026-01-03 12:00:00,HEAT-20251230-091,physical,corrective,2026-01-03 12:00:00,3846.85,WO-0006668,wood_pole,as_occurred
DSS-00145,2026-01-03 12:00:00,HEAT-20251230-091,physical,corrective,2026-01-03 12:00:00,4316.9,WO-0006669,standard,as_occurred
WMN-03322,2026-01-03 18:00:00,HEAT-20251230-091,physical,corrective,2026-01-03 18:00:00,2152.06,WO-0006670,cast_iron,as_occurred
WMN-03043,2026-01-03 18:00:00,HEAT-20251230-091,physical,corrective,2026-01-03 18:00:00,6875.17,WO-0006671,DI,as_occurred
TNK-02573,2026-01-04 00:00:00,,,routine,2026-01-04 00:00:00,633.86,WO-0006672,standard,as_occurred
DFR-01555,2026-01-04 00:00:00,HEAT-20251230-091,physical,corrective,2026-01-04 00:00:00,2587.54,WO-0006673,Wood Pole,as_occurred
DFR-01528,2026-01-04 00:00:00,HEAT-20251230-091,physical,corrective,2026-01-04 00:00:00,2445.67,WO-0006674,wood_pole,as_occurred
WMN-02846,2026-01-04 00:00:00,,,inspection,2026-01-04 00:00:00,941.21,WO-0006675,ductile_iron,as_occurred
DSS-00349,2026-01-04 00:00:00,,,vegetation,2026-01-04 00:00:00,1771.25,WO-0006676,standard,as_occurred
WMN-02862,2026-01-04 00:00:00,,,routine,2026-01-04 00:00:00,1982.86,WO-0006677,ductile-iron,as_occurred
PMP-02250,2026-01-04 00:00:00,,,inspection,2026-01-04 00:00:00,320.56,WO-0006678,standard,as_occurred
LEGACY-061127,2026-01-04 06:00:00,BASE-20260104-116,physical,corrective,2026-01-04 06:00:00,4007.06,WO-0006679,,as_occurred
WMN-03406,2026-01-04 06:00:00,BASE-20260104-116,physical,corrective,2026-01-04 06:00:00,3083.79,WO-0006680,pvc,as_occurred
LEGACY-098192,2026-01-04 06:00:00,HEAT-20251230-091,physical,corrective,2026-01-04 06:00:00,3941.28,WO-0006681,,as_occurred
WMN-02781,2026-01-04 12:00:00,BASE-20260104-116,physical,corrective,2026-01-04 12:00:00,9152.11,WO-0006682,ductile_iron,as_occurred
WMN-03328,2026-01-04 12:00:00,HEAT-20251230-091,physical,corrective,2026-01-07 12:00:00,2222.16,WO-0006683,cast_iron,reported_late
WMN-03102,2026-01-04 12:00:00,HEAT-20251230-091,physical,corrective,2026-01-04 12:00:00,7167.05,WO-0006684,cast-iron,as_occurred
WMN-03029,2026-01-04 12:00:00,HEAT-20251230-091,physical,corrective,2026-01-04 12:00:00,1669.66,WO-0006685,cast_iron,as_occurred
WMN-02995,2026-01-04 18:00:00,HEAT-20251230-091,physical,corrective,2026-01-04 18:00:00,3993.97,WO-0006686,cast_iron,as_occurred
WMN-02958,2026-01-04 18:00:00,BASE-20260104-116,physical,corrective,2026-01-04 18:00:00,1723.44,WO-0006687,Asbestos Cement,as_occurred
WMN-03029,2026-01-04 18:00:00,BASE-20260104-116,physical,corrective,2026-01-04 18:00:00,1412.05,WO-0006688,cast_iron,as_occurred
WMN-03201,2026-01-04 18:00:00,BASE-20260104-116,physical,corrective,2026-01-04 18:00:00,1158.07,WO-0006689,ductile_iron,as_occurred
TLS-00995,2026-01-05 00:00:00,,,routine,2026-01-05 00:00:00,360.57,WO-0006690,steel_lattice,as_occurred
PMP-02357,2026-01-05 00:00:00,,,routine,2026-01-05 00:00:00,550.15,WO-0006691,standard,as_occurred
PMP-02326,2026-01-05 00:00:00,,,routine,2026-01-05 00:00:00,1124.33,WO-0006692,standard,as_occurred
DSS-00231,2026-01-05 00:00:00,,,routine,2026-01-05 00:00:00,835.5,WO-0006693,standard,as_occurred
WMN-02817,2026-01-05 00:00:00,,,routine,2026-01-05 00:00:00,2265.99,WO-0006694,ductile-iron,as_occurred
DSS-00134,2026-01-05 00:00:00,,,routine,2026-01-05 00:00:00,350.28,WO-0006695,standard,as_occurred
TLS-01055,2026-01-05 00:00:00,,,inspection,2026-01-05 00:00:00,435.06,WO-0006696,steel_lattice,as_occurred
TNK-02661,2026-01-05 00:00:00,,,routine,2026-01-05 00:00:00,951.09,WO-0006697,standard,as_occurred
WMN-02812,2026-01-05 06:00:00,HEAT-20251230-091,physical,corrective,2026-01-05 06:00:00,4335.38,WO-0006698,CI,as_occurred
PMP-02309,2026-01-05 06:00:00,HEAT-20251230-091,physical,corrective,2026-01-05 06:00:00,10060.45,WO-0006699,standard,as_occurred
WMN-03456,2026-01-05 12:00:00,HEAT-20251230-091,physical,corrective,2026-01-05 12:00:00,6391.83,WO-0006700,CI,as_occurred
WMN-02763,2026-01-05 18:00:00,HEAT-20251230-091,physical,corrective,2026-01-05 18:00:00,12709.2,WO-0006701,cast_iron,as_occurred
WMN-03033,2026-01-05 18:00:00,HEAT-20251230-091,physical,corrective,2026-01-05 18:00:00,6257.17,WO-0006702,CAST IRON,as_occurred
DFR-01333,2026-01-06 00:00:00,,,vegetation,2026-01-06 00:00:00,1273.56,WO-0006703,concrete_pole,as_occurred
WMN-02682,2026-01-06 00:00:00,,,inspection,2026-01-06 00:00:00,892.88,WO-0006704,pvc,as_occurred
DFR-01703,2026-01-06 00:00:00,,,routine,2026-01-06 00:00:00,473.8,WO-0006705,wood_pole,as_occurred
TLS-01252,2026-01-06 00:00:00,,,vegetation,2026-01-06 00:00:00,1662.63,WO-0006706,steel_lattice,as_occurred
TLS-01290,2026-01-06 00:00:00,,,routine,2026-01-06 00:00:00,523.55,WO-0006707,steel_lattice,as_occurred
WMN-03264,2026-01-06 00:00:00,,,routine,2026-01-06 00:00:00,145.71,WO-0006708,ductile_iron,as_occurred
DFR-01484,2026-01-06 00:00:00,,,inspection,2026-01-06 00:00:00,764.85,WO-0006709,concrete_pole,as_occurred
DFR-01565,2026-01-07 00:00:00,,,inspection,2026-01-07 00:00:00,669.42,WO-0006710,wood_pole,as_occurred
DSS-00230,2026-01-07 00:00:00,,,vegetation,2026-01-07 00:00:00,1399.1,WO-0006711,standard,as_occurred
TLS-01017,2026-01-07 00:00:00,,,inspection,2026-01-07 00:00:00,2819.4,WO-0006712,steel_monopole,as_occurred
TLS-00629,2026-01-07 00:00:00,,,inspection,2026-01-07 00:00:00,1577.75,WO-0006713,steel_monopole,as_occurred
DFR-01312,2026-01-07 00:00:00,,,routine,2026-01-07 00:00:00,504.45,WO-0006714,underground,as_occurred
TLS-00522,2026-01-07 00:00:00,,,routine,2026-01-07 00:00:00,1115.46,WO-0006715,steel_lattice,as_occurred
DSS-00227,2026-01-07 00:00:00,,,inspection,2026-01-07 00:00:00,691.82,WO-0006716,standard,as_occurred
DSS-00122,2026-01-08 00:00:00,,,routine,2026-01-08 00:00:00,517.99,WO-0006717,standard,as_occurred
DFR-01345,2026-01-08 00:00:00,,,routine,2026-01-08 00:00:00,228.69,WO-0006718,wood_pole,as_occurred
WMN-03006,2026-01-08 00:00:00,,,routine,2026-01-11 00:00:00,619.68,WO-0006719,D.I.,reported_late
WMN-03101,2026-01-08 00:00:00,,,inspection,2026-01-08 00:00:00,444.07,WO-0006720,C.I.,as_occurred
DSS-00279,2026-01-08 00:00:00,,,routine,2026-01-08 00:00:00,903.68,WO-0006721,standard,as_occurred
TLS-00555,2026-01-08 00:00:00,,,vegetation,2026-01-08 00:00:00,308.62,WO-0006722,steel_lattice,as_occurred
WMN-03261,2026-01-09 00:00:00,BASE-20260109-114,physical,corrective,2026-01-09 00:00:00,8064.76,WO-0006723,ductile_iron,as_occurred
DFR-01838,2026-01-09 00:00:00,,,vegetation,2026-01-09 00:00:00,370.64,WO-0006724,wood_pole,as_occurred
TLS-00964,2026-01-09 00:00:00,,,inspection,2026-01-09 00:00:00,746.07,WO-0006725,concrete,as_occurred
DFR-02008,2026-01-09 00:00:00,,,routine,2026-01-09 00:00:00,497.69,WO-0006726,wood_pole,as_occurred
INT-03484,2026-01-09 00:00:00,,,routine,2026-01-09 00:00:00,281.17,WO-0006727,standard,as_occurred
DFR-01928,2026-01-09 00:00:00,BASE-20260109-114,physical,corrective,2026-01-09 00:00:00,3691.07,WO-0006728,wood_pole,as_occurred
WMN-03375,2026-01-09 00:00:00,BASE-20260109-114,physical,corrective,2026-01-09 00:00:00,9865.53,WO-0006729,ductile_iron,as_occurred
DFR-01657,2026-01-09 00:00:00,,,routine,2026-01-09 00:00:00,1056.05,WO-0006730,wood_pole,as_occurred
WMN-03002,2026-01-09 06:00:00,BASE-20260109-114,physical,corrective,2026-01-09 06:00:00,3289.41,WO-0006731,ductile_iron,as_occurred
WMN-03433,2026-01-09 06:00:00,BASE-20260109-114,physical,corrective,2026-01-12 06:00:00,6190.82,WO-0006732,cast_iron,reported_late
WMN-02716,2026-01-09 06:00:00,BASE-20260109-114,physical,corrective,2026-01-09 06:00:00,13147.66,WO-0006733,asbestos_cement,as_occurred
WMN-03075,2026-01-09 12:00:00,BASE-20260109-114,physical,corrective,2026-01-09 12:00:00,3670.65,WO-0006734,Cast Iron,as_occurred
RCL-02092,2026-01-09 12:00:00,BASE-20260109-114,physical,corrective,2026-01-09 12:00:00,3396.81,WO-0006735,standard,as_occurred
WMN-03315,2026-01-09 18:00:00,BASE-20260109-114,physical,corrective,2026-01-09 18:00:00,22805.98,WO-0006736,A/C,as_occurred
DFR-01966,2026-01-09 18:00:00,BASE-20260109-114,physical,corrective,2026-01-09 18:00:00,8956.19,WO-0006737,Wood Pole,as_occurred
TLS-00751,2026-01-10 00:00:00,,,inspection,2026-01-13 00:00:00,581.14,WO-0006738,steel_lattice,reported_late
DSS-00400,2026-01-10 00:00:00,,,routine,2026-01-10 00:00:00,393.72,WO-0006739,standard,as_occurred
DSS-00158,2026-01-10 00:00:00,,,vegetation,2026-01-10 00:00:00,934.29,WO-0006740,standard,as_occurred
DFR-01691,2026-01-10 00:00:00,,,inspection,2026-01-13 00:00:00,599.48,WO-0006741,timber,reported_late
WMN-02953,2026-01-10 00:00:00,,,vegetation,2026-01-13 00:00:00,1744.27,WO-0006742,ductile_iron,reported_late
TLS-00717,2026-01-10 00:00:00,,,vegetation,2026-01-10 00:00:00,1306.06,WO-0006743,concrete,as_occurred
TLS-01278,2026-01-10 00:00:00,,,routine,2026-01-10 00:00:00,1341.26,WO-0006744,concrete,as_occurred
TLS-00929,2026-01-10 00:00:00,,,routine,2026-01-10 00:00:00,1500.64,WO-0006745,steel_monopole,as_occurred
TLS-00525,2026-01-11 00:00:00,,,routine,2026-01-11 00:00:00,3041.36,WO-0006746,steel_lattice,as_occurred
DFR-01776,2026-01-11 00:00:00,,,routine,2026-01-11 00:00:00,301.01,WO-0006747,wood_pole,as_occurred
LEGACY-059167,2026-01-11 00:00:00,,,inspection,2026-01-11 00:00:00,305.38,WO-0006748,,as_occurred
WMN-02840,2026-01-11 00:00:00,,,inspection,2026-01-11 00:00:00,1057.61,WO-0006749,cast_iron,as_occurred
PMP-02289,2026-01-11 00:00:00,,,routine,2026-01-11 00:00:00,2483.04,WO-0006750,standard,as_occurred
TLS-00553,2026-01-12 00:00:00,,,vegetation,2026-01-12 00:00:00,462.22,WO-0006751,steel_lattice,as_occurred
PMP-02473,2026-01-12 00:00:00,,,inspection,2026-01-12 00:00:00,997.06,WO-0006752,standard,as_occurred
WMN-03433,2026-01-12 00:00:00,,,vegetation,2026-01-12 00:00:00,1512.29,WO-0006753,cast_iron,as_occurred
DFR-01520,2026-01-12 00:00:00,,,routine,2026-01-12 00:00:00,845.83,WO-0006754,wood_pole,as_occurred
WMN-03150,2026-01-12 00:00:00,,,routine,2026-01-12 00:00:00,1093.84,WO-0006755,Asbestos Cement,as_occurred
WMN-03238,2026-01-12 00:00:00,,,inspection,2026-01-12 00:00:00,469.34,WO-0006756,cast_iron,as_occurred
WMN-02750,2026-01-12 00:00:00,,,inspection,2026-01-12 00:00:00,891.43,WO-0006757,cast_iron,as_occurred
DFR-01712,2026-01-13 00:00:00,,,inspection,2026-01-13 00:00:00,1572.79,WO-0006758,wood_pole,as_occurred
RCL-02194,2026-01-13 00:00:00,,,vegetation,2026-01-13 00:00:00,1166.41,WO-0006759,standard,as_occurred
TLS-00943,2026-01-13 00:00:00,,,routine,2026-01-13 00:00:00,683.16,WO-0006760,concrete,as_occurred
WMN-02732,2026-01-13 00:00:00,,,routine,2026-01-13 00:00:00,340.38,WO-0006761,asbestos_cement,as_occurred
WMN-03032,2026-01-13 00:00:00,,,routine,2026-01-13 00:00:00,681.39,WO-0006762,ductile_iron,as_occurred
TLS-01302,2026-01-13 00:00:00,,,inspection,2026-01-13 00:00:00,1392.12,WO-0006763,steel_lattice,as_occurred
DFR-01349,2026-01-14 00:00:00,,,routine,2026-01-14 00:00:00,281.51,WO-0006764,WOOD POLE,as_occurred
DSS-00183,2026-01-14 00:00:00,,,inspection,2026-01-14 00:00:00,1399.49,WO-0006765,standard,as_occurred
DFR-01317,2026-01-14 00:00:00,,,inspection,2026-01-14 00:00:00,315.35,WO-0006766,WOOD POLE,as_occurred
TLS-00524,2026-01-14 00:00:00,,,vegetation,2026-01-17 00:00:00,2603.45,WO-0006767,steel_lattice,reported_late
DFR-01437,2026-01-14 00:00:00,,,routine,2026-01-14 00:00:00,865.48,WO-0006768,Wood,as_occurred
WMN-03047,2026-01-14 00:00:00,,,vegetation,2026-01-14 00:00:00,716.16,WO-0006769,pvc,as_occurred
DFR-01884,2026-01-15 00:00:00,,,routine,2026-01-15 00:00:00,1621.32,WO-0006770,composite_pole,as_occurred
TNK-02623,2026-01-15 00:00:00,,,vegetation,2026-01-15 00:00:00,701.9,WO-0006771,standard,as_occurred
WMN-03328,2026-01-15 00:00:00,INLA-20260115-093,physical,corrective,2026-01-15 00:00:00,5707.28,WO-0006772,cast_iron,as_occurred
DFR-01845,2026-01-15 00:00:00,,,vegetation,2026-01-15 00:00:00,829.76,WO-0006773,wood_pole,as_occurred
DFR-01712,2026-01-15 00:00:00,,,routine,2026-01-15 00:00:00,674.0,WO-0006774,wood_pole,as_occurred
TLS-00705,2026-01-15 00:00:00,,,inspection,2026-01-15 00:00:00,272.73,WO-0006775,steel_monopole,as_occurred
TLS-00904,2026-01-15 00:00:00,,,inspection,2026-01-15 00:00:00,503.09,WO-0006776,steel_lattice,as_occurred
WMN-03154,2026-01-15 06:00:00,INLA-20260115-093,physical,corrective,2026-01-15 06:00:00,8536.96,WO-0006777,cast_iron,as_occurred
PMP-02455,2026-01-15 12:00:00,INLA-20260115-093,physical,corrective,2026-01-15 12:00:00,8202.67,WO-0006778,standard,as_occurred
DSS-00114,2026-01-15 18:00:00,INLA-20260115-093,physical,corrective,2026-01-15 18:00:00,2918.32,WO-0006779,standard,as_occurred
PMP-02268,2026-01-15 18:00:00,INLA-20260115-093,physical,corrective,2026-01-15 18:00:00,1408.01,WO-0006780,standard,as_occurred
PMP-02465,2026-01-15 18:00:00,INLA-20260115-093,physical,corrective,2026-01-15 18:00:00,17567.31,WO-0006781,standard,as_occurred
WMN-03194,2026-01-15 18:00:00,INLA-20260115-093,physical,corrective,2026-01-15 18:00:00,6749.03,WO-0006782,cast_iron,as_occurred
WMN-03345,2026-01-15 18:00:00,INLA-20260115-093,physical,corrective,2026-01-15 18:00:00,511.37,WO-0006783,Asbestos Cement,as_occurred
INT-03504,2026-01-15 18:00:00,INLA-20260115-093,physical,corrective,2026-01-18 18:00:00,3757.87,WO-0006784,standard,reported_late
PMP-02411,2026-01-15 18:00:00,INLA-20260115-093,physical,corrective,2026-01-15 18:00:00,7037.82,WO-0006785,standard,as_occurred
TLS-00750,2026-01-16 00:00:00,,,inspection,2026-01-16 00:00:00,348.33,WO-0006786,steel_lattice,as_occurred
WMN-03326,2026-01-16 00:00:00,,,inspection,2026-01-16 00:00:00,1673.75,WO-0006787,cast_iron,as_occurred
WMN-02716,2026-01-16 00:00:00,INLA-20260115-093,physical,corrective,2026-01-16 00:00:00,3152.96,WO-0006788,asbestos_cement,as_occurred
DFR-01529,2026-01-16 00:00:00,,,inspection,2026-01-16 00:00:00,840.55,WO-0006789,Wood,as_occurred
DFR-01518,2026-01-16 00:00:00,,,inspection,2026-01-16 00:00:00,1530.86,WO-0006790,wood_pole,as_occurred
WMN-02770,2026-01-16 00:00:00,,,routine,2026-01-16 00:00:00,1383.33,WO-0006791,ductile-iron,as_occurred
TLS-00854,2026-01-16 00:00:00,,,routine,2026-01-16 00:00:00,821.2,WO-0006792,steel_monopole,as_occurred
TLS-00737,2026-01-16 00:00:00,,,inspection,2026-01-16 00:00:00,836.56,WO-0006793,steel_monopole,as_occurred
TLS-01216,2026-01-17 00:00:00,,,routine,2026-01-17 00:00:00,1412.59,WO-0006794,steel_lattice,as_occurred
DFR-01567,2026-01-17 00:00:00,,,routine,2026-01-17 00:00:00,336.45,WO-0006795,wood_pole,as_occurred
TLS-00626,2026-01-17 00:00:00,,,routine,2026-01-17 00:00:00,337.33,WO-0006796,steel_monopole,as_occurred
TLS-01177,2026-01-17 00:00:00,,,routine,2026-01-17 00:00:00,1834.47,WO-0006797,steel_monopole,as_occurred
TNK-02635,2026-01-17 00:00:00,,,inspection,2026-01-17 00:00:00,903.13,WO-0006798,standard,as_occurred
WMN-02920,2026-01-17 00:00:00,,,vegetation,2026-01-17 00:00:00,479.88,WO-0006799,cast_iron,as_occurred
DSS-00405,2026-01-17 00:00:00,,,vegetation,2026-01-17 00:00:00,1528.45,WO-0006800,standard,as_occurred
DFR-01390,2026-01-18 00:00:00,,,inspection,2026-01-18 00:00:00,551.81,WO-0006801,wood_pole,as_occurred
DSS-00149,2026-01-18 00:00:00,,,routine,2026-01-18 00:00:00,665.25,WO-0006802,standard,as_occurred
WMN-02803,2026-01-18 00:00:00,,,routine,2026-01-18 00:00:00,3926.08,WO-0006803,pvc,as_occurred
TLS-00820,2026-01-18 00:00:00,,,routine,2026-01-18 00:00:00,1031.27,WO-0006804,steel_monopole,as_occurred
INT-03481,2026-01-19 00:00:00,,,vegetation,2026-01-19 00:00:00,566.33,WO-0006805,standard,as_occurred
WMN-02926,2026-01-19 00:00:00,BASE-20260119-124,physical,corrective,2026-01-19 00:00:00,3503.52,WO-0006806,cast_iron,as_occurred
DFR-01720,2026-01-19 00:00:00,,,inspection,2026-01-19 00:00:00,1208.06,WO-0006807,wood_pole,as_occurred
WMN-02762,2026-01-19 00:00:00,,,inspection,2026-01-19 00:00:00,418.16,WO-0006808,pvc,as_occurred
WMN-03228,2026-01-19 00:00:00,BASE-20260119-124,physical,corrective,2026-01-19 00:00:00,4231.41,WO-0006809,cast_iron,as_occurred
TLS-01148,2026-01-19 00:00:00,,,vegetation,2026-01-19 00:00:00,2342.13,WO-0006810,steel_lattice,as_occurred
WMN-03444,2026-01-19 06:00:00,BASE-20260119-124,physical,corrective,2026-01-19 06:00:00,5594.42,WO-0006811,cast_iron,as_occurred
WMN-03455,2026-01-19 06:00:00,BASE-20260119-124,physical,corrective,2026-01-19 06:00:00,3166.54,WO-0006812,C.I.,as_occurred
WMN-03150,2026-01-19 12:00:00,BASE-20260119-124,physical,corrective,2026-01-19 12:00:00,3334.92,WO-0006813,asbestos_cement,as_occurred
WMN-03433,2026-01-20 00:00:00,HEAT-20260120-089,physical,corrective,2026-01-20 00:00:00,9032.77,WO-0006814,cast_iron,as_occurred
DFR-01792,2026-01-20 00:00:00,,,routine,2026-01-20 00:00:00,2582.04,WO-0006815,wood_pole,as_occurred
LEGACY-017043,2026-01-20 00:00:00,,,vegetation,2026-01-20 00:00:00,810.72,WO-0006816,,as_occurred
DSS-00125,2026-01-20 00:00:00,,,routine,2026-01-20 00:00:00,660.07,WO-0006817,standard,as_occurred
TLS-00932,2026-01-20 00:00:00,,,vegetation,2026-01-20 00:00:00,1030.7,WO-0006818,steel_monopole,as_occurred
WMN-03043,2026-01-20 00:00:00,HEAT-20260120-089,physical,corrective,2026-01-20 00:00:00,1737.67,WO-0006819,ductile_iron,as_occurred
WMN-03034,2026-01-20 00:00:00,,,inspection,2026-01-20 00:00:00,279.6,WO-0006820,cast_iron,as_occurred
PMP-02401,2026-01-20 06:00:00,HEAT-20260120-089,physical,corrective,2026-01-20 06:00:00,4453.49,WO-0006821,standard,as_occurred
WMN-02823,2026-01-20 12:00:00,HEAT-20260120-089,physical,corrective,2026-01-20 12:00:00,2447.77,WO-0006822,ductile-iron,as_occurred
WMN-02781,2026-01-20 12:00:00,HEAT-20260120-089,physical,corrective,2026-01-23 12:00:00,4829.74,WO-0006823,ductile_iron,reported_late
WMN-02978,2026-01-20 12:00:00,HEAT-20260120-089,physical,corrective,2026-01-20 12:00:00,3492.27,WO-0006824,steel,as_occurred
WMN-03026,2026-01-20 12:00:00,HEAT-20260120-089,physical,corrective,2026-01-23 12:00:00,3717.66,WO-0006825,cast_iron,reported_late
DFR-01441,2026-01-20 12:00:00,HEAT-20260120-089,physical,corrective,2026-01-20 12:00:00,9719.06,WO-0006826,wood_pole,as_occurred
TLS-00542,2026-01-20 18:00:00,HEAT-20260120-089,physical,corrective,2026-01-20 18:00:00,2006.35,WO-0006827,steel_monopole,as_occurred
WMN-02685,2026-01-21 00:00:00,HEAT-20260120-089,physical,corrective,2026-01-21 00:00:00,2828.58,WO-0006828,cast_iron,as_occurred
WMN-03303,2026-01-21 00:00:00,HEAT-20260120-089,physical,corrective,2026-01-21 00:00:00,9551.93,WO-0006829,cast_iron,as_occurred
TLS-00763,2026-01-21 00:00:00,,,routine,2026-01-21 00:00:00,585.05,WO-0006830,concrete,as_occurred
DFR-01852,2026-01-21 00:00:00,,,vegetation,2026-01-21 00:00:00,178.39,WO-0006831,wood_pole,as_occurred
WMN-03367,2026-01-21 00:00:00,,,routine,2026-01-21 00:00:00,1700.4,WO-0006832,ductile_iron,as_occurred
TNK-02596,2026-01-21 00:00:00,,,routine,2026-01-21 00:00:00,771.08,WO-0006833,standard,as_occurred
WMN-03410,2026-01-21 00:00:00,,,vegetation,2026-01-21 00:00:00,1358.1,WO-0006834,ductile_iron,as_occurred
TLS-00867,2026-01-21 00:00:00,,,routine,2026-01-21 00:00:00,626.29,WO-0006835,steel_lattice,as_occurred
WMN-02805,2026-01-21 06:00:00,HEAT-20260120-089,physical,corrective,2026-01-24 06:00:00,6090.55,WO-0006836,cast_iron,reported_late
DFR-01526,2026-01-21 06:00:00,HEAT-20260120-089,physical,corrective,2026-01-21 06:00:00,6126.73,WO-0006837,composite_pole,as_occurred
PMP-02475,2026-01-21 18:00:00,HEAT-20260120-089,functional_power_loss,corrective,2026-01-21 18:00:00,2616.3,WO-0006838,standard,as_occurred
WMN-03014,2026-01-21 18:00:00,HEAT-20260120-089,physical,corrective,2026-01-24 18:00:00,16704.06,WO-0006839,ductile_iron,reported_late
PMP-02305,2026-01-21 18:00:00,HEAT-20260120-089,functional_power_loss,corrective,2026-01-21 18:00:00,3589.49,WO-0006840,standard,as_occurred
DSS-00262,2026-01-21 18:00:00,HEAT-20260120-089,physical,corrective,2026-01-21 18:00:00,3665.41,WO-0006841,standard,as_occurred
DFR-01423,2026-01-21 18:00:00,HEAT-20260120-089,physical,corrective,2026-01-21 18:00:00,7185.18,WO-0006842,wood_pole,as_occurred
DSS-00097,2026-01-21 18:00:00,HEAT-20260120-089,physical,corrective,2026-01-24 18:00:00,3982.31,WO-0006843,standard,reported_late
WMN-02842,2026-01-22 00:00:00,,,vegetation,2026-01-22 00:00:00,944.8,WO-0006844,pvc,as_occurred
WMN-02812,2026-01-22 00:00:00,HEAT-20260120-089,physical,corrective,2026-01-22 00:00:00,2705.4,WO-0006845,cast_iron,as_occurred
WMN-03345,2026-01-22 00:00:00,,,routine,2026-01-22 00:00:00,240.19,WO-0006846,asbestos_cement,as_occurred
LEGACY-014845,2026-01-22 00:00:00,,,routine,2026-01-22 00:00:00,1062.49,WO-0006847,,as_occurred
DFR-01481,2026-01-22 00:00:00,,,vegetation,2026-01-22 00:00:00,2600.62,WO-0006848,WOOD POLE,as_occurred
PMP-02395,2026-01-22 12:00:00,HEAT-20260120-089,physical,corrective,2026-01-25 12:00:00,1438.26,WO-0006849,standard,reported_late
DSS-00093,2026-01-22 12:00:00,HEAT-20260120-089,physical,corrective,2026-01-22 12:00:00,904.54,WO-0006850,standard,as_occurred
PMP-02370,2026-01-22 12:00:00,HEAT-20260120-089,functional_power_loss,corrective,2026-01-22 12:00:00,2145.17,WO-0006851,standard,as_occurred
PMP-02491,2026-01-22 12:00:00,HEAT-20260120-089,functional_power_loss,corrective,2026-01-22 12:00:00,3577.14,WO-0006852,standard,as_occurred
LEGACY-002610,2026-01-22 12:00:00,HEAT-20260120-089,physical,corrective,2026-01-22 12:00:00,2216.11,WO-0006853,,as_occurred
DSS-00312,2026-01-22 12:00:00,HEAT-20260120-089,physical,corrective,2026-01-22 12:00:00,5448.22,WO-0006854,standard,as_occurred
WMN-03315,2026-01-23 00:00:00,HEAT-20260120-089,physical,corrective,2026-01-23 00:00:00,7376.98,WO-0006855,asbestos_cement,as_occurred
TLS-01043,2026-01-23 00:00:00,,,vegetation,2026-01-23 00:00:00,2073.36,WO-0006856,steel_lattice,as_occurred
TLS-01261,2026-01-23 00:00:00,,,vegetation,2026-01-23 00:00:00,995.82,WO-0006857,steel_lattice,as_occurred
TLS-01177,2026-01-23 00:00:00,,,vegetation,2026-01-23 00:00:00,1033.32,WO-0006858,steel_monopole,as_occurred
DSS-00290,2026-01-23 00:00:00,,,routine,2026-01-23 00:00:00,757.75,WO-0006859,standard,as_occurred
WMN-02708,2026-01-23 00:00:00,,,inspection,2026-01-23 00:00:00,1705.44,WO-0006860,pvc,as_occurred
PMP-02301,2026-01-23 12:00:00,HEAT-20260120-089,functional_power_loss,corrective,2026-01-23 12:00:00,30879.3,WO-0006861,standard,as_occurred
DSS-00348,2026-01-23 12:00:00,HEAT-20260120-089,physical,corrective,2026-01-23 12:00:00,12001.74,WO-0006862,standard,as_occurred
DSS-00364,2026-01-23 12:00:00,HEAT-20260120-089,physical,corrective,2026-01-26 12:00:00,5938.01,WO-0006863,standard,reported_late
PMP-02415,2026-01-23 12:00:00,HEAT-20260120-089,functional_power_loss,corrective,2026-01-23 12:00:00,3950.92,WO-0006864,standard,as_occurred
PMP-02392,2026-01-23 12:00:00,HEAT-20260120-089,functional_power_loss,corrective,2026-01-23 12:00:00,2344.86,WO-0006865,standard,as_occurred
DFR-01915,2026-01-23 12:00:00,HEAT-20260120-089,physical,corrective,2026-01-23 12:00:00,4735.9,WO-0006866,concrete_pole,as_occurred
DSS-00258,2026-01-23 12:00:00,HEAT-20260120-089,physical,corrective,2026-01-23 12:00:00,2028.75,WO-0006867,standard,as_occurred
PMP-02422,2026-01-23 12:00:00,HEAT-20260120-089,functional_power_loss,corrective,2026-01-23 12:00:00,6340.39,WO-0006868,standard,as_occurred
DSS-00398,2026-01-23 12:00:00,HEAT-20260120-089,physical,corrective,2026-01-23 12:00:00,3050.36,WO-0006869,standard,as_occurred
DSS-00073,2026-01-23 12:00:00,HEAT-20260120-089,physical,corrective,2026-01-23 12:00:00,10980.62,WO-0006870,standard,as_occurred
DSS-00274,2026-01-23 12:00:00,HEAT-20260120-089,physical,corrective,2026-01-23 12:00:00,1996.19,WO-0006871,standard,as_occurred
TNK-02661,2026-01-23 18:00:00,HEAT-20260120-089,physical,corrective,2026-01-23 18:00:00,5266.91,WO-0006872,standard,as_occurred
DFR-01538,2026-01-24 00:00:00,,,routine,2026-01-24 00:00:00,324.79,WO-0006873,underground,as_occurred
TLS-01188,2026-01-24 00:00:00,,,routine,2026-01-24 00:00:00,907.39,WO-0006874,steel_monopole,as_occurred
DFR-01491,2026-01-24 00:00:00,HEAT-20260120-089,physical,corrective,2026-01-24 00:00:00,6482.6,WO-0006875,wood_pole,as_occurred
WMN-03299,2026-01-24 00:00:00,,,routine,2026-01-24 00:00:00,540.1,WO-0006876,CAST IRON,as_occurred
WMN-03173,2026-01-24 00:00:00,HEAT-20260120-089,physical,corrective,2026-01-24 00:00:00,6652.34,WO-0006877,ductile_iron,as_occurred
TNK-02622,2026-01-24 00:00:00,,,inspection,2026-01-24 00:00:00,471.14,WO-0006878,standard,as_occurred
DFR-01875,2026-01-24 00:00:00,HEAT-20260120-089,physical,corrective,2026-01-24 00:00:00,667.68,WO-0006879,Wood,as_occurred
TNK-02638,2026-01-24 06:00:00,BASE-20260124-117,physical,corrective,2026-01-24 06:00:00,8684.86,WO-0006880,standard,as_occurred
TLS-01176,2026-01-24 06:00:00,BASE-20260124-117,physical,corrective,2026-01-24 06:00:00,5551.24,WO-0006881,concrete,as_occurred
DSS-00063,2026-01-24 12:00:00,HEAT-20260120-089,physical,corrective,2026-01-24 12:00:00,6616.77,WO-0006882,standard,as_occurred
RCL-02016,2026-01-24 12:00:00,BASE-20260124-117,physical,corrective,2026-01-24 12:00:00,5225.07,WO-0006883,standard,as_occurred
WMN-03191,2026-01-24 12:00:00,HEAT-20260120-089,physical,corrective,2026-01-24 12:00:00,4374.13,WO-0006884,asbestos_cement,as_occurred
PMP-02297,2026-01-24 12:00:00,HEAT-20260120-089,functional_power_loss,corrective,2026-01-24 12:00:00,7713.98,WO-0006885,standard,as_occurred
PMP-02294,2026-01-24 12:00:00,HEAT-20260120-089,functional_power_loss,corrective,2026-01-24 12:00:00,5291.99,WO-0006886,standard,as_occurred
PMP-02230,2026-01-24 12:00:00,HEAT-20260120-089,functional_power_loss,corrective,2026-01-24 12:00:00,2010.95,WO-0006887,standard,as_occurred
PMP-02268,2026-01-24 12:00:00,HEAT-20260120-089,physical,corrective,2026-01-24 12:00:00,2587.98,WO-0006888,standard,as_occurred
WMN-03469,2026-01-24 12:00:00,HEAT-20260120-089,physical,corrective,2026-01-24 12:00:00,1051.91,WO-0006889,ductile_iron,as_occurred
DSS-00082,2026-01-24 12:00:00,HEAT-20260120-089,physical,corrective,2026-01-24 12:00:00,3389.42,WO-0006890,standard,as_occurred
DFR-01622,2026-01-24 12:00:00,BASE-20260124-117,physical,corrective,2026-01-24 12:00:00,886.63,WO-0006891,wood_pole,as_occurred
TSS-00006,2026-01-24 18:00:00,BASE-20260124-117,physical,corrective,2026-01-24 18:00:00,4845.95,WO-0006892,standard,as_occurred
WMN-02990,2026-01-24 18:00:00,HEAT-20260120-089,physical,corrective,2026-01-24 18:00:00,3274.24,WO-0006893,ductile_iron,as_occurred
TLS-00984,2026-01-25 00:00:00,,,routine,2026-01-25 00:00:00,356.31,WO-0006894,steel_monopole,as_occurred
DSS-00309,2026-01-25 00:00:00,,,routine,2026-01-25 00:00:00,603.78,WO-0006895,standard,as_occurred
WMN-03154,2026-01-25 00:00:00,HEAT-20260120-089,physical,corrective,2026-01-25 00:00:00,2888.41,WO-0006896,cast_iron,as_occurred
WMN-02818,2026-01-25 00:00:00,,,routine,2026-01-25 00:00:00,287.65,WO-0006897,cast_iron,as_occurred
WMN-02785,2026-01-25 00:00:00,,,vegetation,2026-01-25 00:00:00,537.95,WO-0006898,cast_iron,as_occurred
DSS-00337,2026-01-25 00:00:00,,,routine,2026-01-25 00:00:00,2417.48,WO-0006899,standard,as_occurred
WMN-03068,2026-01-25 00:00:00,,,routine,2026-01-25 00:00:00,453.39,WO-0006900,pvc,as_occurred
WMN-03347,2026-01-25 00:00:00,,,inspection,2026-01-25 00:00:00,2765.53,WO-0006901,ductile_iron,as_occurred
WMN-02790,2026-01-25 00:00:00,,,routine,2026-01-25 00:00:00,411.43,WO-0006902,DI,as_occurred
DFR-01397,2026-01-25 06:00:00,HEAT-20260120-089,physical,corrective,2026-01-25 06:00:00,2439.89,WO-0006903,wood_pole,as_occurred
WMN-03187,2026-01-25 06:00:00,HEAT-20260120-089,physical,corrective,2026-01-25 06:00:00,2065.97,WO-0006904,ductile_iron,as_occurred
WMN-02776,2026-01-25 12:00:00,HEAT-20260120-089,physical,corrective,2026-01-25 12:00:00,6632.33,WO-0006905,asbestos_cement,as_occurred
WMN-02747,2026-01-25 12:00:00,HEAT-20260120-089,physical,corrective,2026-01-25 12:00:00,2438.98,WO-0006906,asbestos_cement,as_occurred
WMN-02815,2026-01-25 18:00:00,HEAT-20260120-089,physical,corrective,2026-01-28 18:00:00,7837.59,WO-0006907,cast_iron,reported_late
PMP-02388,2026-01-26 00:00:00,,,inspection,2026-01-26 00:00:00,1042.52,WO-0006908,standard,as_occurred
TLS-01048,2026-01-26 00:00:00,,,inspection,2026-01-26 00:00:00,2538.3,WO-0006909,steel_monopole,as_occurred
WMN-03059,2026-01-26 06:00:00,HEAT-20260120-089,physical,corrective,2026-01-26 06:00:00,2707.78,WO-0006910,cast_iron,as_occurred
WMN-02857,2026-01-26 12:00:00,HEAT-20260120-089,physical,corrective,2026-01-26 12:00:00,677.42,WO-0006911,cast_iron,as_occurred
WMN-02979,2026-01-26 18:00:00,HEAT-20260120-089,physical,corrective,2026-01-26 18:00:00,3695.41,WO-0006912,ductile_iron,as_occurred
WMN-03034,2026-01-26 18:00:00,HEAT-20260120-089,physical,corrective,2026-01-26 18:00:00,10965.61,WO-0006913,cast_iron,as_occurred
WMN-03077,2026-01-27 00:00:00,,,vegetation,2026-01-27 00:00:00,876.42,WO-0006914,asbestos_cement,as_occurred
TLS-00462,2026-01-27 00:00:00,,,routine,2026-01-27 00:00:00,285.07,WO-0006915,steel_lattice,as_occurred
TSS-00007,2026-01-27 00:00:00,,,routine,2026-01-27 00:00:00,1267.4,WO-0006916,standard,as_occurred
DFR-01428,2026-01-27 00:00:00,,,inspection,2026-01-27 00:00:00,734.75,WO-0006917,wood_pole,as_occurred
DFR-01425,2026-01-27 00:00:00,,,vegetation,2026-01-27 00:00:00,955.95,WO-0006918,wood_pole,as_occurred
WMN-03454,2026-01-27 00:00:00,,,inspection,2026-01-27 00:00:00,1278.58,WO-0006919,CI,as_occurred
TSS-00018,2026-01-27 00:00:00,,,routine,2026-01-27 00:00:00,895.05,WO-0006920,standard,as_occurred
DFR-01420,2026-01-27 00:00:00,,,inspection,2026-01-27 00:00:00,756.97,WO-0006921,wood_pole,as_occurred
WMN-03467,2026-01-27 00:00:00,,,vegetation,2026-01-27 00:00:00,1577.55,WO-0006922,cast_iron,as_occurred
TLS-00638,2026-01-28 00:00:00,,,vegetation,2026-01-28 00:00:00,3628.21,WO-0006923,steel_lattice,as_occurred
TLS-01245,2026-01-28 00:00:00,,,inspection,2026-01-28 00:00:00,343.98,WO-0006924,steel_lattice,as_occurred
DSS-00277,2026-01-28 00:00:00,,,routine,2026-01-28 00:00:00,904.35,WO-0006925,standard,as_occurred
DSS-00171,2026-01-28 00:00:00,,,routine,2026-01-28 00:00:00,251.98,WO-0006926,standard,as_occurred
TLS-00740,2026-01-28 00:00:00,,,inspection,2026-01-28 00:00:00,186.45,WO-0006927,steel_lattice,as_occurred
TLS-00852,2026-01-28 00:00:00,,,vegetation,2026-01-28 00:00:00,618.98,WO-0006928,concrete,as_occurred
TLS-00896,2026-01-29 00:00:00,,,vegetation,2026-01-29 00:00:00,3748.91,WO-0006929,steel_lattice,as_occurred
DFR-01858,2026-01-29 00:00:00,,,routine,2026-01-29 00:00:00,734.41,WO-0006930,wood_pole,as_occurred
WMN-03036,2026-01-29 00:00:00,,,vegetation,2026-01-29 00:00:00,302.89,WO-0006931,ductile_iron,as_occurred
RCL-02018,2026-01-29 00:00:00,,,vegetation,2026-01-29 00:00:00,551.21,WO-0006932,standard,as_occurred
WMN-03302,2026-01-29 00:00:00,,,inspection,2026-01-29 00:00:00,282.77,WO-0006933,ductile_iron,as_occurred
WMN-02839,2026-01-29 00:00:00,,,routine,2026-01-29 00:00:00,365.35,WO-0006934,ductile_iron,as_occurred
INT-03512,2026-01-29 00:00:00,,,vegetation,2026-01-29 00:00:00,1020.06,WO-0006935,standard,as_occurred
TLS-01292,2026-01-29 00:00:00,BASE-20260129-103,physical,corrective,2026-01-29 00:00:00,2718.86,WO-0006936,steel_monopole,as_occurred
DSS-00316,2026-01-29 00:00:00,BASE-20260129-103,physical,corrective,2026-01-29 00:00:00,1693.8,WO-0006937,standard,as_occurred
TLS-00769,2026-01-29 00:00:00,,,routine,2026-01-29 00:00:00,829.77,WO-0006938,steel_lattice,as_occurred
WMN-03029,2026-01-29 06:00:00,BASE-20260129-103,physical,corrective,2026-01-29 06:00:00,6187.91,WO-0006939,cast_iron,as_occurred
DFR-01757,2026-01-29 12:00:00,BASE-20260129-103,physical,corrective,2026-01-29 12:00:00,2753.38,WO-0006940,composite_pole,as_occurred
WMN-02837,2026-01-29 12:00:00,BASE-20260129-103,physical,corrective,2026-01-29 12:00:00,3176.35,WO-0006941,ductile_iron,as_occurred
WMN-02840,2026-01-29 18:00:00,BASE-20260129-103,physical,corrective,2026-01-29 18:00:00,853.74,WO-0006942,CAST IRON,as_occurred
DFR-02007,2026-01-29 18:00:00,BASE-20260129-103,physical,corrective,2026-01-29 18:00:00,2664.01,WO-0006943,wood_pole,as_occurred
TLS-00787,2026-01-30 00:00:00,,,inspection,2026-01-30 00:00:00,1297.58,WO-0006944,steel_lattice,as_occurred
PMP-02499,2026-01-30 00:00:00,,,inspection,2026-01-30 00:00:00,738.45,WO-0006945,standard,as_occurred
TLS-01239,2026-01-30 00:00:00,,,inspection,2026-01-30 00:00:00,1819.14,WO-0006946,steel_lattice,as_occurred
TLS-00674,2026-01-31 00:00:00,,,vegetation,2026-01-31 00:00:00,899.89,WO-0006947,steel_lattice,as_occurred
TLS-00505,2026-01-31 00:00:00,,,routine,2026-01-31 00:00:00,559.83,WO-0006948,steel_lattice,as_occurred
RCL-02090,2026-01-31 00:00:00,,,vegetation,2026-01-31 00:00:00,2736.8,WO-0006949,standard,as_occurred
WMN-02688,2026-01-31 00:00:00,,,inspection,2026-01-31 00:00:00,727.99,WO-0006950,cast_iron,as_occurred
WMN-03463,2026-02-01 00:00:00,,,inspection,2026-02-01 00:00:00,1641.39,WO-0006951,cast_iron,as_occurred
TLS-00708,2026-02-02 00:00:00,,,inspection,2026-02-02 00:00:00,477.85,WO-0006952,steel_lattice,as_occurred
RCL-02081,2026-02-02 00:00:00,,,inspection,2026-02-02 00:00:00,391.61,WO-0006953,standard,as_occurred
PMP-02251,2026-02-02 00:00:00,,,vegetation,2026-02-02 00:00:00,907.43,WO-0006954,standard,as_occurred
WMN-02804,2026-02-02 00:00:00,,,vegetation,2026-02-02 00:00:00,831.15,WO-0006955,cast_iron,as_occurred
PMP-02319,2026-02-02 00:00:00,,,inspection,2026-02-02 00:00:00,633.38,WO-0006956,standard,as_occurred
DFR-01944,2026-02-02 00:00:00,,,routine,2026-02-02 00:00:00,394.62,WO-0006957,wood_pole,as_occurred
DFR-01779,2026-02-02 00:00:00,,,routine,2026-02-02 00:00:00,703.75,WO-0006958,wood_pole,as_occurred
RCL-02068,2026-02-03 00:00:00,INLA-20260203-092,physical,corrective,2026-02-03 00:00:00,7288.8,WO-0006959,standard,as_occurred
TLS-01238,2026-02-03 00:00:00,,,vegetation,2026-02-03 00:00:00,365.52,WO-0006960,steel_lattice,as_occurred
RCL-02108,2026-02-03 00:00:00,INLA-20260203-092,physical,corrective,2026-02-03 00:00:00,1722.43,WO-0006961,standard,as_occurred
DSS-00102,2026-02-03 00:00:00,,,vegetation,2026-02-03 00:00:00,1284.63,WO-0006962,standard,as_occurred
TLS-01302,2026-02-03 00:00:00,,,vegetation,2026-02-03 00:00:00,3061.41,WO-0006963,steel_lattice,as_occurred
LEGACY-072786,2026-02-03 00:00:00,,,routine,2026-02-03 00:00:00,558.47,WO-0006964,,as_occurred
DFR-02007,2026-02-03 00:00:00,,,inspection,2026-02-03 00:00:00,528.68,WO-0006965,wood_pole,as_occurred
TLS-00535,2026-02-03 12:00:00,INLA-20260203-092,physical,corrective,2026-02-03 12:00:00,3412.89,WO-0006966,steel_monopole,as_occurred
WMN-03457,2026-02-03 18:00:00,INLA-20260203-092,physical,corrective,2026-02-03 18:00:00,13758.9,WO-0006967,pvc,as_occurred
DFR-01886,2026-02-04 00:00:00,,,routine,2026-02-04 00:00:00,602.36,WO-0006968,wood_pole,as_occurred
WMN-02817,2026-02-04 00:00:00,,,inspection,2026-02-04 00:00:00,336.64,WO-0006969,DI,as_occurred
TLS-00556,2026-02-04 00:00:00,,,vegetation,2026-02-04 00:00:00,842.76,WO-0006970,steel_lattice,as_occurred
WMN-02846,2026-02-04 00:00:00,INLA-20260203-092,physical,corrective,2026-02-04 00:00:00,1360.94,WO-0006971,Ductile Iron,as_occurred
WMN-03035,2026-02-04 06:00:00,INLA-20260203-092,physical,corrective,2026-02-04 06:00:00,9820.33,WO-0006972,ductile_iron,as_occurred
TLS-01136,2026-02-05 00:00:00,,,routine,2026-02-05 00:00:00,530.1,WO-0006973,steel_lattice,as_occurred
LEGACY-015050,2026-02-05 00:00:00,,,routine,2026-02-08 00:00:00,700.34,WO-0006974,,reported_late
DFR-01818,2026-02-05 00:00:00,,,routine,2026-02-05 00:00:00,786.96,WO-0006975,underground,as_occurred
TLS-01215,2026-02-05 00:00:00,,,inspection,2026-02-05 00:00:00,574.13,WO-0006976,concrete,as_occurred
TLS-01082,2026-02-05 00:00:00,,,vegetation,2026-02-05 00:00:00,1064.41,WO-0006977,concrete,as_occurred
DFR-01877,2026-02-05 00:00:00,,,routine,2026-02-05 00:00:00,420.29,WO-0006978,Wood Pole,as_occurred
DSS-00297,2026-02-05 00:00:00,,,vegetation,2026-02-05 00:00:00,400.51,WO-0006979,standard,as_occurred
DFR-01587,2026-02-06 00:00:00,,,vegetation,2026-02-06 00:00:00,499.35,WO-0006980,underground,as_occurred
TLS-00526,2026-02-06 00:00:00,,,inspection,2026-02-09 00:00:00,408.37,WO-0006981,steel_monopole,reported_late
TNK-02532,2026-02-06 00:00:00,,,vegetation,2026-02-06 00:00:00,1608.6,WO-0006982,standard,as_occurred
DFR-01610,2026-02-06 00:00:00,,,inspection,2026-02-06 00:00:00,1003.19,WO-0006983,wood_pole,as_occurred
LEGACY-044825,2026-02-06 00:00:00,,,inspection,2026-02-06 00:00:00,766.28,WO-0006984,,as_occurred
TNK-02591,2026-02-07 00:00:00,,,vegetation,2026-02-07 00:00:00,444.3,WO-0006985,standard,as_occurred
DFR-01645,2026-02-07 00:00:00,,,vegetation,2026-02-07 00:00:00,1994.53,WO-0006986,WOOD POLE,as_occurred
TLS-00433,2026-02-07 00:00:00,,,inspection,2026-02-07 00:00:00,360.89,WO-0006987,steel_lattice,as_occurred
TLS-01064,2026-02-07 00:00:00,,,vegetation,2026-02-07 00:00:00,378.89,WO-0006988,concrete,as_occurred
PMP-02422,2026-02-07 00:00:00,BASE-20260207-122,functional_power_loss,corrective,2026-02-07 00:00:00,6627.41,WO-0006989,standard,as_occurred
DSS-00364,2026-02-07 00:00:00,BASE-20260207-122,physical,corrective,2026-02-07 00:00:00,17616.88,WO-0006990,standard,as_occurred
WMN-03458,2026-02-07 00:00:00,,,routine,2026-02-07 00:00:00,209.35,WO-0006991,C.I.,as_occurred
DFR-01798,2026-02-07 18:00:00,BASE-20260207-122,physical,corrective,2026-02-07 18:00:00,4583.09,WO-0006992,WOOD POLE,as_occurred
DFR-01566,2026-02-08 00:00:00,,,inspection,2026-02-08 00:00:00,456.85,WO-0006993,wood_pole,as_occurred
WMN-03191,2026-02-08 00:00:00,,,vegetation,2026-02-08 00:00:00,485.39,WO-0006994,asbestos_cement,as_occurred
DFR-01587,2026-02-08 00:00:00,,,inspection,2026-02-08 00:00:00,1348.93,WO-0006995,underground,as_occurred
DFR-01681,2026-02-08 00:00:00,,,vegetation,2026-02-08 00:00:00,823.21,WO-0006996,wood_pole,as_occurred
DFR-01787,2026-02-08 00:00:00,,,routine,2026-02-08 00:00:00,378.3,WO-0006997,composite_pole,as_occurred
TLS-00914,2026-02-08 00:00:00,,,routine,2026-02-08 00:00:00,301.53,WO-0006998,steel_monopole,as_occurred
TLS-00483,2026-02-09 00:00:00,,,inspection,2026-02-09 00:00:00,400.3,WO-0006999,steel_lattice,as_occurred
TLS-00847,2026-02-09 00:00:00,,,routine,2026-02-09 00:00:00,1410.65,WO-0007000,steel_monopole,as_occurred
DFR-01878,2026-02-09 00:00:00,,,vegetation,2026-02-09 00:00:00,320.91,WO-0007001,concrete_pole,as_occurred
PMP-02494,2026-02-09 00:00:00,,,inspection,2026-02-09 00:00:00,1920.73,WO-0007002,standard,as_occurred
TLS-01254,2026-02-09 00:00:00,,,routine,2026-02-09 00:00:00,537.42,WO-0007003,steel_lattice,as_occurred
LEGACY-056160,2026-02-10 00:00:00,,,routine,2026-02-10 00:00:00,550.14,WO-0007004,,as_occurred
LEGACY-066604,2026-02-10 00:00:00,,,routine,2026-02-10 00:00:00,428.05,WO-0007005,,as_occurred
WMN-02854,2026-02-10 00:00:00,,,routine,2026-02-10 00:00:00,735.37,WO-0007006,cast_iron,as_occurred
WMN-02835,2026-02-10 00:00:00,,,vegetation,2026-02-10 00:00:00,1033.24,WO-0007007,C.I.,as_occurred
WMN-03310,2026-02-11 00:00:00,,,routine,2026-02-11 00:00:00,301.42,WO-0007008,cast_iron,as_occurred
DFR-01740,2026-02-11 00:00:00,,,inspection,2026-02-11 00:00:00,582.21,WO-0007009,underground,as_occurred
WMN-02873,2026-02-11 00:00:00,,,vegetation,2026-02-11 00:00:00,582.58,WO-0007010,ductile_iron,as_occurred
TLS-01281,2026-02-11 00:00:00,,,inspection,2026-02-11 00:00:00,1050.03,WO-0007011,steel_lattice,as_occurred
WMN-02833,2026-02-12 00:00:00,,,vegetation,2026-02-12 00:00:00,1002.79,WO-0007012,steel,as_occurred
TLS-01043,2026-02-12 00:00:00,,,routine,2026-02-12 00:00:00,1783.39,WO-0007013,steel_lattice,as_occurred
TLS-00552,2026-02-12 00:00:00,,,inspection,2026-02-12 00:00:00,847.25,WO-0007014,steel_lattice,as_occurred
TLS-00638,2026-02-13 00:00:00,,,routine,2026-02-13 00:00:00,2603.18,WO-0007015,steel_lattice,as_occurred
WMN-02683,2026-02-13 00:00:00,,,routine,2026-02-13 00:00:00,174.58,WO-0007016,Ductile Iron,as_occurred
PMP-02411,2026-02-13 00:00:00,,,routine,2026-02-13 00:00:00,258.6,WO-0007017,standard,as_occurred
WMN-03167,2026-02-13 00:00:00,,,routine,2026-02-13 00:00:00,1001.25,WO-0007018,ductile_iron,as_occurred
WMN-03075,2026-02-14 00:00:00,,,routine,2026-02-14 00:00:00,814.19,WO-0007019,Cast Iron,as_occurred
WMN-02831,2026-02-14 00:00:00,,,inspection,2026-02-14 00:00:00,2483.66,WO-0007020,ductile_iron,as_occurred
TLS-01248,2026-02-14 00:00:00,,,inspection,2026-02-14 00:00:00,873.19,WO-0007021,steel_monopole,as_occurred
RCL-02011,2026-02-14 00:00:00,,,routine,2026-02-14 00:00:00,1652.94,WO-0007022,standard,as_occurred
TNK-02611,2026-02-14 00:00:00,,,routine,2026-02-14 00:00:00,1236.22,WO-0007023,standard,as_occurred
WMN-03094,2026-02-15 00:00:00,,,routine,2026-02-15 00:00:00,192.28,WO-0007024,P.V.C.,as_occurred
PMP-02520,2026-02-15 00:00:00,,,routine,2026-02-15 00:00:00,1056.22,WO-0007025,standard,as_occurred
TLS-00990,2026-02-15 00:00:00,,,routine,2026-02-15 00:00:00,1925.07,WO-0007026,steel_lattice,as_occurred
TLS-00935,2026-02-15 00:00:00,,,routine,2026-02-15 00:00:00,621.88,WO-0007027,steel_monopole,as_occurred
TLS-00411,2026-02-15 00:00:00,,,inspection,2026-02-15 00:00:00,3194.01,WO-0007028,steel_lattice,as_occurred
DFR-01447,2026-02-15 00:00:00,,,routine,2026-02-15 00:00:00,2497.38,WO-0007029,concrete_pole,as_occurred
WMN-03474,2026-02-16 00:00:00,,,routine,2026-02-16 00:00:00,519.04,WO-0007030,ductile_iron,as_occurred
DSS-00259,2026-02-16 00:00:00,,,routine,2026-02-16 00:00:00,814.17,WO-0007031,standard,as_occurred
LEGACY-078989,2026-02-16 00:00:00,,,inspection,2026-02-16 00:00:00,445.69,WO-0007032,,as_occurred
TNK-02547,2026-02-17 00:00:00,,,vegetation,2026-02-17 00:00:00,1015.39,WO-0007033,standard,as_occurred
DSS-00220,2026-02-17 00:00:00,,,inspection,2026-02-17 00:00:00,769.53,WO-0007034,standard,as_occurred
PMP-02308,2026-02-17 00:00:00,,,inspection,2026-02-17 00:00:00,327.63,WO-0007035,standard,as_occurred
TLS-00814,2026-02-17 00:00:00,,,routine,2026-02-17 00:00:00,692.13,WO-0007036,steel_monopole,as_occurred
DSS-00261,2026-02-18 00:00:00,,,inspection,2026-02-18 00:00:00,322.37,WO-0007037,standard,as_occurred
LEGACY-093188,2026-02-18 00:00:00,,,inspection,2026-02-18 00:00:00,954.9,WO-0007038,,as_occurred
TLS-00795,2026-02-18 00:00:00,,,inspection,2026-02-18 00:00:00,3214.04,WO-0007039,steel_monopole,as_occurred
INT-03487,2026-02-18 00:00:00,,,vegetation,2026-02-18 00:00:00,841.55,WO-0007040,standard,as_occurred
DSS-00272,2026-02-18 00:00:00,,,routine,2026-02-18 00:00:00,618.18,WO-0007041,standard,as_occurred
TLS-00411,2026-02-18 00:00:00,,,routine,2026-02-18 00:00:00,2985.77,WO-0007042,steel_lattice,as_occurred
PMP-02430,2026-02-18 00:00:00,,,routine,2026-02-18 00:00:00,1087.42,WO-0007043,standard,as_occurred
WMN-03023,2026-02-19 00:00:00,,,routine,2026-02-19 00:00:00,2025.48,WO-0007044,D.I.,as_occurred
WMN-02802,2026-02-19 00:00:00,,,inspection,2026-02-19 00:00:00,1857.09,WO-0007045,pvc,as_occurred
WMN-02709,2026-02-19 00:00:00,,,inspection,2026-02-19 00:00:00,550.99,WO-0007046,pvc,as_occurred
TLS-01205,2026-02-19 00:00:00,,,routine,2026-02-19 00:00:00,566.03,WO-0007047,steel_monopole,as_occurred
DSS-00067,2026-02-19 00:00:00,,,vegetation,2026-02-19 00:00:00,755.22,WO-0007048,standard,as_occurred
TLS-00634,2026-02-19 00:00:00,,,vegetation,2026-02-22 00:00:00,551.17,WO-0007049,concrete,reported_late
PMP-02291,2026-02-20 00:00:00,,,inspection,2026-02-20 00:00:00,2306.07,WO-0007050,standard,as_occurred
LEGACY-005874,2026-02-20 00:00:00,,,inspection,2026-02-20 00:00:00,874.31,WO-0007051,,as_occurred
TLS-00897,2026-02-20 00:00:00,,,vegetation,2026-02-20 00:00:00,874.49,WO-0007052,steel_monopole,as_occurred
LEGACY-061927,2026-02-21 00:00:00,,,inspection,2026-02-21 00:00:00,739.5,WO-0007053,,as_occurred
PMP-02492,2026-02-21 00:00:00,,,inspection,2026-02-21 00:00:00,765.41,WO-0007054,standard,as_occurred
DSS-00119,2026-02-21 00:00:00,,,inspection,2026-02-21 00:00:00,387.11,WO-0007055,standard,as_occurred
DSS-00067,2026-02-21 00:00:00,,,inspection,2026-02-21 00:00:00,262.3,WO-0007056,standard,as_occurred
TLS-00730,2026-02-22 00:00:00,,,vegetation,2026-02-22 00:00:00,253.97,WO-0007057,steel_monopole,as_occurred
DSS-00074,2026-02-22 00:00:00,,,routine,2026-02-22 00:00:00,512.91,WO-0007058,standard,as_occurred
DSS-00188,2026-02-22 00:00:00,,,routine,2026-02-22 00:00:00,1439.44,WO-0007059,standard,as_occurred
LEGACY-023480,2026-02-22 00:00:00,,,inspection,2026-02-22 00:00:00,865.09,WO-0007060,,as_occurred
WMN-03345,2026-02-23 00:00:00,BASE-20260223-108,physical,corrective,2026-02-23 00:00:00,5856.27,WO-0007061,asbestos_cement,as_occurred
WMN-03047,2026-02-23 00:00:00,,,vegetation,2026-02-23 00:00:00,353.22,WO-0007062,pvc,as_occurred
DFR-01617,2026-02-23 00:00:00,,,routine,2026-02-23 00:00:00,743.65,WO-0007063,wood_pole,as_occurred
PMP-02415,2026-02-23 00:00:00,,,inspection,2026-02-23 00:00:00,1077.27,WO-0007064,standard,as_occurred
WMN-02920,2026-02-23 00:00:00,BASE-20260223-108,physical,corrective,2026-02-23 00:00:00,11354.13,WO-0007065,cast_iron,as_occurred
TSS-00019,2026-02-23 00:00:00,,,routine,2026-02-23 00:00:00,1070.0,WO-0007066,standard,as_occurred
TLS-00842,2026-02-23 00:00:00,,,inspection,2026-02-23 00:00:00,374.0,WO-0007067,steel_lattice,as_occurred
TSS-00051,2026-02-23 00:00:00,,,inspection,2026-02-23 00:00:00,799.16,WO-0007068,standard,as_occurred
WMN-03102,2026-02-23 06:00:00,BASE-20260223-108,physical,corrective,2026-02-23 06:00:00,5664.31,WO-0007069,cast_iron,as_occurred
WMN-02821,2026-02-23 12:00:00,BASE-20260223-108,physical,corrective,2026-02-23 12:00:00,13052.07,WO-0007070,asbestos-cement,as_occurred
WMN-02992,2026-02-23 12:00:00,BASE-20260223-108,physical,corrective,2026-02-23 12:00:00,10014.96,WO-0007071,ductile_iron,as_occurred
DSS-00207,2026-02-24 00:00:00,,,inspection,2026-02-24 00:00:00,797.26,WO-0007072,standard,as_occurred
DFR-01975,2026-02-24 00:00:00,,,routine,2026-02-24 00:00:00,531.36,WO-0007073,wood_pole,as_occurred
WMN-02918,2026-02-24 00:00:00,,,inspection,2026-02-27 00:00:00,615.39,WO-0007074,cast_iron,reported_late
PMP-02332,2026-02-24 00:00:00,,,inspection,2026-02-24 00:00:00,322.19,WO-0007075,standard,as_occurred
WMN-03352,2026-02-24 00:00:00,,,inspection,2026-02-24 00:00:00,632.06,WO-0007076,ductile_iron,as_occurred
WMN-02881,2026-02-24 00:00:00,,,inspection,2026-02-24 00:00:00,1648.91,WO-0007077,steel,as_occurred
TLS-00911,2026-02-24 00:00:00,,,vegetation,2026-02-24 00:00:00,1278.46,WO-0007078,steel_lattice,as_occurred
RCL-02047,2026-02-24 00:00:00,,,vegetation,2026-02-24 00:00:00,317.33,WO-0007079,standard,as_occurred
WMN-03105,2026-02-24 00:00:00,,,routine,2026-02-24 00:00:00,522.0,WO-0007080,cast_iron,as_occurred
WMN-03467,2026-02-24 00:00:00,,,vegetation,2026-02-24 00:00:00,555.43,WO-0007081,CAST IRON,as_occurred
WMN-02898,2026-02-24 00:00:00,,,vegetation,2026-02-24 00:00:00,517.46,WO-0007082,A/C,as_occurred
TLS-01262,2026-02-25 00:00:00,,,routine,2026-02-25 00:00:00,1339.46,WO-0007083,steel_lattice,as_occurred
RCL-02141,2026-02-25 00:00:00,,,inspection,2026-02-25 00:00:00,1527.88,WO-0007084,standard,as_occurred
TLS-01218,2026-02-25 00:00:00,,,routine,2026-02-25 00:00:00,512.71,WO-0007085,steel_lattice,as_occurred
DSS-00285,2026-02-25 00:00:00,,,inspection,2026-02-25 00:00:00,236.54,WO-0007086,standard,as_occurred
RCL-02151,2026-02-25 00:00:00,,,routine,2026-02-25 00:00:00,995.56,WO-0007087,standard,as_occurred
RCL-02159,2026-02-25 00:00:00,,,routine,2026-02-25 00:00:00,812.76,WO-0007088,standard,as_occurred
DFR-01700,2026-02-26 00:00:00,,,routine,2026-02-26 00:00:00,406.45,WO-0007089,Wood,as_occurred
WMN-03117,2026-02-26 00:00:00,,,routine,2026-02-26 00:00:00,1123.95,WO-0007090,ductile_iron,as_occurred
DFR-01609,2026-02-26 00:00:00,,,inspection,2026-02-26 00:00:00,1007.32,WO-0007091,underground,as_occurred
PMP-02502,2026-02-27 00:00:00,,,inspection,2026-02-27 00:00:00,386.41,WO-0007092,standard,as_occurred
WMN-03364,2026-02-27 00:00:00,,,vegetation,2026-02-27 00:00:00,287.71,WO-0007093,A/C,as_occurred
RCL-02050,2026-02-27 00:00:00,,,routine,2026-02-27 00:00:00,1987.91,WO-0007094,standard,as_occurred
TNK-02633,2026-02-27 00:00:00,,,inspection,2026-02-27 00:00:00,1185.63,WO-0007095,standard,as_occurred
DSS-00326,2026-02-27 00:00:00,,,routine,2026-02-27 00:00:00,1117.07,WO-0007096,standard,as_occurred
DFR-01728,2026-02-28 00:00:00,,,vegetation,2026-02-28 00:00:00,261.65,WO-0007097,wood_pole,as_occurred
RCL-02192,2026-02-28 00:00:00,,,routine,2026-02-28 00:00:00,1254.85,WO-0007098,standard,as_occurred
DFR-01542,2026-02-28 00:00:00,,,vegetation,2026-02-28 00:00:00,6360.21,WO-0007099,wood_pole,as_occurred
DSS-00169,2026-02-28 00:00:00,,,routine,2026-02-28 00:00:00,2629.71,WO-0007100,standard,as_occurred
TLS-00430,2026-02-28 00:00:00,,,vegetation,2026-02-28 00:00:00,376.49,WO-0007101,steel_lattice,as_occurred
DFR-01539,2026-03-01 00:00:00,,,inspection,2026-03-01 00:00:00,481.75,WO-0007102,timber,as_occurred
LEGACY-075437,2026-03-01 00:00:00,WILD-20260301-100,physical,corrective,2026-03-01 00:00:00,1728.65,WO-0007103,,as_occurred
WMN-02991,2026-03-01 00:00:00,,,routine,2026-03-01 00:00:00,478.75,WO-0007104,pvc,as_occurred
DFR-01665,2026-03-01 00:00:00,WILD-20260301-100,physical,corrective,2026-03-01 00:00:00,5709.61,WO-0007105,Wood,as_occurred
DFR-01462,2026-03-01 00:00:00,WILD-20260301-100,physical,corrective,2026-03-01 00:00:00,5102.03,WO-0007106,wood_pole,as_occurred
DSS-00130,2026-03-01 00:00:00,,,inspection,2026-03-01 00:00:00,211.32,WO-0007107,standard,as_occurred
PMP-02403,2026-03-01 00:00:00,,,inspection,2026-03-01 00:00:00,2025.05,WO-0007108,standard,as_occurred
WMN-03154,2026-03-01 06:00:00,WILD-20260301-100,physical,corrective,2026-03-01 06:00:00,3990.56,WO-0007109,cast_iron,as_occurred
TLS-00505,2026-03-01 06:00:00,WILD-20260301-100,physical,corrective,2026-03-01 06:00:00,2001.72,WO-0007110,steel_lattice,as_occurred
DSS-00229,2026-03-01 06:00:00,WILD-20260301-100,physical,corrective,2026-03-01 06:00:00,6485.42,WO-0007111,standard,as_occurred
WMN-02810,2026-03-01 06:00:00,WILD-20260301-100,physical,corrective,2026-03-01 06:00:00,2541.6,WO-0007112,asbestos_cement,as_occurred
DFR-01689,2026-03-01 06:00:00,WILD-20260301-100,physical,corrective,2026-03-01 06:00:00,3067.42,WO-0007113,timber,as_occurred
DFR-01399,2026-03-01 06:00:00,WILD-20260301-100,physical,corrective,2026-03-01 06:00:00,3150.55,WO-0007114,wood_pole,as_occurred
DFR-01357,2026-03-01 06:00:00,WILD-20260301-100,physical,corrective,2026-03-01 06:00:00,19090.72,WO-0007115,wood_pole,as_occurred
PMP-02309,2026-03-01 06:00:00,WILD-20260301-100,functional_power_loss,corrective,2026-03-01 06:00:00,43035.12,WO-0007116,standard,as_occurred
DFR-01830,2026-03-01 12:00:00,WILD-20260301-100,physical,corrective,2026-03-01 12:00:00,14459.84,WO-0007117,wood_pole,as_occurred
WMN-03377,2026-03-01 18:00:00,WILD-20260301-100,physical,corrective,2026-03-01 18:00:00,3418.64,WO-0007118,P.V.C.,as_occurred
WMN-03106,2026-03-01 18:00:00,WILD-20260301-100,physical,corrective,2026-03-01 18:00:00,9437.57,WO-0007119,ductile_iron,as_occurred
LEGACY-092735,2026-03-02 00:00:00,,,routine,2026-03-02 00:00:00,556.93,WO-0007120,,as_occurred
DFR-01767,2026-03-02 00:00:00,WILD-20260301-100,physical,corrective,2026-03-02 00:00:00,9700.53,WO-0007121,timber,as_occurred
DFR-01709,2026-03-02 00:00:00,WILD-20260301-100,physical,corrective,2026-03-02 00:00:00,4904.51,WO-0007122,composite_pole,as_occurred
DFR-01566,2026-03-02 00:00:00,,,routine,2026-03-02 00:00:00,578.99,WO-0007123,WOOD POLE,as_occurred
DFR-01377,2026-03-02 00:00:00,WILD-20260301-100,physical,corrective,2026-03-02 00:00:00,3477.53,WO-0007124,wood_pole,as_occurred
DSS-00082,2026-03-02 00:00:00,,,routine,2026-03-02 00:00:00,1373.34,WO-0007125,standard,as_occurred
DFR-01625,2026-03-02 00:00:00,WILD-20260301-100,physical,corrective,2026-03-05 00:00:00,2686.97,WO-0007126,wood_pole,reported_late
DFR-01360,2026-03-02 00:00:00,,,vegetation,2026-03-02 00:00:00,270.67,WO-0007127,wood_pole,as_occurred
DFR-01456,2026-03-02 00:00:00,WILD-20260301-100,physical,corrective,2026-03-02 00:00:00,21692.45,WO-0007128,Wood Pole,as_occurred
DSS-00186,2026-03-02 06:00:00,WILD-20260301-100,physical,corrective,2026-03-02 06:00:00,3022.9,WO-0007129,standard,as_occurred
WMN-02807,2026-03-02 06:00:00,WILD-20260301-100,physical,corrective,2026-03-02 06:00:00,7295.35,WO-0007130,cast_iron,as_occurred
WMN-02805,2026-03-02 12:00:00,WILD-20260301-100,physical,corrective,2026-03-05 12:00:00,6619.39,WO-0007131,cast_iron,reported_late
DFR-01579,2026-03-02 12:00:00,WILD-20260301-100,physical,corrective,2026-03-02 12:00:00,6260.0,WO-0007132,wood_pole,as_occurred
DFR-01480,2026-03-02 12:00:00,WILD-20260301-100,physical,corrective,2026-03-02 12:00:00,14472.98,WO-0007133,wood_pole,as_occurred
WMN-02835,2026-03-02 18:00:00,WILD-20260301-100,physical,corrective,2026-03-02 18:00:00,6752.12,WO-0007134,cast-iron,as_occurred
WMN-03249,2026-03-02 18:00:00,WILD-20260301-100,physical,corrective,2026-03-05 18:00:00,4114.75,WO-0007135,Cast Iron,reported_late
WMN-03454,2026-03-02 18:00:00,WILD-20260301-100,physical,corrective,2026-03-02 18:00:00,7295.84,WO-0007136,cast_iron,as_occurred
TLS-00509,2026-03-03 00:00:00,,,inspection,2026-03-03 00:00:00,488.51,WO-0007137,steel_lattice,as_occurred
DFR-01735,2026-03-03 00:00:00,,,inspection,2026-03-03 00:00:00,3301.09,WO-0007138,composite_pole,as_occurred
PMP-02337,2026-03-03 00:00:00,,,inspection,2026-03-03 00:00:00,1832.99,WO-0007139,standard,as_occurred
TLS-01035,2026-03-03 00:00:00,,,routine,2026-03-03 00:00:00,1327.49,WO-0007140,steel_lattice,as_occurred
WMN-03245,2026-03-03 00:00:00,,,vegetation,2026-03-03 00:00:00,706.27,WO-0007141,cast_iron,as_occurred
WMN-02988,2026-03-04 00:00:00,,,routine,2026-03-04 00:00:00,882.21,WO-0007142,pvc,as_occurred
DFR-01593,2026-03-05 00:00:00,,,vegetation,2026-03-05 00:00:00,651.65,WO-0007143,wood_pole,as_occurred
TLS-00827,2026-03-05 00:00:00,,,routine,2026-03-05 00:00:00,455.78,WO-0007144,steel_lattice,as_occurred
DFR-01773,2026-03-05 00:00:00,,,routine,2026-03-08 00:00:00,288.24,WO-0007145,Wood Pole,reported_late
DFR-01835,2026-03-05 00:00:00,,,inspection,2026-03-05 00:00:00,902.08,WO-0007146,wood_pole,as_occurred
TLS-00933,2026-03-05 00:00:00,,,inspection,2026-03-05 00:00:00,191.89,WO-0007147,steel_lattice,as_occurred
TLS-01096,2026-03-06 00:00:00,,,inspection,2026-03-06 00:00:00,780.96,WO-0007148,steel_lattice,as_occurred
TLS-01092,2026-03-06 00:00:00,,,inspection,2026-03-06 00:00:00,1454.58,WO-0007149,steel_lattice,as_occurred
DFR-01995,2026-03-06 00:00:00,,,inspection,2026-03-06 00:00:00,536.5,WO-0007150,wood_pole,as_occurred
TLS-01085,2026-03-06 00:00:00,,,inspection,2026-03-06 00:00:00,476.18,WO-0007151,concrete,as_occurred
WMN-03211,2026-03-07 00:00:00,,,vegetation,2026-03-07 00:00:00,324.39,WO-0007152,ductile-iron,as_occurred
TNK-02638,2026-03-07 00:00:00,,,inspection,2026-03-07 00:00:00,372.51,WO-0007153,standard,as_occurred
WMN-03004,2026-03-07 00:00:00,,,routine,2026-03-07 00:00:00,698.14,WO-0007154,asbestos_cement,as_occurred
TLS-01102,2026-03-07 00:00:00,,,routine,2026-03-07 00:00:00,494.35,WO-0007155,steel_monopole,as_occurred
WMN-02874,2026-03-07 00:00:00,,,inspection,2026-03-07 00:00:00,718.65,WO-0007156,asbestos_cement,as_occurred
WMN-02716,2026-03-07 00:00:00,BASE-20260307-113,physical,corrective,2026-03-07 00:00:00,10558.91,WO-0007157,A/C,as_occurred
LEGACY-044193,2026-03-07 06:00:00,BASE-20260307-113,physical,corrective,2026-03-07 06:00:00,1516.31,WO-0007158,,as_occurred
DFR-01932,2026-03-07 12:00:00,BASE-20260307-113,physical,corrective,2026-03-07 12:00:00,4384.17,WO-0007159,timber,as_occurred
WMN-03433,2026-03-07 12:00:00,BASE-20260307-113,physical,corrective,2026-03-10 12:00:00,2014.01,WO-0007160,C.I.,reported_late
DFR-01503,2026-03-08 00:00:00,,,inspection,2026-03-08 00:00:00,518.12,WO-0007161,wood_pole,as_occurred
RCL-02087,2026-03-08 00:00:00,,,inspection,2026-03-08 00:00:00,1061.04,WO-0007162,standard,as_occurred
LEGACY-038761,2026-03-09 00:00:00,,,vegetation,2026-03-09 00:00:00,431.81,WO-0007163,,as_occurred
DSS-00268,2026-03-09 00:00:00,,,vegetation,2026-03-09 00:00:00,1377.14,WO-0007164,standard,as_occurred
TLS-00671,2026-03-09 00:00:00,,,inspection,2026-03-09 00:00:00,1157.01,WO-0007165,steel_monopole,as_occurred
WMN-03299,2026-03-09 00:00:00,,,inspection,2026-03-09 00:00:00,482.93,WO-0007166,cast_iron,as_occurred
LEGACY-069253,2026-03-09 00:00:00,,,inspection,2026-03-09 00:00:00,289.62,WO-0007167,,as_occurred
TLS-00791,2026-03-10 00:00:00,,,routine,2026-03-10 00:00:00,1261.48,WO-0007168,steel_lattice,as_occurred
WMN-03399,2026-03-10 00:00:00,,,routine,2026-03-10 00:00:00,428.67,WO-0007169,CI,as_occurred
DFR-01423,2026-03-10 00:00:00,,,vegetation,2026-03-10 00:00:00,1862.12,WO-0007170,wood_pole,as_occurred
TLS-01293,2026-03-10 00:00:00,,,inspection,2026-03-10 00:00:00,270.77,WO-0007171,steel_lattice,as_occurred
TLS-01039,2026-03-10 00:00:00,,,inspection,2026-03-13 00:00:00,1634.71,WO-0007172,steel_lattice,reported_late
WMN-02977,2026-03-10 00:00:00,,,inspection,2026-03-10 00:00:00,310.84,WO-0007173,ductile_iron,as_occurred
TLS-00823,2026-03-11 00:00:00,,,inspection,2026-03-14 00:00:00,382.51,WO-0007174,steel_lattice,reported_late
WMN-02871,2026-03-11 00:00:00,,,inspection,2026-03-11 00:00:00,891.53,WO-0007175,ductile_iron,as_occurred
DFR-01711,2026-03-11 00:00:00,,,routine,2026-03-11 00:00:00,913.55,WO-0007176,wood_pole,as_occurred
TLS-00495,2026-03-11 00:00:00,,,routine,2026-03-11 00:00:00,1109.86,WO-0007177,steel_monopole,as_occurred
RCL-02047,2026-03-11 00:00:00,,,inspection,2026-03-11 00:00:00,640.4,WO-0007178,standard,as_occurred
DFR-01433,2026-03-11 00:00:00,,,inspection,2026-03-14 00:00:00,458.21,WO-0007179,Wood Pole,reported_late
WMN-02751,2026-03-12 00:00:00,,,routine,2026-03-12 00:00:00,624.6,WO-0007180,ductile_iron,as_occurred
DSS-00249,2026-03-12 00:00:00,,,inspection,2026-03-12 00:00:00,1376.56,WO-0007181,standard,as_occurred
TLS-01247,2026-03-12 00:00:00,,,routine,2026-03-12 00:00:00,1707.44,WO-0007182,steel_lattice,as_occurred
RCL-02099,2026-03-12 00:00:00,,,routine,2026-03-12 00:00:00,614.71,WO-0007183,standard,as_occurred
TLS-00927,2026-03-12 00:00:00,,,vegetation,2026-03-12 00:00:00,1399.69,WO-0007184,steel_monopole,as_occurred
TNK-02654,2026-03-12 00:00:00,,,inspection,2026-03-12 00:00:00,2550.52,WO-0007185,standard,as_occurred
DFR-01876,2026-03-13 00:00:00,,,routine,2026-03-13 00:00:00,544.32,WO-0007186,WOOD POLE,as_occurred
TLS-01044,2026-03-13 00:00:00,,,inspection,2026-03-13 00:00:00,926.82,WO-0007187,concrete,as_occurred
DFR-01841,2026-03-13 00:00:00,,,routine,2026-03-13 00:00:00,730.42,WO-0007188,concrete_pole,as_occurred
DFR-01777,2026-03-13 00:00:00,,,inspection,2026-03-13 00:00:00,225.28,WO-0007189,Wood Pole,as_occurred
WMN-02695,2026-03-14 00:00:00,,,inspection,2026-03-14 00:00:00,1286.41,WO-0007190,ductile-iron,as_occurred
TSS-00039,2026-03-14 00:00:00,,,vegetation,2026-03-14 00:00:00,846.15,WO-0007191,standard,as_occurred
DSS-00189,2026-03-14 00:00:00,,,routine,2026-03-14 00:00:00,461.95,WO-0007192,standard,as_occurred
DFR-01997,2026-03-14 00:00:00,,,inspection,2026-03-14 00:00:00,1028.92,WO-0007193,wood_pole,as_occurred
DFR-01342,2026-03-14 00:00:00,,,routine,2026-03-14 00:00:00,116.32,WO-0007194,wood_pole,as_occurred
TLS-00423,2026-03-14 00:00:00,,,vegetation,2026-03-14 00:00:00,491.95,WO-0007195,steel_lattice,as_occurred
TLS-00773,2026-03-14 00:00:00,,,inspection,2026-03-14 00:00:00,577.4,WO-0007196,steel_monopole,as_occurred
DFR-01792,2026-03-14 00:00:00,,,routine,2026-03-14 00:00:00,697.79,WO-0007197,wood_pole,as_occurred
DFR-01886,2026-03-14 00:00:00,,,inspection,2026-03-14 00:00:00,1154.73,WO-0007198,wood_pole,as_occurred
WMN-03267,2026-03-14 00:00:00,,,routine,2026-03-14 00:00:00,1197.81,WO-0007199,DI,as_occurred
TLS-00956,2026-03-14 00:00:00,,,routine,2026-03-17 00:00:00,339.44,WO-0007200,steel_lattice,reported_late
DFR-01717,2026-03-14 00:00:00,,,inspection,2026-03-14 00:00:00,524.7,WO-0007201,Wood Pole,as_occurred
TLS-01153,2026-03-14 00:00:00,,,vegetation,2026-03-14 00:00:00,1422.36,WO-0007202,steel_lattice,as_occurred
WMN-03453,2026-03-14 00:00:00,,,routine,2026-03-14 00:00:00,710.35,WO-0007203,ductile_iron,as_occurred
WMN-02917,2026-03-14 00:00:00,,,routine,2026-03-14 00:00:00,1399.76,WO-0007204,ductile_iron,as_occurred
WMN-02902,2026-03-14 00:00:00,,,routine,2026-03-14 00:00:00,777.09,WO-0007205,ductile_iron,as_occurred
TLS-00852,2026-03-15 00:00:00,,,routine,2026-03-15 00:00:00,242.29,WO-0007206,concrete,as_occurred
PMP-02484,2026-03-15 00:00:00,,,inspection,2026-03-15 00:00:00,489.98,WO-0007207,standard,as_occurred
WMN-03138,2026-03-15 00:00:00,,,inspection,2026-03-15 00:00:00,350.65,WO-0007208,asbestos_cement,as_occurred
TNK-02627,2026-03-15 00:00:00,,,inspection,2026-03-15 00:00:00,558.05,WO-0007209,standard,as_occurred
TLS-01172,2026-03-15 00:00:00,,,inspection,2026-03-18 00:00:00,688.97,WO-0007210,steel_lattice,reported_late
TLS-00505,2026-03-15 00:00:00,,,inspection,2026-03-15 00:00:00,602.97,WO-0007211,steel_lattice,as_occurred
TLS-00987,2026-03-15 00:00:00,,,vegetation,2026-03-15 00:00:00,2409.89,WO-0007212,steel_lattice,as_occurred
DFR-01784,2026-03-16 00:00:00,,,inspection,2026-03-16 00:00:00,3210.84,WO-0007213,composite_pole,as_occurred
DFR-01691,2026-03-16 00:00:00,,,inspection,2026-03-16 00:00:00,577.43,WO-0007214,wood_pole,as_occurred
WMN-03020,2026-03-17 00:00:00,,,routine,2026-03-17 00:00:00,1600.03,WO-0007215,ductile_iron,as_occurred
WMN-03387,2026-03-17 00:00:00,,,inspection,2026-03-17 00:00:00,491.96,WO-0007216,pvc,as_occurred
DSS-00387,2026-03-17 00:00:00,,,inspection,2026-03-17 00:00:00,9412.16,WO-0007217,standard,as_occurred
RCL-02028,2026-03-17 00:00:00,,,inspection,2026-03-17 00:00:00,657.93,WO-0007218,standard,as_occurred
DFR-01965,2026-03-17 00:00:00,,,routine,2026-03-17 00:00:00,1463.25,WO-0007219,timber,as_occurred
WMN-03169,2026-03-17 00:00:00,,,vegetation,2026-03-17 00:00:00,746.76,WO-0007220,pvc,as_occurred
TLS-01192,2026-03-17 00:00:00,,,inspection,2026-03-17 00:00:00,971.67,WO-0007221,concrete,as_occurred
WMN-02715,2026-03-17 00:00:00,,,routine,2026-03-17 00:00:00,330.94,WO-0007222,Poly Vinyl Chloride,as_occurred
WMN-03175,2026-03-17 00:00:00,,,routine,2026-03-17 00:00:00,607.79,WO-0007223,pvc,as_occurred
DFR-01535,2026-03-18 00:00:00,,,vegetation,2026-03-21 00:00:00,464.48,WO-0007224,wood_pole,reported_late
WMN-02921,2026-03-18 00:00:00,,,routine,2026-03-18 00:00:00,783.2,WO-0007225,ductile_iron,as_occurred
TNK-02558,2026-03-18 00:00:00,,,vegetation,2026-03-18 00:00:00,130.48,WO-0007226,standard,as_occurred
WMN-03349,2026-03-18 00:00:00,,,inspection,2026-03-18 00:00:00,519.06,WO-0007227,pvc,as_occurred
DFR-01930,2026-03-18 00:00:00,,,routine,2026-03-18 00:00:00,582.7,WO-0007228,Wood,as_occurred
WMN-02790,2026-03-18 00:00:00,,,inspection,2026-03-18 00:00:00,520.65,WO-0007229,Ductile Iron,as_occurred
PMP-02472,2026-03-19 00:00:00,,,inspection,2026-03-19 00:00:00,1312.87,WO-0007230,standard,as_occurred
DFR-01874,2026-03-19 00:00:00,,,routine,2026-03-19 00:00:00,346.65,WO-0007231,Wood,as_occurred
PMP-02505,2026-03-19 00:00:00,,,inspection,2026-03-19 00:00:00,330.27,WO-0007232,standard,as_occurred
TLS-00886,2026-03-19 00:00:00,,,inspection,2026-03-19 00:00:00,270.59,WO-0007233,steel_lattice,as_occurred
DSS-00177,2026-03-19 00:00:00,,,inspection,2026-03-22 00:00:00,780.6,WO-0007234,standard,reported_late
DFR-01554,2026-03-20 00:00:00,,,routine,2026-03-20 00:00:00,1911.74,WO-0007235,Wood,as_occurred
TLS-00810,2026-03-20 00:00:00,,,vegetation,2026-03-20 00:00:00,616.9,WO-0007236,steel_monopole,as_occurred
TLS-00913,2026-03-20 00:00:00,,,inspection,2026-03-20 00:00:00,374.41,WO-0007237,concrete,as_occurred
DFR-01884,2026-03-20 00:00:00,,,inspection,2026-03-20 00:00:00,1761.62,WO-0007238,composite_pole,as_occurred
TLS-00816,2026-03-20 00:00:00,,,inspection,2026-03-20 00:00:00,1484.32,WO-0007239,steel_lattice,as_occurred
TLS-00484,2026-03-20 00:00:00,,,routine,2026-03-23 00:00:00,223.96,WO-0007240,steel_lattice,reported_late
DSS-00309,2026-03-20 00:00:00,,,inspection,2026-03-20 00:00:00,787.86,WO-0007241,standard,as_occurred
LEGACY-031898,2026-03-21 00:00:00,,,routine,2026-03-21 00:00:00,1446.67,WO-0007242,,as_occurred
TNK-02569,2026-03-21 00:00:00,,,routine,2026-03-21 00:00:00,1029.39,WO-0007243,standard,as_occurred
WMN-03169,2026-03-21 00:00:00,,,inspection,2026-03-21 00:00:00,318.49,WO-0007244,pvc,as_occurred
TLS-00436,2026-03-21 00:00:00,,,inspection,2026-03-21 00:00:00,435.2,WO-0007245,steel_monopole,as_occurred
TLS-01107,2026-03-21 00:00:00,,,inspection,2026-03-24 00:00:00,2231.89,WO-0007246,steel_lattice,reported_late
WMN-03379,2026-03-22 00:00:00,,,inspection,2026-03-22 00:00:00,1694.14,WO-0007247,AC,as_occurred
DFR-01437,2026-03-22 00:00:00,,,routine,2026-03-22 00:00:00,373.58,WO-0007248,wood_pole,as_occurred
PMP-02456,2026-03-22 00:00:00,,,routine,2026-03-22 00:00:00,430.65,WO-0007249,standard,as_occurred
TLS-00700,2026-03-22 00:00:00,,,inspection,2026-03-22 00:00:00,777.01,WO-0007250,steel_lattice,as_occurred
DFR-01705,2026-03-23 00:00:00,,,routine,2026-03-23 00:00:00,1389.56,WO-0007251,concrete_pole,as_occurred
RCL-02170,2026-03-23 00:00:00,,,inspection,2026-03-23 00:00:00,1557.98,WO-0007252,standard,as_occurred
TLS-00816,2026-03-23 00:00:00,,,vegetation,2026-03-23 00:00:00,654.34,WO-0007253,steel_lattice,as_occurred
TLS-00690,2026-03-23 00:00:00,,,inspection,2026-03-23 00:00:00,1694.0,WO-0007254,steel_lattice,as_occurred
DFR-01596,2026-03-23 00:00:00,,,routine,2026-03-23 00:00:00,467.22,WO-0007255,wood_pole,as_occurred
TLS-00575,2026-03-23 00:00:00,,,routine,2026-03-23 00:00:00,355.25,WO-0007256,steel_lattice,as_occurred
DSS-00291,2026-03-24 00:00:00,,,routine,2026-03-24 00:00:00,419.22,WO-0007257,standard,as_occurred
TLS-00426,2026-03-24 00:00:00,,,vegetation,2026-03-24 00:00:00,1606.43,WO-0007258,steel_lattice,as_occurred
TLS-00899,2026-03-24 00:00:00,,,vegetation,2026-03-24 00:00:00,714.14,WO-0007259,concrete,as_occurred
DFR-01330,2026-03-24 00:00:00,,,inspection,2026-03-24 00:00:00,274.96,WO-0007260,wood_pole,as_occurred
RCL-02095,2026-03-24 00:00:00,,,routine,2026-03-24 00:00:00,452.87,WO-0007261,standard,as_occurred
DFR-01859,2026-03-25 00:00:00,,,routine,2026-03-25 00:00:00,1000.61,WO-0007262,WOOD POLE,as_occurred
WMN-03075,2026-03-25 00:00:00,,,routine,2026-03-25 00:00:00,400.96,WO-0007263,cast-iron,as_occurred
TLS-00739,2026-03-25 00:00:00,,,inspection,2026-03-25 00:00:00,1456.04,WO-0007264,steel_lattice,as_occurred
LEGACY-092072,2026-03-25 00:00:00,,,vegetation,2026-03-25 00:00:00,278.48,WO-0007265,,as_occurred
DFR-01531,2026-03-26 00:00:00,,,vegetation,2026-03-26 00:00:00,1816.23,WO-0007266,wood_pole,as_occurred
WMN-02870,2026-03-26 00:00:00,,,routine,2026-03-26 00:00:00,697.17,WO-0007267,cast_iron,as_occurred
TNK-02546,2026-03-26 00:00:00,,,vegetation,2026-03-29 00:00:00,809.32,WO-0007268,standard,reported_late
TLS-00893,2026-03-26 00:00:00,,,inspection,2026-03-26 00:00:00,371.33,WO-0007269,steel_lattice,as_occurred
TNK-02575,2026-03-26 00:00:00,,,inspection,2026-03-29 00:00:00,320.56,WO-0007270,standard,reported_late
TLS-00864,2026-03-27 00:00:00,,,inspection,2026-03-27 00:00:00,430.34,WO-0007271,steel_monopole,as_occurred
WMN-03078,2026-03-27 00:00:00,BASE-20260327-109,physical,corrective,2026-03-27 00:00:00,1620.7,WO-0007272,asbestos_cement,as_occurred
WMN-03378,2026-03-27 00:00:00,BASE-20260327-109,physical,corrective,2026-03-27 00:00:00,2410.52,WO-0007273,CI,as_occurred
TLS-01283,2026-03-27 00:00:00,,,routine,2026-03-27 00:00:00,849.72,WO-0007274,steel_lattice,as_occurred
DFR-01727,2026-03-27 00:00:00,BASE-20260327-109,physical,corrective,2026-03-27 00:00:00,1051.31,WO-0007275,Wood,as_occurred
DFR-01797,2026-03-27 00:00:00,,,vegetation,2026-03-27 00:00:00,379.11,WO-0007276,concrete_pole,as_occurred
TLS-00963,2026-03-27 00:00:00,BASE-20260327-109,physical,corrective,2026-03-27 00:00:00,3047.24,WO-0007277,steel_lattice,as_occurred
WMN-03452,2026-03-27 00:00:00,,,routine,2026-03-27 00:00:00,1225.33,WO-0007278,ductile_iron,as_occurred
RCL-02101,2026-03-27 00:00:00,,,inspection,2026-03-27 00:00:00,911.62,WO-0007279,standard,as_occurred
DFR-01451,2026-03-27 06:00:00,BASE-20260327-109,physical,corrective,2026-03-27 06:00:00,3492.14,WO-0007280,wood_pole,as_occurred
TLS-01003,2026-03-27 12:00:00,BASE-20260327-109,physical,corrective,2026-03-27 12:00:00,4908.02,WO-0007281,steel_lattice,as_occurred
WMN-02716,2026-03-27 12:00:00,BASE-20260327-109,physical,corrective,2026-03-27 12:00:00,2843.29,WO-0007282,asbestos_cement,as_occurred
TLS-00571,2026-03-28 00:00:00,,,inspection,2026-03-28 00:00:00,239.85,WO-0007283,steel_lattice,as_occurred
TNK-02653,2026-03-28 00:00:00,,,routine,2026-03-28 00:00:00,505.86,WO-0007284,standard,as_occurred
DFR-01675,2026-03-28 00:00:00,,,inspection,2026-03-28 00:00:00,627.54,WO-0007285,wood_pole,as_occurred
WMN-02753,2026-03-28 00:00:00,,,inspection,2026-03-28 00:00:00,1552.26,WO-0007286,cast_iron,as_occurred
TLS-00438,2026-03-28 00:00:00,,,vegetation,2026-03-28 00:00:00,1578.4,WO-0007287,concrete,as_occurred
TNK-02582,2026-03-28 00:00:00,,,vegetation,2026-03-28 00:00:00,829.46,WO-0007288,standard,as_occurred
TLS-00473,2026-03-28 00:00:00,,,routine,2026-03-28 00:00:00,1281.88,WO-0007289,steel_lattice,as_occurred
WMN-03381,2026-03-29 00:00:00,,,inspection,2026-03-29 00:00:00,431.51,WO-0007290,ductile-iron,as_occurred
TLS-00543,2026-03-29 00:00:00,,,inspection,2026-03-29 00:00:00,551.69,WO-0007291,steel_monopole,as_occurred
TSS-00006,2026-03-29 00:00:00,,,inspection,2026-03-29 00:00:00,514.9,WO-0007292,standard,as_occurred
TLS-00750,2026-03-29 00:00:00,,,routine,2026-03-29 00:00:00,45.99,WO-0007293,steel_lattice,as_occurred
PMP-02314,2026-03-29 00:00:00,,,routine,2026-03-29 00:00:00,1599.84,WO-0007294,standard,as_occurred
DFR-01939,2026-03-29 00:00:00,,,inspection,2026-03-29 00:00:00,573.84,WO-0007295,wood_pole,as_occurred
DFR-01618,2026-03-30 00:00:00,,,routine,2026-03-30 00:00:00,927.01,WO-0007296,underground,as_occurred
TLS-00681,2026-03-30 00:00:00,,,routine,2026-03-30 00:00:00,942.07,WO-0007297,steel_monopole,as_occurred
DSS-00189,2026-03-30 00:00:00,,,inspection,2026-03-30 00:00:00,846.93,WO-0007298,standard,as_occurred
TLS-00914,2026-03-30 00:00:00,,,routine,2026-04-02 00:00:00,729.47,WO-0007299,steel_monopole,reported_late
DSS-00096,2026-03-30 00:00:00,,,routine,2026-03-30 00:00:00,1086.81,WO-0007300,standard,as_occurred
TLS-01045,2026-03-31 00:00:00,,,vegetation,2026-03-31 00:00:00,1351.92,WO-0007301,steel_monopole,as_occurred
PMP-02388,2026-03-31 00:00:00,,,inspection,2026-03-31 00:00:00,1200.37,WO-0007302,standard,as_occurred
WMN-03257,2026-03-31 00:00:00,,,routine,2026-03-31 00:00:00,502.15,WO-0007303,D.I.,as_occurred
DFR-01710,2026-03-31 00:00:00,,,vegetation,2026-03-31 00:00:00,497.67,WO-0007304,wood_pole,as_occurred
INT-03512,2026-03-31 00:00:00,,,inspection,2026-03-31 00:00:00,669.75,WO-0007305,standard,as_occurred
WMN-03031,2026-03-31 00:00:00,,,routine,2026-03-31 00:00:00,412.98,WO-0007306,Poly Vinyl Chloride,as_occurred
WMN-03089,2026-03-31 00:00:00,,,inspection,2026-03-31 00:00:00,929.97,WO-0007307,cast_iron,as_occurred
TLS-00830,2026-03-31 00:00:00,,,inspection,2026-03-31 00:00:00,345.16,WO-0007308,steel_lattice,as_occurred
TNK-02553,2026-03-31 00:00:00,,,routine,2026-03-31 00:00:00,3552.9,WO-0007309,standard,as_occurred
PMP-02238,2026-03-31 00:00:00,,,inspection,2026-03-31 00:00:00,812.34,WO-0007310,standard,as_occurred
DFR-01405,2026-04-01 00:00:00,,,routine,2026-04-01 00:00:00,373.17,WO-0007311,wood_pole,as_occurred
DSS-00111,2026-04-01 00:00:00,,,inspection,2026-04-01 00:00:00,1040.12,WO-0007312,standard,as_occurred
PMP-02339,2026-04-01 00:00:00,,,routine,2026-04-01 00:00:00,269.86,WO-0007313,standard,as_occurred
TLS-00572,2026-04-01 00:00:00,,,inspection,2026-04-01 00:00:00,1267.58,WO-0007314,steel_monopole,as_occurred
DFR-01434,2026-04-01 00:00:00,,,inspection,2026-04-01 00:00:00,1749.51,WO-0007315,wood_pole,as_occurred
WMN-03020,2026-04-01 00:00:00,,,routine,2026-04-01 00:00:00,1471.4,WO-0007316,ductile_iron,as_occurred
DFR-01583,2026-04-01 00:00:00,,,routine,2026-04-01 00:00:00,583.22,WO-0007317,wood_pole,as_occurred
TLS-00555,2026-04-01 00:00:00,,,routine,2026-04-01 00:00:00,576.95,WO-0007318,steel_lattice,as_occurred
PMP-02311,2026-04-02 00:00:00,,,vegetation,2026-04-05 00:00:00,392.4,WO-0007319,standard,reported_late
TLS-01100,2026-04-02 00:00:00,,,vegetation,2026-04-02 00:00:00,327.35,WO-0007320,steel_lattice,as_occurred
LEGACY-064869,2026-04-02 00:00:00,,,vegetation,2026-04-02 00:00:00,777.7,WO-0007321,,as_occurred
TLS-00812,2026-04-02 00:00:00,,,routine,2026-04-02 00:00:00,2656.4,WO-0007322,concrete,as_occurred
DFR-01364,2026-04-03 00:00:00,,,routine,2026-04-03 00:00:00,1652.35,WO-0007323,wood_pole,as_occurred
TLS-00847,2026-04-03 00:00:00,,,routine,2026-04-03 00:00:00,3530.65,WO-0007324,steel_monopole,as_occurred
TLS-00433,2026-04-04 00:00:00,,,vegetation,2026-04-04 00:00:00,2078.99,WO-0007325,steel_lattice,as_occurred
DSS-00267,2026-04-05 00:00:00,,,inspection,2026-04-05 00:00:00,463.47,WO-0007326,standard,as_occurred
DFR-01388,2026-04-06 00:00:00,,,vegetation,2026-04-06 00:00:00,189.82,WO-0007327,composite_pole,as_occurred
WMN-02952,2026-04-06 00:00:00,,,routine,2026-04-09 00:00:00,822.59,WO-0007328,cast_iron,reported_late
WMN-02679,2026-04-06 00:00:00,,,vegetation,2026-04-06 00:00:00,655.95,WO-0007329,cast_iron,as_occurred
DFR-01822,2026-04-06 00:00:00,,,routine,2026-04-06 00:00:00,286.44,WO-0007330,wood_pole,as_occurred
LEGACY-012490,2026-04-06 00:00:00,,,vegetation,2026-04-09 00:00:00,2301.06,WO-0007331,,reported_late
WMN-03243,2026-04-06 12:00:00,HEAT-20260406-090,physical,corrective,2026-04-06 12:00:00,5951.16,WO-0007332,cast_iron,as_occurred
WMN-03315,2026-04-06 12:00:00,HEAT-20260406-090,physical,corrective,2026-04-06 12:00:00,3493.67,WO-0007333,asbestos_cement,as_occurred
WMN-03224,2026-04-06 12:00:00,HEAT-20260406-090,physical,corrective,2026-04-06 12:00:00,24571.43,WO-0007334,Asbestos Cement,as_occurred
DSS-00336,2026-04-06 12:00:00,HEAT-20260406-090,physical,corrective,2026-04-06 12:00:00,5452.74,WO-0007335,standard,as_occurred
WMN-02812,2026-04-06 18:00:00,HEAT-20260406-090,physical,corrective,2026-04-06 18:00:00,7142.22,WO-0007336,Cast Iron,as_occurred
PMP-02521,2026-04-07 00:00:00,,,vegetation,2026-04-07 00:00:00,2151.54,WO-0007337,standard,as_occurred
TLS-00920,2026-04-07 00:00:00,,,routine,2026-04-07 00:00:00,1259.42,WO-0007338,steel_monopole,as_occurred
DFR-01850,2026-04-07 00:00:00,,,inspection,2026-04-07 00:00:00,1324.17,WO-0007339,wood_pole,as_occurred
TLS-01002,2026-04-07 00:00:00,,,routine,2026-04-07 00:00:00,651.93,WO-0007340,steel_lattice,as_occurred
WMN-02853,2026-04-07 12:00:00,HEAT-20260406-090,physical,corrective,2026-04-10 12:00:00,3304.41,WO-0007341,cast_iron,reported_late
DSS-00306,2026-04-07 18:00:00,HEAT-20260406-090,physical,corrective,2026-04-10 18:00:00,3469.77,WO-0007342,standard,reported_late
WMN-03464,2026-04-08 00:00:00,,,vegetation,2026-04-08 00:00:00,898.89,WO-0007343,cast_iron,as_occurred
PMP-02258,2026-04-08 00:00:00,,,inspection,2026-04-08 00:00:00,1770.99,WO-0007344,standard,as_occurred
DFR-01690,2026-04-08 00:00:00,,,vegetation,2026-04-08 00:00:00,1574.83,WO-0007345,wood_pole,as_occurred
LEGACY-037472,2026-04-08 06:00:00,HEAT-20260406-090,physical,corrective,2026-04-08 06:00:00,2980.17,WO-0007346,,as_occurred
PMP-02319,2026-04-08 12:00:00,HEAT-20260406-090,physical,corrective,2026-04-08 12:00:00,2184.11,WO-0007347,standard,as_occurred
PMP-02230,2026-04-08 12:00:00,HEAT-20260406-090,functional_power_loss,corrective,2026-04-08 12:00:00,2243.49,WO-0007348,standard,as_occurred
PMP-02294,2026-04-08 12:00:00,HEAT-20260406-090,functional_power_loss,corrective,2026-04-08 12:00:00,7536.13,WO-0007349,standard,as_occurred
PMP-02522,2026-04-08 12:00:00,HEAT-20260406-090,physical,corrective,2026-04-08 12:00:00,3916.47,WO-0007350,standard,as_occurred
TLS-01051,2026-04-08 12:00:00,HEAT-20260406-090,physical,corrective,2026-04-08 12:00:00,6008.59,WO-0007351,steel_lattice,as_occurred
DSS-00082,2026-04-08 12:00:00,HEAT-20260406-090,physical,corrective,2026-04-08 12:00:00,3310.75,WO-0007352,standard,as_occurred
DSS-00358,2026-04-08 12:00:00,HEAT-20260406-090,physical,corrective,2026-04-08 12:00:00,2709.31,WO-0007353,standard,as_occurred
PMP-02387,2026-04-09 00:00:00,,,inspection,2026-04-09 00:00:00,857.85,WO-0007354,standard,as_occurred
TLS-00673,2026-04-09 00:00:00,,,routine,2026-04-09 00:00:00,2229.39,WO-0007355,steel_lattice,as_occurred
TLS-00761,2026-04-09 00:00:00,,,routine,2026-04-09 00:00:00,630.51,WO-0007356,steel_lattice,as_occurred
LEGACY-058570,2026-04-09 00:00:00,,,routine,2026-04-09 00:00:00,521.88,WO-0007357,,as_occurred
WMN-02693,2026-04-09 00:00:00,,,routine,2026-04-09 00:00:00,439.04,WO-0007358,cast_iron,as_occurred
DSS-00259,2026-04-09 12:00:00,HEAT-20260406-090,physical,corrective,2026-04-09 12:00:00,2927.21,WO-0007359,standard,as_occurred
DSS-00337,2026-04-09 12:00:00,HEAT-20260406-090,physical,corrective,2026-04-09 12:00:00,920.44,WO-0007360,standard,as_occurred
PMP-02362,2026-04-09 12:00:00,HEAT-20260406-090,functional_power_loss,corrective,2026-04-09 12:00:00,1173.09,WO-0007361,standard,as_occurred
DSS-00080,2026-04-09 12:00:00,HEAT-20260406-090,physical,corrective,2026-04-09 12:00:00,4907.94,WO-0007362,standard,as_occurred
WMN-03240,2026-04-09 12:00:00,HEAT-20260406-090,physical,corrective,2026-04-09 12:00:00,18833.69,WO-0007363,ductile_iron,as_occurred
PMP-02525,2026-04-09 12:00:00,HEAT-20260406-090,functional_power_loss,corrective,2026-04-09 12:00:00,15372.61,WO-0007364,standard,as_occurred
DSS-00394,2026-04-09 12:00:00,HEAT-20260406-090,physical,corrective,2026-04-09 12:00:00,2286.42,WO-0007365,standard,as_occurred
WMN-02815,2026-04-09 12:00:00,HEAT-20260406-090,physical,corrective,2026-04-09 12:00:00,5716.07,WO-0007366,cast_iron,as_occurred
PMP-02422,2026-04-09 12:00:00,HEAT-20260406-090,functional_power_loss,corrective,2026-04-09 12:00:00,3136.31,WO-0007367,standard,as_occurred
DSS-00364,2026-04-09 12:00:00,HEAT-20260406-090,physical,corrective,2026-04-09 12:00:00,2169.3,WO-0007368,standard,as_occurred
PMP-02524,2026-04-09 18:00:00,HEAT-20260406-090,functional_power_loss,corrective,2026-04-09 18:00:00,1817.37,WO-0007369,standard,as_occurred
TLS-01003,2026-04-10 00:00:00,,,routine,2026-04-10 00:00:00,288.59,WO-0007370,steel_lattice,as_occurred
DFR-01425,2026-04-10 00:00:00,,,routine,2026-04-10 00:00:00,653.8,WO-0007371,WOOD POLE,as_occurred
DFR-01774,2026-04-10 00:00:00,,,routine,2026-04-10 00:00:00,720.46,WO-0007372,concrete_pole,as_occurred
WMN-03064,2026-04-10 00:00:00,,,routine,2026-04-10 00:00:00,537.85,WO-0007373,steel,as_occurred
WMN-03107,2026-04-10 06:00:00,HEAT-20260406-090,physical,corrective,2026-04-10 06:00:00,5127.73,WO-0007374,cast_iron,as_occurred
DFR-01495,2026-04-10 06:00:00,HEAT-20260406-090,physical,corrective,2026-04-10 06:00:00,9102.94,WO-0007375,timber,as_occurred
PMP-02431,2026-04-10 12:00:00,HEAT-20260406-090,physical,corrective,2026-04-13 12:00:00,6096.03,WO-0007376,standard,reported_late
PMP-02297,2026-04-10 12:00:00,HEAT-20260406-090,functional_power_loss,corrective,2026-04-10 12:00:00,1412.11,WO-0007377,standard,as_occurred
PMP-02343,2026-04-10 12:00:00,HEAT-20260406-090,functional_power_loss,corrective,2026-04-10 12:00:00,2877.33,WO-0007378,standard,as_occurred
WMN-03456,2026-04-10 18:00:00,HEAT-20260406-090,physical,corrective,2026-04-10 18:00:00,4647.96,WO-0007379,cast_iron,as_occurred
WMN-02750,2026-04-10 18:00:00,HEAT-20260406-090,physical,corrective,2026-04-10 18:00:00,5808.49,WO-0007380,cast_iron,as_occurred
WMN-03010,2026-04-11 00:00:00,,,inspection,2026-04-11 00:00:00,2654.89,WO-0007381,cast_iron,as_occurred
DSS-00119,2026-04-11 00:00:00,,,vegetation,2026-04-11 00:00:00,502.61,WO-0007382,standard,as_occurred
TLS-00696,2026-04-11 00:00:00,HEAT-20260406-090,physical,corrective,2026-04-11 00:00:00,10166.48,WO-0007383,concrete,as_occurred
PMP-02421,2026-04-11 00:00:00,,,routine,2026-04-11 00:00:00,1267.69,WO-0007384,standard,as_occurred
PMP-02395,2026-04-11 06:00:00,HEAT-20260406-090,physical,corrective,2026-04-11 06:00:00,3549.77,WO-0007385,standard,as_occurred
DFR-01835,2026-04-11 06:00:00,HEAT-20260406-090,physical,corrective,2026-04-11 06:00:00,1718.68,WO-0007386,wood_pole,as_occurred
WMN-03322,2026-04-11 18:00:00,HEAT-20260406-090,physical,corrective,2026-04-14 18:00:00,3101.85,WO-0007387,cast_iron,reported_late
WMN-03069,2026-04-12 00:00:00,,,inspection,2026-04-12 00:00:00,381.11,WO-0007388,Asbestos Cement,as_occurred
DFR-01987,2026-04-12 00:00:00,,,inspection,2026-04-12 00:00:00,158.64,WO-0007389,Wood Pole,as_occurred
TLS-00609,2026-04-12 00:00:00,,,routine,2026-04-12 00:00:00,744.17,WO-0007390,steel_monopole,as_occurred
DSS-00286,2026-04-12 00:00:00,,,vegetation,2026-04-12 00:00:00,765.65,WO-0007391,standard,as_occurred
PMP-02520,2026-04-12 00:00:00,,,routine,2026-04-12 00:00:00,1032.68,WO-0007392,standard,as_occurred
RCL-02130,2026-04-12 00:00:00,,,vegetation,2026-04-12 00:00:00,1028.07,WO-0007393,standard,as_occurred
RCL-02091,2026-04-13 00:00:00,,,vegetation,2026-04-13 00:00:00,2080.21,WO-0007394,standard,as_occurred
TLS-01076,2026-04-13 00:00:00,,,inspection,2026-04-13 00:00:00,545.03,WO-0007395,concrete,as_occurred
TSS-00009,2026-04-13 00:00:00,,,routine,2026-04-13 00:00:00,501.78,WO-0007396,standard,as_occurred
TLS-01046,2026-04-13 00:00:00,,,vegetation,2026-04-13 00:00:00,581.29,WO-0007397,steel_monopole,as_occurred
RCL-02172,2026-04-14 00:00:00,,,vegetation,2026-04-14 00:00:00,1501.38,WO-0007398,standard,as_occurred
RCL-02058,2026-04-14 00:00:00,,,inspection,2026-04-14 00:00:00,501.18,WO-0007399,standard,as_occurred
WMN-02692,2026-04-14 00:00:00,,,routine,2026-04-14 00:00:00,720.29,WO-0007400,cast_iron,as_occurred
PMP-02451,2026-04-14 00:00:00,,,routine,2026-04-14 00:00:00,743.02,WO-0007401,standard,as_occurred
TLS-00427,2026-04-14 00:00:00,,,vegetation,2026-04-14 00:00:00,278.17,WO-0007402,steel_lattice,as_occurred
TLS-00760,2026-04-14 00:00:00,,,inspection,2026-04-14 00:00:00,1013.23,WO-0007403,steel_monopole,as_occurred
DFR-01638,2026-04-15 00:00:00,,,vegetation,2026-04-15 00:00:00,207.46,WO-0007404,underground,as_occurred
DFR-01938,2026-04-15 00:00:00,,,routine,2026-04-15 00:00:00,497.16,WO-0007405,WOOD POLE,as_occurred
WMN-03157,2026-04-15 00:00:00,,,routine,2026-04-18 00:00:00,1080.88,WO-0007406,ductile_iron,reported_late
WMN-02906,2026-04-16 00:00:00,,,routine,2026-04-16 00:00:00,784.46,WO-0007407,AC,as_occurred
DFR-01588,2026-04-16 00:00:00,,,vegetation,2026-04-16 00:00:00,666.29,WO-0007408,wood_pole,as_occurred
TLS-00867,2026-04-16 00:00:00,,,vegetation,2026-04-16 00:00:00,292.63,WO-0007409,steel_lattice,as_occurred
DSS-00085,2026-04-16 00:00:00,,,inspection,2026-04-16 00:00:00,1792.49,WO-0007410,standard,as_occurred
DSS-00088,2026-04-16 00:00:00,,,inspection,2026-04-16 00:00:00,328.85,WO-0007411,standard,as_occurred
TLS-00899,2026-04-17 00:00:00,,,inspection,2026-04-17 00:00:00,597.6,WO-0007412,concrete,as_occurred
TLS-00835,2026-04-17 00:00:00,,,vegetation,2026-04-17 00:00:00,803.0,WO-0007413,steel_lattice,as_occurred
PMP-02241,2026-04-17 00:00:00,,,inspection,2026-04-17 00:00:00,1365.92,WO-0007414,standard,as_occurred
TLS-00923,2026-04-17 00:00:00,,,routine,2026-04-17 00:00:00,1205.41,WO-0007415,steel_lattice,as_occurred
RCL-02134,2026-04-17 00:00:00,,,routine,2026-04-17 00:00:00,513.31,WO-0007416,standard,as_occurred
TLS-00964,2026-04-17 00:00:00,,,vegetation,2026-04-17 00:00:00,485.84,WO-0007417,concrete,as_occurred
PMP-02358,2026-04-18 00:00:00,,,vegetation,2026-04-18 00:00:00,250.41,WO-0007418,standard,as_occurred
LEGACY-044457,2026-04-18 00:00:00,,,vegetation,2026-04-18 00:00:00,722.33,WO-0007419,,as_occurred
DSS-00377,2026-04-18 00:00:00,,,routine,2026-04-18 00:00:00,1197.99,WO-0007420,standard,as_occurred
DFR-01389,2026-04-18 00:00:00,,,inspection,2026-04-18 00:00:00,672.78,WO-0007421,wood_pole,as_occurred
LEGACY-035444,2026-04-18 00:00:00,,,vegetation,2026-04-18 00:00:00,988.54,WO-0007422,,as_occurred
DSS-00160,2026-04-18 00:00:00,,,routine,2026-04-18 00:00:00,758.84,WO-0007423,standard,as_occurred
RCL-02114,2026-04-19 00:00:00,,,vegetation,2026-04-22 00:00:00,477.78,WO-0007424,standard,reported_late
WMN-02855,2026-04-19 00:00:00,,,routine,2026-04-19 00:00:00,1064.95,WO-0007425,ductile_iron,as_occurred
LEGACY-010381,2026-04-19 00:00:00,,,routine,2026-04-19 00:00:00,827.89,WO-0007426,,as_occurred
TNK-02535,2026-04-20 00:00:00,,,routine,2026-04-20 00:00:00,232.33,WO-0007427,standard,as_occurred
DFR-01552,2026-04-20 00:00:00,,,routine,2026-04-20 00:00:00,1816.44,WO-0007428,underground,as_occurred
WMN-02800,2026-04-20 00:00:00,,,vegetation,2026-04-20 00:00:00,340.31,WO-0007429,ductile_iron,as_occurred
LEGACY-016979,2026-04-20 00:00:00,,,routine,2026-04-20 00:00:00,639.33,WO-0007430,,as_occurred
RCL-02085,2026-04-21 00:00:00,BASE-20260421-125,physical,corrective,2026-04-21 00:00:00,5137.57,WO-0007431,standard,as_occurred
TLS-00430,2026-04-21 00:00:00,BASE-20260421-125,physical,corrective,2026-04-24 00:00:00,1997.66,WO-0007432,steel_lattice,reported_late
LEGACY-067009,2026-04-21 00:00:00,BASE-20260421-125,physical,corrective,2026-04-21 00:00:00,1034.69,WO-0007433,,as_occurred
WMN-02963,2026-04-21 00:00:00,,,routine,2026-04-21 00:00:00,931.16,WO-0007434,pvc,as_occurred
DSS-00105,2026-04-21 00:00:00,,,vegetation,2026-04-21 00:00:00,287.22,WO-0007435,standard,as_occurred
DFR-01760,2026-04-21 06:00:00,BASE-20260421-125,physical,corrective,2026-04-21 06:00:00,795.41,WO-0007436,WOOD POLE,as_occurred
TLS-00721,2026-04-21 06:00:00,BASE-20260421-125,physical,corrective,2026-04-21 06:00:00,4898.38,WO-0007437,steel_lattice,as_occurred
DFR-02007,2026-04-21 06:00:00,BASE-20260421-125,physical,corrective,2026-04-21 06:00:00,3812.23,WO-0007438,wood_pole,as_occurred
WMN-03062,2026-04-21 12:00:00,BASE-20260421-125,physical,corrective,2026-04-24 12:00:00,2169.59,WO-0007439,cast_iron,reported_late
DFR-01866,2026-04-21 12:00:00,BASE-20260421-125,physical,corrective,2026-04-21 12:00:00,9780.04,WO-0007440,Wood,as_occurred
INT-03504,2026-04-21 18:00:00,BASE-20260421-125,physical,corrective,2026-04-21 18:00:00,6769.16,WO-0007441,standard,as_occurred
WMN-03165,2026-04-22 00:00:00,,,routine,2026-04-22 00:00:00,316.57,WO-0007442,cast_iron,as_occurred
WMN-03407,2026-04-22 00:00:00,,,routine,2026-04-22 00:00:00,456.07,WO-0007443,asbestos_cement,as_occurred
WMN-02809,2026-04-22 00:00:00,,,routine,2026-04-22 00:00:00,995.09,WO-0007444,pvc,as_occurred
DFR-01456,2026-04-22 00:00:00,HEAT-20260422-087,physical,corrective,2026-04-22 00:00:00,14770.72,WO-0007445,Wood Pole,as_occurred
RCL-02038,2026-04-22 00:00:00,,,vegetation,2026-04-22 00:00:00,739.83,WO-0007446,standard,as_occurred
WMN-02926,2026-04-22 00:00:00,,,routine,2026-04-22 00:00:00,807.98,WO-0007447,cast_iron,as_occurred
DFR-01541,2026-04-22 00:00:00,HEAT-20260422-088,physical,corrective,2026-04-22 00:00:00,3813.69,WO-0007448,wood_pole,as_occurred
PMP-02341,2026-04-22 00:00:00,,,vegetation,2026-04-22 00:00:00,344.17,WO-0007449,standard,as_occurred
DFR-01464,2026-04-22 06:00:00,HEAT-20260422-088,physical,corrective,2026-04-22 06:00:00,3432.72,WO-0007450,wood_pole,as_occurred
WMN-02968,2026-04-22 06:00:00,HEAT-20260422-087,physical,corrective,2026-04-22 06:00:00,5027.26,WO-0007451,cast_iron,as_occurred
TNK-02627,2026-04-22 12:00:00,HEAT-20260422-088,physical,corrective,2026-04-22 12:00:00,2118.1,WO-0007452,standard,as_occurred
RCL-02028,2026-04-23 00:00:00,,,inspection,2026-04-23 00:00:00,404.59,WO-0007453,standard,as_occurred
PMP-02262,2026-04-23 00:00:00,,,vegetation,2026-04-23 00:00:00,1164.99,WO-0007454,standard,as_occurred
WMN-02914,2026-04-23 00:00:00,,,vegetation,2026-04-23 00:00:00,1064.66,WO-0007455,pvc,as_occurred
PMP-02444,2026-04-23 00:00:00,,,routine,2026-04-23 00:00:00,326.3,WO-0007456,standard,as_occurred
DFR-01790,2026-04-23 00:00:00,,,routine,2026-04-23 00:00:00,290.45,WO-0007457,concrete_pole,as_occurred
WMN-03346,2026-04-23 00:00:00,BASE-20260423-123,physical,corrective,2026-04-23 00:00:00,1535.78,WO-0007458,D.I.,as_occurred
DFR-01956,2026-04-23 00:00:00,,,routine,2026-04-23 00:00:00,1377.62,WO-0007459,composite_pole,as_occurred
WMN-03372,2026-04-23 00:00:00,HEAT-20260422-087,physical,corrective,2026-04-23 00:00:00,2827.17,WO-0007460,AC,as_occurred
TLS-01004,2026-04-23 00:00:00,,,routine,2026-04-26 00:00:00,756.97,WO-0007461,steel_monopole,reported_late
DFR-01633,2026-04-23 06:00:00,BASE-20260423-123,physical,corrective,2026-04-23 06:00:00,1257.57,WO-0007462,wood_pole,as_occurred
DFR-01944,2026-04-23 06:00:00,BASE-20260423-123,physical,corrective,2026-04-23 06:00:00,6308.97,WO-0007463,wood_pole,as_occurred
WMN-03061,2026-04-23 06:00:00,HEAT-20260422-088,physical,corrective,2026-04-23 06:00:00,2930.57,WO-0007464,steel,as_occurred
WMN-03444,2026-04-23 06:00:00,HEAT-20260422-088,physical,corrective,2026-04-23 06:00:00,2462.84,WO-0007465,cast_iron,as_occurred
TLS-01117,2026-04-23 06:00:00,HEAT-20260422-087,physical,corrective,2026-04-23 06:00:00,2407.25,WO-0007466,concrete,as_occurred
WMN-03444,2026-04-23 12:00:00,HEAT-20260422-087,physical,corrective,2026-04-26 12:00:00,3850.0,WO-0007467,CAST IRON,reported_late
DSS-00364,2026-04-23 12:00:00,HEAT-20260422-088,physical,corrective,2026-04-23 12:00:00,15857.73,WO-0007468,standard,as_occurred
WMN-03075,2026-04-23 12:00:00,HEAT-20260422-088,physical,corrective,2026-04-23 12:00:00,2284.54,WO-0007469,CAST IRON,as_occurred
DSS-00342,2026-04-23 12:00:00,HEAT-20260422-087,physical,corrective,2026-04-23 12:00:00,4541.03,WO-0007470,standard,as_occurred
WMN-03447,2026-04-23 12:00:00,BASE-20260423-123,physical,corrective,2026-04-23 12:00:00,2627.72,WO-0007471,asbestos_cement,as_occurred
PMP-02422,2026-04-23 12:00:00,HEAT-20260422-088,functional_power_loss,corrective,2026-04-23 12:00:00,2324.82,WO-0007472,standard,as_occurred
WMN-03139,2026-04-23 18:00:00,HEAT-20260422-088,physical,corrective,2026-04-23 18:00:00,4955.04,WO-0007473,ductile_iron,as_occurred
WMN-03283,2026-04-23 18:00:00,HEAT-20260422-087,physical,corrective,2026-04-26 18:00:00,5454.41,WO-0007474,asbestos_cement,reported_late
DFR-01451,2026-04-23 18:00:00,HEAT-20260422-087,physical,corrective,2026-04-23 18:00:00,4493.95,WO-0007475,wood_pole,as_occurred
WMN-02728,2026-04-24 00:00:00,HEAT-20260422-088,physical,corrective,2026-04-24 00:00:00,10383.58,WO-0007476,DI,as_occurred
WMN-03446,2026-04-24 00:00:00,,,routine,2026-04-24 00:00:00,813.77,WO-0007477,cast-iron,as_occurred
WMN-03237,2026-04-24 00:00:00,WILD-20260424-099,physical,corrective,2026-04-24 00:00:00,40915.18,WO-0007478,AC,as_occurred
PMP-02480,2026-04-24 00:00:00,,,routine,2026-04-24 00:00:00,385.14,WO-0007479,standard,as_occurred
TLS-00467,2026-04-24 00:00:00,,,routine,2026-04-24 00:00:00,931.07,WO-0007480,steel_lattice,as_occurred
DSS-00287,2026-04-24 00:00:00,,,routine,2026-04-24 00:00:00,419.8,WO-0007481,standard,as_occurred
DSS-00228,2026-04-24 00:00:00,,,routine,2026-04-24 00:00:00,1246.29,WO-0007482,standard,as_occurred
TLS-01007,2026-04-24 00:00:00,,,vegetation,2026-04-24 00:00:00,602.07,WO-0007483,steel_lattice,as_occurred
LEGACY-029417,2026-04-24 00:00:00,WILD-20260424-099,physical,corrective,2026-04-24 00:00:00,8229.98,WO-0007484,,as_occurred
DFR-01418,2026-04-24 06:00:00,HEAT-20260422-088,physical,corrective,2026-04-24 06:00:00,2883.2,WO-0007485,composite_pole,as_occurred
TSS-00029,2026-04-24 06:00:00,HEAT-20260422-087,physical,corrective,2026-04-24 06:00:00,11564.55,WO-0007486,standard,as_occurred
WMN-02821,2026-04-24 06:00:00,HEAT-20260422-088,physical,corrective,2026-04-24 06:00:00,6612.28,WO-0007487,asbestos_cement,as_occurred
WMN-02856,2026-04-24 06:00:00,HEAT-20260422-087,physical,corrective,2026-04-24 06:00:00,3758.73,WO-0007488,asbestos_cement,as_occurred
WMN-03090,2026-04-24 06:00:00,WILD-20260424-099,physical,corrective,2026-04-24 06:00:00,11473.92,WO-0007489,ductile_iron,as_occurred
TLS-00850,2026-04-24 06:00:00,HEAT-20260422-088,physical,corrective,2026-04-24 06:00:00,1821.27,WO-0007490,steel_lattice,as_occurred
DFR-01858,2026-04-24 06:00:00,HEAT-20260422-087,physical,corrective,2026-04-24 06:00:00,2750.62,WO-0007491,wood_pole,as_occurred
DSS-00080,2026-04-24 12:00:00,HEAT-20260422-087,physical,corrective,2026-04-24 12:00:00,4941.19,WO-0007492,standard,as_occurred
PMP-02401,2026-04-24 12:00:00,HEAT-20260422-087,functional_power_loss,corrective,2026-04-24 12:00:00,2034.57,WO-0007493,standard,as_occurred
PMP-02453,2026-04-24 12:00:00,HEAT-20260422-087,physical,corrective,2026-04-24 12:00:00,4607.29,WO-0007494,standard,as_occurred
DSS-00394,2026-04-24 12:00:00,HEAT-20260422-087,physical,corrective,2026-04-24 12:00:00,16631.45,WO-0007495,standard,as_occurred
PMP-02362,2026-04-24 12:00:00,HEAT-20260422-087,functional_power_loss,corrective,2026-04-24 12:00:00,1936.13,WO-0007496,standard,as_occurred
PMP-02297,2026-04-24 12:00:00,HEAT-20260422-088,functional_power_loss,corrective,2026-04-24 12:00:00,3682.55,WO-0007497,standard,as_occurred
DSS-00302,2026-04-24 12:00:00,HEAT-20260422-087,physical,corrective,2026-04-24 12:00:00,10833.65,WO-0007498,standard,as_occurred
WMN-02678,2026-04-24 12:00:00,HEAT-20260422-088,physical,corrective,2026-04-24 12:00:00,1874.74,WO-0007499,steel,as_occurred
DFR-01520,2026-04-24 18:00:00,WILD-20260424-099,physical,corrective,2026-04-24 18:00:00,8133.71,WO-0007500,Wood Pole,as_occurred
TLS-00905,2026-04-24 18:00:00,WILD-20260424-099,physical,corrective,2026-04-24 18:00:00,2744.09,WO-0007501,steel_lattice,as_occurred
DFR-01950,2026-04-24 18:00:00,WILD-20260424-099,physical,corrective,2026-04-24 18:00:00,892.53,WO-0007502,wood_pole,as_occurred
WMN-03299,2026-04-24 18:00:00,HEAT-20260422-087,physical,corrective,2026-04-24 18:00:00,5047.04,WO-0007503,CAST IRON,as_occurred
DFR-01514,2026-04-24 18:00:00,HEAT-20260422-088,physical,corrective,2026-04-24 18:00:00,5955.05,WO-0007504,Wood,as_occurred
LEGACY-059979,2026-04-25 00:00:00,,,inspection,2026-04-25 00:00:00,541.14,WO-0007505,,as_occurred
WMN-02786,2026-04-25 00:00:00,WILD-20260424-099,physical,corrective,2026-04-25 00:00:00,26965.17,WO-0007506,cast_iron,as_occurred
WMN-02799,2026-04-25 00:00:00,,,inspection,2026-04-25 00:00:00,934.99,WO-0007507,cast_iron,as_occurred
DSS-00253,2026-04-25 00:00:00,,,routine,2026-04-25 00:00:00,868.49,WO-0007508,standard,as_occurred
TLS-00863,2026-04-25 00:00:00,,,vegetation,2026-04-25 00:00:00,179.94,WO-0007509,steel_lattice,as_occurred
WMN-03361,2026-04-25 00:00:00,,,vegetation,2026-04-25 00:00:00,1260.46,WO-0007510,cast_iron,as_occurred
PMP-02388,2026-04-25 00:00:00,,,routine,2026-04-25 00:00:00,1080.3,WO-0007511,standard,as_occurred
DFR-01328,2026-04-25 00:00:00,,,routine,2026-04-25 00:00:00,458.44,WO-0007512,Wood,as_occurred
DSS-00365,2026-04-25 00:00:00,,,vegetation,2026-04-25 00:00:00,2846.7,WO-0007513,standard,as_occurred
DFR-01376,2026-04-25 00:00:00,,,routine,2026-04-25 00:00:00,1353.83,WO-0007514,wood_pole,as_occurred
PMP-02387,2026-04-25 06:00:00,WILD-20260424-099,physical,corrective,2026-04-25 06:00:00,2515.83,WO-0007515,standard,as_occurred
WMN-02776,2026-04-25 06:00:00,HEAT-20260422-087,physical,corrective,2026-04-25 06:00:00,9080.13,WO-0007516,asbestos_cement,as_occurred
DFR-01901,2026-04-25 12:00:00,HEAT-20260422-087,physical,corrective,2026-04-25 12:00:00,25871.67,WO-0007517,wood_pole,as_occurred
DSS-00394,2026-04-25 12:00:00,HEAT-20260422-088,physical,corrective,2026-04-25 12:00:00,2773.0,WO-0007518,standard,as_occurred
PMP-02362,2026-04-25 12:00:00,HEAT-20260422-088,functional_power_loss,corrective,2026-04-25 12:00:00,766.8,WO-0007519,standard,as_occurred
PMP-02343,2026-04-25 12:00:00,HEAT-20260422-087,functional_power_loss,corrective,2026-04-25 12:00:00,2527.47,WO-0007520,standard,as_occurred
WMN-02815,2026-04-25 18:00:00,HEAT-20260422-088,physical,corrective,2026-04-28 18:00:00,5412.96,WO-0007521,cast_iron,reported_late
TLS-01135,2026-04-26 00:00:00,,,routine,2026-04-26 00:00:00,472.94,WO-0007522,steel_monopole,as_occurred
TNK-02604,2026-04-26 00:00:00,,,vegetation,2026-04-26 00:00:00,1269.83,WO-0007523,standard,as_occurred
TLS-00984,2026-04-26 00:00:00,,,routine,2026-04-26 00:00:00,260.62,WO-0007524,steel_monopole,as_occurred
RCL-02132,2026-04-26 00:00:00,,,vegetation,2026-04-26 00:00:00,394.14,WO-0007525,standard,as_occurred
DFR-01869,2026-04-26 00:00:00,,,routine,2026-04-26 00:00:00,899.24,WO-0007526,underground,as_occurred
DFR-01351,2026-04-26 00:00:00,,,vegetation,2026-04-26 00:00:00,1010.88,WO-0007527,Wood,as_occurred
WMN-02747,2026-04-26 00:00:00,HEAT-20260422-088,physical,corrective,2026-04-26 00:00:00,10596.38,WO-0007528,asbestos_cement,as_occurred
WMN-02835,2026-04-26 00:00:00,HEAT-20260422-087,physical,corrective,2026-04-26 00:00:00,11753.01,WO-0007529,CI,as_occurred
WMN-02945,2026-04-26 00:00:00,HEAT-20260422-087,physical,corrective,2026-04-26 00:00:00,8069.52,WO-0007530,C.I.,as_occurred
TSS-00054,2026-04-26 00:00:00,,,routine,2026-04-26 00:00:00,427.3,WO-0007531,standard,as_occurred
DSS-00311,2026-04-26 00:00:00,,,vegetation,2026-04-26 00:00:00,1310.86,WO-0007532,standard,as_occurred
PMP-02305,2026-04-26 00:00:00,HEAT-20260422-088,physical,corrective,2026-04-26 00:00:00,9405.26,WO-0007533,standard,as_occurred
DSS-00198,2026-04-26 06:00:00,HEAT-20260422-087,physical,corrective,2026-04-26 06:00:00,4140.55,WO-0007534,standard,as_occurred
PMP-02301,2026-04-26 12:00:00,HEAT-20260422-088,functional_power_loss,corrective,2026-04-26 12:00:00,2768.21,WO-0007535,standard,as_occurred
DSS-00258,2026-04-26 12:00:00,HEAT-20260422-088,physical,corrective,2026-04-26 12:00:00,1574.13,WO-0007536,standard,as_occurred
WMN-03429,2026-04-26 12:00:00,HEAT-20260422-088,physical,corrective,2026-04-26 12:00:00,5286.06,WO-0007537,asbestos_cement,as_occurred
WMN-03079,2026-04-26 12:00:00,HEAT-20260422-088,physical,corrective,2026-04-29 12:00:00,2835.4,WO-0007538,cast_iron,reported_late
LEGACY-093525,2026-04-26 12:00:00,HEAT-20260422-087,physical,corrective,2026-04-26 12:00:00,4117.37,WO-0007539,,as_occurred
PMP-02286,2026-04-26 12:00:00,HEAT-20260422-088,physical,corrective,2026-04-26 12:00:00,4885.86,WO-0007540,standard,as_occurred
DFR-01488,2026-04-26 18:00:00,HEAT-20260422-088,physical,corrective,2026-04-26 18:00:00,3932.02,WO-0007541,wood_pole,as_occurred
WMN-03364,2026-04-26 18:00:00,HEAT-20260422-087,physical,corrective,2026-04-26 18:00:00,1737.56,WO-0007542,asbestos_cement,as_occurred
DFR-01962,2026-04-27 00:00:00,,,inspection,2026-04-27 00:00:00,2490.0,WO-0007543,wood_pole,as_occurred
WMN-03299,2026-04-27 00:00:00,HEAT-20260422-088,physical,corrective,2026-04-27 00:00:00,3450.36,WO-0007544,cast_iron,as_occurred
TLS-00879,2026-04-27 00:00:00,,,vegetation,2026-04-27 00:00:00,1164.2,WO-0007545,steel_lattice,as_occurred
DFR-01393,2026-04-27 00:00:00,,,inspection,2026-04-27 00:00:00,217.7,WO-0007546,wood_pole,as_occurred
WMN-03154,2026-04-27 00:00:00,HEAT-20260422-088,physical,corrective,2026-04-27 00:00:00,2885.33,WO-0007547,CAST IRON,as_occurred
TLS-00845,2026-04-27 00:00:00,,,routine,2026-04-27 00:00:00,965.78,WO-0007548,steel_lattice,as_occurred
DSS-00390,2026-04-27 00:00:00,,,inspection,2026-04-27 00:00:00,772.48,WO-0007549,standard,as_occurred
TLS-00955,2026-04-27 00:00:00,,,vegetation,2026-04-27 00:00:00,438.67,WO-0007550,steel_monopole,as_occurred
TLS-01208,2026-04-27 00:00:00,,,routine,2026-04-27 00:00:00,511.16,WO-0007551,steel_lattice,as_occurred
WMN-02758,2026-04-27 06:00:00,HEAT-20260422-088,physical,corrective,2026-04-27 06:00:00,2412.14,WO-0007552,cast_iron,as_occurred
PMP-02440,2026-04-27 06:00:00,HEAT-20260422-088,physical,corrective,2026-04-27 06:00:00,1871.66,WO-0007553,standard,as_occurred
WMN-02801,2026-04-27 06:00:00,HEAT-20260422-088,physical,corrective,2026-04-27 06:00:00,4745.54,WO-0007554,cast_iron,as_occurred
WMN-02810,2026-04-27 18:00:00,HEAT-20260422-088,physical,corrective,2026-04-27 18:00:00,5015.31,WO-0007555,asbestos_cement,as_occurred
TLS-01260,2026-04-27 18:00:00,HEAT-20260422-088,physical,corrective,2026-04-27 18:00:00,7899.55,WO-0007556,steel_lattice,as_occurred
WMN-03269,2026-04-27 18:00:00,HEAT-20260422-088,physical,corrective,2026-04-27 18:00:00,7594.26,WO-0007557,asbestos-cement,as_occurred
WMN-02983,2026-04-28 00:00:00,,,routine,2026-04-28 00:00:00,353.84,WO-0007558,Ductile Iron,as_occurred
DFR-01875,2026-04-28 00:00:00,,,inspection,2026-04-28 00:00:00,297.77,WO-0007559,wood_pole,as_occurred
WMN-03471,2026-04-28 00:00:00,,,vegetation,2026-04-28 00:00:00,520.16,WO-0007560,asbestos_cement,as_occurred
PMP-02339,2026-04-28 00:00:00,,,routine,2026-04-28 00:00:00,821.14,WO-0007561,standard,as_occurred
DSS-00402,2026-04-28 00:00:00,,,vegetation,2026-04-28 00:00:00,731.38,WO-0007562,standard,as_occurred
WMN-03296,2026-04-28 06:00:00,HEAT-20260422-088,physical,corrective,2026-04-28 06:00:00,10801.37,WO-0007563,cast_iron,as_occurred
DFR-01586,2026-04-28 06:00:00,HEAT-20260422-088,physical,corrective,2026-04-28 06:00:00,1291.34,WO-0007564,wood_pole,as_occurred
WMN-03129,2026-04-28 06:00:00,HEAT-20260422-088,physical,corrective,2026-04-28 06:00:00,2741.86,WO-0007565,cast_iron,as_occurred
WMN-03334,2026-04-28 12:00:00,HEAT-20260422-088,physical,corrective,2026-04-28 12:00:00,4522.78,WO-0007566,Cast Iron,as_occurred
WMN-02776,2026-04-28 12:00:00,HEAT-20260422-088,physical,corrective,2026-04-28 12:00:00,12515.51,WO-0007567,asbestos_cement,as_occurred
WMN-02949,2026-04-28 18:00:00,HEAT-20260422-088,physical,corrective,2026-04-28 18:00:00,3807.15,WO-0007568,cast_iron,as_occurred
WMN-03217,2026-04-29 00:00:00,,,routine,2026-04-29 00:00:00,1485.54,WO-0007569,ductile_iron,as_occurred
WMN-03102,2026-04-29 00:00:00,,,inspection,2026-04-29 00:00:00,806.77,WO-0007570,CAST IRON,as_occurred
TLS-00820,2026-04-29 00:00:00,,,vegetation,2026-04-29 00:00:00,562.04,WO-0007571,steel_monopole,as_occurred
RCL-02103,2026-04-29 00:00:00,,,routine,2026-04-29 00:00:00,982.01,WO-0007572,standard,as_occurred
WMN-02891,2026-04-30 00:00:00,,,vegetation,2026-04-30 00:00:00,858.41,WO-0007573,ductile_iron,as_occurred
WMN-03166,2026-04-30 00:00:00,,,routine,2026-04-30 00:00:00,809.14,WO-0007574,CAST IRON,as_occurred
DSS-00402,2026-04-30 00:00:00,,,vegetation,2026-04-30 00:00:00,384.25,WO-0007575,standard,as_occurred
DFR-01853,2026-04-30 00:00:00,,,inspection,2026-04-30 00:00:00,422.0,WO-0007576,wood_pole,as_occurred
WMN-03360,2026-04-30 00:00:00,,,routine,2026-04-30 00:00:00,387.77,WO-0007577,ductile_iron,as_occurred
PMP-02432,2026-04-30 00:00:00,,,inspection,2026-04-30 00:00:00,1177.3,WO-0007578,standard,as_occurred
WMN-03455,2026-05-01 00:00:00,,,routine,2026-05-01 00:00:00,2485.41,WO-0007579,cast_iron,as_occurred
TNK-02588,2026-05-01 00:00:00,,,routine,2026-05-01 00:00:00,295.13,WO-0007580,standard,as_occurred
TLS-00685,2026-05-01 00:00:00,,,inspection,2026-05-01 00:00:00,837.69,WO-0007581,steel_monopole,as_occurred
DFR-01677,2026-05-01 00:00:00,,,inspection,2026-05-01 00:00:00,739.38,WO-0007582,wood_pole,as_occurred
WMN-03141,2026-05-01 00:00:00,,,routine,2026-05-01 00:00:00,876.65,WO-0007583,pvc,as_occurred
TNK-02643,2026-05-02 00:00:00,,,inspection,2026-05-02 00:00:00,629.39,WO-0007584,standard,as_occurred
WMN-03066,2026-05-02 00:00:00,,,routine,2026-05-02 00:00:00,595.21,WO-0007585,asbestos_cement,as_occurred
DSS-00306,2026-05-02 00:00:00,,,vegetation,2026-05-02 00:00:00,303.94,WO-0007586,standard,as_occurred
TLS-01083,2026-05-02 00:00:00,,,routine,2026-05-02 00:00:00,296.43,WO-0007587,steel_monopole,as_occurred
DSS-00175,2026-05-02 00:00:00,,,vegetation,2026-05-02 00:00:00,713.43,WO-0007588,standard,as_occurred
TLS-00640,2026-05-02 00:00:00,,,inspection,2026-05-02 00:00:00,1836.81,WO-0007589,steel_lattice,as_occurred
TLS-01030,2026-05-03 00:00:00,,,routine,2026-05-03 00:00:00,586.0,WO-0007590,steel_lattice,as_occurred
DSS-00156,2026-05-04 00:00:00,,,vegetation,2026-05-04 00:00:00,3065.8,WO-0007591,standard,as_occurred
DFR-01316,2026-05-04 00:00:00,,,routine,2026-05-04 00:00:00,438.35,WO-0007592,concrete_pole,as_occurred
RCL-02190,2026-05-04 00:00:00,,,vegetation,2026-05-04 00:00:00,395.54,WO-0007593,standard,as_occurred
DSS-00063,2026-05-04 00:00:00,,,routine,2026-05-04 00:00:00,1261.96,WO-0007594,standard,as_occurred
DFR-01967,2026-05-05 00:00:00,,,routine,2026-05-05 00:00:00,1261.25,WO-0007595,wood_pole,as_occurred
PMP-02403,2026-05-05 00:00:00,,,inspection,2026-05-05 00:00:00,1722.07,WO-0007596,standard,as_occurred
WMN-02878,2026-05-05 00:00:00,,,vegetation,2026-05-05 00:00:00,510.44,WO-0007597,asbestos-cement,as_occurred
TLS-00713,2026-05-05 00:00:00,,,inspection,2026-05-05 00:00:00,544.08,WO-0007598,steel_lattice,as_occurred
DSS-00262,2026-05-05 00:00:00,,,routine,2026-05-05 00:00:00,719.39,WO-0007599,standard,as_occurred
TLS-00441,2026-05-05 00:00:00,,,routine,2026-05-05 00:00:00,529.81,WO-0007600,steel_lattice,as_occurred
TLS-00616,2026-05-05 00:00:00,,,inspection,2026-05-05 00:00:00,964.89,WO-0007601,steel_monopole,as_occurred
WMN-03300,2026-05-05 00:00:00,,,routine,2026-05-05 00:00:00,69.22,WO-0007602,ductile_iron,as_occurred
DFR-01831,2026-05-05 00:00:00,,,vegetation,2026-05-05 00:00:00,1461.05,WO-0007603,wood_pole,as_occurred
WMN-03194,2026-05-05 00:00:00,,,routine,2026-05-05 00:00:00,1054.68,WO-0007604,cast_iron,as_occurred
DFR-01798,2026-05-05 00:00:00,,,vegetation,2026-05-05 00:00:00,394.19,WO-0007605,wood_pole,as_occurred
WMN-02939,2026-05-06 00:00:00,,,inspection,2026-05-06 00:00:00,549.24,WO-0007606,ductile_iron,as_occurred
RCL-02042,2026-05-06 00:00:00,,,routine,2026-05-06 00:00:00,921.68,WO-0007607,standard,as_occurred
WMN-03009,2026-05-06 00:00:00,,,routine,2026-05-06 00:00:00,355.48,WO-0007608,asbestos_cement,as_occurred
WMN-03123,2026-05-06 00:00:00,,,vegetation,2026-05-06 00:00:00,525.86,WO-0007609,pvc,as_occurred
DSS-00353,2026-05-06 00:00:00,,,routine,2026-05-06 00:00:00,133.13,WO-0007610,standard,as_occurred
DFR-01712,2026-05-06 00:00:00,,,inspection,2026-05-06 00:00:00,354.61,WO-0007611,wood_pole,as_occurred
LEGACY-013597,2026-05-06 00:00:00,,,inspection,2026-05-06 00:00:00,1397.97,WO-0007612,,as_occurred
TLS-01222,2026-05-06 00:00:00,,,vegetation,2026-05-06 00:00:00,148.83,WO-0007613,steel_monopole,as_occurred
WMN-02996,2026-05-07 00:00:00,,,inspection,2026-05-07 00:00:00,741.28,WO-0007614,PVC,as_occurred
DSS-00250,2026-05-07 00:00:00,,,vegetation,2026-05-07 00:00:00,735.48,WO-0007615,standard,as_occurred
DFR-01875,2026-05-07 00:00:00,,,routine,2026-05-07 00:00:00,994.07,WO-0007616,timber,as_occurred
TLS-00941,2026-05-07 00:00:00,,,inspection,2026-05-07 00:00:00,378.72,WO-0007617,steel_lattice,as_occurred
DFR-01921,2026-05-07 00:00:00,,,inspection,2026-05-07 00:00:00,495.85,WO-0007618,wood_pole,as_occurred
WMN-02831,2026-05-08 00:00:00,,,inspection,2026-05-08 00:00:00,592.47,WO-0007619,Ductile Iron,as_occurred
TLS-00674,2026-05-08 00:00:00,,,vegetation,2026-05-08 00:00:00,352.21,WO-0007620,steel_lattice,as_occurred
TLS-01022,2026-05-08 00:00:00,,,inspection,2026-05-08 00:00:00,229.15,WO-0007621,steel_monopole,as_occurred
DSS-00328,2026-05-08 00:00:00,,,routine,2026-05-11 00:00:00,1105.32,WO-0007622,standard,reported_late
WMN-02777,2026-05-08 00:00:00,,,inspection,2026-05-08 00:00:00,876.81,WO-0007623,ductile_iron,as_occurred
TNK-02631,2026-05-08 00:00:00,,,vegetation,2026-05-08 00:00:00,1690.92,WO-0007624,standard,as_occurred
DSS-00324,2026-05-08 00:00:00,,,routine,2026-05-08 00:00:00,644.04,WO-0007625,standard,as_occurred
PMP-02245,2026-05-08 00:00:00,,,routine,2026-05-11 00:00:00,1039.27,WO-0007626,standard,reported_late
DFR-01939,2026-05-09 00:00:00,,,routine,2026-05-09 00:00:00,510.57,WO-0007627,Wood Pole,as_occurred
TLS-00654,2026-05-09 00:00:00,,,vegetation,2026-05-09 00:00:00,1781.67,WO-0007628,steel_lattice,as_occurred
DFR-01384,2026-05-09 00:00:00,,,inspection,2026-05-09 00:00:00,644.25,WO-0007629,WOOD POLE,as_occurred
RCL-02055,2026-05-09 00:00:00,,,inspection,2026-05-09 00:00:00,400.5,WO-0007630,standard,as_occurred
DFR-01419,2026-05-09 00:00:00,,,routine,2026-05-09 00:00:00,289.68,WO-0007631,wood_pole,as_occurred
WMN-03262,2026-05-09 00:00:00,,,routine,2026-05-09 00:00:00,1487.06,WO-0007632,steel,as_occurred
WMN-02930,2026-05-09 00:00:00,,,routine,2026-05-09 00:00:00,1789.83,WO-0007633,cast_iron,as_occurred
INT-03483,2026-05-09 00:00:00,,,routine,2026-05-09 00:00:00,791.26,WO-0007634,standard,as_occurred
DFR-01850,2026-05-10 00:00:00,,,routine,2026-05-10 00:00:00,605.14,WO-0007635,wood_pole,as_occurred
WMN-02813,2026-05-10 00:00:00,,,routine,2026-05-10 00:00:00,235.21,WO-0007636,ductile_iron,as_occurred
DFR-01900,2026-05-10 00:00:00,,,vegetation,2026-05-10 00:00:00,458.39,WO-0007637,composite_pole,as_occurred
TLS-01193,2026-05-10 00:00:00,,,routine,2026-05-10 00:00:00,115.59,WO-0007638,steel_monopole,as_occurred
WMN-03036,2026-05-11 00:00:00,,,routine,2026-05-11 00:00:00,360.22,WO-0007639,ductile_iron,as_occurred
PMP-02485,2026-05-11 00:00:00,,,vegetation,2026-05-11 00:00:00,385.33,WO-0007640,standard,as_occurred
WMN-02957,2026-05-11 00:00:00,,,routine,2026-05-11 00:00:00,732.83,WO-0007641,ductile_iron,as_occurred
WMN-02851,2026-05-11 00:00:00,,,vegetation,2026-05-11 00:00:00,1336.11,WO-0007642,pvc,as_occurred
TLS-00652,2026-05-11 00:00:00,,,routine,2026-05-11 00:00:00,304.07,WO-0007643,concrete,as_occurred
DFR-01329,2026-05-12 00:00:00,,,routine,2026-05-12 00:00:00,4224.83,WO-0007644,wood_pole,as_occurred
TLS-01226,2026-05-12 00:00:00,,,routine,2026-05-12 00:00:00,886.43,WO-0007645,steel_lattice,as_occurred
DFR-01860,2026-05-12 00:00:00,,,routine,2026-05-15 00:00:00,622.67,WO-0007646,wood_pole,reported_late
DFR-01366,2026-05-12 00:00:00,,,routine,2026-05-12 00:00:00,631.46,WO-0007647,wood_pole,as_occurred
DSS-00191,2026-05-13 00:00:00,,,routine,2026-05-13 00:00:00,705.48,WO-0007648,standard,as_occurred
PMP-02269,2026-05-13 00:00:00,,,inspection,2026-05-13 00:00:00,667.32,WO-0007649,standard,as_occurred
TLS-00941,2026-05-13 00:00:00,,,inspection,2026-05-13 00:00:00,219.83,WO-0007650,steel_lattice,as_occurred
WMN-02785,2026-05-13 00:00:00,,,routine,2026-05-13 00:00:00,441.71,WO-0007651,cast_iron,as_occurred
TLS-00611,2026-05-13 00:00:00,,,vegetation,2026-05-13 00:00:00,500.79,WO-0007652,concrete,as_occurred
WMN-03049,2026-05-13 00:00:00,,,vegetation,2026-05-13 00:00:00,472.62,WO-0007653,cast_iron,as_occurred
DFR-01672,2026-05-13 00:00:00,,,routine,2026-05-13 00:00:00,1910.11,WO-0007654,Wood Pole,as_occurred
WMN-03169,2026-05-13 00:00:00,,,vegetation,2026-05-13 00:00:00,396.14,WO-0007655,PVC,as_occurred
RCL-02022,2026-05-13 00:00:00,,,vegetation,2026-05-13 00:00:00,2724.19,WO-0007656,standard,as_occurred
WMN-02822,2026-05-14 00:00:00,,,routine,2026-05-14 00:00:00,627.88,WO-0007657,asbestos_cement,as_occurred
DFR-01818,2026-05-14 00:00:00,,,inspection,2026-05-14 00:00:00,1471.22,WO-0007658,underground,as_occurred
TNK-02625,2026-05-14 00:00:00,,,routine,2026-05-14 00:00:00,890.96,WO-0007659,standard,as_occurred
PMP-02245,2026-05-14 00:00:00,,,vegetation,2026-05-14 00:00:00,760.7,WO-0007660,standard,as_occurred
DFR-01399,2026-05-14 00:00:00,,,vegetation,2026-05-14 00:00:00,541.98,WO-0007661,WOOD POLE,as_occurred
TLS-01253,2026-05-15 00:00:00,,,inspection,2026-05-18 00:00:00,192.38,WO-0007662,steel_lattice,reported_late
TLS-01308,2026-05-15 00:00:00,,,vegetation,2026-05-15 00:00:00,948.77,WO-0007663,concrete,as_occurred
DFR-01424,2026-05-15 00:00:00,,,routine,2026-05-15 00:00:00,614.26,WO-0007664,wood_pole,as_occurred
TLS-01295,2026-05-15 00:00:00,,,inspection,2026-05-15 00:00:00,301.15,WO-0007665,steel_lattice,as_occurred
DFR-01934,2026-05-15 00:00:00,,,vegetation,2026-05-15 00:00:00,608.05,WO-0007666,concrete_pole,as_occurred
PMP-02484,2026-05-16 00:00:00,,,routine,2026-05-16 00:00:00,1185.94,WO-0007667,standard,as_occurred
WMN-03418,2026-05-16 00:00:00,,,routine,2026-05-16 00:00:00,564.25,WO-0007668,steel,as_occurred
TLS-00575,2026-05-16 00:00:00,,,routine,2026-05-16 00:00:00,232.29,WO-0007669,steel_lattice,as_occurred
TLS-00501,2026-05-17 00:00:00,,,inspection,2026-05-17 00:00:00,728.08,WO-0007670,steel_monopole,as_occurred
WMN-02806,2026-05-17 00:00:00,,,routine,2026-05-17 00:00:00,658.52,WO-0007671,CAST IRON,as_occurred
WMN-02992,2026-05-17 00:00:00,,,routine,2026-05-17 00:00:00,498.63,WO-0007672,ductile_iron,as_occurred
DFR-01417,2026-05-17 00:00:00,,,routine,2026-05-17 00:00:00,645.25,WO-0007673,wood_pole,as_occurred
TNK-02538,2026-05-17 00:00:00,,,inspection,2026-05-17 00:00:00,1573.36,WO-0007674,standard,as_occurred
DFR-01597,2026-05-17 00:00:00,,,vegetation,2026-05-17 00:00:00,341.37,WO-0007675,wood_pole,as_occurred
DFR-01502,2026-05-17 00:00:00,,,inspection,2026-05-17 00:00:00,285.36,WO-0007676,wood_pole,as_occurred
TLS-00523,2026-05-17 00:00:00,,,routine,2026-05-17 00:00:00,1001.16,WO-0007677,steel_monopole,as_occurred
WMN-03159,2026-05-17 00:00:00,,,vegetation,2026-05-17 00:00:00,258.47,WO-0007678,pvc,as_occurred
WMN-03189,2026-05-17 00:00:00,,,inspection,2026-05-17 00:00:00,493.01,WO-0007679,ductile_iron,as_occurred
TLS-00975,2026-05-17 00:00:00,,,routine,2026-05-17 00:00:00,1363.43,WO-0007680,steel_monopole,as_occurred
TLS-00472,2026-05-18 00:00:00,,,routine,2026-05-18 00:00:00,1526.32,WO-0007681,steel_lattice,as_occurred
WMN-02810,2026-05-18 00:00:00,,,routine,2026-05-18 00:00:00,664.93,WO-0007682,asbestos_cement,as_occurred
WMN-02886,2026-05-18 00:00:00,,,vegetation,2026-05-18 00:00:00,841.48,WO-0007683,ductile_iron,as_occurred
WMN-02786,2026-05-18 00:00:00,,,inspection,2026-05-18 00:00:00,753.28,WO-0007684,cast_iron,as_occurred
PMP-02248,2026-05-18 00:00:00,,,routine,2026-05-18 00:00:00,624.81,WO-0007685,standard,as_occurred
PMP-02450,2026-05-19 00:00:00,,,inspection,2026-05-19 00:00:00,2971.31,WO-0007686,standard,as_occurred
WMN-02751,2026-05-19 00:00:00,,,routine,2026-05-19 00:00:00,466.06,WO-0007687,Ductile Iron,as_occurred
DSS-00232,2026-05-19 00:00:00,,,inspection,2026-05-19 00:00:00,1294.06,WO-0007688,standard,as_occurred
TLS-01029,2026-05-19 00:00:00,,,routine,2026-05-19 00:00:00,473.55,WO-0007689,steel_lattice,as_occurred
TLS-01287,2026-05-19 00:00:00,,,inspection,2026-05-19 00:00:00,1285.12,WO-0007690,steel_lattice,as_occurred
PMP-02505,2026-05-19 00:00:00,,,routine,2026-05-19 00:00:00,698.2,WO-0007691,standard,as_occurred
WMN-02855,2026-05-19 00:00:00,,,vegetation,2026-05-19 00:00:00,1541.37,WO-0007692,Ductile Iron,as_occurred
DFR-01781,2026-05-19 00:00:00,,,inspection,2026-05-19 00:00:00,1874.31,WO-0007693,wood_pole,as_occurred
PMP-02353,2026-05-20 00:00:00,,,routine,2026-05-20 00:00:00,2458.09,WO-0007694,standard,as_occurred
RCL-02108,2026-05-20 00:00:00,,,vegetation,2026-05-20 00:00:00,390.13,WO-0007695,standard,as_occurred
RCL-02098,2026-05-20 00:00:00,,,routine,2026-05-20 00:00:00,651.05,WO-0007696,standard,as_occurred
WMN-03142,2026-05-20 00:00:00,,,inspection,2026-05-20 00:00:00,674.74,WO-0007697,pvc,as_occurred
TLS-00925,2026-05-20 00:00:00,,,routine,2026-05-20 00:00:00,1852.67,WO-0007698,steel_lattice,as_occurred
DFR-01348,2026-05-21 00:00:00,,,vegetation,2026-05-21 00:00:00,340.64,WO-0007699,wood_pole,as_occurred
DFR-01379,2026-05-21 00:00:00,,,inspection,2026-05-21 00:00:00,838.43,WO-0007700,concrete_pole,as_occurred
TLS-00900,2026-05-21 00:00:00,,,inspection,2026-05-21 00:00:00,373.27,WO-0007701,steel_monopole,as_occurred
TLS-01013,2026-05-21 00:00:00,,,routine,2026-05-21 00:00:00,1296.28,WO-0007702,steel_lattice,as_occurred
TLS-00676,2026-05-22 00:00:00,,,inspection,2026-05-22 00:00:00,782.12,WO-0007703,steel_lattice,as_occurred
TLS-00832,2026-05-22 00:00:00,,,inspection,2026-05-22 00:00:00,1029.04,WO-0007704,steel_lattice,as_occurred
WMN-02991,2026-05-22 00:00:00,,,routine,2026-05-22 00:00:00,1712.14,WO-0007705,pvc,as_occurred
PMP-02344,2026-05-23 00:00:00,,,vegetation,2026-05-23 00:00:00,1115.43,WO-0007706,standard,as_occurred
WMN-03252,2026-05-23 00:00:00,,,routine,2026-05-23 00:00:00,1023.6,WO-0007707,cast_iron,as_occurred
TLS-01171,2026-05-23 00:00:00,,,vegetation,2026-05-23 00:00:00,509.73,WO-0007708,steel_monopole,as_occurred
TLS-01079,2026-05-23 00:00:00,,,inspection,2026-05-23 00:00:00,163.7,WO-0007709,steel_monopole,as_occurred
INT-03486,2026-05-24 00:00:00,INLA-20260524-094,physical,corrective,2026-05-24 00:00:00,3215.94,WO-0007710,standard,as_occurred
WMN-02840,2026-05-24 00:00:00,INLA-20260524-094,physical,corrective,2026-05-24 00:00:00,2195.48,WO-0007711,cast_iron,as_occurred
DSS-00071,2026-05-24 00:00:00,,,inspection,2026-05-24 00:00:00,770.93,WO-0007712,standard,as_occurred
WMN-03137,2026-05-24 00:00:00,,,routine,2026-05-24 00:00:00,608.03,WO-0007713,DI,as_occurred
DSS-00232,2026-05-24 00:00:00,,,inspection,2026-05-24 00:00:00,285.97,WO-0007714,standard,as_occurred
RCL-02012,2026-05-24 00:00:00,,,inspection,2026-05-24 00:00:00,1277.63,WO-0007715,standard,as_occurred
TLS-00425,2026-05-24 00:00:00,,,vegetation,2026-05-24 00:00:00,343.95,WO-0007716,steel_lattice,as_occurred
WMN-03283,2026-05-24 06:00:00,INLA-20260524-094,physical,corrective,2026-05-24 06:00:00,7738.32,WO-0007717,asbestos_cement,as_occurred
WMN-03102,2026-05-24 06:00:00,INLA-20260524-094,physical,corrective,2026-05-24 06:00:00,11173.76,WO-0007718,cast_iron,as_occurred
WMN-03124,2026-05-24 06:00:00,INLA-20260524-094,physical,corrective,2026-05-24 06:00:00,1947.26,WO-0007719,cast_iron,as_occurred
DFR-01889,2026-05-24 12:00:00,INLA-20260524-094,physical,corrective,2026-05-24 12:00:00,1762.17,WO-0007720,wood_pole,as_occurred
WMN-02677,2026-05-24 12:00:00,INLA-20260524-094,physical,corrective,2026-05-24 12:00:00,41758.71,WO-0007721,cast-iron,as_occurred
TLS-00684,2026-05-24 18:00:00,INLA-20260524-094,physical,corrective,2026-05-24 18:00:00,3191.58,WO-0007722,steel_lattice,as_occurred
WMN-03228,2026-05-25 00:00:00,INLA-20260524-094,physical,corrective,2026-05-25 00:00:00,4596.71,WO-0007723,cast_iron,as_occurred
WMN-02815,2026-05-25 00:00:00,INLA-20260524-094,physical,corrective,2026-05-25 00:00:00,3209.86,WO-0007724,cast_iron,as_occurred
DFR-01617,2026-05-25 00:00:00,,,routine,2026-05-25 00:00:00,650.29,WO-0007725,wood_pole,as_occurred
TLS-01113,2026-05-25 00:00:00,,,vegetation,2026-05-25 00:00:00,696.42,WO-0007726,steel_lattice,as_occurred
DFR-01433,2026-05-25 00:00:00,,,routine,2026-05-25 00:00:00,1136.99,WO-0007727,wood_pole,as_occurred
DFR-01431,2026-05-25 00:00:00,,,vegetation,2026-05-25 00:00:00,3109.21,WO-0007728,wood_pole,as_occurred
RCL-02094,2026-05-25 06:00:00,INLA-20260524-094,physical,corrective,2026-05-25 06:00:00,6615.9,WO-0007729,standard,as_occurred
TLS-01152,2026-05-25 06:00:00,INLA-20260524-094,physical,corrective,2026-05-28 06:00:00,1672.3,WO-0007730,steel_lattice,reported_late
PMP-02314,2026-05-26 00:00:00,BASE-20260526-118,functional_power_loss,corrective,2026-05-26 00:00:00,20470.67,WO-0007731,standard,as_occurred
WTP-02214,2026-05-26 00:00:00,BASE-20260526-118,functional_power_loss,corrective,2026-05-26 00:00:00,3692.46,WO-0007732,standard,as_occurred
DSS-00181,2026-05-26 00:00:00,BASE-20260526-118,physical,corrective,2026-05-26 00:00:00,3482.33,WO-0007733,standard,as_occurred
TLS-01149,2026-05-26 00:00:00,,,inspection,2026-05-26 00:00:00,1749.03,WO-0007734,steel_lattice,as_occurred
DFR-01679,2026-05-26 00:00:00,,,inspection,2026-05-26 00:00:00,502.57,WO-0007735,composite_pole,as_occurred
LEGACY-066587,2026-05-26 00:00:00,,,vegetation,2026-05-26 00:00:00,582.0,WO-0007736,,as_occurred
TLS-01249,2026-05-26 00:00:00,,,inspection,2026-05-26 00:00:00,291.73,WO-0007737,steel_lattice,as_occurred
WMN-03283,2026-05-26 00:00:00,BASE-20260526-118,physical,corrective,2026-05-26 00:00:00,10540.61,WO-0007738,asbestos_cement,as_occurred
LEGACY-088000,2026-05-26 06:00:00,BASE-20260526-118,physical,corrective,2026-05-29 06:00:00,10293.26,WO-0007739,,reported_late
WMN-02706,2026-05-26 12:00:00,BASE-20260526-118,physical,corrective,2026-05-26 12:00:00,11811.86,WO-0007740,pvc,as_occurred
WMN-03166,2026-05-27 00:00:00,,,routine,2026-05-27 00:00:00,709.56,WO-0007741,CI,as_occurred
DFR-01903,2026-05-27 00:00:00,,,routine,2026-05-27 00:00:00,392.79,WO-0007742,Wood,as_occurred
TLS-00481,2026-05-27 00:00:00,,,routine,2026-05-27 00:00:00,2032.85,WO-0007743,steel_lattice,as_occurred
TNK-02643,2026-05-27 00:00:00,,,inspection,2026-05-27 00:00:00,2920.92,WO-0007744,standard,as_occurred
TNK-02661,2026-05-27 00:00:00,,,routine,2026-05-27 00:00:00,412.99,WO-0007745,standard,as_occurred
WMN-03265,2026-05-28 00:00:00,,,routine,2026-05-28 00:00:00,563.34,WO-0007746,Poly Vinyl Chloride,as_occurred
TLS-01190,2026-05-28 00:00:00,,,vegetation,2026-05-28 00:00:00,947.32,WO-0007747,steel_monopole,as_occurred
DFR-01587,2026-05-28 00:00:00,,,routine,2026-05-28 00:00:00,1357.33,WO-0007748,underground,as_occurred
TSS-00056,2026-05-28 00:00:00,,,routine,2026-05-28 00:00:00,204.59,WO-0007749,standard,as_occurred
DSS-00121,2026-05-28 00:00:00,,,routine,2026-05-28 00:00:00,533.08,WO-0007750,standard,as_occurred
DFR-01647,2026-05-28 00:00:00,,,inspection,2026-05-28 00:00:00,836.93,WO-0007751,composite_pole,as_occurred
RCL-02124,2026-05-29 00:00:00,,,inspection,2026-05-29 00:00:00,727.64,WO-0007752,standard,as_occurred
WMN-02987,2026-05-29 00:00:00,,,vegetation,2026-05-29 00:00:00,1763.82,WO-0007753,cast_iron,as_occurred
DFR-01495,2026-05-29 00:00:00,,,routine,2026-06-01 00:00:00,434.73,WO-0007754,WOOD POLE,reported_late
RCL-02074,2026-05-29 00:00:00,,,routine,2026-05-29 00:00:00,331.27,WO-0007755,standard,as_occurred
WMN-02698,2026-05-29 00:00:00,,,inspection,2026-05-29 00:00:00,480.29,WO-0007756,pvc,as_occurred
DSS-00339,2026-05-29 00:00:00,,,routine,2026-05-29 00:00:00,680.26,WO-0007757,standard,as_occurred
TLS-00868,2026-05-29 00:00:00,,,vegetation,2026-05-29 00:00:00,1156.6,WO-0007758,steel_lattice,as_occurred
WMN-03229,2026-05-30 00:00:00,,,inspection,2026-05-30 00:00:00,663.46,WO-0007759,pvc,as_occurred
DFR-01415,2026-05-31 00:00:00,,,inspection,2026-05-31 00:00:00,350.98,WO-0007760,concrete_pole,as_occurred
LEGACY-015820,2026-05-31 00:00:00,,,routine,2026-05-31 00:00:00,539.72,WO-0007761,,as_occurred
RCL-02071,2026-05-31 00:00:00,,,inspection,2026-05-31 00:00:00,233.99,WO-0007762,standard,as_occurred
DFR-01364,2026-05-31 00:00:00,,,vegetation,2026-05-31 00:00:00,868.88,WO-0007763,wood_pole,as_occurred
DFR-01593,2026-05-31 06:00:00,BASE-20260531-120,physical,corrective,2026-05-31 06:00:00,2041.53,WO-0007764,wood_pole,as_occurred
TLS-01154,2026-05-31 06:00:00,BASE-20260531-120,physical,corrective,2026-05-31 06:00:00,2555.6,WO-0007765,steel_lattice,as_occurred
WMN-02821,2026-05-31 12:00:00,BASE-20260531-120,physical,corrective,2026-05-31 12:00:00,3767.07,WO-0007766,asbestos_cement,as_occurred
WMN-03022,2026-05-31 12:00:00,BASE-20260531-120,physical,corrective,2026-05-31 12:00:00,8456.47,WO-0007767,ductile_iron,as_occurred
DFR-01936,2026-05-31 18:00:00,BASE-20260531-120,physical,corrective,2026-05-31 18:00:00,9864.28,WO-0007768,timber,as_occurred
WMN-03461,2026-06-01 00:00:00,,,routine,2026-06-01 00:00:00,448.75,WO-0007769,steel,as_occurred
INT-03489,2026-06-01 00:00:00,,,inspection,2026-06-01 00:00:00,320.17,WO-0007770,standard,as_occurred
RCL-02157,2026-06-01 00:00:00,,,inspection,2026-06-01 00:00:00,174.67,WO-0007771,standard,as_occurred
WMN-03181,2026-06-01 00:00:00,,,inspection,2026-06-01 00:00:00,610.92,WO-0007772,ductile_iron,as_occurred
WMN-03438,2026-06-01 00:00:00,,,vegetation,2026-06-01 00:00:00,1006.57,WO-0007773,asbestos_cement,as_occurred
TLS-00788,2026-06-01 00:00:00,,,routine,2026-06-01 00:00:00,2714.65,WO-0007774,steel_lattice,as_occurred
DFR-01492,2026-06-01 00:00:00,,,inspection,2026-06-01 00:00:00,568.03,WO-0007775,wood_pole,as_occurred
WMN-02845,2026-06-01 00:00:00,,,routine,2026-06-01 00:00:00,1890.16,WO-0007776,asbestos_cement,as_occurred
TNK-02638,2026-06-02 00:00:00,,,inspection,2026-06-02 00:00:00,451.09,WO-0007777,standard,as_occurred
DFR-01401,2026-06-02 00:00:00,,,inspection,2026-06-02 00:00:00,294.25,WO-0007778,wood_pole,as_occurred
TLS-01223,2026-06-02 00:00:00,,,inspection,2026-06-02 00:00:00,424.37,WO-0007779,steel_lattice,as_occurred
WMN-03408,2026-06-02 00:00:00,,,inspection,2026-06-02 00:00:00,529.06,WO-0007780,Asbestos Cement,as_occurred
TLS-01246,2026-06-03 00:00:00,,,routine,2026-06-03 00:00:00,907.02,WO-0007781,steel_lattice,as_occurred
TLS-00449,2026-06-03 00:00:00,,,vegetation,2026-06-03 00:00:00,2190.28,WO-0007782,concrete,as_occurred
DFR-01503,2026-06-03 00:00:00,,,routine,2026-06-03 00:00:00,575.3,WO-0007783,wood_pole,as_occurred
DFR-01994,2026-06-03 00:00:00,,,inspection,2026-06-03 00:00:00,685.82,WO-0007784,composite_pole,as_occurred
TLS-00571,2026-06-03 00:00:00,,,routine,2026-06-03 00:00:00,4570.19,WO-0007785,steel_lattice,as_occurred
WMN-03324,2026-06-04 00:00:00,,,routine,2026-06-04 00:00:00,640.62,WO-0007786,steel,as_occurred
DFR-01885,2026-06-04 00:00:00,,,inspection,2026-06-04 00:00:00,1135.77,WO-0007787,wood_pole,as_occurred
RCL-02118,2026-06-04 00:00:00,,,routine,2026-06-04 00:00:00,1100.7,WO-0007788,standard,as_occurred
LEGACY-049963,2026-06-04 00:00:00,,,routine,2026-06-04 00:00:00,671.37,WO-0007789,,as_occurred
DSS-00364,2026-06-05 00:00:00,,,routine,2026-06-05 00:00:00,706.69,WO-0007790,standard,as_occurred
WMN-03398,2026-06-05 00:00:00,,,inspection,2026-06-05 00:00:00,452.44,WO-0007791,ductile_iron,as_occurred
DFR-01599,2026-06-05 00:00:00,,,vegetation,2026-06-05 00:00:00,1391.75,WO-0007792,underground,as_occurred
WMN-03472,2026-06-05 00:00:00,,,routine,2026-06-05 00:00:00,1556.69,WO-0007793,pvc,as_occurred
RCL-02071,2026-06-05 00:00:00,,,inspection,2026-06-05 00:00:00,214.1,WO-0007794,standard,as_occurred
DSS-00349,2026-06-05 00:00:00,,,vegetation,2026-06-05 00:00:00,516.14,WO-0007795,standard,as_occurred
DSS-00331,2026-06-06 00:00:00,,,inspection,2026-06-06 00:00:00,1330.09,WO-0007796,standard,as_occurred
TNK-02658,2026-06-07 00:00:00,,,vegetation,2026-06-07 00:00:00,294.11,WO-0007797,standard,as_occurred
DFR-01409,2026-06-07 00:00:00,,,vegetation,2026-06-07 00:00:00,866.16,WO-0007798,wood_pole,as_occurred
DFR-01673,2026-06-07 00:00:00,,,inspection,2026-06-07 00:00:00,1277.75,WO-0007799,underground,as_occurred
WMN-02852,2026-06-08 00:00:00,,,routine,2026-06-08 00:00:00,1383.85,WO-0007800,asbestos-cement,as_occurred
TLS-00974,2026-06-08 00:00:00,,,routine,2026-06-08 00:00:00,467.15,WO-0007801,steel_lattice,as_occurred
LEGACY-090808,2026-06-08 00:00:00,BASE-20260608-121,physical,corrective,2026-06-11 00:00:00,8709.34,WO-0007802,,reported_late
PMP-02500,2026-06-08 00:00:00,BASE-20260608-121,functional_power_loss,corrective,2026-06-08 00:00:00,5292.87,WO-0007803,standard,as_occurred
TLS-00732,2026-06-08 00:00:00,,,vegetation,2026-06-08 00:00:00,1626.38,WO-0007804,steel_lattice,as_occurred
DFR-01458,2026-06-08 00:00:00,BASE-20260608-121,physical,corrective,2026-06-08 00:00:00,7593.29,WO-0007805,wood_pole,as_occurred
WMN-03141,2026-06-08 00:00:00,BASE-20260608-121,physical,corrective,2026-06-08 00:00:00,7783.07,WO-0007806,pvc,as_occurred
DFR-01697,2026-06-08 06:00:00,BASE-20260608-121,physical,corrective,2026-06-08 06:00:00,10513.92,WO-0007807,wood_pole,as_occurred
DFR-01947,2026-06-08 12:00:00,BASE-20260608-121,physical,corrective,2026-06-08 12:00:00,11296.07,WO-0007808,timber,as_occurred
WMN-03408,2026-06-08 12:00:00,BASE-20260608-121,physical,corrective,2026-06-08 12:00:00,13003.99,WO-0007809,asbestos_cement,as_occurred
LEGACY-064394,2026-06-08 12:00:00,BASE-20260608-121,physical,corrective,2026-06-08 12:00:00,10502.56,WO-0007810,,as_occurred
WMN-03222,2026-06-08 12:00:00,BASE-20260608-121,physical,corrective,2026-06-08 12:00:00,2282.22,WO-0007811,pvc,as_occurred
DFR-01928,2026-06-08 18:00:00,BASE-20260608-121,physical,corrective,2026-06-08 18:00:00,8343.93,WO-0007812,wood_pole,as_occurred
TLS-00809,2026-06-09 00:00:00,,,routine,2026-06-09 00:00:00,656.09,WO-0007813,steel_lattice,as_occurred
DFR-01871,2026-06-09 00:00:00,,,routine,2026-06-09 00:00:00,304.72,WO-0007814,timber,as_occurred
WMN-03003,2026-06-09 00:00:00,,,routine,2026-06-09 00:00:00,382.35,WO-0007815,ductile_iron,as_occurred
DSS-00259,2026-06-09 00:00:00,,,inspection,2026-06-12 00:00:00,444.78,WO-0007816,standard,reported_late
TLS-00947,2026-06-10 00:00:00,,,inspection,2026-06-10 00:00:00,1177.98,WO-0007817,steel_lattice,as_occurred
DFR-01385,2026-06-10 00:00:00,,,vegetation,2026-06-10 00:00:00,1647.0,WO-0007818,wood_pole,as_occurred
WMN-03214,2026-06-10 00:00:00,,,routine,2026-06-10 00:00:00,969.3,WO-0007819,asbestos_cement,as_occurred
TLS-01261,2026-06-10 00:00:00,,,routine,2026-06-13 00:00:00,1118.71,WO-0007820,steel_lattice,reported_late
DFR-01376,2026-06-10 00:00:00,,,inspection,2026-06-10 00:00:00,572.59,WO-0007821,timber,as_occurred
DFR-01549,2026-06-11 00:00:00,,,vegetation,2026-06-11 00:00:00,242.34,WO-0007822,wood_pole,as_occurred
TLS-00667,2026-06-11 00:00:00,,,inspection,2026-06-11 00:00:00,327.56,WO-0007823,steel_lattice,as_occurred
PMP-02327,2026-06-11 00:00:00,,,routine,2026-06-11 00:00:00,4223.12,WO-0007824,standard,as_occurred
TNK-02608,2026-06-11 00:00:00,HURR-20260611-085,physical,corrective,2026-06-11 00:00:00,7843.6,WO-0007825,standard,as_occurred
PMP-02485,2026-06-11 00:00:00,,,inspection,2026-06-11 00:00:00,818.29,WO-0007826,standard,as_occurred
DSS-00097,2026-06-11 00:00:00,,,inspection,2026-06-11 00:00:00,1303.56,WO-0007827,standard,as_occurred
TLS-01215,2026-06-11 00:00:00,,,vegetation,2026-06-11 00:00:00,1054.94,WO-0007828,concrete,as_occurred
DFR-01700,2026-06-11 00:00:00,,,routine,2026-06-11 00:00:00,505.13,WO-0007829,Wood Pole,as_occurred
DFR-01371,2026-06-11 00:00:00,,,routine,2026-06-11 00:00:00,466.88,WO-0007830,underground,as_occurred
DFR-01648,2026-06-11 00:00:00,,,routine,2026-06-11 00:00:00,2747.79,WO-0007831,wood_pole,as_occurred
PMP-02455,2026-06-11 00:00:00,,,routine,2026-06-11 00:00:00,1510.98,WO-0007832,standard,as_occurred
WMN-02907,2026-06-11 00:00:00,,,routine,2026-06-11 00:00:00,805.27,WO-0007833,asbestos_cement,as_occurred
WMN-03107,2026-06-11 18:00:00,HURR-20260611-085,physical,corrective,2026-06-11 18:00:00,5721.4,WO-0007834,cast-iron,as_occurred
WMN-03155,2026-06-11 18:00:00,HURR-20260611-085,physical,corrective,2026-06-11 18:00:00,2035.55,WO-0007835,Asbestos Cement,as_occurred
WMN-03199,2026-06-12 00:00:00,,,routine,2026-06-12 00:00:00,1589.47,WO-0007836,steel,as_occurred
DFR-01542,2026-06-12 00:00:00,,,vegetation,2026-06-12 00:00:00,775.84,WO-0007837,wood_pole,as_occurred
WMN-03310,2026-06-12 00:00:00,,,vegetation,2026-06-12 00:00:00,1415.13,WO-0007838,Cast Iron,as_occurred
TLS-01076,2026-06-12 00:00:00,,,inspection,2026-06-12 00:00:00,785.08,WO-0007839,concrete,as_occurred
TNK-02557,2026-06-12 00:00:00,,,vegetation,2026-06-12 00:00:00,907.58,WO-0007840,standard,as_occurred
WMN-03303,2026-06-12 06:00:00,HURR-20260611-085,physical,corrective,2026-06-12 06:00:00,10832.43,WO-0007841,CAST IRON,as_occurred
TSS-00015,2026-06-12 06:00:00,HURR-20260611-085,physical,corrective,2026-06-12 06:00:00,2942.65,WO-0007842,standard,as_occurred
WMN-02920,2026-06-12 06:00:00,HURR-20260611-085,physical,corrective,2026-06-12 06:00:00,2676.66,WO-0007843,cast_iron,as_occurred
PMP-02464,2026-06-12 12:00:00,HURR-20260611-085,physical,corrective,2026-06-12 12:00:00,4147.52,WO-0007844,standard,as_occurred
DFR-01561,2026-06-12 12:00:00,HURR-20260611-085,physical,corrective,2026-06-12 12:00:00,7215.93,WO-0007845,wood_pole,as_occurred
DFR-01395,2026-06-12 12:00:00,HURR-20260611-085,physical,corrective,2026-06-12 12:00:00,3064.42,WO-0007846,timber,as_occurred
DFR-01368,2026-06-12 12:00:00,HURR-20260611-085,physical,corrective,2026-06-12 12:00:00,1888.91,WO-0007847,wood_pole,as_occurred
TLS-00472,2026-06-12 18:00:00,HURR-20260611-085,physical,corrective,2026-06-12 18:00:00,1482.24,WO-0007848,steel_lattice,as_occurred
DFR-01717,2026-06-12 18:00:00,HURR-20260611-085,physical,corrective,2026-06-12 18:00:00,5620.17,WO-0007849,wood_pole,as_occurred
DFR-01959,2026-06-12 18:00:00,HURR-20260611-085,physical,corrective,2026-06-12 18:00:00,3142.54,WO-0007850,wood_pole,as_occurred
PMP-02253,2026-06-12 18:00:00,HURR-20260611-085,physical,corrective,2026-06-12 18:00:00,1838.18,WO-0007851,standard,as_occurred
PMP-02273,2026-06-12 18:00:00,HURR-20260611-085,physical,corrective,2026-06-12 18:00:00,1504.77,WO-0007852,standard,as_occurred
WMN-03026,2026-06-13 00:00:00,HURR-20260611-085,physical,corrective,2026-06-13 00:00:00,2646.92,WO-0007853,CAST IRON,as_occurred
DSS-00343,2026-06-13 00:00:00,HURR-20260611-085,physical,corrective,2026-06-13 00:00:00,5763.31,WO-0007854,standard,as_occurred
TSS-00006,2026-06-13 00:00:00,,,inspection,2026-06-13 00:00:00,873.84,WO-0007855,standard,as_occurred
TLS-00513,2026-06-13 00:00:00,,,inspection,2026-06-13 00:00:00,612.89,WO-0007856,steel_lattice,as_occurred
DSS-00382,2026-06-13 00:00:00,HURR-20260611-085,physical,corrective,2026-06-13 00:00:00,1199.78,WO-0007857,standard,as_occurred
DFR-01436,2026-06-13 00:00:00,,,inspection,2026-06-13 00:00:00,229.19,WO-0007858,concrete_pole,as_occurred
WMN-03311,2026-06-13 06:00:00,HURR-20260611-085,physical,corrective,2026-06-13 06:00:00,5405.4,WO-0007859,cast_iron,as_occurred
TLS-00998,2026-06-13 06:00:00,HURR-20260611-085,physical,corrective,2026-06-13 06:00:00,25789.98,WO-0007860,steel_monopole,as_occurred
WMN-03299,2026-06-13 06:00:00,HURR-20260611-085,physical,corrective,2026-06-13 06:00:00,3236.68,WO-0007861,cast_iron,as_occurred
WMN-03075,2026-06-13 12:00:00,HURR-20260611-085,physical,corrective,2026-06-16 12:00:00,2954.91,WO-0007862,cast_iron,reported_late
WMN-03232,2026-06-13 12:00:00,HURR-20260611-085,physical,corrective,2026-06-13 12:00:00,13584.66,WO-0007863,steel,as_occurred
PMP-02465,2026-06-13 12:00:00,HURR-20260611-085,physical,corrective,2026-06-13 12:00:00,3654.96,WO-0007864,standard,as_occurred
WMN-03456,2026-06-13 12:00:00,HURR-20260611-085,physical,corrective,2026-06-13 12:00:00,1094.5,WO-0007865,cast_iron,as_occurred
WMN-03283,2026-06-13 18:00:00,HURR-20260611-085,physical,corrective,2026-06-13 18:00:00,5171.2,WO-0007866,asbestos_cement,as_occurred
WMN-02840,2026-06-13 18:00:00,HURR-20260611-085,physical,corrective,2026-06-13 18:00:00,1640.25,WO-0007867,cast_iron,as_occurred
LEGACY-083352,2026-06-13 18:00:00,HURR-20260611-085,physical,corrective,2026-06-13 18:00:00,6709.29,WO-0007868,,as_occurred
WMN-02693,2026-06-13 18:00:00,HURR-20260611-085,physical,corrective,2026-06-13 18:00:00,3624.51,WO-0007869,cast_iron,as_occurred
WMN-02760,2026-06-13 18:00:00,HURR-20260611-085,physical,corrective,2026-06-13 18:00:00,1469.08,WO-0007870,C.I.,as_occurred
TLS-00866,2026-06-14 00:00:00,,,vegetation,2026-06-14 00:00:00,700.24,WO-0007871,steel_lattice,as_occurred
TLS-01295,2026-06-14 00:00:00,,,routine,2026-06-14 00:00:00,378.23,WO-0007872,steel_lattice,as_occurred
LEGACY-075828,2026-06-14 00:00:00,,,inspection,2026-06-14 00:00:00,901.23,WO-0007873,,as_occurred
DFR-01782,2026-06-14 00:00:00,,,routine,2026-06-14 00:00:00,226.42,WO-0007874,wood_pole,as_occurred
TLS-00673,2026-06-14 00:00:00,,,inspection,2026-06-14 00:00:00,1432.89,WO-0007875,steel_lattice,as_occurred
DFR-01784,2026-06-14 00:00:00,,,routine,2026-06-14 00:00:00,583.61,WO-0007876,composite_pole,as_occurred
TLS-01161,2026-06-14 00:00:00,,,vegetation,2026-06-14 00:00:00,165.58,WO-0007877,steel_lattice,as_occurred
DFR-01325,2026-06-15 00:00:00,,,vegetation,2026-06-15 00:00:00,1038.63,WO-0007878,wood_pole,as_occurred
TLS-00659,2026-06-15 00:00:00,,,inspection,2026-06-15 00:00:00,3162.77,WO-0007879,steel_lattice,as_occurred
TLS-00986,2026-06-15 00:00:00,,,routine,2026-06-15 00:00:00,514.84,WO-0007880,steel_monopole,as_occurred
WMN-02744,2026-06-15 00:00:00,,,inspection,2026-06-15 00:00:00,1958.1,WO-0007881,pvc,as_occurred
DFR-01913,2026-06-16 00:00:00,,,vegetation,2026-06-16 00:00:00,888.61,WO-0007882,wood_pole,as_occurred
TLS-00771,2026-06-16 00:00:00,,,routine,2026-06-16 00:00:00,435.84,WO-0007883,steel_monopole,as_occurred
WMN-02894,2026-06-16 00:00:00,,,inspection,2026-06-16 00:00:00,616.87,WO-0007884,steel,as_occurred
TLS-01304,2026-06-16 00:00:00,,,routine,2026-06-16 00:00:00,600.37,WO-0007885,steel_lattice,as_occurred
TLS-01208,2026-06-16 00:00:00,,,inspection,2026-06-16 00:00:00,727.53,WO-0007886,steel_lattice,as_occurred
LEGACY-043432,2026-06-16 00:00:00,,,routine,2026-06-16 00:00:00,248.26,WO-0007887,,as_occurred
RCL-02090,2026-06-17 00:00:00,,,inspection,2026-06-17 00:00:00,327.34,WO-0007888,standard,as_occurred
TLS-00892,2026-06-17 00:00:00,,,vegetation,2026-06-17 00:00:00,1731.57,WO-0007889,steel_lattice,as_occurred
WMN-02954,2026-06-17 00:00:00,,,inspection,2026-06-17 00:00:00,2138.9,WO-0007890,DI,as_occurred
DFR-01468,2026-06-18 00:00:00,,,routine,2026-06-18 00:00:00,5060.96,WO-0007891,wood_pole,as_occurred
LEGACY-037377,2026-06-18 00:00:00,,,routine,2026-06-18 00:00:00,420.83,WO-0007892,,as_occurred
TLS-01027,2026-06-18 00:00:00,,,vegetation,2026-06-18 00:00:00,1132.89,WO-0007893,concrete,as_occurred
DFR-01661,2026-06-18 00:00:00,,,vegetation,2026-06-18 00:00:00,2090.43,WO-0007894,Wood Pole,as_occurred
PMP-02374,2026-06-18 00:00:00,,,routine,2026-06-18 00:00:00,402.71,WO-0007895,standard,as_occurred
TNK-02576,2026-06-18 00:00:00,,,vegetation,2026-06-18 00:00:00,889.8,WO-0007896,standard,as_occurred
LEGACY-005335,2026-06-19 00:00:00,,,vegetation,2026-06-19 00:00:00,807.05,WO-0007897,,as_occurred
WMN-03154,2026-06-19 00:00:00,BASE-20260619-111,physical,corrective,2026-06-19 00:00:00,2778.29,WO-0007898,cast_iron,as_occurred
WTP-02215,2026-06-19 00:00:00,,,inspection,2026-06-19 00:00:00,662.79,WO-0007899,standard,as_occurred
TLS-01286,2026-06-19 00:00:00,,,inspection,2026-06-19 00:00:00,1478.65,WO-0007900,steel_lattice,as_occurred
WMN-02795,2026-06-19 00:00:00,,,routine,2026-06-19 00:00:00,355.9,WO-0007901,pvc,as_occurred
DSS-00244,2026-06-19 00:00:00,,,inspection,2026-06-19 00:00:00,933.23,WO-0007902,standard,as_occurred
TLS-00961,2026-06-19 00:00:00,,,inspection,2026-06-19 00:00:00,1170.85,WO-0007903,steel_lattice,as_occurred
DFR-01838,2026-06-19 00:00:00,,,routine,2026-06-19 00:00:00,1134.08,WO-0007904,wood_pole,as_occurred
WMN-03177,2026-06-19 06:00:00,BASE-20260619-111,physical,corrective,2026-06-19 06:00:00,19961.1,WO-0007905,cast_iron,as_occurred
WMN-02896,2026-06-19 18:00:00,BASE-20260619-111,physical,corrective,2026-06-19 18:00:00,5774.26,WO-0007906,cast_iron,as_occurred
WMN-03339,2026-06-19 18:00:00,BASE-20260619-111,physical,corrective,2026-06-19 18:00:00,1061.89,WO-0007907,pvc,as_occurred
TLS-00812,2026-06-19 18:00:00,BASE-20260619-111,physical,corrective,2026-06-19 18:00:00,10050.28,WO-0007908,concrete,as_occurred
DFR-01946,2026-06-20 00:00:00,,,routine,2026-06-20 00:00:00,778.95,WO-0007909,wood_pole,as_occurred
TLS-01075,2026-06-21 00:00:00,,,routine,2026-06-21 00:00:00,753.3,WO-0007910,steel_lattice,as_occurred
DFR-01632,2026-06-21 00:00:00,,,routine,2026-06-21 00:00:00,877.74,WO-0007911,WOOD POLE,as_occurred
PMP-02420,2026-06-22 00:00:00,,,inspection,2026-06-22 00:00:00,732.66,WO-0007912,standard,as_occurred
DFR-01525,2026-06-22 00:00:00,,,inspection,2026-06-22 00:00:00,956.96,WO-0007913,wood_pole,as_occurred
DFR-01587,2026-06-22 00:00:00,,,inspection,2026-06-25 00:00:00,379.36,WO-0007914,underground,reported_late
DFR-01336,2026-06-22 00:00:00,,,routine,2026-06-25 00:00:00,657.84,WO-0007915,wood_pole,reported_late
TNK-02539,2026-06-22 00:00:00,,,vegetation,2026-06-22 00:00:00,483.15,WO-0007916,standard,as_occurred
TLS-01270,2026-06-23 00:00:00,,,inspection,2026-06-23 00:00:00,575.68,WO-0007917,steel_lattice,as_occurred
TNK-02528,2026-06-23 00:00:00,,,inspection,2026-06-23 00:00:00,428.13,WO-0007918,standard,as_occurred
DFR-01802,2026-06-23 00:00:00,,,routine,2026-06-23 00:00:00,1175.63,WO-0007919,wood_pole,as_occurred
WMN-02999,2026-06-23 00:00:00,,,inspection,2026-06-26 00:00:00,981.91,WO-0007920,Ductile Iron,reported_late
RCL-02152,2026-06-24 00:00:00,,,vegetation,2026-06-24 00:00:00,551.57,WO-0007921,standard,as_occurred
DFR-01654,2026-06-24 00:00:00,,,routine,2026-06-24 00:00:00,861.39,WO-0007922,wood_pole,as_occurred
DFR-01834,2026-06-24 00:00:00,,,inspection,2026-06-24 00:00:00,1458.15,WO-0007923,wood_pole,as_occurred
TLS-00930,2026-06-24 00:00:00,,,routine,2026-06-24 00:00:00,1385.57,WO-0007924,concrete,as_occurred
WMN-03110,2026-06-24 00:00:00,,,routine,2026-06-24 00:00:00,166.96,WO-0007925,pvc,as_occurred
DFR-01358,2026-06-24 00:00:00,,,routine,2026-06-24 00:00:00,1713.49,WO-0007926,wood_pole,as_occurred
DSS-00164,2026-06-25 00:00:00,,,routine,2026-06-25 00:00:00,686.99,WO-0007927,standard,as_occurred
TLS-00615,2026-06-25 00:00:00,,,routine,2026-06-25 00:00:00,498.96,WO-0007928,steel_lattice,as_occurred
TLS-01247,2026-06-25 00:00:00,,,inspection,2026-06-28 00:00:00,646.47,WO-0007929,steel_lattice,reported_late
TLS-00596,2026-06-25 00:00:00,,,routine,2026-06-25 00:00:00,588.15,WO-0007930,steel_monopole,as_occurred
RCL-02152,2026-06-25 00:00:00,,,routine,2026-06-25 00:00:00,1102.53,WO-0007931,standard,as_occurred
INT-03485,2026-06-25 00:00:00,,,vegetation,2026-06-25 00:00:00,1182.38,WO-0007932,standard,as_occurred
RCL-02023,2026-06-26 00:00:00,,,vegetation,2026-06-26 00:00:00,896.97,WO-0007933,standard,as_occurred
DFR-01334,2026-06-26 00:00:00,,,routine,2026-06-26 00:00:00,434.62,WO-0007934,wood_pole,as_occurred
WMN-02805,2026-06-26 00:00:00,,,inspection,2026-06-26 00:00:00,708.82,WO-0007935,cast-iron,as_occurred
DSS-00158,2026-06-26 00:00:00,,,routine,2026-06-26 00:00:00,949.07,WO-0007936,standard,as_occurred
TLS-00473,2026-06-26 00:00:00,,,inspection,2026-06-26 00:00:00,1145.92,WO-0007937,steel_lattice,as_occurred
PMP-02420,2026-06-26 00:00:00,,,vegetation,2026-06-26 00:00:00,110.91,WO-0007938,standard,as_occurred
DFR-01373,2026-06-26 00:00:00,,,routine,2026-06-26 00:00:00,988.37,WO-0007939,composite_pole,as_occurred
LEGACY-070844,2026-06-27 00:00:00,,,routine,2026-06-27 00:00:00,125.51,WO-0007940,,as_occurred
WMN-03204,2026-06-27 00:00:00,,,inspection,2026-06-27 00:00:00,751.07,WO-0007941,ductile_iron,as_occurred
TNK-02648,2026-06-27 00:00:00,,,vegetation,2026-06-27 00:00:00,103.0,WO-0007942,standard,as_occurred
WMN-02805,2026-06-28 00:00:00,,,inspection,2026-06-28 00:00:00,1666.45,WO-0007943,C.I.,as_occurred
DFR-01373,2026-06-28 00:00:00,,,routine,2026-06-28 00:00:00,1058.26,WO-0007944,composite_pole,as_occurred
DFR-01880,2026-06-28 00:00:00,,,inspection,2026-06-28 00:00:00,313.68,WO-0007945,wood_pole,as_occurred
DFR-01777,2026-06-28 00:00:00,,,inspection,2026-06-28 00:00:00,903.23,WO-0007946,Wood Pole,as_occurred
WMN-02775,2026-06-28 00:00:00,,,routine,2026-06-28 00:00:00,554.28,WO-0007947,asbestos_cement,as_occurred
DFR-01877,2026-06-28 00:00:00,,,inspection,2026-06-28 00:00:00,1334.26,WO-0007948,wood_pole,as_occurred
TLS-01032,2026-06-28 00:00:00,,,inspection,2026-06-28 00:00:00,1015.24,WO-0007949,steel_lattice,as_occurred
DFR-01755,2026-06-29 00:00:00,,,vegetation,2026-06-29 00:00:00,224.51,WO-0007950,concrete_pole,as_occurred
WMN-03258,2026-06-29 00:00:00,,,inspection,2026-06-29 00:00:00,2473.59,WO-0007951,CAST IRON,as_occurred
DFR-01447,2026-06-30 00:00:00,,,vegetation,2026-06-30 00:00:00,513.38,WO-0007952,concrete_pole,as_occurred
PMP-02360,2026-06-30 00:00:00,,,routine,2026-06-30 00:00:00,1489.33,WO-0007953,standard,as_occurred
PMP-02242,2026-06-30 00:00:00,,,routine,2026-06-30 00:00:00,943.03,WO-0007954,standard,as_occurred
DSS-00143,2026-07-01 00:00:00,,,routine,2026-07-01 00:00:00,136.95,WO-0007955,standard,as_occurred
WMN-03034,2026-07-02 00:00:00,,,vegetation,2026-07-02 00:00:00,2093.66,WO-0007956,cast_iron,as_occurred
PMP-02371,2026-07-02 00:00:00,,,inspection,2026-07-02 00:00:00,577.34,WO-0007957,standard,as_occurred
DSS-00160,2026-07-02 00:00:00,,,routine,2026-07-02 00:00:00,149.7,WO-0007958,standard,as_occurred
TLS-00755,2026-07-02 00:00:00,,,inspection,2026-07-02 00:00:00,1540.95,WO-0007959,steel_lattice,as_occurred
LEGACY-093819,2026-07-02 00:00:00,,,routine,2026-07-02 00:00:00,1227.78,WO-0007960,,as_occurred
TLS-00809,2026-07-03 00:00:00,,,routine,2026-07-03 00:00:00,682.02,WO-0007961,steel_lattice,as_occurred
WMN-03188,2026-07-03 00:00:00,,,inspection,2026-07-06 00:00:00,543.91,WO-0007962,pvc,reported_late
PMP-02391,2026-07-03 00:00:00,,,vegetation,2026-07-03 00:00:00,817.73,WO-0007963,standard,as_occurred
WMN-02762,2026-07-03 00:00:00,,,routine,2026-07-03 00:00:00,348.63,WO-0007964,pvc,as_occurred
TLS-01017,2026-07-03 00:00:00,,,inspection,2026-07-03 00:00:00,387.28,WO-0007965,steel_monopole,as_occurred
WTP-02218,2026-07-03 00:00:00,,,inspection,2026-07-03 00:00:00,1004.83,WO-0007966,standard,as_occurred
TSS-00009,2026-07-03 00:00:00,,,routine,2026-07-03 00:00:00,2427.49,WO-0007967,standard,as_occurred
WMN-03474,2026-07-03 00:00:00,,,routine,2026-07-03 00:00:00,663.55,WO-0007968,ductile_iron,as_occurred
WMN-02921,2026-07-03 00:00:00,,,vegetation,2026-07-03 00:00:00,341.58,WO-0007969,ductile_iron,as_occurred
TLS-00904,2026-07-03 00:00:00,,,routine,2026-07-03 00:00:00,450.79,WO-0007970,steel_lattice,as_occurred
DSS-00133,2026-07-04 00:00:00,,,routine,2026-07-04 00:00:00,1027.15,WO-0007971,standard,as_occurred
WMN-03151,2026-07-04 00:00:00,,,inspection,2026-07-04 00:00:00,462.61,WO-0007972,ductile_iron,as_occurred
DFR-01985,2026-07-04 00:00:00,,,inspection,2026-07-04 00:00:00,613.44,WO-0007973,concrete_pole,as_occurred
RCL-02025,2026-07-05 00:00:00,,,inspection,2026-07-05 00:00:00,1131.04,WO-0007974,standard,as_occurred
DFR-01770,2026-07-05 00:00:00,,,routine,2026-07-05 00:00:00,972.61,WO-0007975,wood_pole,as_occurred
TLS-00810,2026-07-05 00:00:00,,,vegetation,2026-07-05 00:00:00,1242.72,WO-0007976,steel_monopole,as_occurred
TLS-00469,2026-07-06 00:00:00,,,vegetation,2026-07-06 00:00:00,650.28,WO-0007977,concrete,as_occurred
TLS-00544,2026-07-06 00:00:00,,,routine,2026-07-06 00:00:00,1083.11,WO-0007978,steel_lattice,as_occurred
WMN-03426,2026-07-06 00:00:00,,,inspection,2026-07-06 00:00:00,2032.83,WO-0007979,PVC,as_occurred
PMP-02378,2026-07-06 00:00:00,,,routine,2026-07-06 00:00:00,283.59,WO-0007980,standard,as_occurred
WMN-02900,2026-07-06 00:00:00,,,routine,2026-07-06 00:00:00,777.19,WO-0007981,pvc,as_occurred
TSS-00006,2026-07-06 00:00:00,,,inspection,2026-07-06 00:00:00,720.27,WO-0007982,standard,as_occurred
DFR-01945,2026-07-06 00:00:00,,,inspection,2026-07-06 00:00:00,851.41,WO-0007983,concrete_pole,as_occurred
DFR-01321,2026-07-07 00:00:00,,,routine,2026-07-07 00:00:00,889.1,WO-0007984,timber,as_occurred
DSS-00259,2026-07-07 00:00:00,,,routine,2026-07-07 00:00:00,462.92,WO-0007985,standard,as_occurred
WMN-03210,2026-07-07 00:00:00,,,routine,2026-07-07 00:00:00,1359.71,WO-0007986,steel,as_occurred
DFR-01694,2026-07-08 00:00:00,,,routine,2026-07-08 00:00:00,194.4,WO-0007987,composite_pole,as_occurred
TLS-00572,2026-07-08 00:00:00,,,inspection,2026-07-08 00:00:00,562.69,WO-0007988,steel_monopole,as_occurred
DFR-01520,2026-07-08 00:00:00,,,routine,2026-07-08 00:00:00,338.71,WO-0007989,Wood Pole,as_occurred
TLS-01100,2026-07-08 00:00:00,,,inspection,2026-07-08 00:00:00,605.49,WO-0007990,steel_lattice,as_occurred
WMN-02716,2026-07-08 00:00:00,,,inspection,2026-07-08 00:00:00,2551.66,WO-0007991,asbestos_cement,as_occurred
TLS-01034,2026-07-08 00:00:00,,,inspection,2026-07-11 00:00:00,388.38,WO-0007992,steel_monopole,reported_late
RCL-02022,2026-07-09 00:00:00,,,routine,2026-07-09 00:00:00,757.59,WO-0007993,standard,as_occurred
DFR-01975,2026-07-09 00:00:00,,,routine,2026-07-09 00:00:00,898.21,WO-0007994,timber,as_occurred
DFR-01634,2026-07-10 00:00:00,,,inspection,2026-07-10 00:00:00,484.38,WO-0007995,wood_pole,as_occurred
TLS-01094,2026-07-10 00:00:00,,,routine,2026-07-10 00:00:00,964.95,WO-0007996,steel_monopole,as_occurred
TNK-02579,2026-07-10 00:00:00,,,routine,2026-07-10 00:00:00,1673.46,WO-0007997,standard,as_occurred
PMP-02264,2026-07-11 00:00:00,,,routine,2026-07-11 00:00:00,316.46,WO-0007998,standard,as_occurred
LEGACY-068374,2026-07-11 00:00:00,,,inspection,2026-07-11 00:00:00,990.85,WO-0007999,,as_occurred
WMN-03283,2026-07-11 00:00:00,,,vegetation,2026-07-11 00:00:00,684.89,WO-0008000,asbestos_cement,as_occurred
TLS-00903,2026-07-12 00:00:00,,,routine,2026-07-12 00:00:00,577.07,WO-0008001,steel_lattice,as_occurred
DFR-01874,2026-07-12 00:00:00,,,inspection,2026-07-12 00:00:00,1874.99,WO-0008002,wood_pole,as_occurred
DSS-00405,2026-07-12 00:00:00,,,vegetation,2026-07-12 00:00:00,229.16,WO-0008003,standard,as_occurred
RCL-02027,2026-07-12 00:00:00,,,inspection,2026-07-12 00:00:00,4545.39,WO-0008004,standard,as_occurred
LEGACY-003841,2026-07-12 00:00:00,,,inspection,2026-07-12 00:00:00,1014.16,WO-0008005,,as_occurred
DFR-01433,2026-07-12 00:00:00,,,routine,2026-07-12 00:00:00,618.87,WO-0008006,wood_pole,as_occurred
WMN-02933,2026-07-12 00:00:00,,,inspection,2026-07-12 00:00:00,531.85,WO-0008007,steel,as_occurred
WMN-03044,2026-07-13 00:00:00,,,routine,2026-07-13 00:00:00,291.1,WO-0008008,steel,as_occurred
RCL-02194,2026-07-13 00:00:00,,,inspection,2026-07-13 00:00:00,1466.52,WO-0008009,standard,as_occurred
WMN-03110,2026-07-13 00:00:00,,,vegetation,2026-07-13 00:00:00,575.58,WO-0008010,P.V.C.,as_occurred
DSS-00316,2026-07-13 00:00:00,,,routine,2026-07-13 00:00:00,693.04,WO-0008011,standard,as_occurred
DFR-01653,2026-07-13 00:00:00,,,routine,2026-07-13 00:00:00,585.68,WO-0008012,composite_pole,as_occurred
LEGACY-085684,2026-07-13 00:00:00,,,inspection,2026-07-13 00:00:00,1119.64,WO-0008013,,as_occurred
DFR-01392,2026-07-13 00:00:00,,,vegetation,2026-07-13 00:00:00,1006.49,WO-0008014,Wood Pole,as_occurred
TLS-01106,2026-07-13 00:00:00,,,vegetation,2026-07-13 00:00:00,417.92,WO-0008015,steel_lattice,as_occurred
TLS-00639,2026-07-14 00:00:00,,,inspection,2026-07-14 00:00:00,5051.37,WO-0008016,steel_monopole,as_occurred
WMN-02916,2026-07-14 00:00:00,,,routine,2026-07-14 00:00:00,725.73,WO-0008017,cast-iron,as_occurred
WMN-03312,2026-07-14 00:00:00,,,inspection,2026-07-14 00:00:00,167.87,WO-0008018,cast_iron,as_occurred
DFR-01719,2026-07-14 00:00:00,,,routine,2026-07-14 00:00:00,611.07,WO-0008019,wood_pole,as_occurred
DSS-00374,2026-07-14 00:00:00,,,routine,2026-07-14 00:00:00,341.38,WO-0008020,standard,as_occurred
DFR-01840,2026-07-14 00:00:00,,,routine,2026-07-14 00:00:00,603.31,WO-0008021,wood_pole,as_occurred
WMN-02737,2026-07-14 00:00:00,,,inspection,2026-07-14 00:00:00,934.54,WO-0008022,pvc,as_occurred
TSS-00001,2026-07-14 00:00:00,,,routine,2026-07-14 00:00:00,376.82,WO-0008023,standard,as_occurred
TNK-02663,2026-07-15 00:00:00,,,vegetation,2026-07-15 00:00:00,231.76,WO-0008024,standard,as_occurred
WMN-03275,2026-07-15 00:00:00,,,inspection,2026-07-15 00:00:00,678.36,WO-0008025,ductile_iron,as_occurred
TLS-01220,2026-07-15 00:00:00,,,routine,2026-07-15 00:00:00,1650.03,WO-0008026,steel_lattice,as_occurred
DFR-01975,2026-07-15 00:00:00,,,routine,2026-07-15 00:00:00,2602.93,WO-0008027,Wood,as_occurred
WMN-03306,2026-07-15 00:00:00,,,routine,2026-07-15 00:00:00,3516.91,WO-0008028,CI,as_occurred
TLS-00478,2026-07-15 00:00:00,,,inspection,2026-07-15 00:00:00,820.96,WO-0008029,steel_lattice,as_occurred
WMN-03136,2026-07-15 00:00:00,,,inspection,2026-07-15 00:00:00,1048.27,WO-0008030,asbestos_cement,as_occurred
WMN-02812,2026-07-16 00:00:00,,,inspection,2026-07-16 00:00:00,1147.36,WO-0008031,cast_iron,as_occurred
WMN-02695,2026-07-16 00:00:00,,,inspection,2026-07-16 00:00:00,1364.15,WO-0008032,ductile_iron,as_occurred
DFR-01651,2026-07-16 00:00:00,,,inspection,2026-07-16 00:00:00,537.15,WO-0008033,timber,as_occurred
TLS-01062,2026-07-16 00:00:00,,,vegetation,2026-07-16 00:00:00,768.87,WO-0008034,steel_lattice,as_occurred
DFR-01842,2026-07-16 00:00:00,,,inspection,2026-07-16 00:00:00,402.39,WO-0008035,wood_pole,as_occurred
PMP-02515,2026-07-16 00:00:00,,,routine,2026-07-16 00:00:00,1164.24,WO-0008036,standard,as_occurred
TLS-00751,2026-07-16 00:00:00,,,inspection,2026-07-16 00:00:00,407.48,WO-0008037,steel_lattice,as_occurred
TLS-01153,2026-07-17 00:00:00,,,inspection,2026-07-17 00:00:00,229.24,WO-0008038,steel_lattice,as_occurred
TNK-02674,2026-07-17 00:00:00,,,vegetation,2026-07-17 00:00:00,448.12,WO-0008039,standard,as_occurred
TNK-02573,2026-07-18 00:00:00,,,inspection,2026-07-18 00:00:00,284.24,WO-0008040,standard,as_occurred
TLS-00971,2026-07-18 00:00:00,,,inspection,2026-07-18 00:00:00,605.3,WO-0008041,steel_lattice,as_occurred
PMP-02278,2026-07-18 00:00:00,,,routine,2026-07-21 00:00:00,764.46,WO-0008042,standard,reported_late
TLS-01103,2026-07-18 00:00:00,,,vegetation,2026-07-18 00:00:00,769.33,WO-0008043,steel_lattice,as_occurred
WMN-03182,2026-07-18 00:00:00,,,inspection,2026-07-18 00:00:00,1635.9,WO-0008044,cast_iron,as_occurred
DFR-01440,2026-07-19 00:00:00,,,vegetation,2026-07-19 00:00:00,487.8,WO-0008045,wood_pole,as_occurred
RCL-02111,2026-07-19 00:00:00,,,routine,2026-07-19 00:00:00,208.74,WO-0008046,standard,as_occurred
TLS-00594,2026-07-19 00:00:00,,,routine,2026-07-19 00:00:00,2390.48,WO-0008047,steel_lattice,as_occurred
WMN-03126,2026-07-19 00:00:00,,,vegetation,2026-07-19 00:00:00,2230.43,WO-0008048,steel,as_occurred
DFR-01580,2026-07-19 00:00:00,,,routine,2026-07-19 00:00:00,356.62,WO-0008049,concrete_pole,as_occurred
WMN-03332,2026-07-20 00:00:00,,,inspection,2026-07-20 00:00:00,574.31,WO-0008050,cast_iron,as_occurred
DSS-00077,2026-07-20 00:00:00,,,routine,2026-07-20 00:00:00,737.3,WO-0008051,standard,as_occurred
DFR-01689,2026-07-20 00:00:00,,,inspection,2026-07-20 00:00:00,747.63,WO-0008052,wood_pole,as_occurred
DFR-02002,2026-07-20 00:00:00,,,inspection,2026-07-23 00:00:00,1200.84,WO-0008053,underground,reported_late
PMP-02266,2026-07-20 00:00:00,,,routine,2026-07-20 00:00:00,603.59,WO-0008054,standard,as_occurred
WMN-02696,2026-07-20 00:00:00,,,routine,2026-07-23 00:00:00,934.65,WO-0008055,cast_iron,reported_late
DFR-01837,2026-07-20 00:00:00,,,routine,2026-07-20 00:00:00,253.12,WO-0008056,composite_pole,as_occurred
DFR-01551,2026-07-21 00:00:00,,,vegetation,2026-07-21 00:00:00,1526.69,WO-0008057,wood_pole,as_occurred
RCL-02158,2026-07-21 00:00:00,,,inspection,2026-07-21 00:00:00,766.74,WO-0008058,standard,as_occurred
DFR-01600,2026-07-21 00:00:00,,,routine,2026-07-21 00:00:00,1193.64,WO-0008059,wood_pole,as_occurred
TLS-00545,2026-07-21 00:00:00,,,inspection,2026-07-21 00:00:00,4139.46,WO-0008060,steel_monopole,as_occurred
DFR-01367,2026-07-21 00:00:00,,,inspection,2026-07-21 00:00:00,627.22,WO-0008061,wood_pole,as_occurred
TLS-00700,2026-07-21 00:00:00,,,vegetation,2026-07-21 00:00:00,229.5,WO-0008062,steel_lattice,as_occurred
DSS-00120,2026-07-22 00:00:00,,,routine,2026-07-22 00:00:00,2366.06,WO-0008063,standard,as_occurred
TLS-01170,2026-07-22 00:00:00,,,vegetation,2026-07-22 00:00:00,710.39,WO-0008064,steel_lattice,as_occurred
DFR-01596,2026-07-22 00:00:00,,,vegetation,2026-07-22 00:00:00,665.08,WO-0008065,Wood,as_occurred
WMN-03101,2026-07-22 00:00:00,,,routine,2026-07-22 00:00:00,983.41,WO-0008066,cast_iron,as_occurred
DFR-01581,2026-07-22 00:00:00,,,inspection,2026-07-22 00:00:00,372.34,WO-0008067,wood_pole,as_occurred
WMN-03348,2026-07-22 00:00:00,,,inspection,2026-07-22 00:00:00,1330.1,WO-0008068,ductile_iron,as_occurred
DFR-01473,2026-07-22 00:00:00,,,routine,2026-07-22 00:00:00,642.51,WO-0008069,wood_pole,as_occurred
TLS-00562,2026-07-23 00:00:00,,,inspection,2026-07-23 00:00:00,702.58,WO-0008070,steel_lattice,as_occurred
WMN-02975,2026-07-23 00:00:00,,,vegetation,2026-07-23 00:00:00,1029.29,WO-0008071,PVC,as_occurred
WMN-03228,2026-07-23 00:00:00,,,vegetation,2026-07-23 00:00:00,166.95,WO-0008072,cast_iron,as_occurred
LEGACY-063655,2026-07-23 00:00:00,,,routine,2026-07-23 00:00:00,1316.82,WO-0008073,,as_occurred
TLS-00814,2026-07-23 00:00:00,,,routine,2026-07-23 00:00:00,1418.6,WO-0008074,steel_monopole,as_occurred
LEGACY-017595,2026-07-24 00:00:00,,,inspection,2026-07-24 00:00:00,437.62,WO-0008075,,as_occurred
DSS-00180,2026-07-24 00:00:00,,,inspection,2026-07-24 00:00:00,1669.05,WO-0008076,standard,as_occurred
WMN-03018,2026-07-24 00:00:00,,,routine,2026-07-24 00:00:00,1814.23,WO-0008077,Cast Iron,as_occurred
DFR-01400,2026-07-24 00:00:00,,,routine,2026-07-24 00:00:00,272.89,WO-0008078,underground,as_occurred
DSS-00198,2026-07-25 00:00:00,,,vegetation,2026-07-25 00:00:00,403.44,WO-0008079,standard,as_occurred
TLS-01184,2026-07-25 00:00:00,,,routine,2026-07-25 00:00:00,669.73,WO-0008080,steel_lattice,as_occurred
DFR-01781,2026-07-25 00:00:00,,,routine,2026-07-25 00:00:00,2158.56,WO-0008081,wood_pole,as_occurred
DFR-01677,2026-07-26 00:00:00,,,routine,2026-07-26 00:00:00,1640.57,WO-0008082,wood_pole,as_occurred
TLS-00963,2026-07-26 00:00:00,,,vegetation,2026-07-26 00:00:00,369.74,WO-0008083,steel_lattice,as_occurred
WMN-03426,2026-07-26 00:00:00,,,routine,2026-07-26 00:00:00,1060.93,WO-0008084,pvc,as_occurred
WMN-02912,2026-07-26 00:00:00,,,routine,2026-07-26 00:00:00,1048.27,WO-0008085,Ductile Iron,as_occurred
TLS-00628,2026-07-26 00:00:00,,,routine,2026-07-26 00:00:00,843.8,WO-0008086,steel_lattice,as_occurred
TLS-00976,2026-07-26 00:00:00,,,vegetation,2026-07-26 00:00:00,813.83,WO-0008087,steel_lattice,as_occurred
PMP-02285,2026-07-26 00:00:00,,,routine,2026-07-26 00:00:00,983.13,WO-0008088,standard,as_occurred
DSS-00210,2026-07-27 00:00:00,,,routine,2026-07-27 00:00:00,416.57,WO-0008089,standard,as_occurred
RCL-02046,2026-07-27 00:00:00,,,routine,2026-07-27 00:00:00,1655.36,WO-0008090,standard,as_occurred
WMN-03302,2026-07-27 00:00:00,,,routine,2026-07-27 00:00:00,1605.59,WO-0008091,ductile_iron,as_occurred
WMN-02999,2026-07-27 00:00:00,,,routine,2026-07-27 00:00:00,232.53,WO-0008092,Ductile Iron,as_occurred
DFR-01480,2026-07-27 00:00:00,,,inspection,2026-07-27 00:00:00,2726.57,WO-0008093,wood_pole,as_occurred
TLS-00995,2026-07-27 00:00:00,,,routine,2026-07-27 00:00:00,1010.52,WO-0008094,steel_lattice,as_occurred
TLS-01040,2026-07-27 00:00:00,,,inspection,2026-07-27 00:00:00,891.93,WO-0008095,steel_lattice,as_occurred
PMP-02231,2026-07-28 00:00:00,,,routine,2026-07-28 00:00:00,684.26,WO-0008096,standard,as_occurred
TNK-02540,2026-07-28 00:00:00,,,inspection,2026-07-28 00:00:00,768.3,WO-0008097,standard,as_occurred
RCL-02070,2026-07-28 00:00:00,,,inspection,2026-07-28 00:00:00,266.08,WO-0008098,standard,as_occurred
DFR-01577,2026-07-28 00:00:00,,,vegetation,2026-07-28 00:00:00,116.24,WO-0008099,wood_pole,as_occurred
TNK-02550,2026-07-29 00:00:00,,,routine,2026-07-29 00:00:00,179.25,WO-0008100,standard,as_occurred
TLS-00675,2026-07-29 00:00:00,,,routine,2026-07-29 00:00:00,962.34,WO-0008101,steel_monopole,as_occurred
LEGACY-091685,2026-07-29 00:00:00,,,inspection,2026-07-29 00:00:00,233.72,WO-0008102,,as_occurred
DFR-01480,2026-07-29 00:00:00,,,inspection,2026-07-29 00:00:00,1200.74,WO-0008103,wood_pole,as_occurred
TSS-00003,2026-07-29 00:00:00,,,routine,2026-07-29 00:00:00,822.92,WO-0008104,standard,as_occurred
WMN-03355,2026-07-30 00:00:00,,,vegetation,2026-07-30 00:00:00,556.36,WO-0008105,ductile_iron,as_occurred
WMN-03053,2026-07-30 00:00:00,BASE-20260730-104,physical,corrective,2026-07-30 00:00:00,5595.74,WO-0008106,cast_iron,as_occurred
PMP-02352,2026-07-30 06:00:00,BASE-20260730-104,physical,corrective,2026-07-30 06:00:00,985.87,WO-0008107,standard,as_occurred
TLS-01219,2026-07-30 12:00:00,BASE-20260730-104,physical,corrective,2026-07-30 12:00:00,11057.82,WO-0008108,steel_lattice,as_occurred
WMN-02978,2026-07-30 18:00:00,BASE-20260730-104,physical,corrective,2026-07-30 18:00:00,3963.05,WO-0008109,steel,as_occurred
WMN-02858,2026-07-30 18:00:00,BASE-20260730-104,physical,corrective,2026-07-30 18:00:00,3513.07,WO-0008110,ductile_iron,as_occurred
PMP-02403,2026-07-31 00:00:00,BASE-20260731-126,functional_power_loss,corrective,2026-07-31 00:00:00,1696.41,WO-0008111,standard,as_occurred
DSS-00134,2026-07-31 00:00:00,BASE-20260731-126,physical,corrective,2026-07-31 00:00:00,10232.49,WO-0008112,standard,as_occurred
TLS-01182,2026-07-31 00:00:00,,,inspection,2026-07-31 00:00:00,995.49,WO-0008113,steel_lattice,as_occurred
DFR-01932,2026-07-31 06:00:00,BASE-20260731-126,physical,corrective,2026-07-31 06:00:00,8971.24,WO-0008114,wood_pole,as_occurred
PMP-02476,2026-07-31 06:00:00,BASE-20260731-126,functional_power_loss,corrective,2026-07-31 06:00:00,5686.66,WO-0008115,standard,as_occurred
