scenario_id,hazard,asset_id,bucket,timestamp,failure_type,restore_hours,is_functional
HURR-20240531-001,hurricane,WMN-02685,1,2024-05-31 06:00:00,physical,30.7,False
HURR-20240531-001,hurricane,WMN-03390,1,2024-05-31 06:00:00,physical,16.8,False
HURR-20240531-001,hurricane,DFR-01514,2,2024-05-31 12:00:00,physical,29.7,False
HURR-20240531-001,hurricane,PMP-02266,2,2024-05-31 12:00:00,physical,23.5,False
HURR-20240531-001,hurricane,WMN-02697,2,2024-05-31 12:00:00,physical,23.3,False
HURR-20240531-001,hurricane,WMN-03441,2,2024-05-31 12:00:00,physical,57.7,False
HURR-20240531-001,hurricane,DFR-01777,4,2024-06-01 00:00:00,physical,7.9,False
HURR-20240531-001,hurricane,PMP-02313,4,2024-06-01 00:00:00,physical,36.5,False
HURR-20240531-001,hurricane,PMP-02322,4,2024-06-01 00:00:00,physical,30.7,False
HURR-20240531-001,hurricane,WMN-02712,4,2024-06-01 00:00:00,physical,34.2,False
HURR-20240531-001,hurricane,WMN-02852,5,2024-06-01 06:00:00,physical,21.0,False
HURR-20240531-001,hurricane,WMN-02786,5,2024-06-01 06:00:00,physical,40.3,False
HURR-20240531-001,hurricane,PMP-02479,5,2024-06-01 06:00:00,physical,35.9,False
HURR-20240531-001,hurricane,PMP-02465,5,2024-06-01 06:00:00,physical,39.7,False
HURR-20240531-001,hurricane,WMN-02812,5,2024-06-01 06:00:00,physical,34.5,False
HURR-20240531-001,hurricane,DSS-00145,5,2024-06-01 06:00:00,physical,62.7,False
HURR-20240531-001,hurricane,TSS-00058,5,2024-06-01 06:00:00,physical,87.2,False
HURR-20240531-001,hurricane,TSS-00015,5,2024-06-01 06:00:00,physical,65.8,False
HURR-20240531-001,hurricane,PMP-02268,5,2024-06-01 06:00:00,physical,28.9,False
HURR-20240531-001,hurricane,DFR-01766,6,2024-06-01 12:00:00,physical,9.6,False
HURR-20240531-001,hurricane,DFR-01779,6,2024-06-01 12:00:00,physical,18.6,False
HURR-20240531-001,hurricane,DFR-01780,6,2024-06-01 12:00:00,physical,30.3,False
HURR-20240531-001,hurricane,DFR-01783,6,2024-06-01 12:00:00,physical,22.5,False
HURR-20240531-001,hurricane,DFR-01800,6,2024-06-01 12:00:00,physical,20.7,False
HURR-20240531-001,hurricane,DFR-01833,6,2024-06-01 12:00:00,physical,15.4,False
HURR-20240531-001,hurricane,DFR-01841,6,2024-06-01 12:00:00,physical,15.4,False
HURR-20240531-001,hurricane,DFR-01906,6,2024-06-01 12:00:00,physical,8.1,False
HURR-20240531-001,hurricane,DFR-01921,6,2024-06-01 12:00:00,physical,5.4,False
HURR-20240531-001,hurricane,DFR-01922,6,2024-06-01 12:00:00,physical,5.5,False
HURR-20240531-001,hurricane,DFR-01935,6,2024-06-01 12:00:00,physical,14.4,False
HURR-20240531-001,hurricane,DFR-01938,6,2024-06-01 12:00:00,physical,20.8,False
HURR-20240531-001,hurricane,DFR-01946,6,2024-06-01 12:00:00,physical,17.1,False
HURR-20240531-001,hurricane,DFR-01761,6,2024-06-01 12:00:00,physical,6.5,False
HURR-20240531-001,hurricane,DFR-01854,6,2024-06-01 12:00:00,physical,12.7,False
HURR-20240531-001,hurricane,DFR-01754,6,2024-06-01 12:00:00,physical,10.8,False
HURR-20240531-001,hurricane,DFR-01655,6,2024-06-01 12:00:00,physical,26.4,False
HURR-20240531-001,hurricane,DFR-01738,6,2024-06-01 12:00:00,physical,6.6,False
HURR-20240531-001,hurricane,DFR-01596,6,2024-06-01 12:00:00,physical,18.0,False
HURR-20240531-001,hurricane,DFR-01608,6,2024-06-01 12:00:00,physical,24.1,False
HURR-20240531-001,hurricane,DFR-01617,6,2024-06-01 12:00:00,physical,34.0,False
HURR-20240531-001,hurricane,DFR-01622,6,2024-06-01 12:00:00,physical,19.0,False
HURR-20240531-001,hurricane,DFR-01623,6,2024-06-01 12:00:00,physical,19.3,False
HURR-20240531-001,hurricane,DFR-01629,6,2024-06-01 12:00:00,physical,9.1,False
HURR-20240531-001,hurricane,DFR-01753,6,2024-06-01 12:00:00,physical,7.0,False
HURR-20240531-001,hurricane,DFR-01646,6,2024-06-01 12:00:00,physical,8.1,False
HURR-20240531-001,hurricane,DFR-01661,6,2024-06-01 12:00:00,physical,13.0,False
HURR-20240531-001,hurricane,DFR-01668,6,2024-06-01 12:00:00,physical,20.5,False
HURR-20240531-001,hurricane,DFR-01685,6,2024-06-01 12:00:00,physical,11.9,False
HURR-20240531-001,hurricane,DFR-01719,6,2024-06-01 12:00:00,physical,10.1,False
HURR-20240531-001,hurricane,DFR-01721,6,2024-06-01 12:00:00,physical,7.1,False
HURR-20240531-001,hurricane,DFR-01729,6,2024-06-01 12:00:00,physical,12.0,False
HURR-20240531-001,hurricane,DFR-01966,6,2024-06-01 12:00:00,physical,14.2,False
HURR-20240531-001,hurricane,DFR-01970,6,2024-06-01 12:00:00,physical,7.4,False
HURR-20240531-001,hurricane,RCL-02057,6,2024-06-01 12:00:00,physical,14.3,False
HURR-20240531-001,hurricane,DFR-01989,6,2024-06-01 12:00:00,physical,5.3,False
HURR-20240531-001,hurricane,PMP-02254,6,2024-06-01 12:00:00,physical,40.1,False
HURR-20240531-001,hurricane,PMP-02283,6,2024-06-01 12:00:00,physical,74.7,False
HURR-20240531-001,hurricane,PMP-02346,6,2024-06-01 12:00:00,physical,57.5,False
HURR-20240531-001,hurricane,PMP-02354,6,2024-06-01 12:00:00,physical,17.6,False
HURR-20240531-001,hurricane,PMP-02401,6,2024-06-01 12:00:00,physical,36.4,False
HURR-20240531-001,hurricane,WTP-02219,6,2024-06-01 12:00:00,physical,126.0,False
HURR-20240531-001,hurricane,PMP-02411,6,2024-06-01 12:00:00,physical,36.2,False
HURR-20240531-001,hurricane,PMP-02455,6,2024-06-01 12:00:00,physical,30.4,False
HURR-20240531-001,hurricane,WMN-03444,6,2024-06-01 12:00:00,physical,19.1,False
HURR-20240531-001,hurricane,INT-03502,6,2024-06-01 12:00:00,physical,24.4,False
HURR-20240531-001,hurricane,INT-03504,6,2024-06-01 12:00:00,physical,13.5,False
HURR-20240531-001,hurricane,PMP-02451,6,2024-06-01 12:00:00,physical,25.9,False
HURR-20240531-001,hurricane,DFR-01971,6,2024-06-01 12:00:00,physical,15.0,False
HURR-20240531-001,hurricane,WTP-02218,6,2024-06-01 12:00:00,physical,75.4,False
HURR-20240531-001,hurricane,RCL-02197,6,2024-06-01 12:00:00,physical,17.6,False
HURR-20240531-001,hurricane,DFR-01992,6,2024-06-01 12:00:00,physical,5.7,False
HURR-20240531-001,hurricane,DFR-02000,6,2024-06-01 12:00:00,physical,4.0,False
HURR-20240531-001,hurricane,DFR-02008,6,2024-06-01 12:00:00,physical,35.0,False
HURR-20240531-001,hurricane,RCL-02028,6,2024-06-01 12:00:00,physical,9.2,False
HURR-20240531-001,hurricane,RCL-02045,6,2024-06-01 12:00:00,physical,9.7,False
HURR-20240531-001,hurricane,RCL-02046,6,2024-06-01 12:00:00,physical,19.9,False
HURR-20240531-001,hurricane,RCL-02206,6,2024-06-01 12:00:00,physical,8.6,False
HURR-20240531-001,hurricane,DFR-01570,6,2024-06-01 12:00:00,physical,18.9,False
HURR-20240531-001,hurricane,RCL-02074,6,2024-06-01 12:00:00,physical,18.6,False
HURR-20240531-001,hurricane,RCL-02092,6,2024-06-01 12:00:00,physical,9.9,False
HURR-20240531-001,hurricane,RCL-02097,6,2024-06-01 12:00:00,physical,14.5,False
HURR-20240531-001,hurricane,RCL-02124,6,2024-06-01 12:00:00,physical,11.2,False
HURR-20240531-001,hurricane,RCL-02148,6,2024-06-01 12:00:00,physical,5.5,False
HURR-20240531-001,hurricane,RCL-02165,6,2024-06-01 12:00:00,physical,7.4,False
HURR-20240531-001,hurricane,RCL-02071,6,2024-06-01 12:00:00,physical,15.4,False
HURR-20240531-001,hurricane,DFR-01565,6,2024-06-01 12:00:00,physical,18.3,False
HURR-20240531-001,hurricane,DFR-01771,6,2024-06-01 12:00:00,physical,4.0,False
HURR-20240531-001,hurricane,DFR-01560,6,2024-06-01 12:00:00,physical,9.3,False
HURR-20240531-001,hurricane,TLS-00749,6,2024-06-01 12:00:00,physical,9.1,False
HURR-20240531-001,hurricane,TLS-00751,6,2024-06-01 12:00:00,physical,35.2,False
HURR-20240531-001,hurricane,TLS-00826,6,2024-06-01 12:00:00,physical,11.9,False
HURR-20240531-001,hurricane,TLS-00841,6,2024-06-01 12:00:00,physical,10.5,False
HURR-20240531-001,hurricane,TLS-00842,6,2024-06-01 12:00:00,physical,16.9,False
HURR-20240531-001,hurricane,TLS-00871,6,2024-06-01 12:00:00,physical,11.4,False
HURR-20240531-001,hurricane,TLS-00729,6,2024-06-01 12:00:00,physical,20.2,False
HURR-20240531-001,hurricane,TLS-00904,6,2024-06-01 12:00:00,physical,22.4,False
HURR-20240531-001,hurricane,TLS-00942,6,2024-06-01 12:00:00,physical,18.2,False
HURR-20240531-001,hurricane,TLS-00956,6,2024-06-01 12:00:00,physical,16.7,False
HURR-20240531-001,hurricane,TLS-00959,6,2024-06-01 12:00:00,physical,27.6,False
HURR-20240531-001,hurricane,TLS-00975,6,2024-06-01 12:00:00,physical,8.1,False
HURR-20240531-001,hurricane,TLS-00989,6,2024-06-01 12:00:00,physical,24.9,False
HURR-20240531-001,hurricane,TLS-01069,6,2024-06-01 12:00:00,physical,10.9,False
HURR-20240531-001,hurricane,TLS-00929,6,2024-06-01 12:00:00,physical,16.0,False
HURR-20240531-001,hurricane,TLS-00716,6,2024-06-01 12:00:00,physical,6.6,False
HURR-20240531-001,hurricane,TLS-00663,6,2024-06-01 12:00:00,physical,11.5,False
HURR-20240531-001,hurricane,TLS-00644,6,2024-06-01 12:00:00,physical,18.0,False
HURR-20240531-001,hurricane,TSS-00035,6,2024-06-01 12:00:00,physical,49.1,False
HURR-20240531-001,hurricane,DSS-00083,6,2024-06-01 12:00:00,physical,14.9,False
HURR-20240531-001,hurricane,DSS-00114,6,2024-06-01 12:00:00,physical,26.5,False
HURR-20240531-001,hurricane,DFR-01563,6,2024-06-01 12:00:00,physical,7.1,False
HURR-20240531-001,hurricane,TLS-00413,6,2024-06-01 12:00:00,physical,10.4,False
HURR-20240531-001,hurricane,TLS-00427,6,2024-06-01 12:00:00,physical,16.6,False
HURR-20240531-001,hurricane,TLS-00480,6,2024-06-01 12:00:00,physical,11.5,False
HURR-20240531-001,hurricane,TLS-00516,6,2024-06-01 12:00:00,physical,10.6,False
HURR-20240531-001,hurricane,TLS-00545,6,2024-06-01 12:00:00,physical,15.7,False
HURR-20240531-001,hurricane,TLS-00559,6,2024-06-01 12:00:00,physical,16.3,False
HURR-20240531-001,hurricane,TLS-00587,6,2024-06-01 12:00:00,physical,5.4,False
HURR-20240531-001,hurricane,TLS-00597,6,2024-06-01 12:00:00,physical,19.0,False
HURR-20240531-001,hurricane,TLS-00611,6,2024-06-01 12:00:00,physical,11.3,False
HURR-20240531-001,hurricane,TLS-00624,6,2024-06-01 12:00:00,physical,13.7,False
HURR-20240531-001,hurricane,TLS-01091,6,2024-06-01 12:00:00,physical,29.7,False
HURR-20240531-001,hurricane,TLS-01116,6,2024-06-01 12:00:00,physical,10.9,False
HURR-20240531-001,hurricane,DSS-00380,6,2024-06-01 12:00:00,physical,42.9,False
HURR-20240531-001,hurricane,TLS-01139,6,2024-06-01 12:00:00,physical,17.9,False
HURR-20240531-001,hurricane,DFR-01427,6,2024-06-01 12:00:00,physical,12.6,False
HURR-20240531-001,hurricane,DFR-01428,6,2024-06-01 12:00:00,physical,17.9,False
HURR-20240531-001,hurricane,DFR-01430,6,2024-06-01 12:00:00,physical,19.4,False
HURR-20240531-001,hurricane,DFR-01432,6,2024-06-01 12:00:00,physical,16.7,False
HURR-20240531-001,hurricane,DFR-01440,6,2024-06-01 12:00:00,physical,16.5,False
HURR-20240531-001,hurricane,DFR-01466,6,2024-06-01 12:00:00,physical,19.3,False
HURR-20240531-001,hurricane,DFR-01416,6,2024-06-01 12:00:00,physical,18.8,False
HURR-20240531-001,hurricane,DFR-01475,6,2024-06-01 12:00:00,physical,9.0,False
HURR-20240531-001,hurricane,DFR-01508,6,2024-06-01 12:00:00,physical,12.6,False
HURR-20240531-001,hurricane,DFR-01517,6,2024-06-01 12:00:00,physical,8.2,False
HURR-20240531-001,hurricane,DFR-01541,6,2024-06-01 12:00:00,physical,13.4,False
HURR-20240531-001,hurricane,DFR-01543,6,2024-06-01 12:00:00,physical,22.7,False
HURR-20240531-001,hurricane,DFR-01545,6,2024-06-01 12:00:00,physical,7.0,False
HURR-20240531-001,hurricane,TLS-01117,6,2024-06-01 12:00:00,physical,11.9,False
HURR-20240531-001,hurricane,DFR-01481,6,2024-06-01 12:00:00,physical,20.5,False
HURR-20240531-001,hurricane,DFR-01412,6,2024-06-01 12:00:00,physical,33.8,False
HURR-20240531-001,hurricane,DFR-01434,6,2024-06-01 12:00:00,physical,9.1,False
HURR-20240531-001,hurricane,DFR-01401,6,2024-06-01 12:00:00,physical,10.4,False
HURR-20240531-001,hurricane,TLS-01234,6,2024-06-01 12:00:00,physical,7.9,False
HURR-20240531-001,hurricane,DFR-01409,6,2024-06-01 12:00:00,physical,11.3,False
HURR-20240531-001,hurricane,TLS-01239,6,2024-06-01 12:00:00,physical,8.3,False
HURR-20240531-001,hurricane,TLS-01256,6,2024-06-01 12:00:00,physical,27.2,False
HURR-20240531-001,hurricane,TLS-01263,6,2024-06-01 12:00:00,physical,13.2,False
HURR-20240531-001,hurricane,TLS-01290,6,2024-06-01 12:00:00,physical,8.3,False
HURR-20240531-001,hurricane,DFR-01313,6,2024-06-01 12:00:00,physical,22.2,False
HURR-20240531-001,hurricane,DFR-01327,6,2024-06-01 12:00:00,physical,10.8,False
HURR-20240531-001,hurricane,TLS-01237,6,2024-06-01 12:00:00,physical,13.6,False
HURR-20240531-001,hurricane,DFR-01337,6,2024-06-01 12:00:00,physical,35.2,False
HURR-20240531-001,hurricane,DFR-01396,6,2024-06-01 12:00:00,physical,12.7,False
HURR-20240531-001,hurricane,DFR-01349,6,2024-06-01 12:00:00,physical,16.7,False
HURR-20240531-001,hurricane,DFR-01351,6,2024-06-01 12:00:00,physical,10.4,False
HURR-20240531-001,hurricane,DFR-01372,6,2024-06-01 12:00:00,physical,10.8,False
HURR-20240531-001,hurricane,DFR-01329,6,2024-06-01 12:00:00,physical,10.7,False
HURR-20240531-001,hurricane,PMP-02395,7,2024-06-01 18:00:00,physical,34.9,False
HURR-20240531-001,hurricane,PMP-02399,7,2024-06-01 18:00:00,physical,22.4,False
HURR-20240531-001,hurricane,PMP-02405,7,2024-06-01 18:00:00,physical,49.5,False
HURR-20240531-001,hurricane,PMP-02416,7,2024-06-01 18:00:00,physical,51.2,False
HURR-20240531-001,hurricane,PMP-02497,7,2024-06-01 18:00:00,physical,37.6,False
HURR-20240531-001,hurricane,PMP-02482,7,2024-06-01 18:00:00,physical,54.2,False
HURR-20240531-001,hurricane,PMP-02513,7,2024-06-01 18:00:00,physical,48.8,False
HURR-20240531-001,hurricane,WMN-03043,7,2024-06-01 18:00:00,physical,20.0,False
HURR-20240531-001,hurricane,WMN-03299,7,2024-06-01 18:00:00,physical,22.1,False
HURR-20240531-001,hurricane,WMN-03345,7,2024-06-01 18:00:00,physical,16.1,False
HURR-20240531-001,hurricane,PMP-02352,7,2024-06-01 18:00:00,physical,49.1,False
HURR-20240531-001,hurricane,PMP-02290,7,2024-06-01 18:00:00,physical,21.4,False
HURR-20240531-001,hurricane,PMP-02291,7,2024-06-01 18:00:00,physical,52.6,False
HURR-20240531-001,hurricane,DSS-00080,7,2024-06-01 18:00:00,physical,52.6,False
HURR-20240531-001,hurricane,DSS-00241,7,2024-06-01 18:00:00,physical,15.3,False
HURR-20240531-001,hurricane,DSS-00357,7,2024-06-01 18:00:00,physical,25.8,False
HURR-20240531-001,hurricane,DSS-00389,7,2024-06-01 18:00:00,physical,30.3,False
HURR-20240531-001,hurricane,TLS-00554,7,2024-06-01 18:00:00,physical,12.9,False
HURR-20240531-001,hurricane,TLS-00482,7,2024-06-01 18:00:00,physical,12.7,False
HURR-20240531-001,hurricane,RCL-02177,7,2024-06-01 18:00:00,physical,8.6,False
HURR-20240531-001,hurricane,WTP-02215,7,2024-06-01 18:00:00,physical,41.2,False
HURR-20240531-001,hurricane,PMP-02247,7,2024-06-01 18:00:00,physical,37.3,False
HURR-20240531-001,hurricane,PMP-02273,7,2024-06-01 18:00:00,physical,36.9,False
HURR-20240531-001,hurricane,PMP-02289,7,2024-06-01 18:00:00,physical,19.3,False
HURR-20240531-001,hurricane,TLS-00795,7,2024-06-01 18:00:00,physical,10.9,False
HURR-20240531-001,hurricane,WMN-02755,8,2024-06-02 00:00:00,physical,20.9,False
HURR-20240531-001,hurricane,PMP-02294,8,2024-06-02 00:00:00,physical,42.6,False
HURR-20240531-001,hurricane,WMN-02859,9,2024-06-02 06:00:00,physical,13.9,False
HURR-20240531-001,hurricane,PMP-02419,9,2024-06-02 06:00:00,physical,31.1,False
HURR-20240531-001,hurricane,WTP-02217,9,2024-06-02 06:00:00,physical,66.2,False
HURR-20240531-001,hurricane,DFR-01472,9,2024-06-02 06:00:00,physical,3.9,False
HURR-20240531-001,hurricane,DSS-00396,10,2024-06-02 12:00:00,physical,28.9,False
HURR-20240531-001,hurricane,PMP-02260,10,2024-06-02 12:00:00,physical,24.5,False
HURR-20240531-001,hurricane,PMP-02285,10,2024-06-02 12:00:00,physical,29.8,False
HURR-20240531-001,hurricane,WMN-02716,10,2024-06-02 12:00:00,physical,48.9,False
HURR-20240531-001,hurricane,WMN-03315,11,2024-06-02 18:00:00,physical,32.6,False
HURR-20240531-001,hurricane,PMP-02433,11,2024-06-02 18:00:00,physical,37.2,False
HURR-20240531-001,hurricane,WMN-02949,11,2024-06-02 18:00:00,physical,26.2,False
HURR-20240531-001,hurricane,PMP-02343,11,2024-06-02 18:00:00,functional_power_loss,50.0,True
HURR-20240531-001,hurricane,PMP-02505,7,2024-06-01 18:00:00,functional_power_loss,26.5,True
HURR-20240531-001,hurricane,PMP-02308,6,2024-06-01 12:00:00,functional_power_loss,31.9,True
HURR-20240531-001,hurricane,PMP-02332,6,2024-06-01 12:00:00,functional_power_loss,51.3,True
HURR-20240225-002,hurricane,DSS-00165,2,2024-02-25 12:00:00,physical,19.3,False
HURR-20240225-002,hurricane,WMN-03009,2,2024-02-25 12:00:00,physical,16.7,False
HURR-20240225-002,hurricane,DFR-01507,3,2024-02-25 18:00:00,physical,5.6,False
HURR-20240225-002,hurricane,DSS-00304,4,2024-02-26 00:00:00,physical,62.2,False
HURR-20240225-002,hurricane,WMN-03328,4,2024-02-26 00:00:00,physical,16.8,False
HURR-20240225-002,hurricane,PMP-02346,5,2024-02-26 06:00:00,physical,22.8,False
HURR-20240225-002,hurricane,WMN-03107,6,2024-02-26 12:00:00,physical,25.1,False
HURR-20240225-002,hurricane,WMN-02987,6,2024-02-26 12:00:00,physical,21.0,False
HURR-20240225-002,hurricane,DFR-01989,6,2024-02-26 12:00:00,physical,8.3,False
HURR-20240225-002,hurricane,DFR-01435,6,2024-02-26 12:00:00,physical,16.4,False
HURR-20240225-002,hurricane,TLS-01284,6,2024-02-26 12:00:00,physical,6.2,False
HURR-20240225-002,hurricane,DFR-01508,6,2024-02-26 12:00:00,physical,8.7,False
HURR-20240225-002,hurricane,DFR-01966,7,2024-02-26 18:00:00,physical,5.6,False
HURR-20240225-002,hurricane,PMP-02354,8,2024-02-27 00:00:00,physical,28.3,False
HURR-20240225-002,hurricane,WMN-03214,9,2024-02-27 06:00:00,physical,15.0,False
HURR-20240225-002,hurricane,PMP-02487,9,2024-02-27 06:00:00,physical,25.8,False
HURR-20240225-002,hurricane,WMN-02760,9,2024-02-27 06:00:00,physical,31.9,False
HURR-20240225-002,hurricane,WMN-02763,9,2024-02-27 06:00:00,physical,11.4,False
HURR-20240225-002,hurricane,WMN-02708,11,2024-02-27 18:00:00,physical,10.0,False
HEAT-20240123-003,heatwave,WMN-02942,2,2024-01-23 12:00:00,physical,18.0,False
HEAT-20240123-003,heatwave,WMN-03452,2,2024-01-23 12:00:00,physical,11.7,False
HEAT-20240123-003,heatwave,WMN-02696,3,2024-01-23 18:00:00,physical,21.8,False
HEAT-20240123-003,heatwave,TLS-00629,4,2024-01-24 00:00:00,physical,11.6,False
HEAT-20240123-003,heatwave,WMN-03154,4,2024-01-24 00:00:00,physical,17.3,False
HEAT-20240123-003,heatwave,DFR-01423,5,2024-01-24 06:00:00,physical,8.4,False
HEAT-20240123-003,heatwave,PMP-02309,5,2024-01-24 06:00:00,physical,11.8,False
HEAT-20240123-003,heatwave,WMN-02789,5,2024-01-24 06:00:00,physical,23.7,False
HEAT-20240123-003,heatwave,DSS-00324,6,2024-01-24 12:00:00,physical,21.4,False
HEAT-20240123-003,heatwave,DSS-00364,6,2024-01-24 12:00:00,physical,22.8,False
HEAT-20240123-003,heatwave,DSS-00394,7,2024-01-24 18:00:00,physical,24.8,False
HEAT-20240123-003,heatwave,WMN-02896,7,2024-01-24 18:00:00,physical,19.0,False
HEAT-20240123-003,heatwave,WMN-03214,7,2024-01-24 18:00:00,physical,28.5,False
HEAT-20240123-003,heatwave,WMN-02815,8,2024-01-25 00:00:00,physical,25.6,False
HEAT-20240123-003,heatwave,DSS-00080,10,2024-01-25 12:00:00,physical,41.6,False
HEAT-20240123-003,heatwave,DSS-00082,10,2024-01-25 12:00:00,physical,33.4,False
HEAT-20240123-003,heatwave,DSS-00093,10,2024-01-25 12:00:00,physical,23.0,False
HEAT-20240123-003,heatwave,DSS-00258,10,2024-01-25 12:00:00,physical,19.9,False
HEAT-20240123-003,heatwave,DFR-01874,11,2024-01-25 18:00:00,physical,11.2,False
HEAT-20240123-003,heatwave,DFR-01327,12,2024-01-26 00:00:00,physical,7.3,False
HEAT-20240123-003,heatwave,WMN-03085,13,2024-01-26 06:00:00,physical,15.3,False
HEAT-20240123-003,heatwave,WMN-03322,13,2024-01-26 06:00:00,physical,8.8,False
HEAT-20240123-003,heatwave,WMN-03381,13,2024-01-26 06:00:00,physical,24.3,False
HEAT-20240123-003,heatwave,WMN-02877,14,2024-01-26 12:00:00,physical,16.0,False
HEAT-20240123-003,heatwave,PMP-02474,14,2024-01-26 12:00:00,physical,19.7,False
HEAT-20240123-003,heatwave,PMP-02349,14,2024-01-26 12:00:00,physical,45.3,False
HEAT-20240123-003,heatwave,DSS-00145,14,2024-01-26 12:00:00,physical,33.6,False
HEAT-20240123-003,heatwave,DSS-00106,14,2024-01-26 12:00:00,physical,17.8,False
HEAT-20240123-003,heatwave,DSS-00072,14,2024-01-26 12:00:00,physical,24.1,False
HEAT-20240123-003,heatwave,DSS-00066,14,2024-01-26 12:00:00,physical,25.7,False
HEAT-20240123-003,heatwave,TSS-00018,14,2024-01-26 12:00:00,physical,62.1,False
HEAT-20240123-003,heatwave,DSS-00342,15,2024-01-26 18:00:00,physical,12.3,False
HEAT-20240123-003,heatwave,PMP-02346,15,2024-01-26 18:00:00,physical,27.1,False
HEAT-20240123-003,heatwave,TLS-00979,17,2024-01-27 06:00:00,physical,7.3,False
HEAT-20240123-003,heatwave,WMN-02776,18,2024-01-27 12:00:00,physical,19.7,False
HEAT-20240123-003,heatwave,PMP-02519,18,2024-01-27 12:00:00,physical,34.4,False
HEAT-20240123-003,heatwave,DSS-00406,18,2024-01-27 12:00:00,physical,13.9,False
HEAT-20240123-003,heatwave,DSS-00386,18,2024-01-27 12:00:00,physical,50.8,False
HEAT-20240123-003,heatwave,DSS-00398,18,2024-01-27 12:00:00,physical,20.0,False
HEAT-20240123-003,heatwave,DSS-00336,18,2024-01-27 12:00:00,physical,31.5,False
HEAT-20240123-003,heatwave,DSS-00190,18,2024-01-27 12:00:00,physical,27.5,False
HEAT-20240123-003,heatwave,DSS-00084,18,2024-01-27 12:00:00,physical,36.6,False
HEAT-20240123-003,heatwave,TLS-01191,20,2024-01-28 00:00:00,physical,14.9,False
HEAT-20240123-003,heatwave,DFR-01822,22,2024-01-28 12:00:00,physical,14.0,False
HEAT-20240123-003,heatwave,PMP-02502,22,2024-01-28 12:00:00,physical,29.0,False
HEAT-20240123-003,heatwave,WMN-02775,22,2024-01-28 12:00:00,physical,15.6,False
HEAT-20240123-003,heatwave,WMN-03283,22,2024-01-28 12:00:00,physical,11.7,False
HEAT-20240123-003,heatwave,WMN-02835,23,2024-01-28 18:00:00,physical,26.2,False
HEAT-20240123-003,heatwave,WMN-02807,24,2024-01-29 00:00:00,physical,23.8,False
HEAT-20240123-003,heatwave,WMN-03224,24,2024-01-29 00:00:00,physical,14.9,False
HEAT-20240123-003,heatwave,DFR-01495,25,2024-01-29 06:00:00,physical,10.9,False
HEAT-20240123-003,heatwave,WMN-02812,25,2024-01-29 06:00:00,physical,11.9,False
HEAT-20240123-003,heatwave,PMP-02343,14,2024-01-26 12:00:00,functional_power_loss,33.2,True
HEAT-20240123-003,heatwave,PMP-02230,10,2024-01-25 12:00:00,functional_power_loss,22.1,True
HEAT-20240123-003,heatwave,PMP-02294,10,2024-01-25 12:00:00,functional_power_loss,10.7,True
HEAT-20240123-003,heatwave,PMP-02345,18,2024-01-27 12:00:00,functional_power_loss,30.2,True
HEAT-20240123-003,heatwave,PMP-02358,18,2024-01-27 12:00:00,functional_power_loss,33.3,True
HEAT-20240123-003,heatwave,WTP-02220,15,2024-01-26 18:00:00,functional_power_loss,57.8,True
HEAT-20240123-003,heatwave,PMP-02331,18,2024-01-27 12:00:00,functional_power_loss,23.1,True
HEAT-20240123-003,heatwave,PMP-02301,10,2024-01-25 12:00:00,functional_power_loss,29.7,True
HEAT-20240123-003,heatwave,PMP-02512,6,2024-01-24 12:00:00,functional_power_loss,18.5,True
HEAT-20240123-003,heatwave,PMP-02297,10,2024-01-25 12:00:00,functional_power_loss,13.1,True
HEAT-20240123-003,heatwave,PMP-02422,6,2024-01-24 12:00:00,functional_power_loss,10.8,True
HEAT-20240123-003,heatwave,PMP-02374,18,2024-01-27 12:00:00,functional_power_loss,13.3,True
HEAT-20240123-003,heatwave,PMP-02362,7,2024-01-24 18:00:00,functional_power_loss,20.3,True
HEAT-20240123-003,heatwave,PMP-02334,18,2024-01-27 12:00:00,functional_power_loss,24.0,True
HEAT-20240123-003,heatwave,PMP-02341,18,2024-01-27 12:00:00,functional_power_loss,14.4,True
HEAT-20240415-004,heatwave,WMN-02812,0,2024-04-15 00:00:00,physical,18.6,False
HEAT-20240415-004,heatwave,WMN-03269,0,2024-04-15 00:00:00,physical,9.9,False
HEAT-20240415-004,heatwave,WMN-02949,1,2024-04-15 06:00:00,physical,11.0,False
HEAT-20240415-004,heatwave,DFR-01763,2,2024-04-15 12:00:00,physical,5.1,False
HEAT-20240415-004,heatwave,WMN-03294,3,2024-04-15 18:00:00,physical,14.9,False
HEAT-20240415-004,heatwave,WMN-03354,4,2024-04-16 00:00:00,physical,10.2,False
HEAT-20240415-004,heatwave,WMN-03102,5,2024-04-16 06:00:00,physical,13.5,False
HEAT-20240415-004,heatwave,DSS-00080,6,2024-04-16 12:00:00,physical,9.2,False
HEAT-20240415-004,heatwave,DSS-00336,6,2024-04-16 12:00:00,physical,22.8,False
HEAT-20240415-004,heatwave,DSS-00364,6,2024-04-16 12:00:00,physical,68.6,False
HEAT-20240415-004,heatwave,DSS-00394,6,2024-04-16 12:00:00,physical,14.8,False
HEAT-20240415-004,heatwave,WMN-03243,6,2024-04-16 12:00:00,physical,9.4,False
HEAT-20240415-004,heatwave,WMN-02815,7,2024-04-16 18:00:00,physical,26.1,False
HEAT-20240415-004,heatwave,WMN-03228,8,2024-04-17 00:00:00,physical,18.2,False
HEAT-20240415-004,heatwave,WMN-03177,9,2024-04-17 06:00:00,physical,24.7,False
HEAT-20240415-004,heatwave,DSS-00324,10,2024-04-17 12:00:00,physical,28.0,False
HEAT-20240415-004,heatwave,DSS-00358,10,2024-04-17 12:00:00,physical,18.8,False
HEAT-20240415-004,heatwave,PMP-02289,10,2024-04-17 12:00:00,physical,39.5,False
HEAT-20240415-004,heatwave,WMN-03345,10,2024-04-17 12:00:00,physical,11.8,False
HEAT-20240415-004,heatwave,PMP-02409,11,2024-04-17 18:00:00,physical,9.5,False
HEAT-20240415-004,heatwave,DFR-01507,12,2024-04-18 00:00:00,physical,9.6,False
HEAT-20240415-004,heatwave,WMN-03154,13,2024-04-18 06:00:00,physical,16.1,False
HEAT-20240415-004,heatwave,PMP-02397,14,2024-04-18 12:00:00,physical,24.9,False
HEAT-20240415-004,heatwave,WMN-02882,15,2024-04-18 18:00:00,physical,14.7,False
HEAT-20240415-004,heatwave,PMP-02343,10,2024-04-17 12:00:00,functional_power_loss,19.3,True
HEAT-20240415-004,heatwave,PMP-02512,10,2024-04-17 12:00:00,functional_power_loss,40.0,True
HEAT-20240415-004,heatwave,PMP-02297,10,2024-04-17 12:00:00,functional_power_loss,18.2,True
HEAT-20240415-004,heatwave,PMP-02422,6,2024-04-16 12:00:00,functional_power_loss,27.0,True
HEAT-20240415-004,heatwave,PMP-02362,6,2024-04-16 12:00:00,functional_power_loss,25.0,True
HEAT-20240319-005,heatwave,DSS-00290,0,2024-03-19 00:00:00,physical,23.7,False
HEAT-20240319-005,heatwave,WMN-03216,1,2024-03-19 06:00:00,physical,11.5,False
HEAT-20240319-005,heatwave,DFR-01610,2,2024-03-19 12:00:00,physical,9.3,False
HEAT-20240319-005,heatwave,WMN-02984,3,2024-03-19 18:00:00,physical,11.4,False
HEAT-20240319-005,heatwave,DFR-01458,5,2024-03-20 06:00:00,physical,6.9,False
HEAT-20240319-005,heatwave,WMN-02815,5,2024-03-20 06:00:00,physical,21.7,False
HEAT-20240319-005,heatwave,WMN-03102,5,2024-03-20 06:00:00,physical,20.7,False
HEAT-20240319-005,heatwave,DSS-00348,7,2024-03-20 18:00:00,physical,34.2,False
HEAT-20240319-005,heatwave,WMN-03345,7,2024-03-20 18:00:00,physical,21.8,False
HEAT-20240319-005,heatwave,WMN-03283,9,2024-03-21 06:00:00,physical,10.6,False
HEAT-20240319-005,heatwave,WMN-02693,9,2024-03-21 06:00:00,physical,17.4,False
HEAT-20240319-005,heatwave,DSS-00394,10,2024-03-21 12:00:00,physical,29.1,False
HEAT-20240319-005,heatwave,DFR-01520,10,2024-03-21 12:00:00,physical,8.3,False
HEAT-20240319-005,heatwave,WMN-03322,10,2024-03-21 12:00:00,physical,25.6,False
HEAT-20240319-005,heatwave,WMN-02696,11,2024-03-21 18:00:00,physical,26.2,False
HEAT-20240319-005,heatwave,WMN-03224,11,2024-03-21 18:00:00,physical,24.2,False
HEAT-20240319-005,heatwave,WMN-02860,12,2024-03-22 00:00:00,physical,18.6,False
HEAT-20240319-005,heatwave,DSS-00080,14,2024-03-22 12:00:00,physical,37.5,False
HEAT-20240319-005,heatwave,WMN-03364,14,2024-03-22 12:00:00,physical,13.2,False
HEAT-20240319-005,heatwave,WMN-03393,14,2024-03-22 12:00:00,physical,21.2,False
HEAT-20240319-005,heatwave,DFR-01513,15,2024-03-22 18:00:00,physical,7.6,False
HEAT-20240319-005,heatwave,WMN-03378,17,2024-03-23 06:00:00,physical,16.8,False
HEAT-20240319-005,heatwave,DSS-00145,18,2024-03-23 12:00:00,physical,12.2,False
HEAT-20240319-005,heatwave,DSS-00294,18,2024-03-23 12:00:00,physical,31.8,False
HEAT-20240319-005,heatwave,DSS-00380,18,2024-03-23 12:00:00,physical,30.4,False
HEAT-20240319-005,heatwave,DFR-01872,18,2024-03-23 12:00:00,physical,12.0,False
HEAT-20240319-005,heatwave,PMP-02370,18,2024-03-23 12:00:00,physical,29.9,False
HEAT-20240319-005,heatwave,WMN-02945,18,2024-03-23 12:00:00,physical,22.5,False
HEAT-20240319-005,heatwave,DFR-01644,19,2024-03-23 18:00:00,physical,10.2,False
HEAT-20240319-005,heatwave,WMN-02776,19,2024-03-23 18:00:00,physical,15.7,False
HEAT-20240319-005,heatwave,WMN-03125,19,2024-03-23 18:00:00,physical,22.6,False
HEAT-20240319-005,heatwave,DFR-01707,20,2024-03-24 00:00:00,physical,6.4,False
HEAT-20240319-005,heatwave,DSS-00378,21,2024-03-24 06:00:00,physical,62.9,False
HEAT-20240319-005,heatwave,WMN-03203,21,2024-03-24 06:00:00,physical,12.1,False
HEAT-20240319-005,heatwave,WMN-03315,23,2024-03-24 18:00:00,physical,6.5,False
HEAT-20240319-005,heatwave,DFR-02007,25,2024-03-25 06:00:00,physical,7.6,False
HEAT-20240319-005,heatwave,WMN-02924,26,2024-03-25 12:00:00,physical,24.3,False
HEAT-20240319-005,heatwave,WMN-03257,26,2024-03-25 12:00:00,physical,19.0,False
HEAT-20240319-005,heatwave,DFR-01476,27,2024-03-25 18:00:00,physical,4.8,False
HEAT-20240319-005,heatwave,PMP-02332,27,2024-03-25 18:00:00,physical,32.1,False
HEAT-20240319-005,heatwave,WMN-03214,27,2024-03-25 18:00:00,physical,12.1,False
HEAT-20240319-005,heatwave,PMP-02343,18,2024-03-23 12:00:00,functional_power_loss,44.7,True
HEAT-20240319-005,heatwave,PMP-02354,0,2024-03-19 00:00:00,functional_power_loss,13.7,True
HEAT-20240319-005,heatwave,PMP-02478,0,2024-03-19 00:00:00,functional_power_loss,29.3,True
HEAT-20240319-005,heatwave,PMP-02501,2,2024-03-19 12:00:00,functional_power_loss,14.8,True
HEAT-20240319-005,heatwave,PMP-02415,7,2024-03-20 18:00:00,functional_power_loss,23.7,True
HEAT-20240319-005,heatwave,PMP-02308,18,2024-03-23 12:00:00,functional_power_loss,14.5,True
HEAT-20240319-005,heatwave,PMP-02362,10,2024-03-21 12:00:00,functional_power_loss,69.9,True
HEAT-20240306-006,heatwave,WMN-02916,0,2024-03-06 00:00:00,physical,5.6,False
HEAT-20240306-006,heatwave,WMN-02716,1,2024-03-06 06:00:00,physical,8.2,False
HEAT-20240306-006,heatwave,PMP-02343,2,2024-03-06 12:00:00,physical,14.4,False
HEAT-20240306-006,heatwave,TNK-02559,2,2024-03-06 12:00:00,physical,14.0,False
HEAT-20240306-006,heatwave,WMN-02932,2,2024-03-06 12:00:00,physical,11.0,False
HEAT-20240306-006,heatwave,WMN-03328,2,2024-03-06 12:00:00,physical,14.6,False
HEAT-20240306-006,heatwave,WMN-03101,3,2024-03-06 18:00:00,physical,14.9,False
HEAT-20240306-006,heatwave,WMN-03354,3,2024-03-06 18:00:00,physical,26.5,False
HEAT-20240306-006,heatwave,DFR-02007,4,2024-03-07 00:00:00,physical,12.2,False
HEAT-20240306-006,heatwave,WMN-02715,4,2024-03-07 00:00:00,physical,13.0,False
HEAT-20240306-006,heatwave,DFR-01423,5,2024-03-07 06:00:00,physical,4.9,False
HEAT-20240306-006,heatwave,WMN-02857,5,2024-03-07 06:00:00,physical,16.2,False
HEAT-20240306-006,heatwave,WMN-03375,6,2024-03-07 12:00:00,physical,21.1,False
HEAT-20240306-006,heatwave,WMN-03224,6,2024-03-07 12:00:00,physical,9.5,False
HEAT-20240306-006,heatwave,WMN-02949,6,2024-03-07 12:00:00,physical,20.6,False
HEAT-20240306-006,heatwave,WMN-02853,6,2024-03-07 12:00:00,physical,19.8,False
HEAT-20240306-006,heatwave,WMN-02821,6,2024-03-07 12:00:00,physical,14.4,False
HEAT-20240306-006,heatwave,TLS-00853,6,2024-03-07 12:00:00,physical,10.3,False
HEAT-20240306-006,heatwave,WMN-03444,7,2024-03-07 18:00:00,physical,20.1,False
HEAT-20240306-006,heatwave,DFR-01328,8,2024-03-08 00:00:00,physical,9.5,False
HEAT-20240306-006,heatwave,TNK-02534,8,2024-03-08 00:00:00,physical,16.6,False
HEAT-20240306-006,heatwave,DFR-01327,9,2024-03-08 06:00:00,physical,6.2,False
HEAT-20240306-006,heatwave,PMP-02332,9,2024-03-08 06:00:00,physical,14.6,False
HEAT-20240306-006,heatwave,DFR-01692,10,2024-03-08 12:00:00,physical,12.3,False
HEAT-20240306-006,heatwave,WMN-03075,10,2024-03-08 12:00:00,physical,12.5,False
HEAT-20240306-006,heatwave,WMN-03378,10,2024-03-08 12:00:00,physical,13.0,False
HEAT-20240306-006,heatwave,TLS-00700,11,2024-03-08 18:00:00,physical,8.4,False
HEAT-20240306-006,heatwave,WMN-03157,11,2024-03-08 18:00:00,physical,27.1,False
HEAT-20240306-006,heatwave,WMN-02997,12,2024-03-09 00:00:00,physical,15.2,False
HEAT-20240306-006,heatwave,WMN-02786,12,2024-03-09 00:00:00,physical,9.5,False
HEAT-20240306-006,heatwave,WMN-02775,13,2024-03-09 06:00:00,physical,11.0,False
HEAT-20240306-006,heatwave,WMN-03429,13,2024-03-09 06:00:00,physical,35.9,False
HEAT-20240306-006,heatwave,DSS-00183,14,2024-03-09 12:00:00,physical,42.4,False
HEAT-20240306-006,heatwave,WMN-03322,14,2024-03-09 12:00:00,physical,16.3,False
HEAT-20240306-006,heatwave,TLS-01199,15,2024-03-09 18:00:00,physical,14.8,False
HEAT-20240306-006,heatwave,WMN-02776,17,2024-03-10 06:00:00,physical,18.0,False
HEAT-20240306-006,heatwave,WMN-03058,18,2024-03-10 12:00:00,physical,14.7,False
HEAT-20240306-006,heatwave,DFR-01439,20,2024-03-11 00:00:00,physical,9.5,False
HEAT-20240306-006,heatwave,WMN-03092,20,2024-03-11 00:00:00,physical,19.3,False
HEAT-20240306-006,heatwave,WMN-03109,21,2024-03-11 06:00:00,physical,14.8,False
HEAT-20240306-006,heatwave,WMN-03079,21,2024-03-11 06:00:00,physical,24.8,False
HEAT-20240306-006,heatwave,WMN-02720,21,2024-03-11 06:00:00,physical,16.0,False
HEAT-20240306-006,heatwave,WMN-02812,21,2024-03-11 06:00:00,physical,21.0,False
HEAT-20240306-006,heatwave,WMN-03203,22,2024-03-11 12:00:00,physical,33.6,False
HEAT-20240306-006,heatwave,TSS-00055,23,2024-03-11 18:00:00,physical,43.7,False
HEAT-20240306-006,heatwave,RCL-02061,23,2024-03-11 18:00:00,physical,8.9,False
HEAT-20240306-006,heatwave,WMN-02869,23,2024-03-11 18:00:00,physical,15.6,False
HEAT-20240306-006,heatwave,WMN-03215,23,2024-03-11 18:00:00,physical,13.7,False
HEAT-20240306-006,heatwave,DFR-01825,24,2024-03-12 00:00:00,physical,6.5,False
HEAT-20240306-006,heatwave,WMN-02787,25,2024-03-12 06:00:00,physical,21.6,False
HEAT-20240306-006,heatwave,WMN-03123,25,2024-03-12 06:00:00,physical,11.4,False
HEAT-20240306-006,heatwave,WMN-03345,26,2024-03-12 12:00:00,physical,18.0,False
HEAT-20240306-006,heatwave,DFR-01397,27,2024-03-12 18:00:00,physical,11.7,False
HEAT-20240306-006,heatwave,WMN-02721,27,2024-03-12 18:00:00,physical,31.8,False
HEAT-20240114-007,heatwave,PMP-02268,2,2024-01-14 12:00:00,physical,11.5,False
HEAT-20240114-007,heatwave,WMN-02776,2,2024-01-14 12:00:00,physical,17.7,False
HEAT-20240114-007,heatwave,DSS-00093,6,2024-01-15 12:00:00,physical,30.2,False
HEAT-20240114-007,heatwave,PMP-02402,6,2024-01-15 12:00:00,physical,30.5,False
HEAT-20240114-007,heatwave,PMP-02434,6,2024-01-15 12:00:00,physical,18.7,False
HEAT-20240114-007,heatwave,WMN-02736,6,2024-01-15 12:00:00,physical,42.3,False
HEAT-20240114-007,heatwave,WMN-02979,6,2024-01-15 12:00:00,physical,21.3,False
HEAT-20240114-007,heatwave,WMN-03154,6,2024-01-15 12:00:00,physical,10.4,False
HEAT-20240114-007,heatwave,WMN-03322,6,2024-01-15 12:00:00,physical,15.9,False
HEAT-20240114-007,heatwave,WMN-02810,7,2024-01-15 18:00:00,physical,22.0,False
HEAT-20240114-007,heatwave,TLS-00593,8,2024-01-16 00:00:00,physical,13.7,False
HEAT-20240114-007,heatwave,WMN-03214,8,2024-01-16 00:00:00,physical,18.1,False
HEAT-20240114-007,heatwave,WMN-03456,8,2024-01-16 00:00:00,physical,19.3,False
HEAT-20240114-007,heatwave,TSS-00053,10,2024-01-16 12:00:00,physical,15.2,False
HEAT-20240114-007,heatwave,DSS-00106,10,2024-01-16 12:00:00,physical,13.4,False
HEAT-20240114-007,heatwave,DSS-00145,10,2024-01-16 12:00:00,physical,28.1,False
HEAT-20240114-007,heatwave,DSS-00181,10,2024-01-16 12:00:00,physical,25.8,False
HEAT-20240114-007,heatwave,DSS-00348,10,2024-01-16 12:00:00,physical,24.5,False
HEAT-20240114-007,heatwave,DSS-00398,10,2024-01-16 12:00:00,physical,24.9,False
HEAT-20240114-007,heatwave,PMP-02479,10,2024-01-16 12:00:00,physical,22.7,False
HEAT-20240114-007,heatwave,WMN-02812,11,2024-01-16 18:00:00,physical,24.3,False
HEAT-20240114-007,heatwave,WMN-03191,13,2024-01-17 06:00:00,physical,13.2,False
HEAT-20240114-007,heatwave,PMP-02265,14,2024-01-17 12:00:00,physical,20.5,False
HEAT-20240114-007,heatwave,DSS-00364,14,2024-01-17 12:00:00,physical,22.6,False
HEAT-20240114-007,heatwave,DSS-00358,14,2024-01-17 12:00:00,physical,18.9,False
HEAT-20240114-007,heatwave,RCL-02023,14,2024-01-17 12:00:00,physical,7.5,False
HEAT-20240114-007,heatwave,DSS-00153,14,2024-01-17 12:00:00,physical,26.0,False
HEAT-20240114-007,heatwave,DSS-00306,14,2024-01-17 12:00:00,physical,45.7,False
HEAT-20240114-007,heatwave,PMP-02431,15,2024-01-17 18:00:00,physical,33.5,False
HEAT-20240114-007,heatwave,DSS-00329,16,2024-01-18 00:00:00,physical,30.6,False
HEAT-20240114-007,heatwave,DFR-01877,16,2024-01-18 00:00:00,physical,9.2,False
HEAT-20240114-007,heatwave,WMN-03102,17,2024-01-18 06:00:00,physical,13.2,False
HEAT-20240114-007,heatwave,DSS-00080,18,2024-01-18 12:00:00,physical,34.3,False
HEAT-20240114-007,heatwave,DSS-00336,18,2024-01-18 12:00:00,physical,22.9,False
HEAT-20240114-007,heatwave,DSS-00394,18,2024-01-18 12:00:00,physical,31.1,False
HEAT-20240114-007,heatwave,WMN-03224,19,2024-01-18 18:00:00,physical,22.7,False
HEAT-20240114-007,heatwave,WMN-02859,19,2024-01-18 18:00:00,physical,19.9,False
HEAT-20240114-007,heatwave,WMN-02759,19,2024-01-18 18:00:00,physical,17.7,False
HEAT-20240114-007,heatwave,PMP-02271,19,2024-01-18 18:00:00,physical,37.0,False
HEAT-20240114-007,heatwave,DSS-00265,20,2024-01-19 00:00:00,physical,27.0,False
HEAT-20240114-007,heatwave,PMP-02469,21,2024-01-19 06:00:00,physical,40.3,False
HEAT-20240114-007,heatwave,WMN-02947,22,2024-01-19 12:00:00,physical,13.7,False
HEAT-20240114-007,heatwave,PMP-02306,23,2024-01-19 18:00:00,physical,22.2,False
HEAT-20240114-007,heatwave,WMN-02769,23,2024-01-19 18:00:00,physical,27.4,False
HEAT-20240114-007,heatwave,WMN-03145,23,2024-01-19 18:00:00,physical,17.5,False
HEAT-20240114-007,heatwave,WMN-03283,23,2024-01-19 18:00:00,physical,12.1,False
HEAT-20240114-007,heatwave,WMN-03269,24,2024-01-20 00:00:00,physical,12.3,False
HEAT-20240114-007,heatwave,WMN-03289,24,2024-01-20 00:00:00,physical,22.6,False
HEAT-20240114-007,heatwave,TLS-01219,25,2024-01-20 06:00:00,physical,12.3,False
HEAT-20240114-007,heatwave,DFR-01514,26,2024-01-20 12:00:00,physical,9.8,False
HEAT-20240114-007,heatwave,WMN-03341,27,2024-01-20 18:00:00,physical,12.7,False
HEAT-20240114-007,heatwave,PMP-02343,22,2024-01-19 12:00:00,functional_power_loss,26.0,True
HEAT-20240114-007,heatwave,WTP-02220,11,2024-01-16 18:00:00,functional_power_loss,37.4,True
HEAT-20240114-007,heatwave,PMP-02295,14,2024-01-17 12:00:00,functional_power_loss,37.1,True
HEAT-20240114-007,heatwave,PMP-02314,10,2024-01-16 12:00:00,functional_power_loss,37.7,True
HEAT-20240114-007,heatwave,WTP-02214,10,2024-01-16 12:00:00,functional_power_loss,51.6,True
HEAT-20240114-007,heatwave,PMP-02254,20,2024-01-19 00:00:00,functional_power_loss,28.4,True
HEAT-20240114-007,heatwave,PMP-02415,10,2024-01-16 12:00:00,functional_power_loss,41.7,True
HEAT-20240114-007,heatwave,PMP-02297,18,2024-01-18 12:00:00,functional_power_loss,21.0,True
HEAT-20240114-007,heatwave,PMP-02422,14,2024-01-17 12:00:00,functional_power_loss,28.3,True
HEAT-20240114-007,heatwave,PMP-02362,18,2024-01-18 12:00:00,functional_power_loss,21.6,True
INLA-20240515-008,inland_flood,DSS-00080,2,2024-05-15 12:00:00,physical,17.1,False
INLA-20240515-008,inland_flood,WMN-03177,2,2024-05-15 12:00:00,physical,12.1,False
INLA-20240515-008,inland_flood,WMN-03429,2,2024-05-15 12:00:00,physical,17.8,False
INLA-20240515-008,inland_flood,PMP-02268,3,2024-05-15 18:00:00,physical,13.6,False
INLA-20240515-008,inland_flood,DFR-01495,5,2024-05-16 06:00:00,physical,8.3,False
INLA-20240515-008,inland_flood,WMN-03075,5,2024-05-16 06:00:00,physical,33.2,False
INLA-20240420-009,inland_flood,DSS-00352,1,2024-04-20 06:00:00,physical,16.8,False
INLA-20240420-009,inland_flood,DFR-01551,1,2024-04-20 06:00:00,physical,10.5,False
INLA-20240420-009,inland_flood,DFR-01936,1,2024-04-20 06:00:00,physical,9.2,False
INLA-20240420-009,inland_flood,WMN-03322,1,2024-04-20 06:00:00,physical,37.0,False
INLA-20240420-009,inland_flood,DFR-01664,2,2024-04-20 12:00:00,physical,8.9,False
INLA-20240420-009,inland_flood,DSS-00079,3,2024-04-20 18:00:00,physical,27.3,False
INLA-20240420-009,inland_flood,DFR-01776,3,2024-04-20 18:00:00,physical,6.0,False
INLA-20240420-009,inland_flood,DFR-01959,3,2024-04-20 18:00:00,physical,12.2,False
INLA-20240420-009,inland_flood,WMN-02815,3,2024-04-20 18:00:00,physical,10.7,False
INLA-20240420-009,inland_flood,WMN-02967,3,2024-04-20 18:00:00,physical,15.1,False
INLA-20240420-009,inland_flood,DFR-01758,4,2024-04-21 00:00:00,physical,11.1,False
INLA-20240420-009,inland_flood,DFR-01952,4,2024-04-21 00:00:00,physical,4.2,False
INLA-20240420-009,inland_flood,WMN-03475,5,2024-04-21 06:00:00,physical,11.2,False
INLA-20240525-010,inland_flood,DFR-01691,1,2024-05-25 06:00:00,physical,4.4,False
INLA-20240525-010,inland_flood,WMN-03031,2,2024-05-25 12:00:00,physical,6.2,False
INLA-20240525-010,inland_flood,WMN-03214,2,2024-05-25 12:00:00,physical,9.6,False
INLA-20240525-010,inland_flood,PMP-02260,3,2024-05-25 18:00:00,physical,11.1,False
INLA-20240525-010,inland_flood,TSS-00032,4,2024-05-26 00:00:00,physical,34.3,False
INLA-20240525-010,inland_flood,PMP-02266,4,2024-05-26 00:00:00,physical,12.0,False
INLA-20240525-010,inland_flood,WMN-02782,4,2024-05-26 00:00:00,physical,9.0,False
INLA-20240525-010,inland_flood,WMN-02812,4,2024-05-26 00:00:00,physical,11.0,False
INLA-20240525-010,inland_flood,WMN-02840,4,2024-05-26 00:00:00,physical,16.3,False
INLA-20240525-010,inland_flood,WMN-03029,4,2024-05-26 00:00:00,physical,13.7,False
INLA-20240525-010,inland_flood,WMN-03124,4,2024-05-26 00:00:00,physical,16.9,False
INLA-20240525-010,inland_flood,WMN-03428,4,2024-05-26 00:00:00,physical,17.2,False
INLA-20240525-010,inland_flood,WMN-02783,5,2024-05-26 06:00:00,physical,5.9,False
INLA-20240328-011,inland_flood,WMN-02706,0,2024-03-28 00:00:00,physical,14.5,False
INLA-20240328-011,inland_flood,WMN-03345,0,2024-03-28 00:00:00,physical,11.0,False
INLA-20240328-011,inland_flood,DFR-01520,1,2024-03-28 06:00:00,physical,4.5,False
INLA-20240328-011,inland_flood,WMN-02945,1,2024-03-28 06:00:00,physical,11.6,False
INLA-20240328-011,inland_flood,WMN-03228,1,2024-03-28 06:00:00,physical,9.2,False
INLA-20240328-011,inland_flood,WMN-03194,2,2024-03-28 12:00:00,physical,29.8,False
INLA-20240328-011,inland_flood,DFR-01866,3,2024-03-28 18:00:00,physical,6.2,False
INLA-20240328-011,inland_flood,PMP-02354,3,2024-03-28 18:00:00,physical,22.2,False
INLA-20240328-011,inland_flood,PMP-02405,3,2024-03-28 18:00:00,physical,24.9,False
INLA-20240328-011,inland_flood,DFR-01605,4,2024-03-29 00:00:00,physical,23.3,False
INLA-20240328-011,inland_flood,WMN-03383,4,2024-03-29 00:00:00,physical,10.9,False
INLA-20240505-012,inland_flood,DSS-00206,0,2024-05-05 00:00:00,physical,14.4,False
INLA-20240505-012,inland_flood,WMN-03156,1,2024-05-05 06:00:00,physical,15.7,False
INLA-20240505-012,inland_flood,DFR-01462,2,2024-05-05 12:00:00,physical,9.7,False
INLA-20240505-012,inland_flood,WMN-02788,2,2024-05-05 12:00:00,physical,8.4,False
INLA-20240505-012,inland_flood,WMN-02840,3,2024-05-05 18:00:00,physical,8.8,False
INLA-20240505-012,inland_flood,DFR-01728,4,2024-05-06 00:00:00,physical,4.3,False
INLA-20240505-012,inland_flood,WMN-02821,4,2024-05-06 00:00:00,physical,16.6,False
INLA-20240505-012,inland_flood,WMN-02916,4,2024-05-06 00:00:00,physical,33.5,False
INLA-20240505-012,inland_flood,WMN-02972,4,2024-05-06 00:00:00,physical,15.6,False
INLA-20240505-012,inland_flood,DFR-01573,5,2024-05-06 06:00:00,physical,11.4,False
INLA-20240505-012,inland_flood,WMN-02716,5,2024-05-06 06:00:00,physical,7.8,False
INLA-20240505-012,inland_flood,WMN-02926,5,2024-05-06 06:00:00,physical,17.3,False
INLA-20240202-013,inland_flood,WMN-02859,0,2024-02-02 00:00:00,physical,13.2,False
INLA-20240202-013,inland_flood,TLS-00910,2,2024-02-02 12:00:00,physical,6.2,False
INLA-20240202-013,inland_flood,WMN-02812,3,2024-02-02 18:00:00,physical,15.7,False
INLA-20240202-013,inland_flood,WMN-02683,4,2024-02-03 00:00:00,physical,15.8,False
INLA-20240202-013,inland_flood,WMN-02775,5,2024-02-03 06:00:00,physical,20.8,False
WILD-20231019-014,wildfire,DFR-01324,0,2023-10-19 00:00:00,physical,16.3,False
WILD-20231019-014,wildfire,DFR-01375,0,2023-10-19 00:00:00,physical,6.0,False
WILD-20231019-014,wildfire,DFR-01474,0,2023-10-19 00:00:00,physical,9.8,False
WILD-20231019-014,wildfire,DFR-01664,0,2023-10-19 00:00:00,physical,15.8,False
WILD-20231019-014,wildfire,DFR-01730,0,2023-10-19 00:00:00,physical,6.2,False
WILD-20231019-014,wildfire,DFR-01731,0,2023-10-19 00:00:00,physical,3.6,False
WILD-20231019-014,wildfire,DFR-01814,0,2023-10-19 00:00:00,physical,9.5,False
WILD-20231019-014,wildfire,DFR-01856,0,2023-10-19 00:00:00,physical,8.6,False
WILD-20231019-014,wildfire,DFR-01941,1,2023-10-19 06:00:00,physical,6.5,False
WILD-20231019-014,wildfire,DFR-01937,1,2023-10-19 06:00:00,physical,8.2,False
WILD-20231019-014,wildfire,DFR-01926,1,2023-10-19 06:00:00,physical,8.0,False
WILD-20231019-014,wildfire,DFR-01875,1,2023-10-19 06:00:00,physical,9.3,False
WILD-20231019-014,wildfire,DFR-01752,1,2023-10-19 06:00:00,physical,15.2,False
WILD-20231019-014,wildfire,DFR-01620,1,2023-10-19 06:00:00,physical,8.1,False
WILD-20231019-014,wildfire,DFR-01557,1,2023-10-19 06:00:00,physical,8.4,False
WILD-20231019-014,wildfire,DFR-01509,1,2023-10-19 06:00:00,physical,5.5,False
WILD-20231019-014,wildfire,DFR-01476,1,2023-10-19 06:00:00,physical,10.5,False
WILD-20231019-014,wildfire,DFR-01425,1,2023-10-19 06:00:00,physical,8.4,False
WILD-20231019-014,wildfire,TLS-00812,1,2023-10-19 06:00:00,physical,21.1,False
WILD-20231019-014,wildfire,DFR-01728,1,2023-10-19 06:00:00,physical,6.7,False
WILD-20231019-014,wildfire,DFR-01767,2,2023-10-19 12:00:00,physical,11.3,False
WILD-20231019-014,wildfire,WMN-03154,2,2023-10-19 12:00:00,physical,13.9,False
WILD-20231019-014,wildfire,DFR-01839,2,2023-10-19 12:00:00,physical,10.4,False
WILD-20231019-014,wildfire,DFR-01802,2,2023-10-19 12:00:00,physical,6.1,False
WILD-20231019-014,wildfire,DFR-01716,2,2023-10-19 12:00:00,physical,5.5,False
WILD-20231019-014,wildfire,DFR-01633,2,2023-10-19 12:00:00,physical,4.9,False
WILD-20231019-014,wildfire,DFR-01472,2,2023-10-19 12:00:00,physical,4.6,False
WILD-20231019-014,wildfire,DFR-01439,2,2023-10-19 12:00:00,physical,12.8,False
WILD-20231019-014,wildfire,TLS-00910,2,2023-10-19 12:00:00,physical,8.5,False
WILD-20231019-014,wildfire,TLS-00430,2,2023-10-19 12:00:00,physical,8.5,False
WILD-20231019-014,wildfire,DFR-01952,3,2023-10-19 18:00:00,physical,11.8,False
WILD-20231019-014,wildfire,DFR-01931,3,2023-10-19 18:00:00,physical,16.7,False
WILD-20231019-014,wildfire,DFR-01866,3,2023-10-19 18:00:00,physical,7.6,False
WILD-20231019-014,wildfire,DFR-01702,3,2023-10-19 18:00:00,physical,5.4,False
WILD-20231019-014,wildfire,DFR-01441,3,2023-10-19 18:00:00,physical,5.2,False
WILD-20231019-014,wildfire,DFR-01377,3,2023-10-19 18:00:00,physical,8.8,False
WILD-20231019-014,wildfire,DFR-01334,3,2023-10-19 18:00:00,physical,13.6,False
WILD-20231019-014,wildfire,DFR-01318,3,2023-10-19 18:00:00,physical,12.1,False
WILD-20231019-014,wildfire,TLS-01082,3,2023-10-19 18:00:00,physical,3.9,False
WILD-20231019-014,wildfire,DSS-00258,3,2023-10-19 18:00:00,physical,46.7,False
WILD-20231019-014,wildfire,DFR-01981,4,2023-10-20 00:00:00,physical,6.6,False
WILD-20231019-014,wildfire,DFR-01939,4,2023-10-20 00:00:00,physical,11.2,False
WILD-20231019-014,wildfire,DFR-01644,4,2023-10-20 00:00:00,physical,27.6,False
WILD-20231019-014,wildfire,DFR-01581,4,2023-10-20 00:00:00,physical,3.9,False
WILD-20231019-014,wildfire,DFR-01625,4,2023-10-20 00:00:00,physical,23.3,False
WILD-20231019-014,wildfire,DFR-01593,4,2023-10-20 00:00:00,physical,4.3,False
WILD-20231019-014,wildfire,DFR-01555,4,2023-10-20 00:00:00,physical,14.8,False
WILD-20231019-014,wildfire,DFR-01536,4,2023-10-20 00:00:00,physical,4.8,False
WILD-20231019-014,wildfire,DFR-01520,4,2023-10-20 00:00:00,physical,16.6,False
WILD-20231019-014,wildfire,DFR-01901,5,2023-10-20 06:00:00,physical,7.9,False
WILD-20231019-014,wildfire,DFR-01514,5,2023-10-20 06:00:00,physical,7.1,False
WILD-20231019-014,wildfire,DFR-01477,5,2023-10-20 06:00:00,physical,8.5,False
WILD-20231019-014,wildfire,DFR-01438,5,2023-10-20 06:00:00,physical,17.6,False
WILD-20231019-014,wildfire,TLS-01306,5,2023-10-20 06:00:00,physical,7.6,False
WILD-20231019-014,wildfire,TLS-01128,5,2023-10-20 06:00:00,physical,16.7,False
WILD-20231019-014,wildfire,TLS-00826,5,2023-10-20 06:00:00,physical,15.9,False
WILD-20231019-014,wildfire,DFR-01772,6,2023-10-20 12:00:00,physical,5.9,False
WILD-20231019-014,wildfire,TLS-00758,6,2023-10-20 12:00:00,physical,17.5,False
WILD-20231019-014,wildfire,DSS-00080,6,2023-10-20 12:00:00,physical,22.1,False
WILD-20231019-014,wildfire,DFR-01820,7,2023-10-20 18:00:00,physical,10.1,False
WILD-20231019-014,wildfire,DFR-01783,7,2023-10-20 18:00:00,physical,8.9,False
WILD-20231019-014,wildfire,DFR-01908,7,2023-10-20 18:00:00,physical,12.6,False
WILD-20231019-014,wildfire,PMP-02301,3,2023-10-19 18:00:00,functional_power_loss,9.1,True
WILD-20231008-015,wildfire,DFR-01397,0,2023-10-08 00:00:00,physical,13.1,False
WILD-20231008-015,wildfire,DFR-01507,0,2023-10-08 00:00:00,physical,9.8,False
WILD-20231008-015,wildfire,DFR-01551,0,2023-10-08 00:00:00,physical,16.5,False
WILD-20231008-015,wildfire,DFR-01586,0,2023-10-08 00:00:00,physical,7.7,False
WILD-20231008-015,wildfire,DFR-01654,0,2023-10-08 00:00:00,physical,12.0,False
WILD-20231008-015,wildfire,DFR-01664,0,2023-10-08 00:00:00,physical,10.1,False
WILD-20231008-015,wildfire,DFR-01681,0,2023-10-08 00:00:00,physical,9.6,False
WILD-20231008-015,wildfire,RCL-02122,0,2023-10-08 00:00:00,physical,7.9,False
WILD-20231008-015,wildfire,RCL-02128,0,2023-10-08 00:00:00,physical,7.2,False
WILD-20231008-015,wildfire,DFR-01928,1,2023-10-08 06:00:00,physical,11.0,False
WILD-20231008-015,wildfire,DFR-01904,1,2023-10-08 06:00:00,physical,12.2,False
WILD-20231008-015,wildfire,DFR-01763,1,2023-10-08 06:00:00,physical,7.1,False
WILD-20231008-015,wildfire,DFR-01936,1,2023-10-08 06:00:00,physical,11.2,False
WILD-20231008-015,wildfire,DFR-01514,1,2023-10-08 06:00:00,physical,11.9,False
WILD-20231008-015,wildfire,WMN-02750,2,2023-10-08 12:00:00,physical,9.6,False
WILD-20231008-015,wildfire,RCL-02126,2,2023-10-08 12:00:00,physical,7.5,False
WILD-20231008-015,wildfire,DFR-01941,2,2023-10-08 12:00:00,physical,12.5,False
WILD-20231008-015,wildfire,DFR-01898,2,2023-10-08 12:00:00,physical,3.5,False
WILD-20231008-015,wildfire,DFR-01402,2,2023-10-08 12:00:00,physical,6.9,False
WILD-20231008-015,wildfire,TLS-01120,2,2023-10-08 12:00:00,physical,5.4,False
WILD-20231008-015,wildfire,TLS-00967,2,2023-10-08 12:00:00,physical,9.8,False
WILD-20231008-015,wildfire,DFR-01550,2,2023-10-08 12:00:00,physical,5.3,False
WILD-20231008-015,wildfire,DFR-01991,3,2023-10-08 18:00:00,physical,6.9,False
WILD-20231008-015,wildfire,WMN-03154,3,2023-10-08 18:00:00,physical,20.3,False
WILD-20231008-015,wildfire,RCL-02100,3,2023-10-08 18:00:00,physical,9.8,False
WILD-20231008-015,wildfire,DFR-02007,3,2023-10-08 18:00:00,physical,5.6,False
WILD-20231008-015,wildfire,WMN-02841,3,2023-10-08 18:00:00,physical,21.5,False
WILD-20231008-015,wildfire,DFR-01451,3,2023-10-08 18:00:00,physical,6.5,False
WILD-20231008-015,wildfire,DFR-01770,3,2023-10-08 18:00:00,physical,5.7,False
WILD-20231008-015,wildfire,TLS-00863,3,2023-10-08 18:00:00,physical,11.0,False
WILD-20231008-015,wildfire,DFR-01405,4,2023-10-09 00:00:00,physical,15.4,False
WILD-20231008-015,wildfire,DFR-01905,4,2023-10-09 00:00:00,physical,6.7,False
WILD-20231008-015,wildfire,TNK-02596,4,2023-10-09 00:00:00,physical,5.3,False
WILD-20231008-015,wildfire,WMN-03139,5,2023-10-09 06:00:00,physical,19.4,False
WILD-20231008-015,wildfire,WMN-02716,5,2023-10-09 06:00:00,physical,17.2,False
WILD-20231008-015,wildfire,PMP-02292,5,2023-10-09 06:00:00,physical,23.0,False
WILD-20231008-015,wildfire,DFR-01650,5,2023-10-09 06:00:00,physical,5.4,False
WILD-20231008-015,wildfire,DFR-01571,5,2023-10-09 06:00:00,physical,9.4,False
WILD-20231008-015,wildfire,DFR-01798,5,2023-10-09 06:00:00,physical,9.7,False
WILD-20231008-015,wildfire,WMN-03345,6,2023-10-09 12:00:00,physical,16.8,False
WILD-20231008-015,wildfire,WMN-03075,6,2023-10-09 12:00:00,physical,16.3,False
WILD-20231008-015,wildfire,WMN-02703,6,2023-10-09 12:00:00,physical,21.5,False
WILD-20231008-015,wildfire,DFR-01758,6,2023-10-09 12:00:00,physical,7.6,False
WILD-20231008-015,wildfire,DFR-01446,6,2023-10-09 12:00:00,physical,8.0,False
WILD-20231008-015,wildfire,DFR-01697,6,2023-10-09 12:00:00,physical,7.1,False
WILD-20231008-015,wildfire,DFR-01691,6,2023-10-09 12:00:00,physical,9.1,False
WILD-20231008-015,wildfire,DFR-01502,6,2023-10-09 12:00:00,physical,15.9,False
WILD-20231008-015,wildfire,DFR-01749,6,2023-10-09 12:00:00,physical,4.0,False
WILD-20231008-015,wildfire,DFR-01675,7,2023-10-09 18:00:00,physical,6.7,False
WILD-20231008-015,wildfire,DFR-01351,7,2023-10-09 18:00:00,physical,10.7,False
WILD-20231008-015,wildfire,DFR-01477,7,2023-10-09 18:00:00,physical,13.2,False
WILD-20231008-015,wildfire,DFR-01657,7,2023-10-09 18:00:00,physical,6.2,False
WILD-20231008-015,wildfire,WMN-02945,7,2023-10-09 18:00:00,physical,22.3,False
WILD-20240303-016,wildfire,TLS-00772,0,2024-03-03 00:00:00,physical,11.0,False
WILD-20240303-016,wildfire,DFR-01321,0,2024-03-03 00:00:00,physical,6.1,False
WILD-20240303-016,wildfire,DFR-01493,0,2024-03-03 00:00:00,physical,5.9,False
WILD-20240303-016,wildfire,DSS-00365,1,2024-03-03 06:00:00,physical,13.5,False
WILD-20240303-016,wildfire,DFR-01480,1,2024-03-03 06:00:00,physical,3.5,False
WILD-20240303-016,wildfire,RCL-02092,1,2024-03-03 06:00:00,physical,5.0,False
WILD-20240303-016,wildfire,WMN-02685,1,2024-03-03 06:00:00,physical,28.3,False
WILD-20240303-016,wildfire,WMN-02859,1,2024-03-03 06:00:00,physical,18.6,False
WILD-20240303-016,wildfire,WMN-03283,1,2024-03-03 06:00:00,physical,20.8,False
WILD-20240303-016,wildfire,DFR-01812,2,2024-03-03 12:00:00,physical,15.4,False
WILD-20240303-016,wildfire,RCL-02142,2,2024-03-03 12:00:00,physical,14.8,False
WILD-20240303-016,wildfire,WMN-02946,2,2024-03-03 12:00:00,physical,9.2,False
WILD-20240303-016,wildfire,WMN-02854,3,2024-03-03 18:00:00,physical,13.5,False
WILD-20240303-016,wildfire,PMP-02431,3,2024-03-03 18:00:00,physical,19.0,False
WILD-20240303-016,wildfire,WMN-02805,3,2024-03-03 18:00:00,physical,20.1,False
WILD-20240303-016,wildfire,DFR-01789,3,2024-03-03 18:00:00,physical,6.0,False
WILD-20240303-016,wildfire,PMP-02397,3,2024-03-03 18:00:00,physical,24.8,False
WILD-20240303-016,wildfire,TLS-01294,4,2024-03-04 00:00:00,physical,13.9,False
WILD-20240303-016,wildfire,DFR-01758,4,2024-03-04 00:00:00,physical,7.9,False
WILD-20240303-016,wildfire,WMN-03315,4,2024-03-04 00:00:00,physical,18.4,False
WILD-20240303-016,wildfire,WMN-03372,4,2024-03-04 00:00:00,physical,18.6,False
WILD-20240303-016,wildfire,DFR-01871,5,2024-03-04 06:00:00,physical,7.4,False
WILD-20240303-016,wildfire,DFR-01548,5,2024-03-04 06:00:00,physical,7.3,False
WILD-20240303-016,wildfire,DFR-01776,5,2024-03-04 06:00:00,physical,5.1,False
WILD-20240303-016,wildfire,DFR-01633,6,2024-03-04 12:00:00,physical,6.4,False
WILD-20240303-016,wildfire,DFR-01763,6,2024-03-04 12:00:00,physical,6.1,False
WILD-20240303-016,wildfire,DFR-01936,6,2024-03-04 12:00:00,physical,20.4,False
WILD-20240303-016,wildfire,RCL-02140,6,2024-03-04 12:00:00,physical,6.3,False
WILD-20240303-016,wildfire,DFR-01507,7,2024-03-04 18:00:00,physical,7.6,False
WILD-20240303-016,wildfire,DFR-01433,7,2024-03-04 18:00:00,physical,7.3,False
WILD-20240303-016,wildfire,DFR-01762,7,2024-03-04 18:00:00,physical,6.0,False
WILD-20240303-016,wildfire,PMP-02310,1,2024-03-03 06:00:00,functional_power_loss,21.0,True
BASE-20240429-017,baseline,WMN-02969,0,2024-04-29 00:00:00,physical,8.9,False
BASE-20240429-017,baseline,TLS-00506,1,2024-04-29 06:00:00,physical,10.2,False
BASE-20240429-017,baseline,DFR-01402,1,2024-04-29 06:00:00,physical,7.7,False
BASE-20240429-017,baseline,WMN-02815,1,2024-04-29 06:00:00,physical,13.6,False
BASE-20240429-017,baseline,WMN-03303,1,2024-04-29 06:00:00,physical,9.7,False
BASE-20240429-017,baseline,PMP-02396,2,2024-04-29 12:00:00,physical,22.8,False
BASE-20240429-017,baseline,WMN-02945,2,2024-04-29 12:00:00,physical,16.4,False
BASE-20240429-017,baseline,WMN-03154,2,2024-04-29 12:00:00,physical,18.1,False
BASE-20240429-017,baseline,WMN-03173,2,2024-04-29 12:00:00,physical,18.3,False
BASE-20240429-017,baseline,WMN-03315,2,2024-04-29 12:00:00,physical,5.1,False
BASE-20240429-017,baseline,WMN-02776,3,2024-04-29 18:00:00,physical,7.9,False
BASE-20240429-017,baseline,WMN-02905,3,2024-04-29 18:00:00,physical,11.5,False
BASE-20240517-018,baseline,WMN-02676,1,2024-05-17 06:00:00,physical,15.3,False
BASE-20240517-018,baseline,WMN-02896,1,2024-05-17 06:00:00,physical,19.2,False
BASE-20240517-018,baseline,WMN-02853,2,2024-05-17 12:00:00,physical,29.2,False
BASE-20240517-018,baseline,WMN-02926,3,2024-05-17 18:00:00,physical,11.2,False
BASE-20240228-019,baseline,WMN-03299,0,2024-02-28 00:00:00,physical,9.3,False
BASE-20240228-019,baseline,WMN-03191,2,2024-02-28 12:00:00,physical,15.0,False
BASE-20240228-019,baseline,DFR-01928,3,2024-02-28 18:00:00,physical,6.5,False
BASE-20240228-019,baseline,WMN-02995,3,2024-02-28 18:00:00,physical,23.7,False
BASE-20240708-020,baseline,WMN-03154,0,2024-07-08 00:00:00,physical,10.5,False
BASE-20240708-020,baseline,WMN-02905,1,2024-07-08 06:00:00,physical,9.0,False
BASE-20240708-020,baseline,DSS-00240,2,2024-07-08 12:00:00,physical,28.9,False
BASE-20240708-020,baseline,DFR-01511,3,2024-07-08 18:00:00,physical,3.9,False
BASE-20230826-021,baseline,DFR-01772,0,2023-08-26 00:00:00,physical,6.3,False
BASE-20230826-021,baseline,DFR-01579,1,2023-08-26 06:00:00,physical,5.9,False
BASE-20230826-021,baseline,WMN-03102,1,2023-08-26 06:00:00,physical,16.9,False
BASE-20230826-021,baseline,DFR-01686,3,2023-08-26 18:00:00,physical,5.3,False
BASE-20230826-021,baseline,WMN-02815,3,2023-08-26 18:00:00,physical,20.1,False
BASE-20240306-022,baseline,DSS-00236,0,2024-03-06 00:00:00,physical,17.3,False
BASE-20240306-022,baseline,WMN-03315,2,2024-03-06 12:00:00,physical,16.6,False
BASE-20240306-022,baseline,PMP-02312,0,2024-03-06 00:00:00,functional_power_loss,24.5,True
BASE-20240306-022,baseline,WTP-02216,0,2024-03-06 00:00:00,functional_power_loss,21.3,True
BASE-20231028-023,baseline,WMN-03243,0,2023-10-28 00:00:00,physical,13.9,False
BASE-20231028-023,baseline,DSS-00159,1,2023-10-28 06:00:00,physical,13.1,False
BASE-20231028-023,baseline,WMN-03107,1,2023-10-28 06:00:00,physical,21.1,False
BASE-20231028-023,baseline,DFR-01686,2,2023-10-28 12:00:00,physical,15.0,False
BASE-20231028-023,baseline,DFR-01703,2,2023-10-28 12:00:00,physical,6.7,False
BASE-20231028-023,baseline,RCL-02154,2,2023-10-28 12:00:00,physical,8.5,False
BASE-20231028-023,baseline,WMN-03224,2,2023-10-28 12:00:00,physical,8.9,False
BASE-20231028-023,baseline,PMP-02416,1,2023-10-28 06:00:00,functional_power_loss,33.5,True
BASE-20240312-024,baseline,DSS-00210,0,2024-03-12 00:00:00,physical,23.6,False
BASE-20240312-024,baseline,WMN-03153,0,2024-03-12 00:00:00,physical,12.7,False
BASE-20240312-024,baseline,WMN-03315,0,2024-03-12 00:00:00,physical,7.8,False
BASE-20240312-024,baseline,DFR-01886,1,2024-03-12 06:00:00,physical,6.0,False
BASE-20240312-024,baseline,WMN-03299,1,2024-03-12 06:00:00,physical,13.3,False
BASE-20240312-024,baseline,DFR-01610,2,2024-03-12 12:00:00,physical,6.3,False
BASE-20240312-024,baseline,WMN-02840,2,2024-03-12 12:00:00,physical,11.1,False
BASE-20240312-024,baseline,WMN-03283,2,2024-03-12 12:00:00,physical,15.6,False
BASE-20240312-024,baseline,WMN-03322,3,2024-03-12 18:00:00,physical,19.9,False
BASE-20240312-024,baseline,PMP-02419,0,2024-03-12 00:00:00,functional_power_loss,46.2,True
BASE-20240312-024,baseline,PMP-02456,0,2024-03-12 00:00:00,functional_power_loss,21.5,True
BASE-20240320-025,baseline,DFR-01319,0,2024-03-20 00:00:00,physical,3.9,False
BASE-20240320-025,baseline,DFR-01318,1,2024-03-20 06:00:00,physical,6.5,False
BASE-20240320-025,baseline,DFR-01651,1,2024-03-20 06:00:00,physical,4.5,False
BASE-20240320-025,baseline,WMN-02789,3,2024-03-20 18:00:00,physical,11.1,False
BASE-20240711-026,baseline,RCL-02200,1,2024-07-11 06:00:00,physical,6.6,False
BASE-20240711-026,baseline,RCL-02104,3,2024-07-11 18:00:00,physical,9.6,False
BASE-20240428-027,baseline,WMN-02812,0,2024-04-28 00:00:00,physical,28.4,False
BASE-20240428-027,baseline,TLS-00518,1,2024-04-28 06:00:00,physical,6.9,False
BASE-20240428-027,baseline,DSS-00185,2,2024-04-28 12:00:00,physical,20.4,False
BASE-20240428-027,baseline,DFR-01403,2,2024-04-28 12:00:00,physical,14.0,False
BASE-20240428-027,baseline,DFR-01728,2,2024-04-28 12:00:00,physical,10.8,False
BASE-20240428-027,baseline,PMP-02241,2,2024-04-28 12:00:00,functional_power_loss,24.7,True
BASE-20231025-028,baseline,DFR-01579,0,2023-10-25 00:00:00,physical,4.6,False
BASE-20231025-028,baseline,DFR-01877,0,2023-10-25 00:00:00,physical,2.9,False
BASE-20231025-028,baseline,DFR-01559,1,2023-10-25 06:00:00,physical,4.8,False
BASE-20231025-028,baseline,WMN-02792,1,2023-10-25 06:00:00,physical,6.1,False
BASE-20231025-028,baseline,DSS-00261,2,2023-10-25 12:00:00,physical,35.6,False
BASE-20231025-028,baseline,DFR-01935,2,2023-10-25 12:00:00,physical,10.7,False
BASE-20231025-028,baseline,WMN-02932,2,2023-10-25 12:00:00,physical,18.9,False
BASE-20231025-028,baseline,DFR-01848,3,2023-10-25 18:00:00,physical,3.4,False
BASE-20231025-028,baseline,PMP-02348,3,2023-10-25 18:00:00,physical,16.5,False
BASE-20231025-028,baseline,WMN-03214,3,2023-10-25 18:00:00,physical,27.7,False
BASE-20240625-029,baseline,WMN-03254,0,2024-06-25 00:00:00,physical,17.4,False
BASE-20240625-029,baseline,DSS-00216,1,2024-06-25 06:00:00,physical,27.2,False
BASE-20240625-029,baseline,WMN-03191,1,2024-06-25 06:00:00,physical,21.5,False
BASE-20240625-029,baseline,DFR-01481,2,2024-06-25 12:00:00,physical,6.1,False
BASE-20240625-029,baseline,WMN-03237,2,2024-06-25 12:00:00,physical,13.9,False
BASE-20240625-029,baseline,WMN-03444,2,2024-06-25 12:00:00,physical,23.6,False
BASE-20240625-029,baseline,WMN-03454,3,2024-06-25 18:00:00,physical,15.7,False
BASE-20231031-030,baseline,WMN-02821,0,2023-10-31 00:00:00,physical,20.9,False
BASE-20231031-030,baseline,WMN-02953,0,2023-10-31 00:00:00,physical,21.7,False
BASE-20231031-030,baseline,WMN-03155,0,2023-10-31 00:00:00,physical,18.5,False
BASE-20231031-030,baseline,DFR-01978,1,2023-10-31 06:00:00,physical,7.9,False
BASE-20231031-030,baseline,WMN-03303,3,2023-10-31 18:00:00,physical,14.3,False
BASE-20240216-031,baseline,WMN-02810,1,2024-02-16 06:00:00,physical,11.2,False
BASE-20240216-031,baseline,WMN-03291,1,2024-02-16 06:00:00,physical,19.9,False
BASE-20240216-031,baseline,DFR-01677,2,2024-02-16 12:00:00,physical,9.7,False
BASE-20240216-031,baseline,DFR-01728,2,2024-02-16 12:00:00,physical,19.0,False
BASE-20240216-031,baseline,WMN-03284,2,2024-02-16 12:00:00,physical,27.9,False
BASE-20240216-031,baseline,DFR-01458,3,2024-02-16 18:00:00,physical,4.7,False
BASE-20240216-031,baseline,DFR-01664,3,2024-02-16 18:00:00,physical,5.1,False
BASE-20240206-032,baseline,WMN-03350,0,2024-02-06 00:00:00,physical,14.4,False
BASE-20240206-032,baseline,DFR-01935,1,2024-02-06 06:00:00,physical,11.3,False
BASE-20240206-032,baseline,WMN-03429,1,2024-02-06 06:00:00,physical,11.5,False
BASE-20240206-032,baseline,WMN-03433,1,2024-02-06 06:00:00,physical,21.0,False
BASE-20240206-032,baseline,DFR-01462,3,2024-02-06 18:00:00,physical,7.0,False
BASE-20231104-033,baseline,DFR-01939,0,2023-11-04 00:00:00,physical,4.9,False
BASE-20231104-033,baseline,TLS-00618,1,2023-11-04 06:00:00,physical,6.2,False
BASE-20231104-033,baseline,DFR-01462,1,2023-11-04 06:00:00,physical,7.1,False
BASE-20231104-033,baseline,WMN-03334,1,2023-11-04 06:00:00,physical,33.8,False
BASE-20231104-033,baseline,PMP-02419,2,2023-11-04 12:00:00,physical,22.2,False
BASE-20231104-033,baseline,WMN-03296,2,2023-11-04 12:00:00,physical,11.6,False
BASE-20231214-034,baseline,WTP-02214,0,2023-12-14 00:00:00,physical,46.4,False
BASE-20231214-034,baseline,WMN-02821,1,2023-12-14 06:00:00,physical,21.0,False
BASE-20231214-034,baseline,WMN-02893,1,2023-12-14 06:00:00,physical,22.0,False
BASE-20231214-034,baseline,WMN-03026,1,2023-12-14 06:00:00,physical,13.1,False
BASE-20231214-034,baseline,DSS-00366,2,2023-12-14 12:00:00,physical,11.0,False
BASE-20231214-034,baseline,WMN-03299,2,2023-12-14 12:00:00,physical,14.6,False
BASE-20231214-034,baseline,WMN-03328,2,2023-12-14 12:00:00,physical,11.3,False
BASE-20240222-035,baseline,DFR-01836,0,2024-02-22 00:00:00,physical,3.5,False
BASE-20240222-035,baseline,DFR-01898,1,2024-02-22 06:00:00,physical,4.0,False
BASE-20240222-035,baseline,WMN-03226,1,2024-02-22 06:00:00,physical,8.9,False
BASE-20240222-035,baseline,WMN-03444,2,2024-02-22 12:00:00,physical,39.1,False
BASE-20240222-035,baseline,WMN-02700,3,2024-02-22 18:00:00,physical,19.1,False
BASE-20240222-035,baseline,WMN-03119,3,2024-02-22 18:00:00,physical,9.8,False
BASE-20240222-035,baseline,WMN-03296,3,2024-02-22 18:00:00,physical,11.4,False
BASE-20240301-036,baseline,WMN-02705,0,2024-03-01 00:00:00,physical,15.1,False
BASE-20240301-036,baseline,WMN-03214,0,2024-03-01 00:00:00,physical,35.7,False
BASE-20240301-036,baseline,DFR-01449,1,2024-03-01 06:00:00,physical,5.1,False
BASE-20240301-036,baseline,WMN-02728,2,2024-03-01 12:00:00,physical,13.2,False
BASE-20231112-037,baseline,PMP-02309,0,2023-11-12 00:00:00,physical,38.6,False
BASE-20231112-037,baseline,WMN-02840,0,2023-11-12 00:00:00,physical,32.0,False
BASE-20231112-037,baseline,WMN-03192,0,2023-11-12 00:00:00,physical,30.6,False
BASE-20231112-037,baseline,WMN-03203,0,2023-11-12 00:00:00,physical,37.3,False
BASE-20231112-037,baseline,WMN-03085,1,2023-11-12 06:00:00,physical,15.9,False
BASE-20231112-037,baseline,PMP-02323,2,2023-11-12 12:00:00,physical,29.6,False
BASE-20231112-037,baseline,WMN-03118,3,2023-11-12 18:00:00,physical,18.3,False
BASE-20231021-038,baseline,DFR-01674,0,2023-10-21 00:00:00,physical,8.9,False
BASE-20231021-038,baseline,WMN-03311,1,2023-10-21 06:00:00,physical,25.2,False
BASE-20231021-038,baseline,WMN-03378,1,2023-10-21 06:00:00,physical,13.4,False
BASE-20231021-038,baseline,DFR-01815,3,2023-10-21 18:00:00,physical,8.3,False
BASE-20240330-039,baseline,DFR-01668,0,2024-03-30 00:00:00,physical,7.9,False
BASE-20240330-039,baseline,WMN-02930,0,2024-03-30 00:00:00,physical,10.7,False
BASE-20240330-039,baseline,WMN-03441,0,2024-03-30 00:00:00,physical,13.9,False
BASE-20240330-039,baseline,WMN-03237,1,2024-03-30 06:00:00,physical,9.2,False
BASE-20240330-039,baseline,WMN-03112,2,2024-03-30 12:00:00,physical,39.4,False
BASE-20240330-039,baseline,DFR-01830,3,2024-03-30 18:00:00,physical,6.1,False
BASE-20240330-039,baseline,WMN-02749,3,2024-03-30 18:00:00,physical,27.2,False
BASE-20240330-039,baseline,WMN-02821,3,2024-03-30 18:00:00,physical,14.3,False
BASE-20240330-039,baseline,WMN-02945,3,2024-03-30 18:00:00,physical,21.5,False
BASE-20240330-039,baseline,WMN-03010,3,2024-03-30 18:00:00,physical,16.1,False
BASE-20231129-040,baseline,DFR-01654,1,2023-11-29 06:00:00,physical,6.7,False
BASE-20231129-040,baseline,DFR-01928,1,2023-11-29 06:00:00,physical,5.8,False
BASE-20231129-040,baseline,WMN-02781,1,2023-11-29 06:00:00,physical,28.5,False
BASE-20231129-040,baseline,DSS-00182,2,2023-11-29 12:00:00,physical,12.3,False
BASE-20231129-040,baseline,WMN-03059,2,2023-11-29 12:00:00,physical,14.6,False
BASE-20231129-040,baseline,WMN-03323,2,2023-11-29 12:00:00,physical,19.2,False
BASE-20231129-040,baseline,TLS-00981,3,2023-11-29 18:00:00,physical,9.7,False
BASE-20231129-040,baseline,WMN-02840,3,2023-11-29 18:00:00,physical,20.5,False
BASE-20231129-040,baseline,WMN-03254,3,2023-11-29 18:00:00,physical,16.1,False
BASE-20240301-041,baseline,DSS-00389,0,2024-03-01 00:00:00,physical,15.8,False
BASE-20240301-041,baseline,DFR-01511,0,2024-03-01 00:00:00,physical,6.3,False
BASE-20240301-041,baseline,TLS-01097,1,2024-03-01 06:00:00,physical,19.4,False
BASE-20240301-041,baseline,WMN-03452,1,2024-03-01 06:00:00,physical,15.8,False
BASE-20240301-041,baseline,DFR-01891,2,2024-03-01 12:00:00,physical,4.9,False
BASE-20240301-041,baseline,RCL-02178,2,2024-03-01 12:00:00,physical,12.4,False
BASE-20240301-041,baseline,DFR-01356,3,2024-03-01 18:00:00,physical,8.7,False
BASE-20240301-041,baseline,DFR-01369,3,2024-03-01 18:00:00,physical,5.6,False
BASE-20231003-042,baseline,WMN-02812,0,2023-10-03 00:00:00,physical,7.9,False
BASE-20231003-042,baseline,WMN-03057,1,2023-10-03 06:00:00,physical,18.1,False
BASE-20231003-042,baseline,WMN-02716,3,2023-10-03 18:00:00,physical,13.5,False
HURR-20250104-043,hurricane,WMN-03345,0,2025-01-04 00:00:00,physical,32.9,False
HURR-20250104-043,hurricane,DFR-01423,1,2025-01-04 06:00:00,physical,7.0,False
HURR-20250104-043,hurricane,TNK-02673,1,2025-01-04 06:00:00,physical,5.5,False
HURR-20250104-043,hurricane,WMN-02747,1,2025-01-04 06:00:00,physical,45.2,False
HURR-20250104-043,hurricane,DSS-00389,2,2025-01-04 12:00:00,physical,27.8,False
HURR-20250104-043,hurricane,WMN-02812,3,2025-01-04 18:00:00,physical,24.3,False
HURR-20250104-043,hurricane,PMP-02260,4,2025-01-05 00:00:00,physical,25.2,False
HURR-20250104-043,hurricane,WMN-03375,4,2025-01-05 00:00:00,physical,25.3,False
HURR-20250104-043,hurricane,WMN-03304,5,2025-01-05 06:00:00,physical,96.8,False
HURR-20250104-043,hurricane,WMN-03033,5,2025-01-05 06:00:00,physical,31.0,False
HURR-20250104-043,hurricane,PMP-02285,5,2025-01-05 06:00:00,physical,58.3,False
HURR-20250104-043,hurricane,WMN-02716,5,2025-01-05 06:00:00,physical,36.8,False
HURR-20250104-043,hurricane,PMP-02268,6,2025-01-05 12:00:00,physical,59.3,False
HURR-20250104-043,hurricane,TLS-01262,6,2025-01-05 12:00:00,physical,7.8,False
HURR-20250104-043,hurricane,TLS-01290,6,2025-01-05 12:00:00,physical,9.8,False
HURR-20250104-043,hurricane,TLS-01304,6,2025-01-05 12:00:00,physical,12.4,False
HURR-20250104-043,hurricane,DFR-01562,6,2025-01-05 12:00:00,physical,8.6,False
HURR-20250104-043,hurricane,PMP-02277,6,2025-01-05 12:00:00,physical,49.6,False
HURR-20250104-043,hurricane,PMP-02395,6,2025-01-05 12:00:00,physical,45.0,False
HURR-20250104-043,hurricane,PMP-02405,6,2025-01-05 12:00:00,physical,61.3,False
HURR-20250104-043,hurricane,PMP-02465,6,2025-01-05 12:00:00,physical,43.6,False
HURR-20250104-043,hurricane,PMP-02477,6,2025-01-05 12:00:00,physical,36.6,False
HURR-20250104-043,hurricane,TLS-01249,6,2025-01-05 12:00:00,physical,16.5,False
HURR-20250104-043,hurricane,WMN-03269,6,2025-01-05 12:00:00,physical,23.6,False
HURR-20250104-043,hurricane,PMP-02346,6,2025-01-05 12:00:00,physical,26.2,False
HURR-20250104-043,hurricane,TLS-01203,6,2025-01-05 12:00:00,physical,11.6,False
HURR-20250104-043,hurricane,PMP-02411,6,2025-01-05 12:00:00,physical,38.1,False
HURR-20250104-043,hurricane,TLS-01189,6,2025-01-05 12:00:00,physical,27.3,False
HURR-20250104-043,hurricane,TLS-01201,6,2025-01-05 12:00:00,physical,12.2,False
HURR-20250104-043,hurricane,TLS-00467,6,2025-01-05 12:00:00,physical,8.9,False
HURR-20250104-043,hurricane,TLS-00523,6,2025-01-05 12:00:00,physical,13.4,False
HURR-20250104-043,hurricane,TLS-00618,6,2025-01-05 12:00:00,physical,4.7,False
HURR-20250104-043,hurricane,TLS-00627,6,2025-01-05 12:00:00,physical,10.1,False
HURR-20250104-043,hurricane,TLS-00641,6,2025-01-05 12:00:00,physical,7.8,False
HURR-20250104-043,hurricane,TLS-00753,6,2025-01-05 12:00:00,physical,15.7,False
HURR-20250104-043,hurricane,TLS-00426,6,2025-01-05 12:00:00,physical,5.6,False
HURR-20250104-043,hurricane,TLS-00802,6,2025-01-05 12:00:00,physical,5.7,False
HURR-20250104-043,hurricane,TLS-00833,6,2025-01-05 12:00:00,physical,7.7,False
HURR-20250104-043,hurricane,TLS-00945,6,2025-01-05 12:00:00,physical,10.8,False
HURR-20250104-043,hurricane,TLS-00985,6,2025-01-05 12:00:00,physical,17.3,False
HURR-20250104-043,hurricane,TLS-01015,6,2025-01-05 12:00:00,physical,12.5,False
HURR-20250104-043,hurricane,TLS-01099,6,2025-01-05 12:00:00,physical,37.7,False
HURR-20250104-043,hurricane,TLS-00798,6,2025-01-05 12:00:00,physical,6.5,False
HURR-20250104-043,hurricane,RCL-02110,7,2025-01-05 18:00:00,physical,6.5,False
HURR-20250104-043,hurricane,RCL-02074,7,2025-01-05 18:00:00,physical,14.6,False
HURR-20250104-043,hurricane,RCL-02071,7,2025-01-05 18:00:00,physical,29.0,False
HURR-20250104-043,hurricane,RCL-02057,7,2025-01-05 18:00:00,physical,26.4,False
HURR-20250104-043,hurricane,RCL-02046,7,2025-01-05 18:00:00,physical,20.8,False
HURR-20250104-043,hurricane,RCL-02045,7,2025-01-05 18:00:00,physical,11.7,False
HURR-20250104-043,hurricane,DFR-01971,7,2025-01-05 18:00:00,physical,29.0,False
HURR-20250104-043,hurricane,DFR-01996,7,2025-01-05 18:00:00,physical,8.8,False
HURR-20250104-043,hurricane,DFR-01935,7,2025-01-05 18:00:00,physical,21.8,False
HURR-20250104-043,hurricane,DFR-01922,7,2025-01-05 18:00:00,physical,24.1,False
HURR-20250104-043,hurricane,DFR-01921,7,2025-01-05 18:00:00,physical,14.2,False
HURR-20250104-043,hurricane,DFR-01906,7,2025-01-05 18:00:00,physical,35.0,False
HURR-20250104-043,hurricane,RCL-02148,7,2025-01-05 18:00:00,physical,11.7,False
HURR-20250104-043,hurricane,DFR-01854,7,2025-01-05 18:00:00,physical,13.0,False
HURR-20250104-043,hurricane,DFR-02000,7,2025-01-05 18:00:00,physical,21.5,False
HURR-20250104-043,hurricane,RCL-02193,7,2025-01-05 18:00:00,physical,7.1,False
HURR-20250104-043,hurricane,PMP-02363,7,2025-01-05 18:00:00,physical,73.0,False
HURR-20250104-043,hurricane,WTP-02217,7,2025-01-05 18:00:00,physical,38.6,False
HURR-20250104-043,hurricane,DFR-01833,7,2025-01-05 18:00:00,physical,21.3,False
HURR-20250104-043,hurricane,WMN-02835,7,2025-01-05 18:00:00,physical,13.7,False
HURR-20250104-043,hurricane,PMP-02504,7,2025-01-05 18:00:00,physical,22.0,False
HURR-20250104-043,hurricane,PMP-02455,7,2025-01-05 18:00:00,physical,55.1,False
HURR-20250104-043,hurricane,PMP-02449,7,2025-01-05 18:00:00,physical,24.7,False
HURR-20250104-043,hurricane,PMP-02354,7,2025-01-05 18:00:00,physical,20.5,False
HURR-20250104-043,hurricane,PMP-02290,7,2025-01-05 18:00:00,physical,32.6,False
HURR-20250104-043,hurricane,PMP-02273,7,2025-01-05 18:00:00,physical,37.5,False
HURR-20250104-043,hurricane,PMP-02235,7,2025-01-05 18:00:00,physical,25.4,False
HURR-20250104-043,hurricane,WTP-02219,7,2025-01-05 18:00:00,physical,35.5,False
HURR-20250104-043,hurricane,RCL-02206,7,2025-01-05 18:00:00,physical,12.1,False
HURR-20250104-043,hurricane,DFR-01800,7,2025-01-05 18:00:00,physical,13.3,False
HURR-20250104-043,hurricane,INT-03504,7,2025-01-05 18:00:00,physical,9.5,False
HURR-20250104-043,hurricane,DFR-01780,7,2025-01-05 18:00:00,physical,8.8,False
HURR-20250104-043,hurricane,DFR-01372,7,2025-01-05 18:00:00,physical,15.5,False
HURR-20250104-043,hurricane,DFR-01351,7,2025-01-05 18:00:00,physical,15.1,False
HURR-20250104-043,hurricane,DFR-01337,7,2025-01-05 18:00:00,physical,14.2,False
HURR-20250104-043,hurricane,DFR-01329,7,2025-01-05 18:00:00,physical,33.1,False
HURR-20250104-043,hurricane,DFR-01327,7,2025-01-05 18:00:00,physical,17.5,False
HURR-20250104-043,hurricane,DFR-01313,7,2025-01-05 18:00:00,physical,7.8,False
HURR-20250104-043,hurricane,DFR-01396,7,2025-01-05 18:00:00,physical,18.3,False
HURR-20250104-043,hurricane,TLS-01282,7,2025-01-05 18:00:00,physical,11.5,False
HURR-20250104-043,hurricane,TLS-00876,7,2025-01-05 18:00:00,physical,7.5,False
HURR-20250104-043,hurricane,TLS-00597,7,2025-01-05 18:00:00,physical,8.6,False
HURR-20250104-043,hurricane,TLS-00581,7,2025-01-05 18:00:00,physical,9.9,False
HURR-20250104-043,hurricane,DSS-00333,7,2025-01-05 18:00:00,physical,34.7,False
HURR-20250104-043,hurricane,DSS-00145,7,2025-01-05 18:00:00,physical,30.6,False
HURR-20250104-043,hurricane,DFR-01783,7,2025-01-05 18:00:00,physical,12.3,False
HURR-20250104-043,hurricane,TLS-01256,7,2025-01-05 18:00:00,physical,21.1,False
HURR-20250104-043,hurricane,DFR-01428,7,2025-01-05 18:00:00,physical,8.0,False
HURR-20250104-043,hurricane,TLS-01116,7,2025-01-05 18:00:00,physical,6.8,False
HURR-20250104-043,hurricane,DFR-01434,7,2025-01-05 18:00:00,physical,9.8,False
HURR-20250104-043,hurricane,DFR-01779,7,2025-01-05 18:00:00,physical,10.2,False
HURR-20250104-043,hurricane,DFR-01430,7,2025-01-05 18:00:00,physical,12.5,False
HURR-20250104-043,hurricane,DFR-01761,7,2025-01-05 18:00:00,physical,22.0,False
HURR-20250104-043,hurricane,DFR-01753,7,2025-01-05 18:00:00,physical,28.3,False
HURR-20250104-043,hurricane,DFR-01719,7,2025-01-05 18:00:00,physical,13.9,False
HURR-20250104-043,hurricane,DFR-01629,7,2025-01-05 18:00:00,physical,13.0,False
HURR-20250104-043,hurricane,DFR-01622,7,2025-01-05 18:00:00,physical,16.6,False
HURR-20250104-043,hurricane,DFR-01738,7,2025-01-05 18:00:00,physical,22.1,False
HURR-20250104-043,hurricane,DFR-01596,7,2025-01-05 18:00:00,physical,10.0,False
HURR-20250104-043,hurricane,DFR-01590,7,2025-01-05 18:00:00,physical,12.6,False
HURR-20250104-043,hurricane,DFR-01563,7,2025-01-05 18:00:00,physical,16.5,False
HURR-20250104-043,hurricane,DFR-01545,7,2025-01-05 18:00:00,physical,6.1,False
HURR-20250104-043,hurricane,DFR-01517,7,2025-01-05 18:00:00,physical,9.0,False
HURR-20250104-043,hurricane,DFR-01608,7,2025-01-05 18:00:00,physical,10.9,False
HURR-20250104-043,hurricane,DFR-01440,7,2025-01-05 18:00:00,physical,8.6,False
HURR-20250104-043,hurricane,DFR-01508,7,2025-01-05 18:00:00,physical,7.4,False
HURR-20250104-043,hurricane,PMP-02433,8,2025-01-06 00:00:00,physical,45.0,False
HURR-20250104-043,hurricane,PMP-02430,8,2025-01-06 00:00:00,physical,45.3,False
HURR-20250104-043,hurricane,PMP-02427,8,2025-01-06 00:00:00,physical,23.5,False
HURR-20250104-043,hurricane,PMP-02369,8,2025-01-06 00:00:00,physical,19.8,False
HURR-20250104-043,hurricane,PMP-02451,8,2025-01-06 00:00:00,physical,65.3,False
HURR-20250104-043,hurricane,PMP-02338,8,2025-01-06 00:00:00,physical,29.3,False
HURR-20250104-043,hurricane,PMP-02454,8,2025-01-06 00:00:00,physical,76.5,False
HURR-20250104-043,hurricane,WMN-03215,8,2025-01-06 00:00:00,physical,40.1,False
HURR-20250104-043,hurricane,PMP-02479,8,2025-01-06 00:00:00,physical,37.8,False
HURR-20250104-043,hurricane,PMP-02482,8,2025-01-06 00:00:00,physical,47.1,False
HURR-20250104-043,hurricane,PMP-02515,8,2025-01-06 00:00:00,physical,54.0,False
HURR-20250104-043,hurricane,WMN-03177,8,2025-01-06 00:00:00,physical,39.1,False
HURR-20250104-043,hurricane,INT-03485,8,2025-01-06 00:00:00,physical,21.1,False
HURR-20250104-043,hurricane,INT-03502,8,2025-01-06 00:00:00,physical,8.7,False
HURR-20250104-043,hurricane,PMP-02334,8,2025-01-06 00:00:00,physical,46.7,False
HURR-20250104-043,hurricane,PMP-02294,8,2025-01-06 00:00:00,physical,32.2,False
HURR-20250104-043,hurricane,WMN-02840,8,2025-01-06 00:00:00,physical,35.0,False
HURR-20250104-043,hurricane,PMP-02283,8,2025-01-06 00:00:00,physical,69.7,False
HURR-20250104-043,hurricane,PMP-02286,8,2025-01-06 00:00:00,physical,17.0,False
HURR-20250104-043,hurricane,DSS-00080,8,2025-01-06 00:00:00,physical,23.4,False
HURR-20250104-043,hurricane,DSS-00211,8,2025-01-06 00:00:00,physical,76.2,False
HURR-20250104-043,hurricane,DSS-00324,8,2025-01-06 00:00:00,physical,45.5,False
HURR-20250104-043,hurricane,DSS-00380,8,2025-01-06 00:00:00,physical,31.7,False
HURR-20250104-043,hurricane,DFR-01366,8,2025-01-06 00:00:00,physical,7.6,False
HURR-20250104-043,hurricane,DFR-01625,8,2025-01-06 00:00:00,physical,15.3,False
HURR-20250104-043,hurricane,DFR-01633,8,2025-01-06 00:00:00,physical,16.2,False
HURR-20250104-043,hurricane,DFR-01722,8,2025-01-06 00:00:00,physical,10.2,False
HURR-20250104-043,hurricane,DFR-01862,8,2025-01-06 00:00:00,physical,8.3,False
HURR-20250104-043,hurricane,DFR-01908,8,2025-01-06 00:00:00,physical,8.7,False
HURR-20250104-043,hurricane,DFR-01894,8,2025-01-06 00:00:00,physical,14.7,False
HURR-20250104-043,hurricane,PMP-02232,8,2025-01-06 00:00:00,physical,36.8,False
HURR-20250104-043,hurricane,PMP-02237,8,2025-01-06 00:00:00,physical,35.8,False
HURR-20250104-043,hurricane,RCL-02196,8,2025-01-06 00:00:00,physical,9.0,False
HURR-20250104-043,hurricane,RCL-02028,8,2025-01-06 00:00:00,physical,10.4,False
HURR-20250104-043,hurricane,DFR-01926,8,2025-01-06 00:00:00,physical,13.3,False
HURR-20250104-043,hurricane,PMP-02375,9,2025-01-06 06:00:00,physical,27.4,False
HURR-20250104-043,hurricane,PMP-02399,9,2025-01-06 06:00:00,physical,27.2,False
HURR-20250104-043,hurricane,WMN-02844,9,2025-01-06 06:00:00,physical,51.7,False
HURR-20250104-043,hurricane,PMP-02497,9,2025-01-06 06:00:00,physical,40.8,False
HURR-20250104-043,hurricane,WMN-03102,9,2025-01-06 06:00:00,physical,23.7,False
HURR-20250104-043,hurricane,WMN-03322,9,2025-01-06 06:00:00,physical,29.6,False
HURR-20250104-043,hurricane,WMN-03456,9,2025-01-06 06:00:00,physical,48.1,False
HURR-20250104-043,hurricane,PMP-02370,9,2025-01-06 06:00:00,physical,34.9,False
HURR-20250104-043,hurricane,PMP-02488,9,2025-01-06 06:00:00,physical,127.2,False
HURR-20250104-043,hurricane,PMP-02343,9,2025-01-06 06:00:00,physical,66.8,False
HURR-20250104-043,hurricane,DSS-00198,9,2025-01-06 06:00:00,physical,44.3,False
HURR-20250104-043,hurricane,DSS-00233,9,2025-01-06 06:00:00,physical,33.5,False
HURR-20250104-043,hurricane,DSS-00262,9,2025-01-06 06:00:00,physical,40.9,False
HURR-20250104-043,hurricane,DSS-00396,9,2025-01-06 06:00:00,physical,24.9,False
HURR-20250104-043,hurricane,DFR-01835,9,2025-01-06 06:00:00,physical,7.1,False
HURR-20250104-043,hurricane,DSS-00261,9,2025-01-06 06:00:00,physical,26.0,False
HURR-20250104-043,hurricane,PMP-02226,9,2025-01-06 06:00:00,physical,39.9,False
HURR-20250104-043,hurricane,PMP-02247,9,2025-01-06 06:00:00,physical,55.6,False
HURR-20250104-043,hurricane,PMP-02254,9,2025-01-06 06:00:00,physical,74.8,False
HURR-20250104-043,hurricane,PMP-02336,9,2025-01-06 06:00:00,physical,83.7,False
HURR-20250104-043,hurricane,PMP-02315,9,2025-01-06 06:00:00,physical,31.0,False
HURR-20250104-043,hurricane,PMP-02331,9,2025-01-06 06:00:00,physical,34.9,False
HURR-20250104-043,hurricane,PMP-02421,10,2025-01-06 12:00:00,physical,68.8,False
HURR-20250104-043,hurricane,PMP-02513,10,2025-01-06 12:00:00,physical,57.1,False
HURR-20250104-043,hurricane,PMP-02462,10,2025-01-06 12:00:00,physical,53.2,False
HURR-20250104-043,hurricane,PMP-02368,10,2025-01-06 12:00:00,physical,23.3,False
HURR-20250104-043,hurricane,PMP-02289,10,2025-01-06 12:00:00,physical,60.6,False
HURR-20250104-043,hurricane,PMP-02271,10,2025-01-06 12:00:00,physical,29.2,False
HURR-20250104-043,hurricane,DFR-01350,10,2025-01-06 12:00:00,physical,9.7,False
HURR-20250104-043,hurricane,DSS-00392,10,2025-01-06 12:00:00,physical,24.8,False
HURR-20250104-043,hurricane,DSS-00265,10,2025-01-06 12:00:00,physical,43.7,False
HURR-20250104-043,hurricane,WMN-03150,11,2025-01-06 18:00:00,physical,26.3,False
HURR-20250104-043,hurricane,PMP-02493,11,2025-01-06 18:00:00,physical,32.5,False
HURR-20250104-043,hurricane,TLS-00869,11,2025-01-06 18:00:00,physical,14.5,False
HURR-20250104-043,hurricane,DSS-00357,11,2025-01-06 18:00:00,physical,68.1,False
HURR-20250104-043,hurricane,WMN-03154,11,2025-01-06 18:00:00,physical,54.1,False
HURR-20250104-043,hurricane,WMN-03428,11,2025-01-06 18:00:00,physical,19.8,False
HURR-20250104-043,hurricane,PMP-02323,9,2025-01-06 06:00:00,functional_power_loss,21.7,True
HURR-20250104-043,hurricane,PMP-02305,9,2025-01-06 06:00:00,functional_power_loss,14.0,True
HURR-20250104-043,hurricane,PMP-02475,9,2025-01-06 06:00:00,functional_power_loss,86.1,True
HURR-20250104-043,hurricane,PMP-02512,8,2025-01-06 00:00:00,functional_power_loss,48.8,True
HURR-20250104-043,hurricane,PMP-02440,7,2025-01-05 18:00:00,functional_power_loss,35.1,True
HURR-20250104-043,hurricane,PMP-02505,11,2025-01-06 18:00:00,functional_power_loss,92.2,True
HURR-20250104-043,hurricane,PMP-02308,8,2025-01-06 00:00:00,functional_power_loss,25.1,True
HURR-20250104-043,hurricane,PMP-02332,8,2025-01-06 00:00:00,functional_power_loss,28.3,True
HURR-20250104-043,hurricane,PMP-02263,10,2025-01-06 12:00:00,functional_power_loss,47.9,True
HURR-20250618-044,hurricane,TLS-01248,0,2025-06-18 00:00:00,physical,8.5,False
HURR-20250618-044,hurricane,WMN-02747,0,2025-06-18 00:00:00,physical,12.0,False
HURR-20250618-044,hurricane,WMN-03328,1,2025-06-18 06:00:00,physical,36.6,False
HURR-20250618-044,hurricane,WMN-02701,2,2025-06-18 12:00:00,physical,8.7,False
HURR-20250618-044,hurricane,WMN-02776,2,2025-06-18 12:00:00,physical,20.6,False
HURR-20250618-044,hurricane,WMN-03299,2,2025-06-18 12:00:00,physical,24.6,False
HURR-20250618-044,hurricane,WMN-03454,3,2025-06-18 18:00:00,physical,40.4,False
HURR-20250618-044,hurricane,DSS-00168,4,2025-06-19 00:00:00,physical,48.1,False
HURR-20250618-044,hurricane,WMN-03150,5,2025-06-19 06:00:00,physical,13.8,False
HURR-20250618-044,hurricane,WMN-03107,5,2025-06-19 06:00:00,physical,35.1,False
HURR-20250618-044,hurricane,WMN-03102,5,2025-06-19 06:00:00,physical,13.1,False
HURR-20250618-044,hurricane,DSS-00118,5,2025-06-19 06:00:00,physical,24.2,False
HURR-20250618-044,hurricane,WMN-02815,5,2025-06-19 06:00:00,physical,15.1,False
HURR-20250618-044,hurricane,WMN-02775,5,2025-06-19 06:00:00,physical,30.4,False
HURR-20250618-044,hurricane,WMN-02945,5,2025-06-19 06:00:00,physical,39.2,False
HURR-20250618-044,hurricane,WMN-03451,6,2025-06-19 12:00:00,physical,29.0,False
HURR-20250618-044,hurricane,INT-03484,6,2025-06-19 12:00:00,physical,13.4,False
HURR-20250618-044,hurricane,TLS-01288,6,2025-06-19 12:00:00,physical,11.0,False
HURR-20250618-044,hurricane,WMN-03378,6,2025-06-19 12:00:00,physical,28.7,False
HURR-20250618-044,hurricane,TLS-00764,6,2025-06-19 12:00:00,physical,13.4,False
HURR-20250618-044,hurricane,TLS-00628,6,2025-06-19 12:00:00,physical,19.7,False
HURR-20250618-044,hurricane,TLS-01110,6,2025-06-19 12:00:00,physical,15.3,False
HURR-20250618-044,hurricane,DFR-01797,7,2025-06-19 18:00:00,physical,7.2,False
HURR-20250618-044,hurricane,DFR-01822,7,2025-06-19 18:00:00,physical,24.3,False
HURR-20250618-044,hurricane,DFR-01830,7,2025-06-19 18:00:00,physical,9.8,False
HURR-20250618-044,hurricane,DFR-01834,7,2025-06-19 18:00:00,physical,7.9,False
HURR-20250618-044,hurricane,DFR-01859,7,2025-06-19 18:00:00,physical,11.5,False
HURR-20250618-044,hurricane,DFR-01950,7,2025-06-19 18:00:00,physical,10.6,False
HURR-20250618-044,hurricane,DFR-01986,7,2025-06-19 18:00:00,physical,18.2,False
HURR-20250618-044,hurricane,DFR-01990,7,2025-06-19 18:00:00,physical,6.6,False
HURR-20250618-044,hurricane,RCL-02077,7,2025-06-19 18:00:00,physical,7.3,False
HURR-20250618-044,hurricane,RCL-02089,7,2025-06-19 18:00:00,physical,8.1,False
HURR-20250618-044,hurricane,RCL-02116,7,2025-06-19 18:00:00,physical,17.8,False
HURR-20250618-044,hurricane,RCL-02149,7,2025-06-19 18:00:00,physical,7.9,False
HURR-20250618-044,hurricane,RCL-02204,7,2025-06-19 18:00:00,physical,7.0,False
HURR-20250618-044,hurricane,PMP-02313,7,2025-06-19 18:00:00,physical,20.5,False
HURR-20250618-044,hurricane,PMP-02379,7,2025-06-19 18:00:00,physical,31.2,False
HURR-20250618-044,hurricane,WMN-03173,7,2025-06-19 18:00:00,physical,41.9,False
HURR-20250618-044,hurricane,DFR-01993,7,2025-06-19 18:00:00,physical,10.9,False
HURR-20250618-044,hurricane,DFR-01796,7,2025-06-19 18:00:00,physical,12.2,False
HURR-20250618-044,hurricane,PMP-02352,7,2025-06-19 18:00:00,physical,23.9,False
HURR-20250618-044,hurricane,DFR-01642,7,2025-06-19 18:00:00,physical,18.4,False
HURR-20250618-044,hurricane,DFR-01671,7,2025-06-19 18:00:00,physical,14.2,False
HURR-20250618-044,hurricane,DSS-00273,7,2025-06-19 18:00:00,physical,22.1,False
HURR-20250618-044,hurricane,TLS-00415,7,2025-06-19 18:00:00,physical,11.5,False
HURR-20250618-044,hurricane,TLS-00484,7,2025-06-19 18:00:00,physical,11.4,False
HURR-20250618-044,hurricane,TLS-00508,7,2025-06-19 18:00:00,physical,12.3,False
HURR-20250618-044,hurricane,TLS-00589,7,2025-06-19 18:00:00,physical,7.3,False
HURR-20250618-044,hurricane,TLS-00661,7,2025-06-19 18:00:00,physical,9.4,False
HURR-20250618-044,hurricane,TLS-00739,7,2025-06-19 18:00:00,physical,6.5,False
HURR-20250618-044,hurricane,TLS-00503,7,2025-06-19 18:00:00,physical,11.3,False
HURR-20250618-044,hurricane,TLS-01215,7,2025-06-19 18:00:00,physical,12.4,False
HURR-20250618-044,hurricane,DFR-01311,7,2025-06-19 18:00:00,physical,13.2,False
HURR-20250618-044,hurricane,DFR-01317,7,2025-06-19 18:00:00,physical,8.4,False
HURR-20250618-044,hurricane,DFR-01392,7,2025-06-19 18:00:00,physical,13.3,False
HURR-20250618-044,hurricane,DFR-01491,7,2025-06-19 18:00:00,physical,7.0,False
HURR-20250618-044,hurricane,DFR-01610,7,2025-06-19 18:00:00,physical,19.5,False
HURR-20250618-044,hurricane,TLS-00844,7,2025-06-19 18:00:00,physical,10.9,False
HURR-20250618-044,hurricane,DFR-01641,7,2025-06-19 18:00:00,physical,14.7,False
HURR-20250618-044,hurricane,DFR-01901,8,2025-06-20 00:00:00,physical,19.2,False
HURR-20250618-044,hurricane,DFR-01888,8,2025-06-20 00:00:00,physical,6.2,False
HURR-20250618-044,hurricane,DFR-01866,8,2025-06-20 00:00:00,physical,9.8,False
HURR-20250618-044,hurricane,DFR-01855,8,2025-06-20 00:00:00,physical,3.5,False
HURR-20250618-044,hurricane,DFR-01802,8,2025-06-20 00:00:00,physical,10.5,False
HURR-20250618-044,hurricane,DFR-01808,8,2025-06-20 00:00:00,physical,5.6,False
HURR-20250618-044,hurricane,DFR-01799,8,2025-06-20 00:00:00,physical,33.0,False
HURR-20250618-044,hurricane,DFR-01926,8,2025-06-20 00:00:00,physical,8.1,False
HURR-20250618-044,hurricane,DFR-01814,8,2025-06-20 00:00:00,physical,4.0,False
HURR-20250618-044,hurricane,DFR-01931,8,2025-06-20 00:00:00,physical,7.5,False
HURR-20250618-044,hurricane,PMP-02465,8,2025-06-20 00:00:00,physical,20.2,False
HURR-20250618-044,hurricane,DFR-01939,8,2025-06-20 00:00:00,physical,15.2,False
HURR-20250618-044,hurricane,DFR-01940,8,2025-06-20 00:00:00,physical,15.9,False
HURR-20250618-044,hurricane,DFR-01941,8,2025-06-20 00:00:00,physical,14.9,False
HURR-20250618-044,hurricane,RCL-02024,8,2025-06-20 00:00:00,physical,17.0,False
HURR-20250618-044,hurricane,RCL-02174,8,2025-06-20 00:00:00,physical,5.1,False
HURR-20250618-044,hurricane,PMP-02268,8,2025-06-20 00:00:00,physical,33.8,False
HURR-20250618-044,hurricane,PMP-02416,8,2025-06-20 00:00:00,physical,25.3,False
HURR-20250618-044,hurricane,DFR-01772,8,2025-06-20 00:00:00,physical,9.3,False
HURR-20250618-044,hurricane,INT-03483,8,2025-06-20 00:00:00,physical,9.6,False
HURR-20250618-044,hurricane,DFR-01932,8,2025-06-20 00:00:00,physical,24.4,False
HURR-20250618-044,hurricane,DFR-01750,8,2025-06-20 00:00:00,physical,13.9,False
HURR-20250618-044,hurricane,DFR-01633,8,2025-06-20 00:00:00,physical,12.8,False
HURR-20250618-044,hurricane,DFR-01728,8,2025-06-20 00:00:00,physical,8.9,False
HURR-20250618-044,hurricane,DSS-00114,8,2025-06-20 00:00:00,physical,42.3,False
HURR-20250618-044,hurricane,TLS-01108,8,2025-06-20 00:00:00,physical,7.0,False
HURR-20250618-044,hurricane,DFR-01319,8,2025-06-20 00:00:00,physical,12.9,False
HURR-20250618-044,hurricane,DFR-01324,8,2025-06-20 00:00:00,physical,25.2,False
HURR-20250618-044,hurricane,DFR-01389,8,2025-06-20 00:00:00,physical,11.0,False
HURR-20250618-044,hurricane,DFR-01414,8,2025-06-20 00:00:00,physical,6.5,False
HURR-20250618-044,hurricane,DFR-01438,8,2025-06-20 00:00:00,physical,5.3,False
HURR-20250618-044,hurricane,DFR-01730,8,2025-06-20 00:00:00,physical,11.2,False
HURR-20250618-044,hurricane,DFR-01441,8,2025-06-20 00:00:00,physical,14.8,False
HURR-20250618-044,hurricane,DFR-01476,8,2025-06-20 00:00:00,physical,5.9,False
HURR-20250618-044,hurricane,DFR-01439,8,2025-06-20 00:00:00,physical,15.7,False
HURR-20250618-044,hurricane,DFR-01537,8,2025-06-20 00:00:00,physical,14.4,False
HURR-20250618-044,hurricane,DFR-01723,8,2025-06-20 00:00:00,physical,19.2,False
HURR-20250618-044,hurricane,DFR-01501,8,2025-06-20 00:00:00,physical,5.2,False
HURR-20250618-044,hurricane,DFR-01672,8,2025-06-20 00:00:00,physical,21.3,False
HURR-20250618-044,hurricane,DFR-01644,8,2025-06-20 00:00:00,physical,10.5,False
HURR-20250618-044,hurricane,DFR-01716,8,2025-06-20 00:00:00,physical,5.9,False
HURR-20250618-044,hurricane,DFR-01593,8,2025-06-20 00:00:00,physical,11.7,False
HURR-20250618-044,hurricane,DFR-01581,8,2025-06-20 00:00:00,physical,19.4,False
HURR-20250618-044,hurricane,DFR-01557,8,2025-06-20 00:00:00,physical,5.1,False
HURR-20250618-044,hurricane,DFR-01555,8,2025-06-20 00:00:00,physical,7.0,False
HURR-20250618-044,hurricane,DFR-01625,8,2025-06-20 00:00:00,physical,6.5,False
HURR-20250618-044,hurricane,PMP-02368,9,2025-06-20 06:00:00,physical,43.9,False
HURR-20250618-044,hurricane,PMP-02504,11,2025-06-20 18:00:00,physical,55.6,False
HURR-20250618-044,hurricane,PMP-02290,11,2025-06-20 18:00:00,physical,35.8,False
HURR-20250618-044,hurricane,PMP-02380,11,2025-06-20 18:00:00,physical,31.9,False
HURR-20250618-044,hurricane,PMP-02486,11,2025-06-20 18:00:00,physical,34.5,False
HURR-20250618-044,hurricane,WMN-02795,11,2025-06-20 18:00:00,physical,22.2,False
HURR-20250618-044,hurricane,PMP-02261,4,2025-06-19 00:00:00,functional_power_loss,40.9,True
HURR-20250618-044,hurricane,PMP-02311,5,2025-06-19 06:00:00,functional_power_loss,29.9,True
HURR-20250618-044,hurricane,PMP-02363,7,2025-06-19 18:00:00,functional_power_loss,29.4,True
HEAT-20250129-045,heatwave,WMN-03375,1,2025-01-29 06:00:00,physical,15.4,False
HEAT-20250129-045,heatwave,PMP-02286,2,2025-01-29 12:00:00,physical,33.4,False
HEAT-20250129-045,heatwave,WMN-03139,2,2025-01-29 12:00:00,physical,10.1,False
HEAT-20250129-045,heatwave,WMN-03102,3,2025-01-29 18:00:00,physical,10.4,False
HEAT-20250129-045,heatwave,DFR-01625,4,2025-01-30 00:00:00,physical,10.1,False
HEAT-20250129-045,heatwave,DSS-00080,6,2025-01-30 12:00:00,physical,16.2,False
HEAT-20250129-045,heatwave,DSS-00398,6,2025-01-30 12:00:00,physical,31.3,False
HEAT-20250129-045,heatwave,WMN-03283,6,2025-01-30 12:00:00,physical,18.9,False
HEAT-20250129-045,heatwave,WMN-03334,6,2025-01-30 12:00:00,physical,26.8,False
HEAT-20250129-045,heatwave,PMP-02344,7,2025-01-30 18:00:00,physical,28.2,False
HEAT-20250129-045,heatwave,WMN-03224,7,2025-01-30 18:00:00,physical,17.3,False
HEAT-20250129-045,heatwave,WMN-03367,8,2025-01-31 00:00:00,physical,21.4,False
HEAT-20250129-045,heatwave,WMN-03092,8,2025-01-31 00:00:00,physical,13.0,False
HEAT-20250129-045,heatwave,WMN-02821,8,2025-01-31 00:00:00,physical,18.4,False
HEAT-20250129-045,heatwave,WMN-02902,8,2025-01-31 00:00:00,physical,20.9,False
HEAT-20250129-045,heatwave,WMN-02747,9,2025-01-31 06:00:00,physical,20.7,False
HEAT-20250129-045,heatwave,WMN-02866,9,2025-01-31 06:00:00,physical,28.8,False
HEAT-20250129-045,heatwave,DSS-00328,10,2025-01-31 12:00:00,physical,20.2,False
HEAT-20250129-045,heatwave,DSS-00364,10,2025-01-31 12:00:00,physical,23.4,False
HEAT-20250129-045,heatwave,DSS-00358,10,2025-01-31 12:00:00,physical,13.8,False
HEAT-20250129-045,heatwave,DSS-00336,10,2025-01-31 12:00:00,physical,24.1,False
HEAT-20250129-045,heatwave,DSS-00229,10,2025-01-31 12:00:00,physical,27.3,False
HEAT-20250129-045,heatwave,DSS-00186,10,2025-01-31 12:00:00,physical,21.4,False
HEAT-20250129-045,heatwave,DSS-00168,10,2025-01-31 12:00:00,physical,35.3,False
HEAT-20250129-045,heatwave,DSS-00107,10,2025-01-31 12:00:00,physical,13.2,False
HEAT-20250129-045,heatwave,DSS-00093,10,2025-01-31 12:00:00,physical,21.1,False
HEAT-20250129-045,heatwave,DSS-00214,10,2025-01-31 12:00:00,physical,28.9,False
HEAT-20250129-045,heatwave,DFR-01384,11,2025-01-31 18:00:00,physical,11.1,False
HEAT-20250129-045,heatwave,DSS-00391,12,2025-02-01 00:00:00,physical,29.9,False
HEAT-20250129-045,heatwave,WMN-02703,12,2025-02-01 00:00:00,physical,9.9,False
HEAT-20250129-045,heatwave,DFR-01499,13,2025-02-01 06:00:00,physical,8.8,False
HEAT-20250129-045,heatwave,DSS-00329,14,2025-02-01 12:00:00,physical,13.1,False
HEAT-20250129-045,heatwave,DSS-00352,14,2025-02-01 12:00:00,physical,24.2,False
HEAT-20250129-045,heatwave,DSS-00327,14,2025-02-01 12:00:00,physical,11.3,False
HEAT-20250129-045,heatwave,DSS-00371,14,2025-02-01 12:00:00,physical,26.7,False
HEAT-20250129-045,heatwave,DSS-00394,14,2025-02-01 12:00:00,physical,25.1,False
HEAT-20250129-045,heatwave,DSS-00370,14,2025-02-01 12:00:00,physical,40.8,False
HEAT-20250129-045,heatwave,DSS-00246,14,2025-02-01 12:00:00,physical,14.7,False
HEAT-20250129-045,heatwave,DSS-00183,14,2025-02-01 12:00:00,physical,27.0,False
HEAT-20250129-045,heatwave,DSS-00172,14,2025-02-01 12:00:00,physical,19.6,False
HEAT-20250129-045,heatwave,DSS-00231,14,2025-02-01 12:00:00,physical,27.1,False
HEAT-20250129-045,heatwave,DSS-00153,14,2025-02-01 12:00:00,physical,25.1,False
HEAT-20250129-045,heatwave,DSS-00145,14,2025-02-01 12:00:00,physical,29.8,False
HEAT-20250129-045,heatwave,DSS-00082,14,2025-02-01 12:00:00,physical,17.0,False
HEAT-20250129-045,heatwave,TSS-00008,14,2025-02-01 12:00:00,physical,118.8,False
HEAT-20250129-045,heatwave,WMN-03454,15,2025-02-01 18:00:00,physical,20.5,False
HEAT-20250129-045,heatwave,DSS-00147,16,2025-02-02 00:00:00,physical,17.9,False
HEAT-20250129-045,heatwave,WMN-02840,16,2025-02-02 00:00:00,physical,14.8,False
HEAT-20250129-045,heatwave,TLS-01275,17,2025-02-02 06:00:00,physical,8.7,False
HEAT-20250129-045,heatwave,WMN-02690,17,2025-02-02 06:00:00,physical,23.1,False
HEAT-20250129-045,heatwave,TLS-00939,18,2025-02-02 12:00:00,physical,6.1,False
HEAT-20250129-045,heatwave,DSS-00233,18,2025-02-02 12:00:00,physical,19.2,False
HEAT-20250129-045,heatwave,WMN-03080,18,2025-02-02 12:00:00,physical,21.2,False
HEAT-20250129-045,heatwave,DSS-00106,18,2025-02-02 12:00:00,physical,36.5,False
HEAT-20250129-045,heatwave,DSS-00085,18,2025-02-02 12:00:00,physical,37.3,False
HEAT-20250129-045,heatwave,TSS-00005,18,2025-02-02 12:00:00,physical,70.8,False
HEAT-20250129-045,heatwave,DSS-00138,19,2025-02-02 18:00:00,physical,29.9,False
HEAT-20250129-045,heatwave,WMN-03154,20,2025-02-03 00:00:00,physical,11.1,False
HEAT-20250129-045,heatwave,WMN-03215,20,2025-02-03 00:00:00,physical,22.1,False
HEAT-20250129-045,heatwave,DSS-00263,21,2025-02-03 06:00:00,physical,31.7,False
HEAT-20250129-045,heatwave,WMN-02705,21,2025-02-03 06:00:00,physical,12.5,False
HEAT-20250129-045,heatwave,DSS-00066,22,2025-02-03 12:00:00,physical,69.5,False
HEAT-20250129-045,heatwave,DSS-00258,22,2025-02-03 12:00:00,physical,43.4,False
HEAT-20250129-045,heatwave,WMN-03004,24,2025-02-04 00:00:00,physical,9.8,False
HEAT-20250129-045,heatwave,DFR-01720,25,2025-02-04 06:00:00,physical,8.4,False
HEAT-20250129-045,heatwave,WMN-03345,26,2025-02-04 12:00:00,physical,27.8,False
HEAT-20250129-045,heatwave,DSS-00197,27,2025-02-04 18:00:00,physical,17.9,False
HEAT-20250129-045,heatwave,PMP-02343,10,2025-01-31 12:00:00,functional_power_loss,30.6,True
HEAT-20250129-045,heatwave,PMP-02230,14,2025-02-01 12:00:00,functional_power_loss,37.2,True
HEAT-20250129-045,heatwave,PMP-02294,14,2025-02-01 12:00:00,functional_power_loss,26.2,True
HEAT-20250129-045,heatwave,WTP-02220,19,2025-02-02 18:00:00,functional_power_loss,35.7,True
HEAT-20250129-045,heatwave,PMP-02450,12,2025-02-01 00:00:00,functional_power_loss,40.0,True
HEAT-20250129-045,heatwave,PMP-02387,16,2025-02-02 00:00:00,functional_power_loss,13.9,True
HEAT-20250129-045,heatwave,PMP-02295,14,2025-02-01 12:00:00,functional_power_loss,21.7,True
HEAT-20250129-045,heatwave,PMP-02261,10,2025-01-31 12:00:00,functional_power_loss,23.8,True
HEAT-20250129-045,heatwave,PMP-02311,11,2025-01-31 18:00:00,functional_power_loss,26.6,True
HEAT-20250129-045,heatwave,PMP-02309,10,2025-01-31 12:00:00,functional_power_loss,48.4,True
HEAT-20250129-045,heatwave,PMP-02249,14,2025-02-01 12:00:00,functional_power_loss,30.6,True
HEAT-20250129-045,heatwave,PMP-02307,14,2025-02-01 12:00:00,functional_power_loss,18.2,True
HEAT-20250129-045,heatwave,PMP-02323,18,2025-02-02 12:00:00,functional_power_loss,30.3,True
HEAT-20250129-045,heatwave,PMP-02274,14,2025-02-01 12:00:00,functional_power_loss,46.5,True
HEAT-20250129-045,heatwave,PMP-02376,14,2025-02-01 12:00:00,functional_power_loss,20.2,True
HEAT-20250129-045,heatwave,PMP-02301,22,2025-02-03 12:00:00,functional_power_loss,58.5,True
HEAT-20250129-045,heatwave,PMP-02355,21,2025-02-03 06:00:00,functional_power_loss,39.9,True
HEAT-20250129-045,heatwave,PMP-02238,14,2025-02-01 12:00:00,functional_power_loss,22.2,True
HEAT-20250129-045,heatwave,PMP-02236,10,2025-01-31 12:00:00,functional_power_loss,38.8,True
HEAT-20250129-045,heatwave,PMP-02297,14,2025-02-01 12:00:00,functional_power_loss,23.2,True
HEAT-20250129-045,heatwave,PMP-02422,10,2025-01-31 12:00:00,functional_power_loss,28.5,True
HEAT-20250129-045,heatwave,PMP-02242,18,2025-02-02 12:00:00,functional_power_loss,50.1,True
HEAT-20250129-045,heatwave,PMP-02300,18,2025-02-02 12:00:00,functional_power_loss,15.2,True
HEAT-20250129-045,heatwave,PMP-02362,14,2025-02-01 12:00:00,functional_power_loss,33.2,True
HEAT-20250220-046,heatwave,INT-03487,1,2025-02-20 06:00:00,physical,17.2,False
HEAT-20250220-046,heatwave,TLS-00538,2,2025-02-20 12:00:00,physical,17.5,False
HEAT-20250220-046,heatwave,DFR-01559,2,2025-02-20 12:00:00,physical,13.0,False
HEAT-20250220-046,heatwave,WMN-02812,2,2025-02-20 12:00:00,physical,7.8,False
HEAT-20250220-046,heatwave,WMN-03345,2,2025-02-20 12:00:00,physical,18.4,False
HEAT-20250220-046,heatwave,WMN-03432,2,2025-02-20 12:00:00,physical,18.5,False
HEAT-20250220-046,heatwave,DSS-00187,4,2025-02-21 00:00:00,physical,45.9,False
HEAT-20250220-046,heatwave,WMN-03248,4,2025-02-21 00:00:00,physical,13.3,False
HEAT-20250220-046,heatwave,DSS-00149,5,2025-02-21 06:00:00,physical,23.4,False
HEAT-20250220-046,heatwave,DFR-01944,5,2025-02-21 06:00:00,physical,16.7,False
HEAT-20250220-046,heatwave,WMN-03457,6,2025-02-21 12:00:00,physical,15.0,False
HEAT-20250220-046,heatwave,DSS-00394,6,2025-02-21 12:00:00,physical,29.0,False
HEAT-20250220-046,heatwave,DSS-00168,6,2025-02-21 12:00:00,physical,29.6,False
HEAT-20250220-046,heatwave,DSS-00093,6,2025-02-21 12:00:00,physical,26.6,False
HEAT-20250220-046,heatwave,TLS-00874,9,2025-02-22 06:00:00,physical,8.0,False
HEAT-20250220-046,heatwave,DFR-01376,9,2025-02-22 06:00:00,physical,6.6,False
HEAT-20250220-046,heatwave,WMN-03010,9,2025-02-22 06:00:00,physical,12.2,False
HEAT-20250220-046,heatwave,WMN-03157,9,2025-02-22 06:00:00,physical,12.1,False
HEAT-20250220-046,heatwave,WMN-03083,10,2025-02-22 12:00:00,physical,28.1,False
HEAT-20250220-046,heatwave,DSS-00398,10,2025-02-22 12:00:00,physical,17.9,False
HEAT-20250220-046,heatwave,DSS-00336,10,2025-02-22 12:00:00,physical,21.5,False
HEAT-20250220-046,heatwave,DSS-00329,10,2025-02-22 12:00:00,physical,14.0,False
HEAT-20250220-046,heatwave,DSS-00080,10,2025-02-22 12:00:00,physical,20.1,False
HEAT-20250220-046,heatwave,DSS-00240,10,2025-02-22 12:00:00,physical,27.5,False
HEAT-20250220-046,heatwave,DSS-00172,10,2025-02-22 12:00:00,physical,27.5,False
HEAT-20250220-046,heatwave,DSS-00306,10,2025-02-22 12:00:00,physical,16.7,False
HEAT-20250220-046,heatwave,WMN-02853,11,2025-02-22 18:00:00,physical,7.8,False
HEAT-20250220-046,heatwave,WMN-02821,12,2025-02-23 00:00:00,physical,18.3,False
HEAT-20250220-046,heatwave,WMN-03315,12,2025-02-23 00:00:00,physical,14.4,False
HEAT-20250220-046,heatwave,WMN-03106,13,2025-02-23 06:00:00,physical,17.7,False
HEAT-20250220-046,heatwave,DSS-00145,14,2025-02-23 12:00:00,physical,8.9,False
HEAT-20250220-046,heatwave,DFR-01754,14,2025-02-23 12:00:00,physical,7.2,False
HEAT-20250220-046,heatwave,DFR-01472,15,2025-02-23 18:00:00,physical,9.5,False
HEAT-20250220-046,heatwave,TLS-00540,17,2025-02-24 06:00:00,physical,7.1,False
HEAT-20250220-046,heatwave,WMN-03258,18,2025-02-24 12:00:00,physical,10.2,False
HEAT-20250220-046,heatwave,DFR-01681,19,2025-02-24 18:00:00,physical,5.4,False
HEAT-20250220-046,heatwave,PMP-02343,14,2025-02-23 12:00:00,functional_power_loss,41.9,True
HEAT-20250220-046,heatwave,PMP-02503,6,2025-02-21 12:00:00,functional_power_loss,27.1,True
HEAT-20250220-046,heatwave,PMP-02261,6,2025-02-21 12:00:00,functional_power_loss,16.5,True
HEAT-20250220-046,heatwave,PMP-02311,7,2025-02-21 18:00:00,functional_power_loss,18.1,True
HEAT-20250220-046,heatwave,PMP-02287,4,2025-02-21 00:00:00,functional_power_loss,26.6,True
HEAT-20250220-046,heatwave,PMP-02362,6,2025-02-21 12:00:00,functional_power_loss,20.9,True
HEAT-20250219-047,heatwave,WMN-03311,0,2025-02-19 00:00:00,physical,15.2,False
HEAT-20250219-047,heatwave,WMN-02776,1,2025-02-19 06:00:00,physical,22.5,False
HEAT-20250219-047,heatwave,DSS-00231,2,2025-02-19 12:00:00,physical,26.9,False
HEAT-20250219-047,heatwave,TNK-02632,2,2025-02-19 12:00:00,physical,10.8,False
HEAT-20250219-047,heatwave,WMN-03177,2,2025-02-19 12:00:00,physical,21.7,False
HEAT-20250219-047,heatwave,WMN-03441,2,2025-02-19 12:00:00,physical,31.1,False
HEAT-20250219-047,heatwave,WMN-03154,3,2025-02-19 18:00:00,physical,27.7,False
HEAT-20250219-047,heatwave,WMN-03296,3,2025-02-19 18:00:00,physical,19.9,False
HEAT-20250219-047,heatwave,WMN-03315,4,2025-02-20 00:00:00,physical,22.5,False
HEAT-20250219-047,heatwave,WMN-02945,5,2025-02-20 06:00:00,physical,11.1,False
HEAT-20250219-047,heatwave,DSS-00336,6,2025-02-20 12:00:00,physical,45.0,False
HEAT-20250219-047,heatwave,DFR-01537,6,2025-02-20 12:00:00,physical,14.9,False
HEAT-20250219-047,heatwave,PMP-02477,6,2025-02-20 12:00:00,physical,16.6,False
HEAT-20250219-047,heatwave,DFR-01499,7,2025-02-20 18:00:00,physical,5.1,False
HEAT-20250219-047,heatwave,WMN-03303,8,2025-02-21 00:00:00,physical,15.8,False
HEAT-20250219-047,heatwave,DFR-01357,8,2025-02-21 00:00:00,physical,8.3,False
HEAT-20250219-047,heatwave,PMP-02373,9,2025-02-21 06:00:00,physical,26.8,False
HEAT-20250219-047,heatwave,WMN-03328,9,2025-02-21 06:00:00,physical,22.6,False
HEAT-20250219-047,heatwave,DSS-00093,10,2025-02-21 12:00:00,physical,20.2,False
HEAT-20250219-047,heatwave,DSS-00141,10,2025-02-21 12:00:00,physical,13.9,False
HEAT-20250219-047,heatwave,DSS-00194,10,2025-02-21 12:00:00,physical,8.8,False
HEAT-20250219-047,heatwave,DSS-00328,10,2025-02-21 12:00:00,physical,19.0,False
HEAT-20250219-047,heatwave,DSS-00364,10,2025-02-21 12:00:00,physical,18.9,False
HEAT-20250219-047,heatwave,WMN-03299,10,2025-02-21 12:00:00,physical,20.2,False
HEAT-20250219-047,heatwave,WMN-03191,11,2025-02-21 18:00:00,physical,19.1,False
HEAT-20250219-047,heatwave,DSS-00282,13,2025-02-22 06:00:00,physical,30.9,False
HEAT-20250219-047,heatwave,DFR-01557,13,2025-02-22 06:00:00,physical,5.1,False
HEAT-20250219-047,heatwave,WMN-03290,14,2025-02-22 12:00:00,physical,7.1,False
HEAT-20250219-047,heatwave,WMN-02815,14,2025-02-22 12:00:00,physical,8.7,False
HEAT-20250219-047,heatwave,DSS-00312,14,2025-02-22 12:00:00,physical,20.9,False
HEAT-20250219-047,heatwave,DSS-00348,14,2025-02-22 12:00:00,physical,18.1,False
HEAT-20250219-047,heatwave,DSS-00168,14,2025-02-22 12:00:00,physical,33.6,False
HEAT-20250219-047,heatwave,DSS-00145,14,2025-02-22 12:00:00,physical,30.1,False
HEAT-20250219-047,heatwave,DSS-00258,14,2025-02-22 12:00:00,physical,39.2,False
HEAT-20250219-047,heatwave,TLS-00856,16,2025-02-23 00:00:00,physical,8.0,False
HEAT-20250219-047,heatwave,DFR-01606,16,2025-02-23 00:00:00,physical,3.8,False
HEAT-20250219-047,heatwave,WMN-02853,16,2025-02-23 00:00:00,physical,23.9,False
HEAT-20250219-047,heatwave,WMN-03455,16,2025-02-23 00:00:00,physical,11.9,False
HEAT-20250219-047,heatwave,PMP-02348,17,2025-02-23 06:00:00,physical,19.9,False
HEAT-20250219-047,heatwave,PMP-02427,17,2025-02-23 06:00:00,physical,37.7,False
HEAT-20250219-047,heatwave,WMN-02835,17,2025-02-23 06:00:00,physical,14.6,False
HEAT-20250219-047,heatwave,TNK-02601,18,2025-02-23 12:00:00,physical,9.1,False
HEAT-20250219-047,heatwave,DSS-00334,18,2025-02-23 12:00:00,physical,24.0,False
HEAT-20250219-047,heatwave,DSS-00406,18,2025-02-23 12:00:00,physical,34.8,False
HEAT-20250219-047,heatwave,WMN-03230,19,2025-02-23 18:00:00,physical,16.3,False
HEAT-20250219-047,heatwave,WMN-02870,19,2025-02-23 18:00:00,physical,30.1,False
HEAT-20250219-047,heatwave,WMN-02775,20,2025-02-24 00:00:00,physical,15.3,False
HEAT-20250219-047,heatwave,WMN-03053,21,2025-02-24 06:00:00,physical,15.6,False
HEAT-20250219-047,heatwave,WMN-03112,21,2025-02-24 06:00:00,physical,24.3,False
HEAT-20250219-047,heatwave,TLS-00659,22,2025-02-24 12:00:00,physical,7.1,False
HEAT-20250219-047,heatwave,TLS-00947,22,2025-02-24 12:00:00,physical,12.7,False
HEAT-20250219-047,heatwave,WMN-03029,22,2025-02-24 12:00:00,physical,24.0,False
HEAT-20250219-047,heatwave,WMN-02789,23,2025-02-24 18:00:00,physical,21.5,False
HEAT-20250219-047,heatwave,DSS-00203,24,2025-02-25 00:00:00,physical,17.1,False
HEAT-20250219-047,heatwave,TLS-01268,24,2025-02-25 00:00:00,physical,13.0,False
HEAT-20250219-047,heatwave,PMP-02255,24,2025-02-25 00:00:00,physical,22.5,False
HEAT-20250219-047,heatwave,WMN-03447,24,2025-02-25 00:00:00,physical,37.4,False
HEAT-20250219-047,heatwave,WMN-02695,25,2025-02-25 06:00:00,physical,21.3,False
HEAT-20250219-047,heatwave,WMN-03214,25,2025-02-25 06:00:00,physical,22.1,False
HEAT-20250219-047,heatwave,PMP-02261,14,2025-02-22 12:00:00,functional_power_loss,27.1,True
HEAT-20250219-047,heatwave,PMP-02311,15,2025-02-22 18:00:00,functional_power_loss,20.2,True
HEAT-20250219-047,heatwave,PMP-02249,2,2025-02-19 12:00:00,functional_power_loss,35.6,True
HEAT-20250219-047,heatwave,PMP-02307,2,2025-02-19 12:00:00,functional_power_loss,53.2,True
HEAT-20250219-047,heatwave,PMP-02301,14,2025-02-22 12:00:00,functional_power_loss,25.1,True
HEAT-20250219-047,heatwave,PMP-02298,13,2025-02-22 06:00:00,functional_power_loss,14.1,True
HEAT-20250219-047,heatwave,PMP-02370,14,2025-02-22 12:00:00,functional_power_loss,25.2,True
HEAT-20250219-047,heatwave,PMP-02491,14,2025-02-22 12:00:00,functional_power_loss,27.8,True
HEAT-20250219-047,heatwave,PMP-02236,10,2025-02-21 12:00:00,functional_power_loss,37.3,True
HEAT-20250219-047,heatwave,PMP-02415,14,2025-02-22 12:00:00,functional_power_loss,19.4,True
HEAT-20250219-047,heatwave,PMP-02297,14,2025-02-22 12:00:00,functional_power_loss,23.9,True
HEAT-20250219-047,heatwave,PMP-02422,10,2025-02-21 12:00:00,functional_power_loss,23.7,True
HEAT-20250219-047,heatwave,PMP-02334,18,2025-02-23 12:00:00,functional_power_loss,23.1,True
HEAT-20250219-047,heatwave,PMP-02341,18,2025-02-23 12:00:00,functional_power_loss,43.3,True
HEAT-20250219-047,heatwave,PMP-02346,18,2025-02-23 12:00:00,functional_power_loss,23.3,True
HEAT-20250220-048,heatwave,TLS-00660,0,2025-02-20 00:00:00,physical,5.3,False
HEAT-20250220-048,heatwave,WMN-02810,0,2025-02-20 00:00:00,physical,9.2,False
HEAT-20250220-048,heatwave,RCL-02046,3,2025-02-20 18:00:00,physical,9.1,False
HEAT-20250220-048,heatwave,WMN-02995,3,2025-02-20 18:00:00,physical,7.7,False
HEAT-20250220-048,heatwave,DFR-01347,4,2025-02-21 00:00:00,physical,6.7,False
HEAT-20250220-048,heatwave,DFR-01776,4,2025-02-21 00:00:00,physical,4.5,False
HEAT-20250220-048,heatwave,WMN-03022,4,2025-02-21 00:00:00,physical,12.6,False
HEAT-20250220-048,heatwave,WMN-02815,5,2025-02-21 06:00:00,physical,7.6,False
HEAT-20250220-048,heatwave,WMN-03177,6,2025-02-21 12:00:00,physical,9.7,False
HEAT-20250220-048,heatwave,INT-03487,6,2025-02-21 12:00:00,physical,9.9,False
HEAT-20250220-048,heatwave,WMN-03456,8,2025-02-22 00:00:00,physical,16.1,False
HEAT-20250220-048,heatwave,DSS-00240,10,2025-02-22 12:00:00,physical,32.6,False
HEAT-20250220-048,heatwave,DSS-00216,10,2025-02-22 12:00:00,physical,16.2,False
HEAT-20250220-048,heatwave,DSS-00398,11,2025-02-22 18:00:00,physical,19.4,False
HEAT-20250220-048,heatwave,DFR-01480,11,2025-02-22 18:00:00,physical,10.1,False
HEAT-20250220-048,heatwave,WMN-03222,11,2025-02-22 18:00:00,physical,16.3,False
HEAT-20250220-048,heatwave,DSS-00174,12,2025-02-23 00:00:00,physical,14.5,False
HEAT-20250220-048,heatwave,DFR-01800,12,2025-02-23 00:00:00,physical,11.1,False
HEAT-20250220-048,heatwave,WMN-03154,12,2025-02-23 00:00:00,physical,15.6,False
HEAT-20250220-048,heatwave,PMP-02231,13,2025-02-23 06:00:00,physical,22.7,False
HEAT-20250220-048,heatwave,PMP-02499,14,2025-02-23 12:00:00,physical,11.4,False
HEAT-20250220-048,heatwave,WMN-02775,14,2025-02-23 12:00:00,physical,10.2,False
HEAT-20250220-048,heatwave,DFR-01941,15,2025-02-23 18:00:00,physical,7.9,False
HEAT-20250220-048,heatwave,WMN-03378,16,2025-02-24 00:00:00,physical,9.9,False
HEAT-20250220-048,heatwave,WMN-03103,16,2025-02-24 00:00:00,physical,11.0,False
HEAT-20250220-048,heatwave,WMN-03427,18,2025-02-24 12:00:00,physical,32.0,False
HEAT-20250220-048,heatwave,PMP-02253,14,2025-02-23 12:00:00,functional_power_loss,23.4,True
HEAT-20250404-049,heatwave,DSS-00370,2,2025-04-04 12:00:00,physical,32.8,False
HEAT-20250404-049,heatwave,WMN-02863,2,2025-04-04 12:00:00,physical,13.8,False
HEAT-20250404-049,heatwave,INT-03509,2,2025-04-04 12:00:00,physical,4.2,False
HEAT-20250404-049,heatwave,DFR-01665,9,2025-04-06 06:00:00,physical,28.0,False
HEAT-20250404-049,heatwave,PMP-02448,9,2025-04-06 06:00:00,physical,15.4,False
HEAT-20250404-049,heatwave,TNK-02541,9,2025-04-06 06:00:00,physical,16.1,False
HEAT-20250404-049,heatwave,DSS-00168,10,2025-04-06 12:00:00,physical,27.4,False
HEAT-20250404-049,heatwave,TLS-00571,10,2025-04-06 12:00:00,physical,16.0,False
HEAT-20250404-049,heatwave,WMN-02810,10,2025-04-06 12:00:00,physical,16.0,False
HEAT-20250404-049,heatwave,PMP-02260,11,2025-04-06 18:00:00,physical,26.8,False
HEAT-20250404-049,heatwave,WMN-03312,13,2025-04-07 06:00:00,physical,23.0,False
HEAT-20250404-049,heatwave,TSS-00027,14,2025-04-07 12:00:00,physical,30.0,False
HEAT-20250404-049,heatwave,DSS-00183,14,2025-04-07 12:00:00,physical,25.8,False
HEAT-20250404-049,heatwave,DSS-00364,14,2025-04-07 12:00:00,physical,24.4,False
HEAT-20250404-049,heatwave,WMN-02775,14,2025-04-07 12:00:00,physical,18.5,False
HEAT-20250404-049,heatwave,WMN-02789,14,2025-04-07 12:00:00,physical,10.2,False
HEAT-20250404-049,heatwave,DFR-01843,15,2025-04-07 18:00:00,physical,6.8,False
HEAT-20250404-049,heatwave,PMP-02331,17,2025-04-08 06:00:00,physical,30.5,False
HEAT-20250404-049,heatwave,WMN-02812,17,2025-04-08 06:00:00,physical,36.1,False
HEAT-20250404-049,heatwave,DSS-00093,18,2025-04-08 12:00:00,physical,18.2,False
HEAT-20250404-049,heatwave,DFR-01926,18,2025-04-08 12:00:00,physical,5.7,False
HEAT-20250404-049,heatwave,WMN-03322,18,2025-04-08 12:00:00,physical,15.3,False
HEAT-20250404-049,heatwave,WMN-02992,19,2025-04-08 18:00:00,physical,17.0,False
HEAT-20250404-049,heatwave,PMP-02485,21,2025-04-09 06:00:00,physical,6.9,False
HEAT-20250404-049,heatwave,DFR-01338,22,2025-04-09 12:00:00,physical,5.0,False
HEAT-20250404-049,heatwave,WMN-02818,22,2025-04-09 12:00:00,physical,16.3,False
HEAT-20250404-049,heatwave,DSS-00096,23,2025-04-09 18:00:00,physical,15.5,False
HEAT-20250404-049,heatwave,WMN-03456,23,2025-04-09 18:00:00,physical,12.3,False
HEAT-20250404-049,heatwave,DFR-01812,24,2025-04-10 00:00:00,physical,9.5,False
HEAT-20250404-049,heatwave,WMN-03228,25,2025-04-10 06:00:00,physical,15.2,False
HEAT-20250404-049,heatwave,PMP-02292,26,2025-04-10 12:00:00,physical,31.2,False
HEAT-20250404-049,heatwave,PMP-02462,23,2025-04-09 18:00:00,functional_power_loss,17.7,True
HEAT-20250404-049,heatwave,PMP-02261,10,2025-04-06 12:00:00,functional_power_loss,23.0,True
HEAT-20250404-049,heatwave,PMP-02311,11,2025-04-06 18:00:00,functional_power_loss,20.5,True
HEAT-20250404-049,heatwave,PMP-02297,18,2025-04-08 12:00:00,functional_power_loss,17.4,True
HEAT-20250404-049,heatwave,PMP-02422,14,2025-04-07 12:00:00,functional_power_loss,17.2,True
HEAT-20250404-049,heatwave,PMP-02242,6,2025-04-05 12:00:00,functional_power_loss,21.9,True
HEAT-20250404-049,heatwave,PMP-02300,6,2025-04-05 12:00:00,functional_power_loss,34.2,True
INLA-20250209-050,inland_flood,DFR-01383,0,2025-02-09 00:00:00,physical,16.5,False
INLA-20250209-050,inland_flood,DFR-01462,0,2025-02-09 00:00:00,physical,12.4,False
INLA-20250209-050,inland_flood,DFR-01514,0,2025-02-09 00:00:00,physical,9.4,False
INLA-20250209-050,inland_flood,DFR-01551,0,2025-02-09 00:00:00,physical,9.8,False
INLA-20250209-050,inland_flood,TLS-00561,1,2025-02-09 06:00:00,physical,3.4,False
INLA-20250209-050,inland_flood,DFR-01477,1,2025-02-09 06:00:00,physical,8.1,False
INLA-20250209-050,inland_flood,DFR-01675,1,2025-02-09 06:00:00,physical,6.1,False
INLA-20250209-050,inland_flood,WMN-02831,1,2025-02-09 06:00:00,physical,18.0,False
INLA-20250209-050,inland_flood,TLS-00762,2,2025-02-09 12:00:00,physical,7.8,False
INLA-20250209-050,inland_flood,WMN-03224,3,2025-02-09 18:00:00,physical,10.8,False
INLA-20250209-050,inland_flood,WMN-02852,3,2025-02-09 18:00:00,physical,14.8,False
INLA-20250209-050,inland_flood,DFR-01321,3,2025-02-09 18:00:00,physical,6.0,False
INLA-20250209-050,inland_flood,TLS-00688,3,2025-02-09 18:00:00,physical,10.2,False
INLA-20250209-050,inland_flood,DFR-01384,3,2025-02-09 18:00:00,physical,10.2,False
INLA-20250209-050,inland_flood,DFR-01451,4,2025-02-10 00:00:00,physical,12.2,False
INLA-20250209-050,inland_flood,DFR-01928,4,2025-02-10 00:00:00,physical,5.1,False
INLA-20250209-050,inland_flood,TNK-02565,4,2025-02-10 00:00:00,physical,5.6,False
INLA-20250209-050,inland_flood,WMN-02920,4,2025-02-10 00:00:00,physical,16.0,False
INLA-20250209-050,inland_flood,RCL-02122,5,2025-02-10 06:00:00,physical,6.2,False
INLA-20250209-050,inland_flood,DFR-01664,5,2025-02-10 06:00:00,physical,5.5,False
INLA-20250209-050,inland_flood,WMN-02945,5,2025-02-10 06:00:00,physical,33.2,False
INLA-20250724-051,inland_flood,DFR-01965,0,2025-07-24 00:00:00,physical,7.0,False
INLA-20250724-051,inland_flood,WMN-03214,0,2025-07-24 00:00:00,physical,22.4,False
INLA-20250724-051,inland_flood,RCL-02092,1,2025-07-24 06:00:00,physical,8.7,False
INLA-20250724-051,inland_flood,WMN-03156,1,2025-07-24 06:00:00,physical,9.8,False
INLA-20250724-051,inland_flood,WMN-02812,2,2025-07-24 12:00:00,physical,14.5,False
INLA-20250724-051,inland_flood,WMN-02902,2,2025-07-24 12:00:00,physical,21.2,False
INLA-20250724-051,inland_flood,DFR-01728,3,2025-07-24 18:00:00,physical,6.3,False
INLA-20250724-051,inland_flood,DFR-01318,4,2025-07-25 00:00:00,physical,8.7,False
INLA-20250724-051,inland_flood,WMN-02947,4,2025-07-25 00:00:00,physical,10.5,False
INLA-20250724-051,inland_flood,WMN-03022,4,2025-07-25 00:00:00,physical,26.9,False
INLA-20250724-051,inland_flood,PMP-02464,5,2025-07-25 06:00:00,physical,13.2,False
INLA-20250724-051,inland_flood,WMN-03428,5,2025-07-25 06:00:00,physical,40.3,False
INLA-20250619-052,inland_flood,DFR-01952,1,2025-06-19 06:00:00,physical,11.9,False
INLA-20250619-052,inland_flood,DFR-01545,2,2025-06-19 12:00:00,physical,12.9,False
INLA-20250619-052,inland_flood,WMN-02840,2,2025-06-19 12:00:00,physical,17.9,False
INLA-20250619-052,inland_flood,TLS-00506,3,2025-06-19 18:00:00,physical,7.3,False
INLA-20250619-052,inland_flood,WMN-02776,3,2025-06-19 18:00:00,physical,20.5,False
INLA-20250619-052,inland_flood,WMN-03322,3,2025-06-19 18:00:00,physical,14.5,False
INLA-20250619-052,inland_flood,WMN-02700,4,2025-06-20 00:00:00,physical,16.3,False
INLA-20250619-052,inland_flood,WMN-03154,5,2025-06-20 06:00:00,physical,28.3,False
INLA-20250619-052,inland_flood,WMN-03452,5,2025-06-20 06:00:00,physical,11.8,False
INLA-20250703-053,inland_flood,TLS-00577,0,2025-07-03 00:00:00,physical,9.9,False
INLA-20250703-053,inland_flood,WMN-03299,1,2025-07-03 06:00:00,physical,14.7,False
INLA-20250703-053,inland_flood,WMN-03129,4,2025-07-04 00:00:00,physical,15.8,False
INLA-20250703-053,inland_flood,WMN-03177,5,2025-07-04 06:00:00,physical,9.4,False
INLA-20250703-053,inland_flood,WMN-03251,5,2025-07-04 06:00:00,physical,15.6,False
INLA-20250402-054,inland_flood,WMN-03192,1,2025-04-02 06:00:00,physical,16.0,False
INLA-20250402-054,inland_flood,WMN-02763,2,2025-04-02 12:00:00,physical,9.6,False
INLA-20250402-054,inland_flood,WMN-02818,2,2025-04-02 12:00:00,physical,17.3,False
INLA-20250402-054,inland_flood,TLS-00889,3,2025-04-02 18:00:00,physical,6.6,False
INLA-20250402-054,inland_flood,WMN-03224,3,2025-04-02 18:00:00,physical,15.7,False
INLA-20250402-054,inland_flood,WMN-02821,4,2025-04-03 00:00:00,physical,14.1,False
INLA-20250402-054,inland_flood,WMN-02995,4,2025-04-03 00:00:00,physical,27.1,False
INLA-20250402-054,inland_flood,DFR-01526,5,2025-04-03 06:00:00,physical,10.0,False
INLA-20250402-054,inland_flood,DFR-01829,5,2025-04-03 06:00:00,physical,11.5,False
INLA-20250402-054,inland_flood,WMN-02870,5,2025-04-03 06:00:00,physical,8.2,False
INLA-20250309-055,inland_flood,DFR-01731,0,2025-03-09 00:00:00,physical,7.0,False
INLA-20250309-055,inland_flood,DFR-01802,0,2025-03-09 00:00:00,physical,6.7,False
INLA-20250309-055,inland_flood,DFR-01633,1,2025-03-09 06:00:00,physical,3.7,False
INLA-20250309-055,inland_flood,DFR-01773,1,2025-03-09 06:00:00,physical,8.3,False
INLA-20250309-055,inland_flood,PMP-02323,1,2025-03-09 06:00:00,physical,42.0,False
INLA-20250309-055,inland_flood,TLS-00704,2,2025-03-09 12:00:00,physical,3.6,False
INLA-20250309-055,inland_flood,DFR-01926,2,2025-03-09 12:00:00,physical,7.3,False
INLA-20250309-055,inland_flood,DFR-01530,3,2025-03-09 18:00:00,physical,9.1,False
INLA-20250309-055,inland_flood,DSS-00382,3,2025-03-09 18:00:00,physical,13.3,False
INLA-20250309-055,inland_flood,DFR-01375,4,2025-03-10 00:00:00,physical,11.6,False
INLA-20250309-055,inland_flood,DFR-01441,4,2025-03-10 00:00:00,physical,14.1,False
INLA-20250309-055,inland_flood,DFR-01681,4,2025-03-10 00:00:00,physical,7.7,False
INLA-20250309-055,inland_flood,WMN-02810,4,2025-03-10 00:00:00,physical,9.0,False
INLA-20250309-055,inland_flood,WMN-02859,4,2025-03-10 00:00:00,physical,20.2,False
INLA-20250309-055,inland_flood,INT-03499,4,2025-03-10 00:00:00,physical,11.4,False
INLA-20250309-055,inland_flood,WMN-02840,5,2025-03-10 06:00:00,physical,21.2,False
WILD-20250101-056,wildfire,TSS-00004,0,2025-01-01 00:00:00,physical,84.3,False
WILD-20250101-056,wildfire,DFR-02008,0,2025-01-01 00:00:00,physical,8.5,False
WILD-20250101-056,wildfire,DFR-01937,0,2025-01-01 00:00:00,physical,19.3,False
WILD-20250101-056,wildfire,DFR-01866,0,2025-01-01 00:00:00,physical,9.5,False
WILD-20250101-056,wildfire,DFR-01835,0,2025-01-01 00:00:00,physical,13.0,False
WILD-20250101-056,wildfire,DFR-01813,0,2025-01-01 00:00:00,physical,11.4,False
WILD-20250101-056,wildfire,DFR-01780,0,2025-01-01 00:00:00,physical,13.0,False
WILD-20250101-056,wildfire,DFR-01894,0,2025-01-01 00:00:00,physical,11.1,False
WILD-20250101-056,wildfire,DFR-01633,0,2025-01-01 00:00:00,physical,7.9,False
WILD-20250101-056,wildfire,DFR-01625,0,2025-01-01 00:00:00,physical,11.8,False
WILD-20250101-056,wildfire,DFR-01541,0,2025-01-01 00:00:00,physical,16.4,False
WILD-20250101-056,wildfire,DFR-01512,0,2025-01-01 00:00:00,physical,7.1,False
WILD-20250101-056,wildfire,DFR-01375,0,2025-01-01 00:00:00,physical,11.3,False
WILD-20250101-056,wildfire,TLS-00992,0,2025-01-01 00:00:00,physical,14.9,False
WILD-20250101-056,wildfire,DFR-01779,0,2025-01-01 00:00:00,physical,10.6,False
WILD-20250101-056,wildfire,DFR-01729,1,2025-01-01 06:00:00,physical,7.3,False
WILD-20250101-056,wildfire,DFR-01839,1,2025-01-01 06:00:00,physical,8.8,False
WILD-20250101-056,wildfire,DFR-01908,1,2025-01-01 06:00:00,physical,5.4,False
WILD-20250101-056,wildfire,DFR-01970,1,2025-01-01 06:00:00,physical,12.2,False
WILD-20250101-056,wildfire,DFR-01966,1,2025-01-01 06:00:00,physical,6.4,False
WILD-20250101-056,wildfire,DFR-01996,1,2025-01-01 06:00:00,physical,6.9,False
WILD-20250101-056,wildfire,DFR-01719,1,2025-01-01 06:00:00,physical,12.4,False
WILD-20250101-056,wildfire,DFR-01926,1,2025-01-01 06:00:00,physical,10.5,False
WILD-20250101-056,wildfire,DFR-01488,1,2025-01-01 06:00:00,physical,7.7,False
WILD-20250101-056,wildfire,DFR-01560,1,2025-01-01 06:00:00,physical,4.8,False
WILD-20250101-056,wildfire,DFR-01372,1,2025-01-01 06:00:00,physical,12.9,False
WILD-20250101-056,wildfire,DFR-01386,1,2025-01-01 06:00:00,physical,9.9,False
WILD-20250101-056,wildfire,DFR-01409,1,2025-01-01 06:00:00,physical,10.0,False
WILD-20250101-056,wildfire,DFR-01365,1,2025-01-01 06:00:00,physical,13.2,False
WILD-20250101-056,wildfire,DFR-01481,1,2025-01-01 06:00:00,physical,13.3,False
WILD-20250101-056,wildfire,DFR-01557,1,2025-01-01 06:00:00,physical,6.4,False
WILD-20250101-056,wildfire,DFR-01425,1,2025-01-01 06:00:00,physical,11.8,False
WILD-20250101-056,wildfire,WMN-03429,2,2025-01-01 12:00:00,physical,27.9,False
WILD-20250101-056,wildfire,WMN-03315,2,2025-01-01 12:00:00,physical,12.4,False
WILD-20250101-056,wildfire,WMN-02995,2,2025-01-01 12:00:00,physical,37.2,False
WILD-20250101-056,wildfire,DFR-01783,2,2025-01-01 12:00:00,physical,3.9,False
WILD-20250101-056,wildfire,DFR-01737,2,2025-01-01 12:00:00,physical,7.4,False
WILD-20250101-056,wildfire,DFR-01722,2,2025-01-01 12:00:00,physical,15.2,False
WILD-20250101-056,wildfire,DFR-01689,2,2025-01-01 12:00:00,physical,9.0,False
WILD-20250101-056,wildfire,DFR-01668,2,2025-01-01 12:00:00,physical,6.3,False
WILD-20250101-056,wildfire,DFR-01351,2,2025-01-01 12:00:00,physical,18.4,False
WILD-20250101-056,wildfire,DFR-01347,2,2025-01-01 12:00:00,physical,5.8,False
WILD-20250101-056,wildfire,DFR-01327,2,2025-01-01 12:00:00,physical,12.2,False
WILD-20250101-056,wildfire,DFR-01766,3,2025-01-01 18:00:00,physical,7.0,False
WILD-20250101-056,wildfire,WMN-02766,3,2025-01-01 18:00:00,physical,19.4,False
WILD-20250101-056,wildfire,DFR-01935,3,2025-01-01 18:00:00,physical,12.2,False
WILD-20250101-056,wildfire,DFR-01661,3,2025-01-01 18:00:00,physical,15.5,False
WILD-20250101-056,wildfire,DFR-01440,3,2025-01-01 18:00:00,physical,5.2,False
WILD-20250101-056,wildfire,DFR-01429,3,2025-01-01 18:00:00,physical,6.5,False
WILD-20250101-056,wildfire,DFR-01359,3,2025-01-01 18:00:00,physical,8.1,False
WILD-20250101-056,wildfire,DFR-01349,3,2025-01-01 18:00:00,physical,9.7,False
WILD-20250101-056,wildfire,DFR-01329,3,2025-01-01 18:00:00,physical,9.5,False
WILD-20250101-056,wildfire,TLS-01287,3,2025-01-01 18:00:00,physical,11.8,False
WILD-20250101-056,wildfire,TLS-01157,3,2025-01-01 18:00:00,physical,8.2,False
WILD-20250101-056,wildfire,TLS-00756,3,2025-01-01 18:00:00,physical,2.8,False
WILD-20250101-056,wildfire,DFR-01514,3,2025-01-01 18:00:00,physical,13.8,False
WILD-20250101-056,wildfire,DFR-01731,4,2025-01-02 00:00:00,physical,12.1,False
WILD-20250101-056,wildfire,DFR-01753,4,2025-01-02 00:00:00,physical,17.6,False
WILD-20250101-056,wildfire,DFR-01893,4,2025-01-02 00:00:00,physical,6.8,False
WILD-20250101-056,wildfire,DFR-01931,4,2025-01-02 00:00:00,physical,6.3,False
WILD-20250101-056,wildfire,DFR-01590,4,2025-01-02 00:00:00,physical,6.0,False
WILD-20250101-056,wildfire,TLS-00567,4,2025-01-02 00:00:00,physical,10.5,False
WILD-20250101-056,wildfire,DFR-01334,4,2025-01-02 00:00:00,physical,16.9,False
WILD-20250101-056,wildfire,DFR-01366,4,2025-01-02 00:00:00,physical,8.1,False
WILD-20250101-056,wildfire,DFR-01381,4,2025-01-02 00:00:00,physical,11.0,False
WILD-20250101-056,wildfire,DFR-01622,4,2025-01-02 00:00:00,physical,7.2,False
WILD-20250101-056,wildfire,DFR-01730,5,2025-01-02 06:00:00,physical,8.9,False
WILD-20250101-056,wildfire,DFR-01738,5,2025-01-02 06:00:00,physical,10.0,False
WILD-20250101-056,wildfire,WMN-02768,5,2025-01-02 06:00:00,physical,14.5,False
WILD-20250101-056,wildfire,DFR-01915,5,2025-01-02 06:00:00,physical,16.0,False
WILD-20250101-056,wildfire,TLS-00970,5,2025-01-02 06:00:00,physical,10.8,False
WILD-20250101-056,wildfire,DFR-01368,5,2025-01-02 06:00:00,physical,10.1,False
WILD-20250101-056,wildfire,DFR-01476,5,2025-01-02 06:00:00,physical,6.9,False
WILD-20250101-056,wildfire,DFR-01520,5,2025-01-02 06:00:00,physical,8.2,False
WILD-20250101-056,wildfire,DFR-01466,5,2025-01-02 06:00:00,physical,7.9,False
WILD-20250101-056,wildfire,DFR-01800,6,2025-01-02 12:00:00,physical,14.7,False
WILD-20250101-056,wildfire,WMN-03248,6,2025-01-02 12:00:00,physical,33.3,False
WILD-20250101-056,wildfire,DFR-01879,6,2025-01-02 12:00:00,physical,12.2,False
WILD-20250101-056,wildfire,TLS-00808,6,2025-01-02 12:00:00,physical,9.1,False
WILD-20250101-056,wildfire,DFR-01401,6,2025-01-02 12:00:00,physical,19.6,False
WILD-20250101-056,wildfire,DFR-01430,6,2025-01-02 12:00:00,physical,20.2,False
WILD-20250101-056,wildfire,DFR-01501,6,2025-01-02 12:00:00,physical,17.8,False
WILD-20250101-056,wildfire,DFR-01757,7,2025-01-02 18:00:00,physical,8.1,False
WILD-20250101-056,wildfire,DFR-01862,7,2025-01-02 18:00:00,physical,10.2,False
WILD-20250101-056,wildfire,DFR-01727,7,2025-01-02 18:00:00,physical,10.3,False
WILD-20250101-056,wildfire,DFR-01629,7,2025-01-02 18:00:00,physical,6.7,False
WILD-20250101-056,wildfire,DSS-00229,7,2025-01-02 18:00:00,physical,25.2,False
WILD-20250101-056,wildfire,WMN-02815,7,2025-01-02 18:00:00,physical,15.5,False
WILD-20250101-056,wildfire,WMN-03053,7,2025-01-02 18:00:00,physical,24.3,False
WILD-20250101-056,wildfire,PMP-02309,7,2025-01-02 18:00:00,functional_power_loss,31.7,True
WILD-20250201-057,wildfire,DSS-00186,0,2025-02-01 00:00:00,physical,28.1,False
WILD-20250201-057,wildfire,DFR-01835,0,2025-02-01 00:00:00,physical,16.3,False
WILD-20250201-057,wildfire,DFR-01783,0,2025-02-01 00:00:00,physical,4.7,False
WILD-20250201-057,wildfire,DFR-01758,0,2025-02-01 00:00:00,physical,3.2,False
WILD-20250201-057,wildfire,DFR-01754,0,2025-02-01 00:00:00,physical,14.6,False
WILD-20250201-057,wildfire,DFR-01772,0,2025-02-01 00:00:00,physical,14.1,False
WILD-20250201-057,wildfire,DFR-01590,0,2025-02-01 00:00:00,physical,9.2,False
WILD-20250201-057,wildfire,DFR-01428,0,2025-02-01 00:00:00,physical,12.6,False
WILD-20250201-057,wildfire,DFR-01368,0,2025-02-01 00:00:00,physical,7.3,False
WILD-20250201-057,wildfire,DFR-01351,0,2025-02-01 00:00:00,physical,11.5,False
WILD-20250201-057,wildfire,DFR-01636,0,2025-02-01 00:00:00,physical,29.2,False
WILD-20250201-057,wildfire,DFR-01432,1,2025-02-01 06:00:00,physical,16.7,False
WILD-20250201-057,wildfire,DFR-01560,1,2025-02-01 06:00:00,physical,9.3,False
WILD-20250201-057,wildfire,DFR-01617,1,2025-02-01 06:00:00,physical,9.4,False
WILD-20250201-057,wildfire,DFR-02000,2,2025-02-01 12:00:00,physical,8.2,False
WILD-20250201-057,wildfire,DFR-01935,2,2025-02-01 12:00:00,physical,11.4,False
WILD-20250201-057,wildfire,DFR-01766,2,2025-02-01 12:00:00,physical,14.4,False
WILD-20250201-057,wildfire,DFR-01570,2,2025-02-01 12:00:00,physical,13.7,False
WILD-20250201-057,wildfire,DFR-01440,2,2025-02-01 12:00:00,physical,9.6,False
WILD-20250201-057,wildfire,DSS-00312,2,2025-02-01 12:00:00,physical,30.5,False
WILD-20250201-057,wildfire,DFR-01780,3,2025-02-01 18:00:00,physical,11.0,False
WILD-20250201-057,wildfire,DSS-00181,3,2025-02-01 18:00:00,physical,32.1,False
WILD-20250201-057,wildfire,DFR-01596,3,2025-02-01 18:00:00,physical,20.2,False
WILD-20250201-057,wildfire,DFR-01753,3,2025-02-01 18:00:00,physical,12.1,False
WILD-20250201-057,wildfire,DFR-01843,3,2025-02-01 18:00:00,physical,22.4,False
WILD-20250201-057,wildfire,DFR-01906,3,2025-02-01 18:00:00,physical,6.3,False
WILD-20250201-057,wildfire,WMN-02712,3,2025-02-01 18:00:00,physical,18.7,False
WILD-20250201-057,wildfire,WMN-02776,3,2025-02-01 18:00:00,physical,25.8,False
WILD-20250201-057,wildfire,DFR-01800,4,2025-02-02 00:00:00,physical,14.9,False
WILD-20250201-057,wildfire,WMN-02995,4,2025-02-02 00:00:00,physical,13.9,False
WILD-20250201-057,wildfire,DFR-01719,4,2025-02-02 00:00:00,physical,11.4,False
WILD-20250201-057,wildfire,DSS-00352,5,2025-02-02 06:00:00,physical,29.4,False
WILD-20250201-057,wildfire,TLS-00506,5,2025-02-02 06:00:00,physical,18.6,False
WILD-20250201-057,wildfire,DFR-01384,5,2025-02-02 06:00:00,physical,2.3,False
WILD-20250201-057,wildfire,DFR-01438,5,2025-02-02 06:00:00,physical,8.9,False
WILD-20250201-057,wildfire,DFR-01771,5,2025-02-02 06:00:00,physical,14.8,False
WILD-20250201-057,wildfire,WMN-02859,6,2025-02-02 12:00:00,physical,21.2,False
WILD-20250201-057,wildfire,DFR-01996,6,2025-02-02 12:00:00,physical,11.7,False
WILD-20250201-057,wildfire,DFR-01517,6,2025-02-02 12:00:00,physical,10.3,False
WILD-20250201-057,wildfire,TLS-00826,6,2025-02-02 12:00:00,physical,10.2,False
WILD-20250201-057,wildfire,DSS-00187,6,2025-02-02 12:00:00,physical,12.3,False
WILD-20250201-057,wildfire,DFR-01541,7,2025-02-02 18:00:00,physical,5.4,False
WILD-20250201-057,wildfire,DFR-01589,7,2025-02-02 18:00:00,physical,12.4,False
WILD-20250201-057,wildfire,DFR-01621,7,2025-02-02 18:00:00,physical,9.3,False
WILD-20250201-057,wildfire,DFR-01631,7,2025-02-02 18:00:00,physical,11.5,False
WILD-20250201-057,wildfire,DFR-01779,7,2025-02-02 18:00:00,physical,9.0,False
WILD-20250201-057,wildfire,DFR-01858,7,2025-02-02 18:00:00,physical,16.9,False
WILD-20250201-057,wildfire,DFR-01910,7,2025-02-02 18:00:00,physical,9.6,False
WILD-20250201-057,wildfire,DFR-01922,7,2025-02-02 18:00:00,physical,9.2,False
WILD-20250201-057,wildfire,RCL-02110,7,2025-02-02 18:00:00,physical,6.6,False
WILD-20250201-057,wildfire,PMP-02314,3,2025-02-01 18:00:00,functional_power_loss,15.2,True
WILD-20250201-057,wildfire,WTP-02214,3,2025-02-01 18:00:00,functional_power_loss,50.5,True
WILD-20250201-057,wildfire,PMP-02287,6,2025-02-02 12:00:00,functional_power_loss,11.3,True
WILD-20250201-057,wildfire,PMP-02370,2,2025-02-01 12:00:00,functional_power_loss,29.0,True
WILD-20250201-057,wildfire,PMP-02491,2,2025-02-01 12:00:00,functional_power_loss,28.7,True
WILD-20241220-058,wildfire,DFR-01324,0,2024-12-20 00:00:00,physical,15.9,False
WILD-20241220-058,wildfire,DFR-01336,0,2024-12-20 00:00:00,physical,7.5,False
WILD-20241220-058,wildfire,DFR-01439,0,2024-12-20 00:00:00,physical,6.1,False
WILD-20241220-058,wildfire,DFR-01476,0,2024-12-20 00:00:00,physical,10.2,False
WILD-20241220-058,wildfire,DFR-01503,0,2024-12-20 00:00:00,physical,5.7,False
WILD-20241220-058,wildfire,DFR-01717,0,2024-12-20 00:00:00,physical,8.9,False
WILD-20241220-058,wildfire,DFR-01730,0,2024-12-20 00:00:00,physical,8.5,False
WILD-20241220-058,wildfire,DFR-01750,0,2024-12-20 00:00:00,physical,15.1,False
WILD-20241220-058,wildfire,DFR-01952,0,2024-12-20 00:00:00,physical,7.6,False
WILD-20241220-058,wildfire,DFR-01901,1,2024-12-20 06:00:00,physical,12.4,False
WILD-20241220-058,wildfire,DFR-01767,1,2024-12-20 06:00:00,physical,4.9,False
WILD-20241220-058,wildfire,DFR-01731,1,2024-12-20 06:00:00,physical,4.7,False
WILD-20241220-058,wildfire,DFR-01728,1,2024-12-20 06:00:00,physical,12.5,False
WILD-20241220-058,wildfire,DFR-01651,1,2024-12-20 06:00:00,physical,5.7,False
WILD-20241220-058,wildfire,DFR-01555,1,2024-12-20 06:00:00,physical,14.0,False
WILD-20241220-058,wildfire,DFR-01493,1,2024-12-20 06:00:00,physical,8.6,False
WILD-20241220-058,wildfire,DFR-01425,1,2024-12-20 06:00:00,physical,9.6,False
WILD-20241220-058,wildfire,DFR-01319,1,2024-12-20 06:00:00,physical,18.2,False
WILD-20241220-058,wildfire,DFR-01644,1,2024-12-20 06:00:00,physical,21.4,False
WILD-20241220-058,wildfire,DFR-01716,2,2024-12-20 12:00:00,physical,7.6,False
WILD-20241220-058,wildfire,WMN-03237,2,2024-12-20 12:00:00,physical,13.3,False
WILD-20241220-058,wildfire,DFR-01586,2,2024-12-20 12:00:00,physical,7.3,False
WILD-20241220-058,wildfire,DFR-01520,2,2024-12-20 12:00:00,physical,7.5,False
WILD-20241220-058,wildfire,DFR-01317,2,2024-12-20 12:00:00,physical,15.3,False
WILD-20241220-058,wildfire,TLS-00549,2,2024-12-20 12:00:00,physical,6.8,False
WILD-20241220-058,wildfire,DFR-01941,3,2024-12-20 18:00:00,physical,11.1,False
WILD-20241220-058,wildfire,DFR-01830,3,2024-12-20 18:00:00,physical,9.3,False
WILD-20241220-058,wildfire,DFR-01739,3,2024-12-20 18:00:00,physical,12.8,False
WILD-20241220-058,wildfire,DFR-01389,3,2024-12-20 18:00:00,physical,9.0,False
WILD-20241220-058,wildfire,TLS-00853,3,2024-12-20 18:00:00,physical,14.8,False
WILD-20241220-058,wildfire,DSS-00262,3,2024-12-20 18:00:00,physical,32.9,False
WILD-20241220-058,wildfire,DFR-01986,4,2024-12-21 00:00:00,physical,6.6,False
WILD-20241220-058,wildfire,DFR-01936,4,2024-12-21 00:00:00,physical,4.9,False
WILD-20241220-058,wildfire,DFR-01620,4,2024-12-21 00:00:00,physical,4.0,False
WILD-20241220-058,wildfire,DFR-01581,4,2024-12-21 00:00:00,physical,12.3,False
WILD-20241220-058,wildfire,DSS-00319,4,2024-12-21 00:00:00,physical,23.6,False
WILD-20241220-058,wildfire,WMN-03429,5,2024-12-21 06:00:00,physical,23.1,False
WILD-20241220-058,wildfire,WMN-03145,5,2024-12-21 06:00:00,physical,15.6,False
WILD-20241220-058,wildfire,RCL-02051,5,2024-12-21 06:00:00,physical,12.0,False
WILD-20241220-058,wildfire,DFR-01625,5,2024-12-21 06:00:00,physical,5.3,False
WILD-20241220-058,wildfire,DFR-01633,5,2024-12-21 06:00:00,physical,9.8,False
WILD-20241220-058,wildfire,DFR-01440,5,2024-12-21 06:00:00,physical,15.8,False
WILD-20241220-058,wildfire,TLS-01162,5,2024-12-21 06:00:00,physical,4.7,False
WILD-20241220-058,wildfire,TLS-00504,5,2024-12-21 06:00:00,physical,9.1,False
WILD-20241220-058,wildfire,DFR-01514,5,2024-12-21 06:00:00,physical,8.1,False
WILD-20241220-058,wildfire,DFR-02003,6,2024-12-21 12:00:00,physical,6.4,False
WILD-20241220-058,wildfire,TNK-02657,6,2024-12-21 12:00:00,physical,7.7,False
WILD-20241220-058,wildfire,WMN-03083,6,2024-12-21 12:00:00,physical,11.0,False
WILD-20241220-058,wildfire,WMN-03154,6,2024-12-21 12:00:00,physical,29.9,False
WILD-20241220-058,wildfire,RCL-02108,6,2024-12-21 12:00:00,physical,8.6,False
WILD-20241220-058,wildfire,DSS-00181,6,2024-12-21 12:00:00,physical,28.7,False
WILD-20241220-058,wildfire,DFR-01542,6,2024-12-21 12:00:00,physical,9.4,False
WILD-20241220-058,wildfire,DFR-01438,6,2024-12-21 12:00:00,physical,11.5,False
WILD-20241220-058,wildfire,DFR-01702,7,2024-12-21 18:00:00,physical,8.3,False
WILD-20241220-058,wildfire,DFR-01866,7,2024-12-21 18:00:00,physical,8.3,False
WILD-20241220-058,wildfire,DFR-01928,7,2024-12-21 18:00:00,physical,9.0,False
WILD-20241220-058,wildfire,DFR-01450,7,2024-12-21 18:00:00,physical,14.2,False
WILD-20241220-058,wildfire,PMP-02314,6,2024-12-21 12:00:00,functional_power_loss,20.9,True
WILD-20241220-058,wildfire,WTP-02214,6,2024-12-21 12:00:00,functional_power_loss,54.8,True
WILD-20241220-058,wildfire,PMP-02305,3,2024-12-20 18:00:00,functional_power_loss,25.8,True
WILD-20241220-058,wildfire,PMP-02475,3,2024-12-20 18:00:00,functional_power_loss,21.4,True
BASE-20250307-059,baseline,WMN-03473,1,2025-03-07 06:00:00,physical,10.8,False
BASE-20250307-059,baseline,DFR-01441,2,2025-03-07 12:00:00,physical,5.3,False
BASE-20250307-059,baseline,DFR-01569,2,2025-03-07 12:00:00,physical,7.5,False
BASE-20250307-059,baseline,WMN-03326,2,2025-03-07 12:00:00,physical,14.3,False
BASE-20250307-059,baseline,DFR-01702,3,2025-03-07 18:00:00,physical,4.8,False
BASE-20250307-059,baseline,WMN-03315,3,2025-03-07 18:00:00,physical,9.5,False
BASE-20250211-060,baseline,WMN-03079,1,2025-02-11 06:00:00,physical,16.5,False
BASE-20250211-060,baseline,WMN-03203,2,2025-02-11 12:00:00,physical,7.1,False
BASE-20240928-061,baseline,WMN-02821,1,2024-09-28 06:00:00,physical,9.0,False
BASE-20240928-061,baseline,WMN-02693,3,2024-09-28 18:00:00,physical,8.7,False
BASE-20240928-061,baseline,WMN-03108,3,2024-09-28 18:00:00,physical,32.8,False
BASE-20250326-062,baseline,DFR-01956,0,2025-03-26 00:00:00,physical,11.8,False
BASE-20250326-062,baseline,WMN-03311,0,2025-03-26 00:00:00,physical,21.3,False
BASE-20250326-062,baseline,TLS-01073,1,2025-03-26 06:00:00,physical,11.1,False
BASE-20250326-062,baseline,DFR-01664,1,2025-03-26 06:00:00,physical,7.0,False
BASE-20250326-062,baseline,DFR-01924,1,2025-03-26 06:00:00,physical,13.9,False
BASE-20250326-062,baseline,WMN-03454,1,2025-03-26 06:00:00,physical,15.6,False
BASE-20250326-062,baseline,WMN-02810,2,2025-03-26 12:00:00,physical,19.2,False
BASE-20250326-062,baseline,WMN-03283,2,2025-03-26 12:00:00,physical,34.7,False
BASE-20250517-063,baseline,DFR-01467,0,2025-05-17 00:00:00,physical,5.6,False
BASE-20250517-063,baseline,WMN-03214,3,2025-05-17 18:00:00,physical,11.5,False
BASE-20250517-063,baseline,WMN-03414,3,2025-05-17 18:00:00,physical,14.8,False
BASE-20250716-064,baseline,DFR-01772,2,2025-07-16 12:00:00,physical,5.6,False
BASE-20250716-064,baseline,WMN-02782,3,2025-07-16 18:00:00,physical,26.2,False
BASE-20240911-065,baseline,DFR-01899,0,2024-09-11 00:00:00,physical,6.4,False
BASE-20240911-065,baseline,WMN-02763,0,2024-09-11 00:00:00,physical,12.2,False
BASE-20240911-065,baseline,WMN-03343,1,2024-09-11 06:00:00,physical,9.3,False
BASE-20240911-065,baseline,DFR-01645,2,2024-09-11 12:00:00,physical,8.8,False
BASE-20240911-065,baseline,DSS-00303,3,2024-09-11 18:00:00,physical,22.9,False
BASE-20240911-065,baseline,WMN-03075,3,2024-09-11 18:00:00,physical,16.5,False
BASE-20250208-066,baseline,DSS-00352,0,2025-02-08 00:00:00,physical,37.1,False
BASE-20250208-066,baseline,WMN-02812,2,2025-02-08 12:00:00,physical,9.1,False
BASE-20250208-066,baseline,WMN-03214,2,2025-02-08 12:00:00,physical,23.9,False
BASE-20250208-066,baseline,WMN-03224,2,2025-02-08 12:00:00,physical,23.3,False
BASE-20250208-066,baseline,WMN-03294,2,2025-02-08 12:00:00,physical,11.0,False
BASE-20250208-066,baseline,DFR-01822,3,2025-02-08 18:00:00,physical,6.3,False
BASE-20250208-066,baseline,WMN-02775,3,2025-02-08 18:00:00,physical,20.3,False
BASE-20240913-067,baseline,WMN-02840,0,2024-09-13 00:00:00,physical,7.4,False
BASE-20240913-067,baseline,PMP-02343,2,2024-09-13 12:00:00,physical,31.0,False
BASE-20240913-067,baseline,WMN-02810,2,2024-09-13 12:00:00,physical,11.6,False
BASE-20240913-067,baseline,WMN-03359,2,2024-09-13 12:00:00,physical,14.6,False
BASE-20240913-067,baseline,TLS-00773,3,2024-09-13 18:00:00,physical,5.3,False
BASE-20250621-068,baseline,DFR-01814,0,2025-06-21 00:00:00,physical,7.8,False
BASE-20250621-068,baseline,DFR-01728,1,2025-06-21 06:00:00,physical,3.0,False
BASE-20250621-068,baseline,WMN-03154,1,2025-06-21 06:00:00,physical,9.5,False
BASE-20250621-068,baseline,WMN-03312,1,2025-06-21 06:00:00,physical,10.2,False
BASE-20250621-068,baseline,WMN-03322,2,2025-06-21 12:00:00,physical,15.9,False
BASE-20250621-068,baseline,WMN-02920,3,2025-06-21 18:00:00,physical,21.9,False
BASE-20240831-069,baseline,DFR-01919,0,2024-08-31 00:00:00,physical,20.1,False
BASE-20240831-069,baseline,RCL-02177,1,2024-08-31 06:00:00,physical,10.2,False
BASE-20240831-069,baseline,WMN-03154,1,2024-08-31 06:00:00,physical,18.6,False
BASE-20240831-069,baseline,WMN-03354,1,2024-08-31 06:00:00,physical,12.1,False
BASE-20240831-069,baseline,WMN-02995,2,2024-08-31 12:00:00,physical,16.0,False
BASE-20240831-069,baseline,TLS-00785,3,2024-08-31 18:00:00,physical,9.4,False
BASE-20240831-069,baseline,WMN-02736,3,2024-08-31 18:00:00,physical,17.3,False
BASE-20250626-070,baseline,WMN-03445,0,2025-06-26 00:00:00,physical,25.0,False
BASE-20250626-070,baseline,DFR-01361,1,2025-06-26 06:00:00,physical,11.2,False
BASE-20250626-070,baseline,DFR-01888,1,2025-06-26 06:00:00,physical,2.4,False
BASE-20250626-070,baseline,WMN-03224,1,2025-06-26 06:00:00,physical,24.7,False
BASE-20250626-070,baseline,DSS-00309,2,2025-06-26 12:00:00,physical,14.6,False
BASE-20250626-070,baseline,WMN-02945,2,2025-06-26 12:00:00,physical,34.5,False
BASE-20250626-070,baseline,WMN-03107,2,2025-06-26 12:00:00,physical,26.0,False
BASE-20250626-070,baseline,WMN-03154,2,2025-06-26 12:00:00,physical,27.4,False
BASE-20250626-070,baseline,WMN-03312,2,2025-06-26 12:00:00,physical,12.7,False
BASE-20250626-070,baseline,WMN-03102,3,2025-06-26 18:00:00,physical,11.3,False
BASE-20250626-070,baseline,WMN-03315,3,2025-06-26 18:00:00,physical,15.6,False
BASE-20250626-070,baseline,PMP-02328,2,2025-06-26 12:00:00,functional_power_loss,37.3,True
BASE-20250626-070,baseline,PMP-02381,2,2025-06-26 12:00:00,functional_power_loss,7.8,True
BASE-20250526-071,baseline,WMN-03154,0,2025-05-26 00:00:00,physical,11.5,False
BASE-20250526-071,baseline,WMN-03303,2,2025-05-26 12:00:00,physical,7.0,False
BASE-20250526-071,baseline,DFR-01731,3,2025-05-26 18:00:00,physical,6.3,False
BASE-20250526-071,baseline,DFR-01875,3,2025-05-26 18:00:00,physical,4.9,False
BASE-20250526-071,baseline,WMN-03290,3,2025-05-26 18:00:00,physical,18.1,False
BASE-20240902-072,baseline,WMN-02864,0,2024-09-02 00:00:00,physical,20.5,False
BASE-20240902-072,baseline,DFR-01665,1,2024-09-02 06:00:00,physical,5.9,False
BASE-20240902-072,baseline,DSS-00086,2,2024-09-02 12:00:00,physical,15.2,False
BASE-20240902-072,baseline,WMN-02716,3,2024-09-02 18:00:00,physical,20.3,False
BASE-20240902-072,baseline,WMN-02732,3,2024-09-02 18:00:00,physical,10.3,False
BASE-20240902-072,baseline,WMN-02789,3,2024-09-02 18:00:00,physical,18.4,False
BASE-20240902-072,baseline,WMN-02932,3,2024-09-02 18:00:00,physical,8.4,False
BASE-20240902-072,baseline,WMN-02984,3,2024-09-02 18:00:00,physical,14.3,False
BASE-20240902-072,baseline,PMP-02227,2,2024-09-02 12:00:00,functional_power_loss,9.8,True
BASE-20240902-072,baseline,PMP-02514,2,2024-09-02 12:00:00,functional_power_loss,7.7,True
BASE-20241206-073,baseline,PMP-02244,0,2024-12-06 00:00:00,physical,11.2,False
BASE-20241206-073,baseline,DFR-01349,1,2024-12-06 06:00:00,physical,5.2,False
BASE-20241206-073,baseline,WMN-02716,1,2024-12-06 06:00:00,physical,10.4,False
BASE-20241206-073,baseline,PMP-02487,2,2024-12-06 12:00:00,physical,16.9,False
BASE-20241206-073,baseline,WMN-03299,2,2024-12-06 12:00:00,physical,10.4,False
BASE-20241106-074,baseline,DFR-01868,1,2024-11-06 06:00:00,physical,9.8,False
BASE-20241106-074,baseline,WMN-03154,1,2024-11-06 06:00:00,physical,14.2,False
BASE-20241106-074,baseline,WMN-02747,2,2024-11-06 12:00:00,physical,11.4,False
BASE-20241106-074,baseline,WMN-02995,2,2024-11-06 12:00:00,physical,11.5,False
BASE-20241106-074,baseline,WMN-03348,2,2024-11-06 12:00:00,physical,21.4,False
BASE-20241106-074,baseline,TLS-00666,3,2024-11-06 18:00:00,physical,9.1,False
BASE-20250207-075,baseline,DFR-01606,0,2025-02-07 00:00:00,physical,4.4,False
BASE-20250207-075,baseline,DFR-01866,0,2025-02-07 00:00:00,physical,6.8,False
BASE-20250207-075,baseline,WMN-02721,0,2025-02-07 00:00:00,physical,8.4,False
BASE-20250207-075,baseline,WMN-03192,0,2025-02-07 00:00:00,physical,8.3,False
BASE-20250207-075,baseline,DFR-01520,1,2025-02-07 06:00:00,physical,7.1,False
BASE-20250207-075,baseline,DFR-01591,1,2025-02-07 06:00:00,physical,6.1,False
BASE-20250523-076,baseline,DSS-00388,1,2025-05-23 06:00:00,physical,24.4,False
BASE-20250523-076,baseline,WMN-03411,1,2025-05-23 06:00:00,physical,10.0,False
BASE-20250523-076,baseline,DFR-01440,3,2025-05-23 18:00:00,physical,2.9,False
BASE-20250523-076,baseline,DFR-01971,3,2025-05-23 18:00:00,physical,11.2,False
BASE-20250523-076,baseline,WMN-03075,3,2025-05-23 18:00:00,physical,19.2,False
BASE-20250523-076,baseline,PMP-02407,2,2025-05-23 12:00:00,functional_power_loss,22.4,True
BASE-20250306-077,baseline,WMN-03299,0,2025-03-06 00:00:00,physical,12.4,False
BASE-20250306-077,baseline,WMN-02844,2,2025-03-06 12:00:00,physical,9.6,False
BASE-20250306-077,baseline,WMN-03269,2,2025-03-06 12:00:00,physical,9.5,False
BASE-20250306-077,baseline,WMN-03444,2,2025-03-06 12:00:00,physical,14.5,False
BASE-20250306-077,baseline,DFR-01446,3,2025-03-06 18:00:00,physical,5.3,False
BASE-20250306-077,baseline,DFR-01724,3,2025-03-06 18:00:00,physical,9.8,False
BASE-20250306-077,baseline,WMN-03322,3,2025-03-06 18:00:00,physical,30.5,False
BASE-20241023-078,baseline,WMN-02854,0,2024-10-23 00:00:00,physical,11.2,False
BASE-20241023-078,baseline,WMN-03102,0,2024-10-23 00:00:00,physical,16.1,False
BASE-20241023-078,baseline,WMN-03372,0,2024-10-23 00:00:00,physical,27.1,False
BASE-20241023-078,baseline,WMN-02745,1,2024-10-23 06:00:00,physical,20.9,False
BASE-20241023-078,baseline,WMN-03310,1,2024-10-23 06:00:00,physical,9.7,False
BASE-20241023-078,baseline,DFR-01402,2,2024-10-23 12:00:00,physical,11.0,False
BASE-20241023-078,baseline,DFR-01633,2,2024-10-23 12:00:00,physical,5.2,False
BASE-20241023-078,baseline,WMN-02812,3,2024-10-23 18:00:00,physical,22.9,False
BASE-20241203-079,baseline,WMN-02776,0,2024-12-03 00:00:00,physical,16.0,False
BASE-20241203-079,baseline,WMN-03107,0,2024-12-03 00:00:00,physical,11.9,False
BASE-20241203-079,baseline,WMN-03160,0,2024-12-03 00:00:00,physical,26.3,False
BASE-20241203-079,baseline,WMN-03191,0,2024-12-03 00:00:00,physical,25.9,False
BASE-20241203-079,baseline,DSS-00068,1,2024-12-03 06:00:00,physical,7.5,False
BASE-20241203-079,baseline,WMN-02821,1,2024-12-03 06:00:00,physical,23.5,False
BASE-20241203-079,baseline,WMN-03314,1,2024-12-03 06:00:00,physical,11.8,False
BASE-20241203-079,baseline,DFR-01462,2,2024-12-03 12:00:00,physical,7.9,False
BASE-20241203-079,baseline,WMN-03101,2,2024-12-03 12:00:00,physical,14.2,False
BASE-20241203-079,baseline,DSS-00088,3,2024-12-03 18:00:00,physical,10.7,False
BASE-20241203-079,baseline,WMN-03092,3,2024-12-03 18:00:00,physical,18.3,False
BASE-20241203-079,baseline,PMP-02276,1,2024-12-03 06:00:00,functional_power_loss,15.9,True
BASE-20241203-079,baseline,PMP-02447,1,2024-12-03 06:00:00,functional_power_loss,16.7,True
BASE-20250715-080,baseline,WMN-03102,0,2025-07-15 00:00:00,physical,12.9,False
BASE-20250715-080,baseline,DSS-00068,1,2025-07-15 06:00:00,physical,48.5,False
BASE-20250715-080,baseline,TLS-00730,1,2025-07-15 06:00:00,physical,3.4,False
BASE-20250715-080,baseline,WMN-02807,1,2025-07-15 06:00:00,physical,8.9,False
BASE-20250715-080,baseline,WMN-03299,1,2025-07-15 06:00:00,physical,13.3,False
BASE-20250715-080,baseline,WMN-03354,1,2025-07-15 06:00:00,physical,10.4,False
BASE-20250715-080,baseline,WMN-03375,1,2025-07-15 06:00:00,physical,17.2,False
BASE-20250715-080,baseline,WMN-03328,3,2025-07-15 18:00:00,physical,16.6,False
BASE-20250715-080,baseline,PMP-02276,1,2025-07-15 06:00:00,functional_power_loss,13.2,True
BASE-20250715-080,baseline,PMP-02447,1,2025-07-15 06:00:00,functional_power_loss,14.3,True
BASE-20240923-081,baseline,WMN-03191,0,2024-09-23 00:00:00,physical,7.9,False
BASE-20240923-081,baseline,WMN-03444,0,2024-09-23 00:00:00,physical,20.7,False
BASE-20240923-081,baseline,DFR-01520,1,2024-09-23 06:00:00,physical,7.4,False
BASE-20240923-081,baseline,WMN-02995,1,2024-09-23 06:00:00,physical,21.8,False
BASE-20240923-081,baseline,WMN-03072,1,2024-09-23 06:00:00,physical,11.0,False
BASE-20240923-081,baseline,WMN-02782,2,2024-09-23 12:00:00,physical,13.2,False
BASE-20240923-081,baseline,WMN-03315,2,2024-09-23 12:00:00,physical,13.0,False
BASE-20240923-081,baseline,WMN-02881,3,2024-09-23 18:00:00,physical,10.4,False
BASE-20240923-081,baseline,WMN-02910,3,2024-09-23 18:00:00,physical,30.6,False
BASE-20250513-082,baseline,TLS-00496,1,2025-05-13 06:00:00,physical,8.2,False
BASE-20250513-082,baseline,WMN-02840,1,2025-05-13 06:00:00,physical,14.9,False
BASE-20250513-082,baseline,TNK-02535,2,2025-05-13 12:00:00,physical,20.3,False
BASE-20250513-082,baseline,DFR-01661,3,2025-05-13 18:00:00,physical,12.3,False
BASE-20250513-082,baseline,WMN-02815,3,2025-05-13 18:00:00,physical,8.8,False
BASE-20240817-083,baseline,PMP-02479,1,2024-08-17 06:00:00,physical,21.0,False
BASE-20240817-083,baseline,WMN-02949,1,2024-08-17 06:00:00,physical,9.0,False
BASE-20240817-083,baseline,WMN-02995,1,2024-08-17 06:00:00,physical,19.5,False
BASE-20240817-083,baseline,PMP-02430,2,2024-08-17 12:00:00,physical,27.7,False
BASE-20240817-083,baseline,WMN-02815,2,2024-08-17 12:00:00,physical,11.0,False
BASE-20240817-083,baseline,WMN-02789,3,2024-08-17 18:00:00,physical,8.9,False
BASE-20241211-084,baseline,DFR-01328,0,2024-12-11 00:00:00,physical,5.8,False
BASE-20241211-084,baseline,TNK-02550,1,2024-12-11 06:00:00,physical,5.5,False
BASE-20241211-084,baseline,WMN-03393,2,2024-12-11 12:00:00,physical,14.7,False
HURR-20260611-085,hurricane,TNK-02608,0,2026-06-11 00:00:00,physical,15.4,False
HURR-20260611-085,hurricane,WMN-03107,3,2026-06-11 18:00:00,physical,24.0,False
HURR-20260611-085,hurricane,WMN-03155,3,2026-06-11 18:00:00,physical,19.9,False
HURR-20260611-085,hurricane,TSS-00015,5,2026-06-12 06:00:00,physical,69.6,False
HURR-20260611-085,hurricane,WMN-02920,5,2026-06-12 06:00:00,physical,26.5,False
HURR-20260611-085,hurricane,WMN-03303,5,2026-06-12 06:00:00,physical,13.2,False
HURR-20260611-085,hurricane,DFR-01368,6,2026-06-12 12:00:00,physical,7.6,False
HURR-20260611-085,hurricane,DFR-01395,6,2026-06-12 12:00:00,physical,12.3,False
HURR-20260611-085,hurricane,DFR-01561,6,2026-06-12 12:00:00,physical,4.9,False
HURR-20260611-085,hurricane,PMP-02464,6,2026-06-12 12:00:00,physical,20.8,False
HURR-20260611-085,hurricane,TLS-00472,7,2026-06-12 18:00:00,physical,5.1,False
HURR-20260611-085,hurricane,DFR-01717,7,2026-06-12 18:00:00,physical,7.8,False
HURR-20260611-085,hurricane,DFR-01959,7,2026-06-12 18:00:00,physical,6.4,False
HURR-20260611-085,hurricane,PMP-02253,7,2026-06-12 18:00:00,physical,13.3,False
HURR-20260611-085,hurricane,PMP-02273,7,2026-06-12 18:00:00,physical,27.8,False
HURR-20260611-085,hurricane,WMN-03026,8,2026-06-13 00:00:00,physical,31.8,False
HURR-20260611-085,hurricane,DSS-00343,8,2026-06-13 00:00:00,physical,9.7,False
HURR-20260611-085,hurricane,DSS-00382,8,2026-06-13 00:00:00,physical,14.9,False
HURR-20260611-085,hurricane,TLS-00998,9,2026-06-13 06:00:00,physical,14.6,False
HURR-20260611-085,hurricane,WMN-03299,9,2026-06-13 06:00:00,physical,18.6,False
HURR-20260611-085,hurricane,WMN-03311,9,2026-06-13 06:00:00,physical,33.6,False
HURR-20260611-085,hurricane,PMP-02465,10,2026-06-13 12:00:00,physical,51.9,False
HURR-20260611-085,hurricane,WMN-03075,10,2026-06-13 12:00:00,physical,10.4,False
HURR-20260611-085,hurricane,WMN-03232,10,2026-06-13 12:00:00,physical,19.0,False
HURR-20260611-085,hurricane,WMN-03456,10,2026-06-13 12:00:00,physical,32.3,False
HURR-20260611-085,hurricane,WMN-02840,11,2026-06-13 18:00:00,physical,24.0,False
HURR-20260611-085,hurricane,TLS-00617,11,2026-06-13 18:00:00,physical,6.7,False
HURR-20260611-085,hurricane,WMN-02693,11,2026-06-13 18:00:00,physical,13.6,False
HURR-20260611-085,hurricane,WMN-02760,11,2026-06-13 18:00:00,physical,17.2,False
HURR-20260611-085,hurricane,WMN-03283,11,2026-06-13 18:00:00,physical,27.8,False
HURR-20251231-086,hurricane,TLS-00703,0,2025-12-31 00:00:00,physical,9.4,False
HURR-20251231-086,hurricane,WMN-03154,1,2025-12-31 06:00:00,physical,16.1,False
HURR-20251231-086,hurricane,WMN-03354,1,2025-12-31 06:00:00,physical,19.1,False
HURR-20251231-086,hurricane,TLS-00444,2,2025-12-31 12:00:00,physical,22.5,False
HURR-20251231-086,hurricane,WMN-03301,2,2025-12-31 12:00:00,physical,11.6,False
HURR-20251231-086,hurricane,WMN-03038,3,2025-12-31 18:00:00,physical,25.8,False
HURR-20251231-086,hurricane,WMN-03228,3,2025-12-31 18:00:00,physical,31.0,False
HURR-20251231-086,hurricane,DFR-01571,4,2026-01-01 00:00:00,physical,7.1,False
HURR-20251231-086,hurricane,DSS-00168,5,2026-01-01 06:00:00,physical,22.4,False
HURR-20251231-086,hurricane,WMN-02776,5,2026-01-01 06:00:00,physical,36.4,False
HURR-20251231-086,hurricane,WMN-03296,5,2026-01-01 06:00:00,physical,12.6,False
HURR-20251231-086,hurricane,WMN-03444,6,2026-01-01 12:00:00,physical,15.6,False
HURR-20251231-086,hurricane,WMN-03102,6,2026-01-01 12:00:00,physical,17.4,False
HURR-20251231-086,hurricane,WMN-03059,6,2026-01-01 12:00:00,physical,24.2,False
HURR-20251231-086,hurricane,WMN-02854,6,2026-01-01 12:00:00,physical,13.5,False
HURR-20251231-086,hurricane,PMP-02385,6,2026-01-01 12:00:00,physical,19.2,False
HURR-20251231-086,hurricane,PMP-02260,6,2026-01-01 12:00:00,physical,27.9,False
HURR-20251231-086,hurricane,WTP-02215,6,2026-01-01 12:00:00,physical,56.5,False
HURR-20251231-086,hurricane,INT-03483,7,2026-01-01 18:00:00,physical,6.5,False
HURR-20251231-086,hurricane,WMN-02812,7,2026-01-01 18:00:00,physical,14.3,False
HURR-20251231-086,hurricane,PMP-02465,7,2026-01-01 18:00:00,physical,19.0,False
HURR-20251231-086,hurricane,PMP-02346,7,2026-01-01 18:00:00,physical,31.2,False
HURR-20251231-086,hurricane,PMP-02299,7,2026-01-01 18:00:00,physical,21.7,False
HURR-20251231-086,hurricane,PMP-02273,7,2026-01-01 18:00:00,physical,16.1,False
HURR-20251231-086,hurricane,PMP-02233,7,2026-01-01 18:00:00,physical,25.6,False
HURR-20251231-086,hurricane,RCL-02037,7,2026-01-01 18:00:00,physical,14.0,False
HURR-20251231-086,hurricane,DFR-01991,7,2026-01-01 18:00:00,physical,12.1,False
HURR-20251231-086,hurricane,DFR-01910,7,2026-01-01 18:00:00,physical,6.8,False
HURR-20251231-086,hurricane,DFR-01889,7,2026-01-01 18:00:00,physical,8.4,False
HURR-20251231-086,hurricane,DFR-01849,7,2026-01-01 18:00:00,physical,5.6,False
HURR-20251231-086,hurricane,RCL-02015,7,2026-01-01 18:00:00,physical,2.8,False
HURR-20251231-086,hurricane,DFR-01766,7,2026-01-01 18:00:00,physical,11.4,False
HURR-20251231-086,hurricane,DFR-01727,7,2026-01-01 18:00:00,physical,9.4,False
HURR-20251231-086,hurricane,DFR-01689,7,2026-01-01 18:00:00,physical,13.2,False
HURR-20251231-086,hurricane,DFR-01640,7,2026-01-01 18:00:00,physical,24.0,False
HURR-20251231-086,hurricane,DFR-01500,7,2026-01-01 18:00:00,physical,5.2,False
HURR-20251231-086,hurricane,DFR-01495,7,2026-01-01 18:00:00,physical,7.7,False
HURR-20251231-086,hurricane,DFR-01461,7,2026-01-01 18:00:00,physical,9.0,False
HURR-20251231-086,hurricane,DFR-01440,7,2026-01-01 18:00:00,physical,4.6,False
HURR-20251231-086,hurricane,DFR-01395,7,2026-01-01 18:00:00,physical,5.2,False
HURR-20251231-086,hurricane,TLS-01066,7,2026-01-01 18:00:00,physical,9.2,False
HURR-20251231-086,hurricane,TLS-00826,7,2026-01-01 18:00:00,physical,13.1,False
HURR-20251231-086,hurricane,DFR-01813,7,2026-01-01 18:00:00,physical,11.2,False
HURR-20251231-086,hurricane,WMN-03341,8,2026-01-02 00:00:00,physical,20.2,False
HURR-20251231-086,hurricane,WMN-02717,8,2026-01-02 00:00:00,physical,12.3,False
HURR-20251231-086,hurricane,PMP-02395,8,2026-01-02 00:00:00,physical,9.1,False
HURR-20251231-086,hurricane,PMP-02437,8,2026-01-02 00:00:00,physical,16.1,False
HURR-20251231-086,hurricane,PMP-02247,8,2026-01-02 00:00:00,physical,15.0,False
HURR-20251231-086,hurricane,TLS-00441,8,2026-01-02 00:00:00,physical,10.4,False
HURR-20251231-086,hurricane,DSS-00261,8,2026-01-02 00:00:00,physical,19.4,False
HURR-20251231-086,hurricane,DSS-00243,8,2026-01-02 00:00:00,physical,48.0,False
HURR-20251231-086,hurricane,PMP-02345,8,2026-01-02 00:00:00,physical,23.6,False
HURR-20251231-086,hurricane,WMN-03372,9,2026-01-02 06:00:00,physical,23.3,False
HURR-20251231-086,hurricane,PMP-02479,9,2026-01-02 06:00:00,physical,30.1,False
HURR-20251231-086,hurricane,PMP-02430,9,2026-01-02 06:00:00,physical,16.9,False
HURR-20251231-086,hurricane,WMN-02932,9,2026-01-02 06:00:00,physical,30.4,False
HURR-20251231-086,hurricane,PMP-02291,9,2026-01-02 06:00:00,physical,11.9,False
HURR-20251231-086,hurricane,PMP-02285,9,2026-01-02 06:00:00,physical,15.5,False
HURR-20251231-086,hurricane,TLS-01197,10,2026-01-02 12:00:00,physical,9.1,False
HURR-20251231-086,hurricane,PMP-02271,10,2026-01-02 12:00:00,physical,13.0,False
HURR-20251231-086,hurricane,PMP-02275,10,2026-01-02 12:00:00,physical,9.4,False
HURR-20251231-086,hurricane,WMN-03053,10,2026-01-02 12:00:00,physical,14.4,False
HURR-20251231-086,hurricane,DSS-00303,11,2026-01-02 18:00:00,physical,8.2,False
HURR-20251231-086,hurricane,DSS-00145,11,2026-01-02 18:00:00,physical,19.3,False
HURR-20251231-086,hurricane,WMN-03008,11,2026-01-02 18:00:00,physical,14.3,False
HURR-20251231-086,hurricane,PMP-02261,5,2026-01-01 06:00:00,functional_power_loss,15.2,True
HURR-20251231-086,hurricane,PMP-02311,6,2026-01-01 12:00:00,functional_power_loss,14.9,True
HEAT-20260422-087,heatwave,DFR-01456,0,2026-04-22 00:00:00,physical,5.4,False
HEAT-20260422-087,heatwave,WMN-02968,1,2026-04-22 06:00:00,physical,24.4,False
HEAT-20260422-087,heatwave,WMN-03372,4,2026-04-23 00:00:00,physical,8.8,False
HEAT-20260422-087,heatwave,TLS-01117,5,2026-04-23 06:00:00,physical,9.9,False
HEAT-20260422-087,heatwave,DSS-00342,6,2026-04-23 12:00:00,physical,14.3,False
HEAT-20260422-087,heatwave,WMN-03444,6,2026-04-23 12:00:00,physical,29.7,False
HEAT-20260422-087,heatwave,DFR-01451,7,2026-04-23 18:00:00,physical,11.8,False
HEAT-20260422-087,heatwave,WMN-03283,7,2026-04-23 18:00:00,physical,11.6,False
HEAT-20260422-087,heatwave,TSS-00029,9,2026-04-24 06:00:00,physical,20.9,False
HEAT-20260422-087,heatwave,DFR-01858,9,2026-04-24 06:00:00,physical,3.4,False
HEAT-20260422-087,heatwave,WMN-02856,9,2026-04-24 06:00:00,physical,18.0,False
HEAT-20260422-087,heatwave,PMP-02453,10,2026-04-24 12:00:00,physical,25.0,False
HEAT-20260422-087,heatwave,DSS-00394,10,2026-04-24 12:00:00,physical,21.3,False
HEAT-20260422-087,heatwave,DSS-00080,10,2026-04-24 12:00:00,physical,31.2,False
HEAT-20260422-087,heatwave,DSS-00302,10,2026-04-24 12:00:00,physical,48.1,False
HEAT-20260422-087,heatwave,WMN-03299,11,2026-04-24 18:00:00,physical,8.2,False
HEAT-20260422-087,heatwave,WMN-02776,13,2026-04-25 06:00:00,physical,31.1,False
HEAT-20260422-087,heatwave,DFR-01901,14,2026-04-25 12:00:00,physical,3.1,False
HEAT-20260422-087,heatwave,WMN-02835,16,2026-04-26 00:00:00,physical,22.7,False
HEAT-20260422-087,heatwave,WMN-02945,16,2026-04-26 00:00:00,physical,14.2,False
HEAT-20260422-087,heatwave,DSS-00198,17,2026-04-26 06:00:00,physical,13.6,False
HEAT-20260422-087,heatwave,WMN-03154,18,2026-04-26 12:00:00,physical,20.1,False
HEAT-20260422-087,heatwave,WMN-03364,19,2026-04-26 18:00:00,physical,23.3,False
HEAT-20260422-087,heatwave,PMP-02343,14,2026-04-25 12:00:00,functional_power_loss,48.6,True
HEAT-20260422-087,heatwave,PMP-02401,10,2026-04-24 12:00:00,functional_power_loss,14.4,True
HEAT-20260422-087,heatwave,PMP-02362,10,2026-04-24 12:00:00,functional_power_loss,22.7,True
HEAT-20260422-088,heatwave,DFR-01541,0,2026-04-22 00:00:00,physical,4.0,False
HEAT-20260422-088,heatwave,DFR-01464,1,2026-04-22 06:00:00,physical,7.3,False
HEAT-20260422-088,heatwave,TNK-02627,2,2026-04-22 12:00:00,physical,8.6,False
HEAT-20260422-088,heatwave,WMN-03061,5,2026-04-23 06:00:00,physical,14.6,False
HEAT-20260422-088,heatwave,WMN-03444,5,2026-04-23 06:00:00,physical,20.4,False
HEAT-20260422-088,heatwave,DSS-00364,6,2026-04-23 12:00:00,physical,15.0,False
HEAT-20260422-088,heatwave,WMN-03075,6,2026-04-23 12:00:00,physical,17.0,False
HEAT-20260422-088,heatwave,WMN-03139,7,2026-04-23 18:00:00,physical,21.3,False
HEAT-20260422-088,heatwave,WMN-02728,8,2026-04-24 00:00:00,physical,31.4,False
HEAT-20260422-088,heatwave,WMN-02821,9,2026-04-24 06:00:00,physical,18.3,False
HEAT-20260422-088,heatwave,TLS-00850,9,2026-04-24 06:00:00,physical,9.4,False
HEAT-20260422-088,heatwave,DFR-01418,9,2026-04-24 06:00:00,physical,16.0,False
HEAT-20260422-088,heatwave,WMN-02678,10,2026-04-24 12:00:00,physical,8.3,False
HEAT-20260422-088,heatwave,DFR-01514,11,2026-04-24 18:00:00,physical,11.2,False
HEAT-20260422-088,heatwave,DSS-00394,14,2026-04-25 12:00:00,physical,25.2,False
HEAT-20260422-088,heatwave,WMN-02815,15,2026-04-25 18:00:00,physical,17.4,False
HEAT-20260422-088,heatwave,PMP-02305,16,2026-04-26 00:00:00,physical,25.7,False
HEAT-20260422-088,heatwave,WMN-02747,16,2026-04-26 00:00:00,physical,18.5,False
HEAT-20260422-088,heatwave,WMN-03429,18,2026-04-26 12:00:00,physical,8.2,False
HEAT-20260422-088,heatwave,WMN-03079,18,2026-04-26 12:00:00,physical,14.8,False
HEAT-20260422-088,heatwave,DSS-00258,18,2026-04-26 12:00:00,physical,33.6,False
HEAT-20260422-088,heatwave,PMP-02286,18,2026-04-26 12:00:00,physical,25.1,False
HEAT-20260422-088,heatwave,DFR-01488,19,2026-04-26 18:00:00,physical,12.7,False
HEAT-20260422-088,heatwave,WMN-03154,20,2026-04-27 00:00:00,physical,15.9,False
HEAT-20260422-088,heatwave,WMN-03299,20,2026-04-27 00:00:00,physical,16.1,False
HEAT-20260422-088,heatwave,PMP-02440,21,2026-04-27 06:00:00,physical,10.9,False
HEAT-20260422-088,heatwave,WMN-02758,21,2026-04-27 06:00:00,physical,10.0,False
HEAT-20260422-088,heatwave,WMN-02801,21,2026-04-27 06:00:00,physical,28.8,False
HEAT-20260422-088,heatwave,TLS-01260,23,2026-04-27 18:00:00,physical,10.4,False
HEAT-20260422-088,heatwave,WMN-02810,23,2026-04-27 18:00:00,physical,18.0,False
HEAT-20260422-088,heatwave,WMN-03269,23,2026-04-27 18:00:00,physical,10.6,False
HEAT-20260422-088,heatwave,DFR-01586,25,2026-04-28 06:00:00,physical,6.4,False
HEAT-20260422-088,heatwave,WMN-03129,25,2026-04-28 06:00:00,physical,19.2,False
HEAT-20260422-088,heatwave,WMN-03296,25,2026-04-28 06:00:00,physical,11.2,False
HEAT-20260422-088,heatwave,WMN-03334,26,2026-04-28 12:00:00,physical,26.9,False
HEAT-20260422-088,heatwave,WMN-02776,26,2026-04-28 12:00:00,physical,11.1,False
HEAT-20260422-088,heatwave,WMN-02949,27,2026-04-28 18:00:00,physical,25.8,False
HEAT-20260422-088,heatwave,PMP-02301,18,2026-04-26 12:00:00,functional_power_loss,20.7,True
HEAT-20260422-088,heatwave,PMP-02297,10,2026-04-24 12:00:00,functional_power_loss,28.4,True
HEAT-20260422-088,heatwave,PMP-02422,6,2026-04-23 12:00:00,functional_power_loss,13.5,True
HEAT-20260422-088,heatwave,PMP-02362,14,2026-04-25 12:00:00,functional_power_loss,18.4,True
HEAT-20260120-089,heatwave,WMN-03043,0,2026-01-20 00:00:00,physical,19.3,False
HEAT-20260120-089,heatwave,WMN-03433,0,2026-01-20 00:00:00,physical,22.3,False
HEAT-20260120-089,heatwave,PMP-02401,1,2026-01-20 06:00:00,physical,41.3,False
HEAT-20260120-089,heatwave,DFR-01441,2,2026-01-20 12:00:00,physical,4.8,False
HEAT-20260120-089,heatwave,WMN-02781,2,2026-01-20 12:00:00,physical,28.1,False
HEAT-20260120-089,heatwave,WMN-02823,2,2026-01-20 12:00:00,physical,16.6,False
HEAT-20260120-089,heatwave,WMN-02978,2,2026-01-20 12:00:00,physical,25.7,False
HEAT-20260120-089,heatwave,WMN-03026,2,2026-01-20 12:00:00,physical,33.0,False
HEAT-20260120-089,heatwave,TLS-00542,3,2026-01-20 18:00:00,physical,7.4,False
HEAT-20260120-089,heatwave,WMN-02685,4,2026-01-21 00:00:00,physical,55.5,False
HEAT-20260120-089,heatwave,WMN-03303,4,2026-01-21 00:00:00,physical,17.6,False
HEAT-20260120-089,heatwave,DFR-01526,5,2026-01-21 06:00:00,physical,15.5,False
HEAT-20260120-089,heatwave,WMN-02805,5,2026-01-21 06:00:00,physical,25.2,False
HEAT-20260120-089,heatwave,WMN-03014,7,2026-01-21 18:00:00,physical,25.6,False
HEAT-20260120-089,heatwave,DFR-01423,7,2026-01-21 18:00:00,physical,21.2,False
HEAT-20260120-089,heatwave,DSS-00097,7,2026-01-21 18:00:00,physical,39.6,False
HEAT-20260120-089,heatwave,DSS-00262,7,2026-01-21 18:00:00,physical,20.4,False
HEAT-20260120-089,heatwave,WMN-02812,8,2026-01-22 00:00:00,physical,16.1,False
HEAT-20260120-089,heatwave,DSS-00093,10,2026-01-22 12:00:00,physical,19.2,False
HEAT-20260120-089,heatwave,DSS-00312,10,2026-01-22 12:00:00,physical,16.7,False
HEAT-20260120-089,heatwave,RCL-02159,10,2026-01-22 12:00:00,physical,10.8,False
HEAT-20260120-089,heatwave,PMP-02395,10,2026-01-22 12:00:00,physical,22.9,False
HEAT-20260120-089,heatwave,WMN-03315,12,2026-01-23 00:00:00,physical,22.1,False
HEAT-20260120-089,heatwave,DSS-00398,14,2026-01-23 12:00:00,physical,24.8,False
HEAT-20260120-089,heatwave,DFR-01915,14,2026-01-23 12:00:00,physical,4.3,False
HEAT-20260120-089,heatwave,DSS-00364,14,2026-01-23 12:00:00,physical,30.4,False
HEAT-20260120-089,heatwave,DSS-00348,14,2026-01-23 12:00:00,physical,14.2,False
HEAT-20260120-089,heatwave,DSS-00274,14,2026-01-23 12:00:00,physical,22.1,False
HEAT-20260120-089,heatwave,DSS-00258,14,2026-01-23 12:00:00,physical,21.4,False
HEAT-20260120-089,heatwave,DSS-00073,14,2026-01-23 12:00:00,physical,26.1,False
HEAT-20260120-089,heatwave,TNK-02661,15,2026-01-23 18:00:00,physical,6.3,False
HEAT-20260120-089,heatwave,DFR-01491,16,2026-01-24 00:00:00,physical,10.5,False
HEAT-20260120-089,heatwave,DFR-01875,16,2026-01-24 00:00:00,physical,4.8,False
HEAT-20260120-089,heatwave,WMN-03173,16,2026-01-24 00:00:00,physical,12.1,False
HEAT-20260120-089,heatwave,WMN-03469,18,2026-01-24 12:00:00,physical,16.9,False
HEAT-20260120-089,heatwave,PMP-02268,18,2026-01-24 12:00:00,physical,24.7,False
HEAT-20260120-089,heatwave,WMN-03191,18,2026-01-24 12:00:00,physical,14.3,False
HEAT-20260120-089,heatwave,DSS-00082,18,2026-01-24 12:00:00,physical,27.1,False
HEAT-20260120-089,heatwave,DSS-00063,18,2026-01-24 12:00:00,physical,35.8,False
HEAT-20260120-089,heatwave,WMN-02990,19,2026-01-24 18:00:00,physical,16.4,False
HEAT-20260120-089,heatwave,WMN-03154,20,2026-01-25 00:00:00,physical,32.6,False
HEAT-20260120-089,heatwave,DFR-01397,21,2026-01-25 06:00:00,physical,15.4,False
HEAT-20260120-089,heatwave,WMN-03187,21,2026-01-25 06:00:00,physical,27.2,False
HEAT-20260120-089,heatwave,WMN-02776,22,2026-01-25 12:00:00,physical,22.5,False
HEAT-20260120-089,heatwave,WMN-02747,22,2026-01-25 12:00:00,physical,15.2,False
HEAT-20260120-089,heatwave,WMN-02815,23,2026-01-25 18:00:00,physical,16.9,False
HEAT-20260120-089,heatwave,WMN-03059,25,2026-01-26 06:00:00,physical,17.7,False
HEAT-20260120-089,heatwave,WMN-02857,26,2026-01-26 12:00:00,physical,17.2,False
HEAT-20260120-089,heatwave,WMN-02979,27,2026-01-26 18:00:00,physical,15.5,False
HEAT-20260120-089,heatwave,WMN-03034,27,2026-01-26 18:00:00,physical,20.0,False
HEAT-20260120-089,heatwave,PMP-02392,14,2026-01-23 12:00:00,functional_power_loss,26.3,True
HEAT-20260120-089,heatwave,PMP-02230,18,2026-01-24 12:00:00,functional_power_loss,17.1,True
HEAT-20260120-089,heatwave,PMP-02294,18,2026-01-24 12:00:00,functional_power_loss,26.1,True
HEAT-20260120-089,heatwave,PMP-02301,14,2026-01-23 12:00:00,functional_power_loss,20.4,True
HEAT-20260120-089,heatwave,PMP-02305,7,2026-01-21 18:00:00,functional_power_loss,30.5,True
HEAT-20260120-089,heatwave,PMP-02475,7,2026-01-21 18:00:00,functional_power_loss,30.7,True
HEAT-20260120-089,heatwave,PMP-02370,10,2026-01-22 12:00:00,functional_power_loss,17.9,True
HEAT-20260120-089,heatwave,PMP-02491,10,2026-01-22 12:00:00,functional_power_loss,15.1,True
HEAT-20260120-089,heatwave,PMP-02415,14,2026-01-23 12:00:00,functional_power_loss,25.9,True
HEAT-20260120-089,heatwave,PMP-02297,18,2026-01-24 12:00:00,functional_power_loss,18.8,True
HEAT-20260120-089,heatwave,PMP-02422,14,2026-01-23 12:00:00,functional_power_loss,52.5,True
HEAT-20260406-090,heatwave,DSS-00336,2,2026-04-06 12:00:00,physical,28.5,False
HEAT-20260406-090,heatwave,WMN-03224,2,2026-04-06 12:00:00,physical,15.1,False
HEAT-20260406-090,heatwave,WMN-03243,2,2026-04-06 12:00:00,physical,14.5,False
HEAT-20260406-090,heatwave,WMN-03315,2,2026-04-06 12:00:00,physical,25.0,False
HEAT-20260406-090,heatwave,WMN-02812,3,2026-04-06 18:00:00,physical,18.0,False
HEAT-20260406-090,heatwave,WMN-02853,6,2026-04-07 12:00:00,physical,31.9,False
HEAT-20260406-090,heatwave,DSS-00306,7,2026-04-07 18:00:00,physical,26.1,False
HEAT-20260406-090,heatwave,DFR-01700,9,2026-04-08 06:00:00,physical,4.9,False
HEAT-20260406-090,heatwave,DSS-00082,10,2026-04-08 12:00:00,physical,19.9,False
HEAT-20260406-090,heatwave,DSS-00358,10,2026-04-08 12:00:00,physical,9.0,False
HEAT-20260406-090,heatwave,TLS-01051,10,2026-04-08 12:00:00,physical,6.3,False
HEAT-20260406-090,heatwave,PMP-02319,10,2026-04-08 12:00:00,physical,14.3,False
HEAT-20260406-090,heatwave,PMP-02522,10,2026-04-08 12:00:00,physical,13.3,False
HEAT-20260406-090,heatwave,WMN-03240,14,2026-04-09 12:00:00,physical,9.5,False
HEAT-20260406-090,heatwave,WMN-02815,14,2026-04-09 12:00:00,physical,24.8,False
HEAT-20260406-090,heatwave,DSS-00394,14,2026-04-09 12:00:00,physical,19.0,False
HEAT-20260406-090,heatwave,DSS-00259,14,2026-04-09 12:00:00,physical,26.6,False
HEAT-20260406-090,heatwave,DSS-00337,14,2026-04-09 12:00:00,physical,18.2,False
HEAT-20260406-090,heatwave,DSS-00080,14,2026-04-09 12:00:00,physical,14.0,False
HEAT-20260406-090,heatwave,DSS-00364,14,2026-04-09 12:00:00,physical,10.7,False
HEAT-20260406-090,heatwave,DFR-01495,17,2026-04-10 06:00:00,physical,5.9,False
HEAT-20260406-090,heatwave,WMN-03107,17,2026-04-10 06:00:00,physical,9.8,False
HEAT-20260406-090,heatwave,PMP-02431,18,2026-04-10 12:00:00,physical,25.2,False
HEAT-20260406-090,heatwave,WMN-02750,19,2026-04-10 18:00:00,physical,13.0,False
HEAT-20260406-090,heatwave,WMN-03456,19,2026-04-10 18:00:00,physical,28.4,False
HEAT-20260406-090,heatwave,TLS-00696,20,2026-04-11 00:00:00,physical,5.1,False
HEAT-20260406-090,heatwave,DFR-01835,21,2026-04-11 06:00:00,physical,7.8,False
HEAT-20260406-090,heatwave,PMP-02395,21,2026-04-11 06:00:00,physical,19.4,False
HEAT-20260406-090,heatwave,WMN-03322,23,2026-04-11 18:00:00,physical,15.1,False
HEAT-20260406-090,heatwave,PMP-02343,18,2026-04-10 12:00:00,functional_power_loss,13.1,True
HEAT-20260406-090,heatwave,PMP-02230,10,2026-04-08 12:00:00,functional_power_loss,24.4,True
HEAT-20260406-090,heatwave,PMP-02294,10,2026-04-08 12:00:00,functional_power_loss,28.5,True
HEAT-20260406-090,heatwave,PMP-02524,15,2026-04-09 18:00:00,functional_power_loss,24.1,True
HEAT-20260406-090,heatwave,PMP-02525,14,2026-04-09 12:00:00,functional_power_loss,17.1,True
HEAT-20260406-090,heatwave,PMP-02297,18,2026-04-10 12:00:00,functional_power_loss,16.8,True
HEAT-20260406-090,heatwave,PMP-02422,14,2026-04-09 12:00:00,functional_power_loss,47.0,True
HEAT-20260406-090,heatwave,PMP-02362,14,2026-04-09 12:00:00,functional_power_loss,24.5,True
HEAT-20251230-091,heatwave,WMN-03177,1,2025-12-30 06:00:00,physical,35.5,False
HEAT-20251230-091,heatwave,WMN-03444,1,2025-12-30 06:00:00,physical,13.7,False
HEAT-20251230-091,heatwave,WMN-02815,2,2025-12-30 12:00:00,physical,19.3,False
HEAT-20251230-091,heatwave,WMN-02944,3,2025-12-30 18:00:00,physical,56.0,False
HEAT-20251230-091,heatwave,DFR-01593,5,2025-12-31 06:00:00,physical,14.2,False
HEAT-20251230-091,heatwave,WMN-02805,5,2025-12-31 06:00:00,physical,35.6,False
HEAT-20251230-091,heatwave,WMN-03083,6,2025-12-31 12:00:00,physical,30.0,False
HEAT-20251230-091,heatwave,WMN-03053,7,2025-12-31 18:00:00,physical,15.0,False
HEAT-20251230-091,heatwave,WMN-02879,7,2025-12-31 18:00:00,physical,13.2,False
HEAT-20251230-091,heatwave,DSS-00369,7,2025-12-31 18:00:00,physical,15.6,False
HEAT-20251230-091,heatwave,WMN-02821,7,2025-12-31 18:00:00,physical,29.3,False
HEAT-20251230-091,heatwave,DFR-01697,9,2026-01-01 06:00:00,physical,4.3,False
HEAT-20251230-091,heatwave,PMP-02268,9,2026-01-01 06:00:00,physical,33.9,False
HEAT-20251230-091,heatwave,WMN-03190,9,2026-01-01 06:00:00,physical,16.9,False
HEAT-20251230-091,heatwave,DSS-00080,10,2026-01-01 12:00:00,physical,18.1,False
HEAT-20251230-091,heatwave,DSS-00258,10,2026-01-01 12:00:00,physical,43.6,False
HEAT-20251230-091,heatwave,DSS-00379,10,2026-01-01 12:00:00,physical,17.9,False
HEAT-20251230-091,heatwave,DFR-01462,11,2026-01-01 18:00:00,physical,13.8,False
HEAT-20251230-091,heatwave,RCL-02142,12,2026-01-02 00:00:00,physical,8.2,False
HEAT-20251230-091,heatwave,DSS-00278,13,2026-01-02 06:00:00,physical,24.2,False
HEAT-20251230-091,heatwave,DFR-01772,14,2026-01-02 12:00:00,physical,7.2,False
HEAT-20251230-091,heatwave,WMN-03154,14,2026-01-02 12:00:00,physical,8.7,False
HEAT-20251230-091,heatwave,DSS-00093,14,2026-01-02 12:00:00,physical,42.2,False
HEAT-20251230-091,heatwave,DSS-00364,14,2026-01-02 12:00:00,physical,21.6,False
HEAT-20251230-091,heatwave,WMN-03045,15,2026-01-02 18:00:00,physical,32.2,False
HEAT-20251230-091,heatwave,WMN-02775,16,2026-01-03 00:00:00,physical,23.3,False
HEAT-20251230-091,heatwave,WMN-02880,16,2026-01-03 00:00:00,physical,19.4,False
HEAT-20251230-091,heatwave,DSS-00359,17,2026-01-03 06:00:00,physical,12.5,False
HEAT-20251230-091,heatwave,WMN-02783,17,2026-01-03 06:00:00,physical,16.0,False
HEAT-20251230-091,heatwave,DSS-00145,18,2026-01-03 12:00:00,physical,12.2,False
HEAT-20251230-091,heatwave,DFR-01421,18,2026-01-03 12:00:00,physical,4.4,False
HEAT-20251230-091,heatwave,WMN-03043,19,2026-01-03 18:00:00,physical,10.3,False
HEAT-20251230-091,heatwave,WMN-03322,19,2026-01-03 18:00:00,physical,16.9,False
HEAT-20251230-091,heatwave,DFR-01528,20,2026-01-04 00:00:00,physical,7.0,False
HEAT-20251230-091,heatwave,DFR-01555,20,2026-01-04 00:00:00,physical,4.4,False
HEAT-20251230-091,heatwave,WMN-03303,21,2026-01-04 06:00:00,physical,8.9,False
HEAT-20251230-091,heatwave,WMN-03029,22,2026-01-04 12:00:00,physical,21.4,False
HEAT-20251230-091,heatwave,WMN-03102,22,2026-01-04 12:00:00,physical,18.9,False
HEAT-20251230-091,heatwave,WMN-03328,22,2026-01-04 12:00:00,physical,21.4,False
HEAT-20251230-091,heatwave,WMN-02995,23,2026-01-04 18:00:00,physical,28.6,False
HEAT-20251230-091,heatwave,PMP-02309,25,2026-01-05 06:00:00,physical,26.3,False
HEAT-20251230-091,heatwave,WMN-02812,25,2026-01-05 06:00:00,physical,33.5,False
HEAT-20251230-091,heatwave,WMN-03456,26,2026-01-05 12:00:00,physical,20.4,False
HEAT-20251230-091,heatwave,WMN-02763,27,2026-01-05 18:00:00,physical,19.7,False
HEAT-20251230-091,heatwave,WMN-03033,27,2026-01-05 18:00:00,physical,8.6,False
HEAT-20251230-091,heatwave,PMP-02343,14,2026-01-02 12:00:00,functional_power_loss,22.2,True
HEAT-20251230-091,heatwave,PMP-02301,10,2026-01-01 12:00:00,functional_power_loss,13.8,True
HEAT-20251230-091,heatwave,PMP-02258,13,2026-01-02 06:00:00,functional_power_loss,39.7,True
HEAT-20251230-091,heatwave,PMP-02428,17,2026-01-03 06:00:00,functional_power_loss,30.4,True
HEAT-20251230-091,heatwave,PMP-02297,18,2026-01-03 12:00:00,functional_power_loss,25.1,True
HEAT-20251230-091,heatwave,PMP-02422,14,2026-01-02 12:00:00,functional_power_loss,22.1,True
INLA-20260203-092,inland_flood,RCL-02068,0,2026-02-03 00:00:00,physical,8.4,False
INLA-20260203-092,inland_flood,RCL-02108,0,2026-02-03 00:00:00,physical,6.4,False
INLA-20260203-092,inland_flood,TLS-00535,2,2026-02-03 12:00:00,physical,4.7,False
INLA-20260203-092,inland_flood,WMN-03457,3,2026-02-03 18:00:00,physical,17.7,False
INLA-20260203-092,inland_flood,WMN-02846,4,2026-02-04 00:00:00,physical,8.5,False
INLA-20260203-092,inland_flood,WMN-03035,5,2026-02-04 06:00:00,physical,8.4,False
INLA-20260115-093,inland_flood,WMN-03328,0,2026-01-15 00:00:00,physical,19.9,False
INLA-20260115-093,inland_flood,WMN-03154,1,2026-01-15 06:00:00,physical,6.5,False
INLA-20260115-093,inland_flood,PMP-02455,2,2026-01-15 12:00:00,physical,20.2,False
INLA-20260115-093,inland_flood,INT-03504,3,2026-01-15 18:00:00,physical,8.1,False
INLA-20260115-093,inland_flood,WMN-03345,3,2026-01-15 18:00:00,physical,13.5,False
INLA-20260115-093,inland_flood,PMP-02465,3,2026-01-15 18:00:00,physical,28.0,False
INLA-20260115-093,inland_flood,WMN-03194,3,2026-01-15 18:00:00,physical,25.7,False
INLA-20260115-093,inland_flood,PMP-02411,3,2026-01-15 18:00:00,physical,17.1,False
INLA-20260115-093,inland_flood,PMP-02268,3,2026-01-15 18:00:00,physical,23.7,False
INLA-20260115-093,inland_flood,DSS-00114,3,2026-01-15 18:00:00,physical,17.5,False
INLA-20260115-093,inland_flood,WMN-02716,4,2026-01-16 00:00:00,physical,11.1,False
INLA-20260524-094,inland_flood,WMN-02840,0,2026-05-24 00:00:00,physical,28.3,False
INLA-20260524-094,inland_flood,INT-03486,0,2026-05-24 00:00:00,physical,9.5,False
INLA-20260524-094,inland_flood,WMN-03102,1,2026-05-24 06:00:00,physical,12.0,False
INLA-20260524-094,inland_flood,WMN-03124,1,2026-05-24 06:00:00,physical,8.4,False
INLA-20260524-094,inland_flood,WMN-03283,1,2026-05-24 06:00:00,physical,6.2,False
INLA-20260524-094,inland_flood,DFR-01889,2,2026-05-24 12:00:00,physical,5.3,False
INLA-20260524-094,inland_flood,WMN-02677,2,2026-05-24 12:00:00,physical,11.3,False
INLA-20260524-094,inland_flood,TLS-00684,3,2026-05-24 18:00:00,physical,13.8,False
INLA-20260524-094,inland_flood,WMN-02815,4,2026-05-25 00:00:00,physical,11.3,False
INLA-20260524-094,inland_flood,WMN-03228,4,2026-05-25 00:00:00,physical,15.4,False
INLA-20260524-094,inland_flood,TLS-01152,5,2026-05-25 06:00:00,physical,8.7,False
INLA-20260524-094,inland_flood,RCL-02094,5,2026-05-25 06:00:00,physical,7.7,False
INLA-20250907-095,inland_flood,DSS-00080,0,2025-09-07 00:00:00,physical,21.9,False
INLA-20250907-095,inland_flood,TLS-00987,1,2025-09-07 06:00:00,physical,5.5,False
INLA-20250907-095,inland_flood,PMP-02253,1,2025-09-07 06:00:00,physical,19.7,False
INLA-20250907-095,inland_flood,PMP-02343,1,2025-09-07 06:00:00,physical,13.8,False
INLA-20250907-095,inland_flood,DFR-01971,2,2025-09-07 12:00:00,physical,5.2,False
INLA-20250907-095,inland_flood,WMN-03283,2,2025-09-07 12:00:00,physical,13.7,False
INLA-20250907-095,inland_flood,WMN-02776,3,2025-09-07 18:00:00,physical,24.2,False
INLA-20250907-095,inland_flood,WMN-02815,3,2025-09-07 18:00:00,physical,10.2,False
INLA-20250907-095,inland_flood,WMN-03322,4,2025-09-08 00:00:00,physical,10.2,False
INLA-20250907-095,inland_flood,WMN-02715,4,2025-09-08 00:00:00,physical,27.1,False
INLA-20250907-095,inland_flood,DSS-00129,4,2025-09-08 00:00:00,physical,17.9,False
INLA-20250907-095,inland_flood,TLS-01115,4,2025-09-08 00:00:00,physical,12.5,False
INLA-20250907-095,inland_flood,PMP-02488,4,2025-09-08 00:00:00,physical,18.1,False
INLA-20250907-095,inland_flood,WMN-03101,5,2025-09-08 06:00:00,physical,14.7,False
INLA-20250907-095,inland_flood,DFR-01625,5,2025-09-08 06:00:00,physical,6.9,False
INLA-20250907-095,inland_flood,WMN-02747,5,2025-09-08 06:00:00,physical,15.0,False
INLA-20250907-095,inland_flood,WMN-03224,5,2025-09-08 06:00:00,physical,14.2,False
INLA-20250812-096,inland_flood,WMN-02776,0,2025-08-12 00:00:00,physical,30.7,False
INLA-20250812-096,inland_flood,WMN-03214,0,2025-08-12 00:00:00,physical,18.4,False
INLA-20250812-096,inland_flood,PMP-02452,1,2025-08-12 06:00:00,physical,27.4,False
INLA-20250812-096,inland_flood,DSS-00329,2,2025-08-12 12:00:00,physical,24.6,False
INLA-20250812-096,inland_flood,PMP-02465,2,2025-08-12 12:00:00,physical,30.6,False
INLA-20250812-096,inland_flood,WMN-03154,2,2025-08-12 12:00:00,physical,21.0,False
INLA-20250812-096,inland_flood,WMN-02932,3,2025-08-12 18:00:00,physical,17.5,False
INLA-20250812-096,inland_flood,PMP-02455,3,2025-08-12 18:00:00,physical,8.5,False
INLA-20250812-096,inland_flood,PMP-02411,3,2025-08-12 18:00:00,physical,18.2,False
INLA-20250812-096,inland_flood,PMP-02379,3,2025-08-12 18:00:00,physical,49.4,False
INLA-20250812-096,inland_flood,PMP-02268,3,2025-08-12 18:00:00,physical,25.8,False
INLA-20250812-096,inland_flood,RCL-02116,3,2025-08-12 18:00:00,physical,6.2,False
INLA-20250812-096,inland_flood,RCL-02077,3,2025-08-12 18:00:00,physical,5.7,False
INLA-20250812-096,inland_flood,DFR-01564,3,2025-08-12 18:00:00,physical,8.9,False
INLA-20250812-096,inland_flood,DSS-00380,3,2025-08-12 18:00:00,physical,28.8,False
INLA-20250812-096,inland_flood,DSS-00114,4,2025-08-13 00:00:00,physical,26.7,False
INLA-20250812-096,inland_flood,WMN-02946,4,2025-08-13 00:00:00,physical,39.6,False
INLA-20250812-096,inland_flood,TLS-00653,5,2025-08-13 06:00:00,physical,6.5,False
INLA-20250812-096,inland_flood,PMP-02299,5,2025-08-13 06:00:00,physical,9.6,False
INLA-20250812-096,inland_flood,WMN-03283,5,2025-08-13 06:00:00,physical,21.2,False
INLA-20250812-096,inland_flood,PMP-02308,3,2025-08-12 18:00:00,functional_power_loss,19.4,True
INLA-20250812-096,inland_flood,PMP-02332,3,2025-08-12 18:00:00,functional_power_loss,13.8,True
INLA-20250807-097,inland_flood,TLS-01264,0,2025-08-07 00:00:00,physical,4.5,False
INLA-20250807-097,inland_flood,WMN-02700,2,2025-08-07 12:00:00,physical,12.5,False
INLA-20250807-097,inland_flood,WMN-02810,3,2025-08-07 18:00:00,physical,25.0,False
INLA-20250807-097,inland_flood,WMN-03044,3,2025-08-07 18:00:00,physical,48.9,False
INLA-20250807-097,inland_flood,WMN-03214,3,2025-08-07 18:00:00,physical,15.4,False
INLA-20250807-097,inland_flood,WMN-03322,3,2025-08-07 18:00:00,physical,10.4,False
INLA-20250807-097,inland_flood,WMN-03429,3,2025-08-07 18:00:00,physical,11.7,False
INLA-20250807-097,inland_flood,DSS-00343,4,2025-08-08 00:00:00,physical,13.1,False
INLA-20250807-097,inland_flood,DFR-01456,4,2025-08-08 00:00:00,physical,7.0,False
INLA-20250807-097,inland_flood,WMN-03203,4,2025-08-08 00:00:00,physical,21.2,False
WILD-20251009-098,wildfire,DSS-00394,0,2025-10-09 00:00:00,physical,37.6,False
WILD-20251009-098,wildfire,DFR-01356,0,2025-10-09 00:00:00,physical,6.8,False
WILD-20251009-098,wildfire,DFR-01657,0,2025-10-09 00:00:00,physical,12.5,False
WILD-20251009-098,wildfire,WMN-03456,0,2025-10-09 00:00:00,physical,14.7,False
WILD-20251009-098,wildfire,DFR-01462,1,2025-10-09 06:00:00,physical,4.0,False
WILD-20251009-098,wildfire,DFR-01529,1,2025-10-09 06:00:00,physical,4.3,False
WILD-20251009-098,wildfire,DFR-01553,1,2025-10-09 06:00:00,physical,4.8,False
WILD-20251009-098,wildfire,PMP-02378,2,2025-10-09 12:00:00,physical,22.9,False
WILD-20251009-098,wildfire,DFR-01904,2,2025-10-09 12:00:00,physical,3.2,False
WILD-20251009-098,wildfire,DFR-01399,2,2025-10-09 12:00:00,physical,11.3,False
WILD-20251009-098,wildfire,DFR-01369,2,2025-10-09 12:00:00,physical,6.3,False
WILD-20251009-098,wildfire,DSS-00364,3,2025-10-09 18:00:00,physical,29.3,False
WILD-20251009-098,wildfire,DFR-01374,3,2025-10-09 18:00:00,physical,13.2,False
WILD-20251009-098,wildfire,DFR-01664,3,2025-10-09 18:00:00,physical,7.7,False
WILD-20251009-098,wildfire,WMN-03322,3,2025-10-09 18:00:00,physical,12.6,False
WILD-20251009-098,wildfire,WMN-02682,4,2025-10-10 00:00:00,physical,27.4,False
WILD-20251009-098,wildfire,PMP-02489,4,2025-10-10 00:00:00,physical,35.3,False
WILD-20251009-098,wildfire,DFR-01631,4,2025-10-10 00:00:00,physical,6.2,False
WILD-20251009-098,wildfire,DSS-00406,4,2025-10-10 00:00:00,physical,21.3,False
WILD-20251009-098,wildfire,DSS-00080,4,2025-10-10 00:00:00,physical,24.5,False
WILD-20251009-098,wildfire,DSS-00398,5,2025-10-10 06:00:00,physical,43.5,False
WILD-20251009-098,wildfire,DFR-01559,5,2025-10-10 06:00:00,physical,8.4,False
WILD-20251009-098,wildfire,DFR-01756,5,2025-10-10 06:00:00,physical,7.3,False
WILD-20251009-098,wildfire,DFR-01959,5,2025-10-10 06:00:00,physical,13.9,False
WILD-20251009-098,wildfire,DFR-01978,5,2025-10-10 06:00:00,physical,8.5,False
WILD-20251009-098,wildfire,WMN-02875,6,2025-10-10 12:00:00,physical,17.0,False
WILD-20251009-098,wildfire,DFR-01928,6,2025-10-10 12:00:00,physical,6.1,False
WILD-20251009-098,wildfire,DFR-01550,6,2025-10-10 12:00:00,physical,16.5,False
WILD-20251009-098,wildfire,DSS-00327,6,2025-10-10 12:00:00,physical,24.0,False
WILD-20251009-098,wildfire,DFR-01507,6,2025-10-10 12:00:00,physical,12.0,False
WILD-20251009-098,wildfire,DFR-01579,7,2025-10-10 18:00:00,physical,9.3,False
WILD-20251009-098,wildfire,DSS-00172,7,2025-10-10 18:00:00,physical,14.8,False
WILD-20251009-098,wildfire,DSS-00243,7,2025-10-10 18:00:00,physical,31.2,False
WILD-20251009-098,wildfire,WMN-02859,7,2025-10-10 18:00:00,physical,19.4,False
WILD-20251009-098,wildfire,PMP-02238,6,2025-10-10 12:00:00,functional_power_loss,48.4,True
WILD-20251009-098,wildfire,PMP-02297,7,2025-10-10 18:00:00,functional_power_loss,11.9,True
WILD-20251009-098,wildfire,PMP-02422,3,2025-10-09 18:00:00,functional_power_loss,15.4,True
WILD-20251009-098,wildfire,PMP-02362,0,2025-10-09 00:00:00,functional_power_loss,37.3,True
WILD-20251009-098,wildfire,PMP-02334,4,2025-10-10 00:00:00,functional_power_loss,17.4,True
WILD-20251009-098,wildfire,PMP-02341,4,2025-10-10 00:00:00,functional_power_loss,23.8,True
WILD-20251009-098,wildfire,PMP-02346,4,2025-10-10 00:00:00,functional_power_loss,18.7,True
WILD-20260424-099,wildfire,DFR-01425,0,2026-04-24 00:00:00,physical,6.3,False
WILD-20260424-099,wildfire,WMN-03237,0,2026-04-24 00:00:00,physical,19.0,False
WILD-20260424-099,wildfire,WMN-03090,1,2026-04-24 06:00:00,physical,20.5,False
WILD-20260424-099,wildfire,TLS-00905,3,2026-04-24 18:00:00,physical,7.5,False
WILD-20260424-099,wildfire,DFR-01520,3,2026-04-24 18:00:00,physical,12.4,False
WILD-20260424-099,wildfire,DFR-01950,3,2026-04-24 18:00:00,physical,6.5,False
WILD-20260424-099,wildfire,WMN-02786,4,2026-04-25 00:00:00,physical,9.5,False
WILD-20260424-099,wildfire,PMP-02387,5,2026-04-25 06:00:00,physical,12.9,False
WILD-20260301-100,wildfire,DFR-01462,0,2026-03-01 00:00:00,physical,13.0,False
WILD-20260301-100,wildfire,DFR-01665,0,2026-03-01 00:00:00,physical,9.5,False
WILD-20260301-100,wildfire,WMN-03191,0,2026-03-01 00:00:00,physical,9.5,False
WILD-20260301-100,wildfire,DSS-00229,1,2026-03-01 06:00:00,physical,22.3,False
WILD-20260301-100,wildfire,TLS-00505,1,2026-03-01 06:00:00,physical,7.5,False
WILD-20260301-100,wildfire,DFR-01357,1,2026-03-01 06:00:00,physical,7.1,False
WILD-20260301-100,wildfire,DFR-01399,1,2026-03-01 06:00:00,physical,6.4,False
WILD-20260301-100,wildfire,DFR-01689,1,2026-03-01 06:00:00,physical,8.0,False
WILD-20260301-100,wildfire,WMN-02810,1,2026-03-01 06:00:00,physical,15.9,False
WILD-20260301-100,wildfire,WMN-03154,1,2026-03-01 06:00:00,physical,27.5,False
WILD-20260301-100,wildfire,DFR-01830,2,2026-03-01 12:00:00,physical,5.4,False
WILD-20260301-100,wildfire,WMN-03106,3,2026-03-01 18:00:00,physical,9.1,False
WILD-20260301-100,wildfire,WMN-03377,3,2026-03-01 18:00:00,physical,10.8,False
WILD-20260301-100,wildfire,DFR-01767,4,2026-03-02 00:00:00,physical,12.8,False
WILD-20260301-100,wildfire,DFR-01709,4,2026-03-02 00:00:00,physical,5.9,False
WILD-20260301-100,wildfire,DFR-01377,4,2026-03-02 00:00:00,physical,17.1,False
WILD-20260301-100,wildfire,DFR-01456,4,2026-03-02 00:00:00,physical,10.3,False
WILD-20260301-100,wildfire,DFR-01625,4,2026-03-02 00:00:00,physical,16.9,False
WILD-20260301-100,wildfire,DSS-00186,5,2026-03-02 06:00:00,physical,25.2,False
WILD-20260301-100,wildfire,WMN-02807,5,2026-03-02 06:00:00,physical,21.1,False
WILD-20260301-100,wildfire,DFR-01480,6,2026-03-02 12:00:00,physical,6.7,False
WILD-20260301-100,wildfire,DFR-01579,6,2026-03-02 12:00:00,physical,8.7,False
WILD-20260301-100,wildfire,WMN-02805,6,2026-03-02 12:00:00,physical,29.8,False
WILD-20260301-100,wildfire,WMN-03249,7,2026-03-02 18:00:00,physical,20.0,False
WILD-20260301-100,wildfire,WMN-02835,7,2026-03-02 18:00:00,physical,10.0,False
WILD-20260301-100,wildfire,WMN-03454,7,2026-03-02 18:00:00,physical,7.5,False
WILD-20260301-100,wildfire,PMP-02309,1,2026-03-01 06:00:00,functional_power_loss,32.3,True
BASE-20251018-101,baseline,DFR-01633,3,2025-10-18 18:00:00,physical,5.2,False
BASE-20251018-101,baseline,WMN-03058,3,2025-10-18 18:00:00,physical,19.8,False
BASE-20251018-101,baseline,WMN-03429,3,2025-10-18 18:00:00,physical,14.6,False
BASE-20251018-101,baseline,WMN-03463,3,2025-10-18 18:00:00,physical,13.5,False
BASE-20250811-102,baseline,DSS-00324,0,2025-08-11 00:00:00,physical,18.8,False
BASE-20250811-102,baseline,TNK-02549,1,2025-08-11 06:00:00,physical,6.7,False
BASE-20250811-102,baseline,DFR-01362,2,2025-08-11 12:00:00,physical,6.6,False
BASE-20250811-102,baseline,DFR-01495,2,2025-08-11 12:00:00,physical,17.7,False
BASE-20250811-102,baseline,WMN-03102,2,2025-08-11 12:00:00,physical,12.9,False
BASE-20250811-102,baseline,WMN-03203,2,2025-08-11 12:00:00,physical,10.7,False
BASE-20250811-102,baseline,PMP-02512,0,2025-08-11 00:00:00,functional_power_loss,16.3,True
BASE-20260129-103,baseline,DSS-00316,0,2026-01-29 00:00:00,physical,17.4,False
BASE-20260129-103,baseline,TLS-01292,0,2026-01-29 00:00:00,physical,3.8,False
BASE-20260129-103,baseline,WMN-03029,1,2026-01-29 06:00:00,physical,23.4,False
BASE-20260129-103,baseline,DFR-01757,2,2026-01-29 12:00:00,physical,2.5,False
BASE-20260129-103,baseline,WMN-02837,2,2026-01-29 12:00:00,physical,20.8,False
BASE-20260129-103,baseline,DFR-02007,3,2026-01-29 18:00:00,physical,4.7,False
BASE-20260129-103,baseline,WMN-02840,3,2026-01-29 18:00:00,physical,8.5,False
BASE-20260730-104,baseline,WMN-03053,0,2026-07-30 00:00:00,physical,8.5,False
BASE-20260730-104,baseline,PMP-02352,1,2026-07-30 06:00:00,physical,31.9,False
BASE-20260730-104,baseline,TLS-01219,2,2026-07-30 12:00:00,physical,10.7,False
BASE-20260730-104,baseline,WMN-02858,3,2026-07-30 18:00:00,physical,25.7,False
BASE-20260730-104,baseline,WMN-02978,3,2026-07-30 18:00:00,physical,11.6,False
BASE-20251121-105,baseline,WMN-02815,0,2025-11-21 00:00:00,physical,12.9,False
BASE-20251121-105,baseline,WMN-03177,0,2025-11-21 00:00:00,physical,13.0,False
BASE-20251121-105,baseline,INT-03480,0,2025-11-21 00:00:00,physical,7.8,False
BASE-20251121-105,baseline,TLS-01044,1,2025-11-21 06:00:00,physical,10.4,False
BASE-20251121-105,baseline,WMN-03299,2,2025-11-21 12:00:00,physical,15.2,False
BASE-20251121-105,baseline,WMN-03312,2,2025-11-21 12:00:00,physical,12.4,False
BASE-20251121-105,baseline,DSS-00396,3,2025-11-21 18:00:00,physical,21.1,False
BASE-20251121-105,baseline,DFR-01580,3,2025-11-21 18:00:00,physical,9.5,False
BASE-20251121-105,baseline,WMN-02840,3,2025-11-21 18:00:00,physical,17.3,False
BASE-20251013-106,baseline,WMN-03300,0,2025-10-13 00:00:00,physical,24.0,False
BASE-20251013-106,baseline,WMN-03429,1,2025-10-13 06:00:00,physical,17.1,False
BASE-20251013-106,baseline,DSS-00121,2,2025-10-13 12:00:00,physical,35.4,False
BASE-20251013-106,baseline,DFR-01928,2,2025-10-13 12:00:00,physical,5.3,False
BASE-20251013-106,baseline,WMN-02875,2,2025-10-13 12:00:00,physical,15.9,False
BASE-20251013-106,baseline,TNK-02671,3,2025-10-13 18:00:00,physical,3.5,False
BASE-20251013-106,baseline,WMN-02810,3,2025-10-13 18:00:00,physical,15.1,False
BASE-20251205-107,baseline,WMN-02715,0,2025-12-05 00:00:00,physical,20.2,False
BASE-20251205-107,baseline,WMN-02812,1,2025-12-05 06:00:00,physical,22.5,False
BASE-20251205-107,baseline,WMN-03053,2,2025-12-05 12:00:00,physical,14.0,False
BASE-20251205-107,baseline,WMN-03322,3,2025-12-05 18:00:00,physical,16.5,False
BASE-20260223-108,baseline,WMN-02920,0,2026-02-23 00:00:00,physical,15.1,False
BASE-20260223-108,baseline,WMN-03345,0,2026-02-23 00:00:00,physical,6.7,False
BASE-20260223-108,baseline,WMN-03102,1,2026-02-23 06:00:00,physical,30.2,False
BASE-20260223-108,baseline,WMN-02821,2,2026-02-23 12:00:00,physical,10.6,False
BASE-20260223-108,baseline,WMN-02992,2,2026-02-23 12:00:00,physical,20.0,False
BASE-20260327-109,baseline,TLS-00963,0,2026-03-27 00:00:00,physical,5.0,False
BASE-20260327-109,baseline,DFR-01727,0,2026-03-27 00:00:00,physical,11.0,False
BASE-20260327-109,baseline,WMN-03078,0,2026-03-27 00:00:00,physical,12.4,False
BASE-20260327-109,baseline,WMN-03378,0,2026-03-27 00:00:00,physical,12.5,False
BASE-20260327-109,baseline,DFR-01451,1,2026-03-27 06:00:00,physical,13.7,False
BASE-20260327-109,baseline,TLS-01003,2,2026-03-27 12:00:00,physical,5.3,False
BASE-20260327-109,baseline,WMN-02716,2,2026-03-27 12:00:00,physical,9.6,False
BASE-20250928-110,baseline,DFR-01731,1,2025-09-28 06:00:00,physical,9.4,False
BASE-20250928-110,baseline,DFR-01936,1,2025-09-28 06:00:00,physical,8.7,False
BASE-20250928-110,baseline,WMN-02703,1,2025-09-28 06:00:00,physical,15.7,False
BASE-20260619-111,baseline,WMN-03154,0,2026-06-19 00:00:00,physical,31.6,False
BASE-20260619-111,baseline,WMN-03177,1,2026-06-19 06:00:00,physical,17.5,False
BASE-20260619-111,baseline,TLS-00812,3,2026-06-19 18:00:00,physical,7.1,False
BASE-20260619-111,baseline,WMN-02896,3,2026-06-19 18:00:00,physical,9.6,False
BASE-20260619-111,baseline,WMN-03339,3,2026-06-19 18:00:00,physical,6.8,False
BASE-20251009-112,baseline,PMP-02354,0,2025-10-09 00:00:00,physical,6.6,False
BASE-20251009-112,baseline,TNK-02593,0,2025-10-09 00:00:00,physical,11.3,False
BASE-20251009-112,baseline,TLS-00975,1,2025-10-09 06:00:00,physical,9.9,False
BASE-20251009-112,baseline,TSS-00038,3,2025-10-09 18:00:00,physical,37.6,False
BASE-20251009-112,baseline,DFR-01514,3,2025-10-09 18:00:00,physical,7.8,False
BASE-20251009-112,baseline,WMN-02812,3,2025-10-09 18:00:00,physical,15.1,False
BASE-20251009-112,baseline,WMN-03101,3,2025-10-09 18:00:00,physical,15.5,False
BASE-20260307-113,baseline,WMN-02716,0,2026-03-07 00:00:00,physical,29.5,False
BASE-20260307-113,baseline,WMN-03454,1,2026-03-07 06:00:00,physical,18.4,False
BASE-20260307-113,baseline,DFR-01932,2,2026-03-07 12:00:00,physical,6.4,False
BASE-20260307-113,baseline,WMN-03433,2,2026-03-07 12:00:00,physical,11.0,False
BASE-20260109-114,baseline,DFR-01928,0,2026-01-09 00:00:00,physical,6.4,False
BASE-20260109-114,baseline,WMN-03261,0,2026-01-09 00:00:00,physical,14.1,False
BASE-20260109-114,baseline,WMN-03375,0,2026-01-09 00:00:00,physical,15.9,False
BASE-20260109-114,baseline,WMN-02716,1,2026-01-09 06:00:00,physical,7.5,False
BASE-20260109-114,baseline,WMN-03002,1,2026-01-09 06:00:00,physical,27.3,False
BASE-20260109-114,baseline,WMN-03433,1,2026-01-09 06:00:00,physical,20.1,False
BASE-20260109-114,baseline,RCL-02092,2,2026-01-09 12:00:00,physical,10.6,False
BASE-20260109-114,baseline,WMN-03075,2,2026-01-09 12:00:00,physical,5.0,False
BASE-20260109-114,baseline,DFR-01966,3,2026-01-09 18:00:00,physical,10.2,False
BASE-20260109-114,baseline,WMN-03315,3,2026-01-09 18:00:00,physical,7.5,False
BASE-20251028-115,baseline,TLS-01071,0,2025-10-28 00:00:00,physical,8.3,False
BASE-20251028-115,baseline,DFR-01928,0,2025-10-28 00:00:00,physical,2.7,False
BASE-20251028-115,baseline,TLS-00878,1,2025-10-28 06:00:00,physical,12.2,False
BASE-20251028-115,baseline,DFR-01644,1,2025-10-28 06:00:00,physical,7.5,False
BASE-20251028-115,baseline,WMN-02781,2,2025-10-28 12:00:00,physical,16.6,False
BASE-20251028-115,baseline,WMN-02837,2,2025-10-28 12:00:00,physical,10.3,False
BASE-20251028-115,baseline,WMN-03016,2,2025-10-28 12:00:00,physical,15.0,False
BASE-20251028-115,baseline,DFR-01441,3,2025-10-28 18:00:00,physical,3.7,False
BASE-20251028-115,baseline,DFR-01940,3,2025-10-28 18:00:00,physical,13.6,False
BASE-20251028-115,baseline,WMN-03429,3,2025-10-28 18:00:00,physical,12.5,False
BASE-20260104-116,baseline,DFR-01760,1,2026-01-04 06:00:00,physical,5.9,False
BASE-20260104-116,baseline,WMN-03406,1,2026-01-04 06:00:00,physical,9.9,False
BASE-20260104-116,baseline,WMN-02781,2,2026-01-04 12:00:00,physical,15.1,False
BASE-20260104-116,baseline,WMN-02958,3,2026-01-04 18:00:00,physical,23.0,False
BASE-20260104-116,baseline,WMN-03029,3,2026-01-04 18:00:00,physical,16.0,False
BASE-20260104-116,baseline,WMN-03201,3,2026-01-04 18:00:00,physical,22.7,False
BASE-20260124-117,baseline,TLS-01176,1,2026-01-24 06:00:00,physical,9.6,False
BASE-20260124-117,baseline,TNK-02638,1,2026-01-24 06:00:00,physical,6.0,False
BASE-20260124-117,baseline,DFR-01622,2,2026-01-24 12:00:00,physical,7.3,False
BASE-20260124-117,baseline,RCL-02016,2,2026-01-24 12:00:00,physical,10.7,False
BASE-20260124-117,baseline,TSS-00006,3,2026-01-24 18:00:00,physical,26.8,False
BASE-20260526-118,baseline,DSS-00181,0,2026-05-26 00:00:00,physical,18.2,False
BASE-20260526-118,baseline,WMN-03283,0,2026-05-26 00:00:00,physical,7.7,False
BASE-20260526-118,baseline,WMN-03030,1,2026-05-26 06:00:00,physical,33.2,False
BASE-20260526-118,baseline,WMN-02706,2,2026-05-26 12:00:00,physical,6.3,False
BASE-20260526-118,baseline,PMP-02314,0,2026-05-26 00:00:00,functional_power_loss,14.2,True
BASE-20260526-118,baseline,WTP-02214,0,2026-05-26 00:00:00,functional_power_loss,25.0,True
BASE-20251221-119,baseline,TLS-00654,1,2025-12-21 06:00:00,physical,10.8,False
BASE-20251221-119,baseline,PMP-02519,1,2025-12-21 06:00:00,physical,11.9,False
BASE-20251221-119,baseline,DFR-01579,2,2025-12-21 12:00:00,physical,3.8,False
BASE-20260531-120,baseline,TLS-01154,1,2026-05-31 06:00:00,physical,9.6,False
BASE-20260531-120,baseline,DFR-01593,1,2026-05-31 06:00:00,physical,6.5,False
BASE-20260531-120,baseline,WMN-02821,2,2026-05-31 12:00:00,physical,15.7,False
BASE-20260531-120,baseline,WMN-03022,2,2026-05-31 12:00:00,physical,8.9,False
BASE-20260531-120,baseline,DFR-01936,3,2026-05-31 18:00:00,physical,7.4,False
BASE-20260608-121,baseline,DSS-00062,0,2026-06-08 00:00:00,physical,35.7,False
BASE-20260608-121,baseline,DFR-01458,0,2026-06-08 00:00:00,physical,8.9,False
BASE-20260608-121,baseline,WMN-03141,0,2026-06-08 00:00:00,physical,14.2,False
BASE-20260608-121,baseline,DFR-01697,1,2026-06-08 06:00:00,physical,11.1,False
BASE-20260608-121,baseline,TLS-00804,2,2026-06-08 12:00:00,physical,5.0,False
BASE-20260608-121,baseline,DFR-01947,2,2026-06-08 12:00:00,physical,7.1,False
BASE-20260608-121,baseline,WMN-03222,2,2026-06-08 12:00:00,physical,15.3,False
BASE-20260608-121,baseline,WMN-03408,2,2026-06-08 12:00:00,physical,7.9,False
BASE-20260608-121,baseline,DFR-01928,3,2026-06-08 18:00:00,physical,7.2,False
BASE-20260608-121,baseline,PMP-02500,0,2026-06-08 00:00:00,functional_power_loss,9.5,True
BASE-20260207-122,baseline,DSS-00364,0,2026-02-07 00:00:00,physical,31.2,False
BASE-20260207-122,baseline,DFR-01798,3,2026-02-07 18:00:00,physical,4.9,False
BASE-20260207-122,baseline,PMP-02422,0,2026-02-07 00:00:00,functional_power_loss,28.9,True
BASE-20260423-123,baseline,WMN-03346,0,2026-04-23 00:00:00,physical,7.8,False
BASE-20260423-123,baseline,DFR-01633,1,2026-04-23 06:00:00,physical,4.9,False
BASE-20260423-123,baseline,DFR-01944,1,2026-04-23 06:00:00,physical,5.3,False
BASE-20260423-123,baseline,WMN-03447,2,2026-04-23 12:00:00,physical,16.2,False
BASE-20260119-124,baseline,WMN-02926,0,2026-01-19 00:00:00,physical,31.0,False
BASE-20260119-124,baseline,WMN-03228,0,2026-01-19 00:00:00,physical,15.1,False
BASE-20260119-124,baseline,WMN-03444,1,2026-01-19 06:00:00,physical,11.5,False
BASE-20260119-124,baseline,WMN-03455,1,2026-01-19 06:00:00,physical,10.2,False
BASE-20260119-124,baseline,WMN-03150,2,2026-01-19 12:00:00,physical,10.4,False
BASE-20260421-125,baseline,TLS-00430,0,2026-04-21 00:00:00,physical,6.6,False
BASE-20260421-125,baseline,RCL-02085,0,2026-04-21 00:00:00,physical,7.9,False
BASE-20260421-125,baseline,WMN-03429,0,2026-04-21 00:00:00,physical,21.3,False
BASE-20260421-125,baseline,TLS-00721,1,2026-04-21 06:00:00,physical,4.5,False
BASE-20260421-125,baseline,DFR-01760,1,2026-04-21 06:00:00,physical,5.4,False
BASE-20260421-125,baseline,DFR-02007,1,2026-04-21 06:00:00,physical,6.4,False
BASE-20260421-125,baseline,DFR-01866,2,2026-04-21 12:00:00,physical,8.4,False
BASE-20260421-125,baseline,WMN-03062,2,2026-04-21 12:00:00,physical,12.2,False
BASE-20260421-125,baseline,INT-03504,3,2026-04-21 18:00:00,physical,10.6,False
BASE-20260731-126,baseline,DSS-00134,0,2026-07-31 00:00:00,physical,30.2,False
BASE-20260731-126,baseline,DFR-01932,1,2026-07-31 06:00:00,physical,10.4,False
BASE-20260731-126,baseline,PMP-02403,0,2026-07-31 00:00:00,functional_power_loss,26.8,True
BASE-20260731-126,baseline,PMP-02476,1,2026-07-31 06:00:00,functional_power_loss,9.0,True
