source,target,edge_type
TSS-00052,TLS-00411,transmission
TSS-00011,TLS-00412,transmission
TSS-00008,TLS-00413,transmission
TSS-00030,TLS-00414,transmission
TSS-00019,TLS-00415,transmission
TSS-00030,TLS-00416,transmission
TSS-00010,TLS-00417,transmission
TSS-00008,TLS-00418,transmission
TSS-00025,TLS-00419,transmission
TSS-00047,TLS-00420,transmission
TSS-00055,TLS-00421,transmission
TSS-00045,TLS-00422,transmission
TSS-00046,TLS-00423,transmission
TSS-00045,TLS-00424,transmission
TSS-00030,TLS-00425,transmission
TSS-00041,TLS-00426,transmission
TSS-00008,TLS-00427,transmission
TSS-00021,TLS-00428,transmission
TSS-00022,TLS-00429,transmission
TSS-00028,TLS-00430,transmission
TSS-00046,TLS-00431,transmission
TSS-00053,TLS-00432,transmission
TSS-00035,TLS-00433,transmission
TSS-00008,TLS-00434,transmission
TSS-00031,TLS-00435,transmission
TSS-00040,TLS-00436,transmission
TSS-00026,TLS-00437,transmission
TSS-00004,TLS-00438,transmission
TSS-00048,TLS-00439,transmission
TSS-00048,TLS-00440,transmission
TSS-00007,TLS-00441,transmission
TSS-00044,TLS-00442,transmission
TSS-00019,TLS-00443,transmission
TSS-00022,TLS-00444,transmission
TSS-00045,TLS-00445,transmission
TSS-00048,TLS-00446,transmission
TSS-00044,TLS-00447,transmission
TSS-00056,TLS-00448,transmission
TSS-00052,TLS-00449,transmission
TSS-00016,TLS-00450,transmission
TSS-00043,TLS-00451,transmission
TSS-00031,TLS-00452,transmission
TSS-00057,TLS-00453,transmission
TSS-00041,TLS-00454,transmission
TSS-00030,TLS-00455,transmission
TSS-00043,TLS-00456,transmission
TSS-00046,TLS-00457,transmission
TSS-00044,TLS-00458,transmission
TSS-00012,TLS-00459,transmission
TSS-00044,TLS-00460,transmission
TSS-00048,TLS-00461,transmission
TSS-00030,TLS-00462,transmission
TSS-00013,TLS-00463,transmission
TSS-00040,TLS-00464,transmission
TSS-00019,TLS-00465,transmission
TSS-00043,TLS-00466,transmission
TSS-00033,TLS-00467,transmission
TSS-00011,TLS-00468,transmission
TSS-00027,TLS-00469,transmission
TSS-00056,TLS-00470,transmission
TSS-00019,TLS-00471,transmission
TSS-00029,TLS-00472,transmission
TSS-00032,TLS-00473,transmission
TSS-00006,TLS-00474,transmission
TSS-00021,TLS-00475,transmission
TSS-00040,TLS-00476,transmission
TSS-00015,TLS-00477,transmission
TSS-00048,TLS-00478,transmission
TSS-00026,TLS-00479,transmission
TSS-00035,TLS-00480,transmission
TSS-00007,TLS-00481,transmission
TSS-00043,TLS-00482,transmission
TSS-00013,TLS-00483,transmission
TSS-00055,TLS-00484,transmission
TSS-00012,TLS-00485,transmission
TSS-00038,TLS-00486,transmission
TSS-00030,TLS-00487,transmission
TSS-00049,TLS-00488,transmission
TSS-00036,TLS-00489,transmission
TSS-00056,TLS-00490,transmission
TSS-00036,TLS-00491,transmission
TSS-00011,TLS-00492,transmission
TSS-00017,TLS-00493,transmission
TSS-00013,TLS-00494,transmission
TSS-00038,TLS-00495,transmission
TSS-00056,TLS-00496,transmission
TSS-00034,TLS-00497,transmission
TSS-00049,TLS-00498,transmission
TSS-00007,TLS-00499,transmission
TSS-00014,TLS-00500,transmission
TSS-00026,TLS-00501,transmission
TSS-00011,TLS-00502,transmission
TSS-00055,TLS-00503,transmission
TSS-00019,TLS-00504,transmission
TSS-00045,TLS-00505,transmission
TSS-00040,TLS-00506,transmission
TSS-00008,TLS-00507,transmission
TSS-00055,TLS-00508,transmission
TSS-00019,TLS-00509,transmission
TSS-00034,TLS-00510,transmission
TSS-00044,TLS-00511,transmission
TSS-00047,TLS-00512,transmission
TSS-00030,TLS-00513,transmission
TSS-00031,TLS-00514,transmission
TSS-00027,TLS-00515,transmission
TSS-00044,TLS-00516,transmission
TSS-00004,TLS-00517,transmission
TSS-00003,TLS-00518,transmission
TSS-00025,TLS-00519,transmission
TSS-00024,TLS-00520,transmission
TSS-00045,TLS-00521,transmission
TSS-00011,TLS-00522,transmission
TSS-00033,TLS-00523,transmission
TSS-00018,TLS-00524,transmission
TSS-00043,TLS-00525,transmission
TSS-00046,TLS-00526,transmission
TSS-00008,TLS-00527,transmission
TSS-00048,TLS-00528,transmission
TSS-00035,TLS-00529,transmission
TSS-00029,TLS-00530,transmission
TSS-00047,TLS-00531,transmission
TSS-00035,TLS-00532,transmission
TSS-00026,TLS-00533,transmission
TSS-00017,TLS-00534,transmission
TSS-00049,TLS-00535,transmission
TSS-00030,TLS-00536,transmission
TSS-00047,TLS-00537,transmission
TSS-00027,TLS-00538,transmission
TSS-00057,TLS-00539,transmission
TSS-00049,TLS-00540,transmission
TSS-00043,TLS-00541,transmission
TSS-00042,TLS-00542,transmission
TSS-00013,TLS-00543,transmission
TSS-00059,TLS-00544,transmission
TSS-00008,TLS-00545,transmission
TSS-00020,TLS-00546,transmission
TSS-00044,TLS-00547,transmission
TSS-00026,TLS-00548,transmission
TSS-00011,TLS-00549,transmission
TSS-00017,TLS-00550,transmission
TSS-00013,TLS-00551,transmission
TSS-00052,TLS-00552,transmission
TSS-00041,TLS-00553,transmission
TSS-00043,TLS-00554,transmission
TSS-00049,TLS-00555,transmission
TSS-00038,TLS-00556,transmission
TSS-00054,TLS-00557,transmission
TSS-00015,TLS-00558,transmission
TSS-00044,TLS-00559,transmission
TSS-00028,TLS-00560,transmission
TSS-00050,TLS-00561,transmission
TSS-00032,TLS-00562,transmission
TSS-00042,TLS-00563,transmission
TSS-00040,TLS-00564,transmission
TSS-00040,TLS-00565,transmission
TSS-00041,TLS-00566,transmission
TSS-00048,TLS-00567,transmission
TSS-00021,TLS-00568,transmission
TSS-00016,TLS-00569,transmission
TSS-00023,TLS-00570,transmission
TSS-00013,TLS-00571,transmission
TSS-00043,TLS-00572,transmission
TSS-00049,TLS-00573,transmission
TSS-00004,TLS-00574,transmission
TSS-00021,TLS-00575,transmission
TSS-00008,TLS-00576,transmission
TSS-00028,TLS-00577,transmission
TSS-00025,TLS-00578,transmission
TSS-00010,TLS-00579,transmission
TSS-00014,TLS-00580,transmission
TSS-00008,TLS-00581,transmission
TSS-00055,TLS-00582,transmission
TSS-00040,TLS-00583,transmission
TSS-00031,TLS-00584,transmission
TSS-00001,TLS-00585,transmission
TSS-00025,TLS-00586,transmission
TSS-00045,TLS-00587,transmission
TSS-00012,TLS-00588,transmission
TSS-00049,TLS-00589,transmission
TSS-00040,TLS-00590,transmission
TSS-00034,TLS-00591,transmission
TSS-00007,TLS-00592,transmission
TSS-00035,TLS-00593,transmission
TSS-00044,TLS-00594,transmission
TSS-00039,TLS-00595,transmission
TSS-00050,TLS-00596,transmission
TSS-00008,TLS-00597,transmission
TSS-00050,TLS-00598,transmission
TSS-00049,TLS-00599,transmission
TSS-00031,TLS-00600,transmission
TSS-00042,TLS-00601,transmission
TSS-00043,TLS-00602,transmission
TSS-00020,TLS-00603,transmission
TSS-00050,TLS-00604,transmission
TSS-00026,TLS-00605,transmission
TSS-00029,TLS-00606,transmission
TSS-00016,TLS-00607,transmission
TSS-00054,TLS-00608,transmission
TSS-00019,TLS-00609,transmission
TSS-00032,TLS-00610,transmission
TSS-00008,TLS-00611,transmission
TSS-00044,TLS-00612,transmission
TSS-00012,TLS-00613,transmission
TSS-00049,TLS-00614,transmission
TSS-00027,TLS-00615,transmission
TSS-00028,TLS-00616,transmission
TSS-00033,TLS-00617,transmission
TSS-00033,TLS-00618,transmission
TSS-00008,TLS-00619,transmission
TSS-00038,TLS-00620,transmission
TSS-00042,TLS-00621,transmission
TSS-00013,TLS-00622,transmission
TSS-00009,TLS-00623,transmission
TSS-00008,TLS-00624,transmission
TSS-00023,TLS-00625,transmission
TSS-00002,TLS-00626,transmission
TSS-00046,TLS-00627,transmission
TSS-00054,TLS-00628,transmission
TSS-00011,TLS-00629,transmission
TSS-00016,TLS-00630,transmission
TSS-00048,TLS-00631,transmission
TSS-00034,TLS-00632,transmission
TSS-00032,TLS-00633,transmission
TSS-00030,TLS-00634,transmission
TSS-00014,TLS-00635,transmission
TSS-00042,TLS-00636,transmission
TSS-00042,TLS-00637,transmission
TSS-00043,TLS-00638,transmission
TSS-00050,TLS-00639,transmission
TSS-00007,TLS-00640,transmission
TSS-00052,TLS-00641,transmission
TSS-00019,TLS-00642,transmission
TSS-00052,TLS-00643,transmission
TSS-00008,TLS-00644,transmission
TSS-00007,TLS-00645,transmission
TSS-00032,TLS-00646,transmission
TSS-00038,TLS-00647,transmission
TSS-00016,TLS-00648,transmission
TSS-00031,TLS-00649,transmission
TSS-00049,TLS-00650,transmission
TSS-00011,TLS-00651,transmission
TSS-00031,TLS-00652,transmission
TSS-00029,TLS-00653,transmission
TSS-00021,TLS-00654,transmission
TSS-00043,TLS-00655,transmission
TSS-00049,TLS-00656,transmission
TSS-00007,TLS-00657,transmission
TSS-00040,TLS-00658,transmission
TSS-00001,TLS-00659,transmission
TSS-00019,TLS-00660,transmission
TSS-00049,TLS-00661,transmission
TSS-00032,TLS-00662,transmission
TSS-00045,TLS-00663,transmission
TSS-00026,TLS-00664,transmission
TSS-00049,TLS-00665,transmission
TSS-00026,TLS-00666,transmission
TSS-00034,TLS-00667,transmission
TSS-00048,TLS-00668,transmission
TSS-00012,TLS-00669,transmission
TSS-00005,TLS-00670,transmission
TSS-00059,TLS-00671,transmission
TSS-00048,TLS-00672,transmission
TSS-00033,TLS-00673,transmission
TSS-00005,TLS-00674,transmission
TSS-00017,TLS-00675,transmission
TSS-00055,TLS-00676,transmission
TSS-00013,TLS-00677,transmission
TSS-00026,TLS-00678,transmission
TSS-00010,TLS-00679,transmission
TSS-00034,TLS-00680,transmission
TSS-00047,TLS-00681,transmission
TSS-00019,TLS-00682,transmission
TSS-00020,TLS-00683,transmission
TSS-00049,TLS-00684,transmission
TSS-00055,TLS-00685,transmission
TSS-00035,TLS-00686,transmission
TSS-00013,TLS-00687,transmission
TSS-00032,TLS-00688,transmission
TSS-00049,TLS-00689,transmission
TSS-00048,TLS-00690,transmission
TSS-00013,TLS-00691,transmission
TSS-00052,TLS-00692,transmission
TSS-00011,TLS-00693,transmission
TSS-00048,TLS-00694,transmission
TSS-00037,TLS-00695,transmission
TSS-00020,TLS-00696,transmission
TSS-00040,TLS-00697,transmission
TSS-00013,TLS-00698,transmission
TSS-00028,TLS-00699,transmission
TSS-00022,TLS-00700,transmission
TSS-00037,TLS-00701,transmission
TSS-00044,TLS-00702,transmission
TSS-00026,TLS-00703,transmission
TSS-00040,TLS-00704,transmission
TSS-00021,TLS-00705,transmission
TSS-00026,TLS-00706,transmission
TSS-00035,TLS-00707,transmission
TSS-00031,TLS-00708,transmission
TSS-00049,TLS-00709,transmission
TSS-00019,TLS-00710,transmission
TSS-00026,TLS-00711,transmission
TSS-00055,TLS-00712,transmission
TSS-00022,TLS-00713,transmission
TSS-00007,TLS-00714,transmission
TSS-00052,TLS-00715,transmission
TSS-00044,TLS-00716,transmission
TSS-00007,TLS-00717,transmission
TSS-00040,TLS-00718,transmission
TSS-00043,TLS-00719,transmission
TSS-00031,TLS-00720,transmission
TSS-00023,TLS-00721,transmission
TSS-00047,TLS-00722,transmission
TSS-00016,TLS-00723,transmission
TSS-00050,TLS-00724,transmission
TSS-00056,TLS-00725,transmission
TSS-00058,TLS-00726,transmission
TSS-00019,TLS-00727,transmission
TSS-00054,TLS-00728,transmission
TSS-00044,TLS-00729,transmission
TSS-00024,TLS-00730,transmission
TSS-00012,TLS-00731,transmission
TSS-00017,TLS-00732,transmission
TSS-00043,TLS-00733,transmission
TSS-00034,TLS-00734,transmission
TSS-00025,TLS-00735,transmission
TSS-00055,TLS-00736,transmission
TSS-00042,TLS-00737,transmission
TSS-00045,TLS-00738,transmission
TSS-00055,TLS-00739,transmission
TSS-00048,TLS-00740,transmission
TSS-00051,TLS-00741,transmission
TSS-00021,TLS-00742,transmission
TSS-00034,TLS-00743,transmission
TSS-00045,TLS-00744,transmission
TSS-00056,TLS-00745,transmission
TSS-00043,TLS-00746,transmission
TSS-00002,TLS-00747,transmission
TSS-00040,TLS-00748,transmission
TSS-00044,TLS-00749,transmission
TSS-00020,TLS-00750,transmission
TSS-00008,TLS-00751,transmission
TSS-00017,TLS-00752,transmission
TSS-00052,TLS-00753,transmission
TSS-00017,TLS-00754,transmission
TSS-00011,TLS-00755,transmission
TSS-00007,TLS-00756,transmission
TSS-00040,TLS-00757,transmission
TSS-00043,TLS-00758,transmission
TSS-00020,TLS-00759,transmission
TSS-00017,TLS-00760,transmission
TSS-00030,TLS-00761,transmission
TSS-00056,TLS-00762,transmission
TSS-00026,TLS-00763,transmission
TSS-00054,TLS-00764,transmission
TSS-00026,TLS-00765,transmission
TSS-00007,TLS-00766,transmission
TSS-00016,TLS-00767,transmission
TSS-00033,TLS-00768,transmission
TSS-00054,TLS-00769,transmission
TSS-00002,TLS-00770,transmission
TSS-00054,TLS-00771,transmission
TSS-00026,TLS-00772,transmission
TSS-00052,TLS-00773,transmission
TSS-00057,TLS-00774,transmission
TSS-00009,TLS-00775,transmission
TSS-00007,TLS-00776,transmission
TSS-00029,TLS-00777,transmission
TSS-00050,TLS-00778,transmission
TSS-00041,TLS-00779,transmission
TSS-00008,TLS-00780,transmission
TSS-00006,TLS-00781,transmission
TSS-00011,TLS-00782,transmission
TSS-00034,TLS-00783,transmission
TSS-00016,TLS-00784,transmission
TSS-00056,TLS-00785,transmission
TSS-00024,TLS-00786,transmission
TSS-00019,TLS-00787,transmission
TSS-00007,TLS-00788,transmission
TSS-00056,TLS-00789,transmission
TSS-00037,TLS-00790,transmission
TSS-00030,TLS-00791,transmission
TSS-00030,TLS-00792,transmission
TSS-00033,TLS-00793,transmission
TSS-00036,TLS-00794,transmission
TSS-00043,TLS-00795,transmission
TSS-00037,TLS-00796,transmission
TSS-00031,TLS-00797,transmission
TSS-00033,TLS-00798,transmission
TSS-00041,TLS-00799,transmission
TSS-00043,TLS-00800,transmission
TSS-00001,TLS-00801,transmission
TSS-00033,TLS-00802,transmission
TSS-00054,TLS-00803,transmission
TSS-00022,TLS-00804,transmission
TSS-00041,TLS-00805,transmission
TSS-00049,TLS-00806,transmission
TSS-00044,TLS-00807,transmission
TSS-00048,TLS-00808,transmission
TSS-00043,TLS-00809,transmission
TSS-00016,TLS-00810,transmission
TSS-00050,TLS-00811,transmission
TSS-00007,TLS-00812,transmission
TSS-00013,TLS-00813,transmission
TSS-00023,TLS-00814,transmission
TSS-00004,TLS-00815,transmission
TSS-00028,TLS-00816,transmission
TSS-00007,TLS-00817,transmission
TSS-00055,TLS-00818,transmission
TSS-00049,TLS-00819,transmission
TSS-00046,TLS-00820,transmission
TSS-00048,TLS-00821,transmission
TSS-00007,TLS-00822,transmission
TSS-00040,TLS-00823,transmission
TSS-00022,TLS-00824,transmission
TSS-00025,TLS-00825,transmission
TSS-00008,TLS-00826,transmission
TSS-00053,TLS-00827,transmission
TSS-00028,TLS-00828,transmission
TSS-00007,TLS-00829,transmission
TSS-00048,TLS-00830,transmission
TSS-00031,TLS-00831,transmission
TSS-00056,TLS-00832,transmission
TSS-00041,TLS-00833,transmission
TSS-00059,TLS-00834,transmission
TSS-00024,TLS-00835,transmission
TSS-00032,TLS-00836,transmission
TSS-00058,TLS-00837,transmission
TSS-00019,TLS-00838,transmission
TSS-00010,TLS-00839,transmission
TSS-00019,TLS-00840,transmission
TSS-00008,TLS-00841,transmission
TSS-00035,TLS-00842,transmission
TSS-00049,TLS-00843,transmission
TSS-00049,TLS-00844,transmission
TSS-00007,TLS-00845,transmission
TSS-00053,TLS-00846,transmission
TSS-00048,TLS-00847,transmission
TSS-00058,TLS-00848,transmission
TSS-00026,TLS-00849,transmission
TSS-00023,TLS-00850,transmission
TSS-00050,TLS-00851,transmission
TSS-00026,TLS-00852,transmission
TSS-00019,TLS-00853,transmission
TSS-00046,TLS-00854,transmission
TSS-00022,TLS-00855,transmission
TSS-00042,TLS-00856,transmission
TSS-00007,TLS-00857,transmission
TSS-00021,TLS-00858,transmission
TSS-00043,TLS-00859,transmission
TSS-00051,TLS-00860,transmission
TSS-00054,TLS-00861,transmission
TSS-00010,TLS-00862,transmission
TSS-00028,TLS-00863,transmission
TSS-00049,TLS-00864,transmission
TSS-00040,TLS-00865,transmission
TSS-00011,TLS-00866,transmission
TSS-00007,TLS-00867,transmission
TSS-00026,TLS-00868,transmission
TSS-00049,TLS-00869,transmission
TSS-00017,TLS-00870,transmission
TSS-00008,TLS-00871,transmission
TSS-00040,TLS-00872,transmission
TSS-00014,TLS-00873,transmission
TSS-00022,TLS-00874,transmission
TSS-00012,TLS-00875,transmission
TSS-00024,TLS-00876,transmission
TSS-00021,TLS-00877,transmission
TSS-00046,TLS-00878,transmission
TSS-00032,TLS-00879,transmission
TSS-00051,TLS-00880,transmission
TSS-00059,TLS-00881,transmission
TSS-00056,TLS-00882,transmission
TSS-00038,TLS-00883,transmission
TSS-00060,TLS-00884,transmission
TSS-00007,TLS-00885,transmission
TSS-00011,TLS-00886,transmission
TSS-00060,TLS-00887,transmission
TSS-00058,TLS-00888,transmission
TSS-00016,TLS-00889,transmission
TSS-00040,TLS-00890,transmission
TSS-00005,TLS-00891,transmission
TSS-00032,TLS-00892,transmission
TSS-00007,TLS-00893,transmission
TSS-00019,TLS-00894,transmission
TSS-00032,TLS-00895,transmission
TSS-00034,TLS-00896,transmission
TSS-00017,TLS-00897,transmission
TSS-00027,TLS-00898,transmission
TSS-00052,TLS-00899,transmission
TSS-00012,TLS-00900,transmission
TSS-00054,TLS-00901,transmission
TSS-00040,TLS-00902,transmission
TSS-00001,TLS-00903,transmission
TSS-00008,TLS-00904,transmission
TSS-00007,TLS-00905,transmission
TSS-00040,TLS-00906,transmission
TSS-00040,TLS-00907,transmission
TSS-00030,TLS-00908,transmission
TSS-00026,TLS-00909,transmission
TSS-00020,TLS-00910,transmission
TSS-00031,TLS-00911,transmission
TSS-00006,TLS-00912,transmission
TSS-00005,TLS-00913,transmission
TSS-00045,TLS-00914,transmission
TSS-00026,TLS-00915,transmission
TSS-00053,TLS-00916,transmission
TSS-00020,TLS-00917,transmission
TSS-00037,TLS-00918,transmission
TSS-00050,TLS-00919,transmission
TSS-00030,TLS-00920,transmission
TSS-00007,TLS-00921,transmission
TSS-00034,TLS-00922,transmission
TSS-00026,TLS-00923,transmission
TSS-00001,TLS-00924,transmission
TSS-00056,TLS-00925,transmission
TSS-00013,TLS-00926,transmission
TSS-00054,TLS-00927,transmission
TSS-00022,TLS-00928,transmission
TSS-00035,TLS-00929,transmission
TSS-00019,TLS-00930,transmission
TSS-00036,TLS-00931,transmission
TSS-00052,TLS-00932,transmission
TSS-00026,TLS-00933,transmission
TSS-00021,TLS-00934,transmission
TSS-00048,TLS-00935,transmission
TSS-00049,TLS-00936,transmission
TSS-00056,TLS-00937,transmission
TSS-00027,TLS-00938,transmission
TSS-00031,TLS-00939,transmission
TSS-00050,TLS-00940,transmission
TSS-00040,TLS-00941,transmission
TSS-00035,TLS-00942,transmission
TSS-00019,TLS-00943,transmission
TSS-00026,TLS-00944,transmission
TSS-00052,TLS-00945,transmission
TSS-00052,TLS-00946,transmission
TSS-00019,TLS-00947,transmission
TSS-00037,TLS-00948,transmission
TSS-00011,TLS-00949,transmission
TSS-00040,TLS-00950,transmission
TSS-00032,TLS-00951,transmission
TSS-00044,TLS-00952,transmission
TSS-00007,TLS-00953,transmission
TSS-00035,TLS-00954,transmission
TSS-00044,TLS-00955,transmission
TSS-00008,TLS-00956,transmission
TSS-00032,TLS-00957,transmission
TSS-00020,TLS-00958,transmission
TSS-00035,TLS-00959,transmission
TSS-00043,TLS-00960,transmission
TSS-00010,TLS-00961,transmission
TSS-00040,TLS-00962,transmission
TSS-00053,TLS-00963,transmission
TSS-00016,TLS-00964,transmission
TSS-00034,TLS-00965,transmission
TSS-00011,TLS-00966,transmission
TSS-00026,TLS-00967,transmission
TSS-00044,TLS-00968,transmission
TSS-00019,TLS-00969,transmission
TSS-00008,TLS-00970,transmission
TSS-00020,TLS-00971,transmission
TSS-00030,TLS-00972,transmission
TSS-00049,TLS-00973,transmission
TSS-00034,TLS-00974,transmission
TSS-00008,TLS-00975,transmission
TSS-00034,TLS-00976,transmission
TSS-00028,TLS-00977,transmission
TSS-00046,TLS-00978,transmission
TSS-00005,TLS-00979,transmission
TSS-00010,TLS-00980,transmission
TSS-00011,TLS-00981,transmission
TSS-00005,TLS-00982,transmission
TSS-00044,TLS-00983,transmission
TSS-00022,TLS-00984,transmission
TSS-00033,TLS-00985,transmission
TSS-00054,TLS-00986,transmission
TSS-00052,TLS-00987,transmission
TSS-00059,TLS-00988,transmission
TSS-00024,TLS-00989,transmission
TSS-00038,TLS-00990,transmission
TSS-00044,TLS-00991,transmission
TSS-00007,TLS-00992,transmission
TSS-00016,TLS-00993,transmission
TSS-00021,TLS-00994,transmission
TSS-00011,TLS-00995,transmission
TSS-00016,TLS-00996,transmission
TSS-00026,TLS-00997,transmission
TSS-00042,TLS-00998,transmission
TSS-00048,TLS-00999,transmission
TSS-00056,TLS-01000,transmission
TSS-00042,TLS-01001,transmission
TSS-00052,TLS-01002,transmission
TSS-00021,TLS-01003,transmission
TSS-00008,TLS-01004,transmission
TSS-00030,TLS-01005,transmission
TSS-00044,TLS-01006,transmission
TSS-00041,TLS-01007,transmission
TSS-00041,TLS-01008,transmission
TSS-00056,TLS-01009,transmission
TSS-00032,TLS-01010,transmission
TSS-00060,TLS-01011,transmission
TSS-00043,TLS-01012,transmission
TSS-00034,TLS-01013,transmission
TSS-00034,TLS-01014,transmission
TSS-00033,TLS-01015,transmission
TSS-00047,TLS-01016,transmission
TSS-00011,TLS-01017,transmission
TSS-00026,TLS-01018,transmission
TSS-00015,TLS-01019,transmission
TSS-00018,TLS-01020,transmission
TSS-00031,TLS-01021,transmission
TSS-00045,TLS-01022,transmission
TSS-00034,TLS-01023,transmission
TSS-00008,TLS-01024,transmission
TSS-00051,TLS-01025,transmission
TSS-00055,TLS-01026,transmission
TSS-00028,TLS-01027,transmission
TSS-00026,TLS-01028,transmission
TSS-00019,TLS-01029,transmission
TSS-00040,TLS-01030,transmission
TSS-00003,TLS-01031,transmission
TSS-00019,TLS-01032,transmission
TSS-00019,TLS-01033,transmission
TSS-00028,TLS-01034,transmission
TSS-00004,TLS-01035,transmission
TSS-00031,TLS-01036,transmission
TSS-00016,TLS-01037,transmission
TSS-00019,TLS-01038,transmission
TSS-00031,TLS-01039,transmission
TSS-00017,TLS-01040,transmission
TSS-00016,TLS-01041,transmission
TSS-00028,TLS-01042,transmission
TSS-00049,TLS-01043,transmission
TSS-00021,TLS-01044,transmission
TSS-00021,TLS-01045,transmission
TSS-00049,TLS-01046,transmission
TSS-00030,TLS-01047,transmission
TSS-00057,TLS-01048,transmission
TSS-00001,TLS-01049,transmission
TSS-00044,TLS-01050,transmission
TSS-00058,TLS-01051,transmission
TSS-00040,TLS-01052,transmission
TSS-00019,TLS-01053,transmission
TSS-00034,TLS-01054,transmission
TSS-00050,TLS-01055,transmission
TSS-00055,TLS-01056,transmission
TSS-00011,TLS-01057,transmission
TSS-00020,TLS-01058,transmission
TSS-00031,TLS-01059,transmission
TSS-00060,TLS-01060,transmission
TSS-00013,TLS-01061,transmission
TSS-00040,TLS-01062,transmission
TSS-00017,TLS-01063,transmission
TSS-00020,TLS-01064,transmission
TSS-00050,TLS-01065,transmission
TSS-00046,TLS-01066,transmission
TSS-00043,TLS-01067,transmission
TSS-00012,TLS-01068,transmission
TSS-00008,TLS-01069,transmission
TSS-00022,TLS-01070,transmission
TSS-00040,TLS-01071,transmission
TSS-00011,TLS-01072,transmission
TSS-00058,TLS-01073,transmission
TSS-00048,TLS-01074,transmission
TSS-00037,TLS-01075,transmission
TSS-00042,TLS-01076,transmission
TSS-00002,TLS-01077,transmission
TSS-00046,TLS-01078,transmission
TSS-00041,TLS-01079,transmission
TSS-00040,TLS-01080,transmission
TSS-00058,TLS-01081,transmission
TSS-00006,TLS-01082,transmission
TSS-00032,TLS-01083,transmission
TSS-00052,TLS-01084,transmission
TSS-00059,TLS-01085,transmission
TSS-00050,TLS-01086,transmission
TSS-00005,TLS-01087,transmission
TSS-00050,TLS-01088,transmission
TSS-00047,TLS-01089,transmission
TSS-00040,TLS-01090,transmission
TSS-00044,TLS-01091,transmission
TSS-00012,TLS-01092,transmission
TSS-00002,TLS-01093,transmission
TSS-00037,TLS-01094,transmission
TSS-00036,TLS-01095,transmission
TSS-00011,TLS-01096,transmission
TSS-00007,TLS-01097,transmission
TSS-00045,TLS-01098,transmission
TSS-00046,TLS-01099,transmission
TSS-00040,TLS-01100,transmission
TSS-00032,TLS-01101,transmission
TSS-00012,TLS-01102,transmission
TSS-00043,TLS-01103,transmission
TSS-00032,TLS-01104,transmission
TSS-00031,TLS-01105,transmission
TSS-00034,TLS-01106,transmission
TSS-00035,TLS-01107,transmission
TSS-00007,TLS-01108,transmission
TSS-00013,TLS-01109,transmission
TSS-00054,TLS-01110,transmission
TSS-00029,TLS-01111,transmission
TSS-00026,TLS-01112,transmission
TSS-00043,TLS-01113,transmission
TSS-00030,TLS-01114,transmission
TSS-00019,TLS-01115,transmission
TSS-00008,TLS-01116,transmission
TSS-00045,TLS-01117,transmission
TSS-00040,TLS-01118,transmission
TSS-00056,TLS-01119,transmission
TSS-00026,TLS-01120,transmission
TSS-00004,TLS-01121,transmission
TSS-00031,TLS-01122,transmission
TSS-00004,TLS-01123,transmission
TSS-00044,TLS-01124,transmission
TSS-00008,TLS-01125,transmission
TSS-00048,TLS-01126,transmission
TSS-00043,TLS-01127,transmission
TSS-00019,TLS-01128,transmission
TSS-00022,TLS-01129,transmission
TSS-00044,TLS-01130,transmission
TSS-00058,TLS-01131,transmission
TSS-00015,TLS-01132,transmission
TSS-00020,TLS-01133,transmission
TSS-00026,TLS-01134,transmission
TSS-00001,TLS-01135,transmission
TSS-00004,TLS-01136,transmission
TSS-00050,TLS-01137,transmission
TSS-00035,TLS-01138,transmission
TSS-00008,TLS-01139,transmission
TSS-00033,TLS-01140,transmission
TSS-00002,TLS-01141,transmission
TSS-00034,TLS-01142,transmission
TSS-00050,TLS-01143,transmission
TSS-00026,TLS-01144,transmission
TSS-00010,TLS-01145,transmission
TSS-00049,TLS-01146,transmission
TSS-00014,TLS-01147,transmission
TSS-00051,TLS-01148,transmission
TSS-00029,TLS-01149,transmission
TSS-00049,TLS-01150,transmission
TSS-00042,TLS-01151,transmission
TSS-00031,TLS-01152,transmission
TSS-00053,TLS-01153,transmission
TSS-00040,TLS-01154,transmission
TSS-00003,TLS-01155,transmission
TSS-00017,TLS-01156,transmission
TSS-00024,TLS-01157,transmission
TSS-00007,TLS-01158,transmission
TSS-00045,TLS-01159,transmission
TSS-00040,TLS-01160,transmission
TSS-00040,TLS-01161,transmission
TSS-00011,TLS-01162,transmission
TSS-00017,TLS-01163,transmission
TSS-00043,TLS-01164,transmission
TSS-00031,TLS-01165,transmission
TSS-00043,TLS-01166,transmission
TSS-00032,TLS-01167,transmission
TSS-00019,TLS-01168,transmission
TSS-00021,TLS-01169,transmission
TSS-00032,TLS-01170,transmission
TSS-00057,TLS-01171,transmission
TSS-00016,TLS-01172,transmission
TSS-00030,TLS-01173,transmission
TSS-00017,TLS-01174,transmission
TSS-00054,TLS-01175,transmission
TSS-00028,TLS-01176,transmission
TSS-00007,TLS-01177,transmission
TSS-00001,TLS-01178,transmission
TSS-00031,TLS-01179,transmission
TSS-00043,TLS-01180,transmission
TSS-00028,TLS-01181,transmission
TSS-00019,TLS-01182,transmission
TSS-00021,TLS-01183,transmission
TSS-00031,TLS-01184,transmission
TSS-00035,TLS-01185,transmission
TSS-00048,TLS-01186,transmission
TSS-00031,TLS-01187,transmission
TSS-00023,TLS-01188,transmission
TSS-00046,TLS-01189,transmission
TSS-00007,TLS-01190,transmission
TSS-00043,TLS-01191,transmission
TSS-00041,TLS-01192,transmission
TSS-00035,TLS-01193,transmission
TSS-00035,TLS-01194,transmission
TSS-00043,TLS-01195,transmission
TSS-00015,TLS-01196,transmission
TSS-00014,TLS-01197,transmission
TSS-00025,TLS-01198,transmission
TSS-00018,TLS-01199,transmission
TSS-00053,TLS-01200,transmission
TSS-00052,TLS-01201,transmission
TSS-00017,TLS-01202,transmission
TSS-00046,TLS-01203,transmission
TSS-00023,TLS-01204,transmission
TSS-00053,TLS-01205,transmission
TSS-00060,TLS-01206,transmission
TSS-00043,TLS-01207,transmission
TSS-00048,TLS-01208,transmission
TSS-00019,TLS-01209,transmission
TSS-00048,TLS-01210,transmission
TSS-00038,TLS-01211,transmission
TSS-00001,TLS-01212,transmission
TSS-00032,TLS-01213,transmission
TSS-00011,TLS-01214,transmission
TSS-00019,TLS-01215,transmission
TSS-00021,TLS-01216,transmission
TSS-00042,TLS-01217,transmission
TSS-00030,TLS-01218,transmission
TSS-00059,TLS-01219,transmission
TSS-00057,TLS-01220,transmission
TSS-00046,TLS-01221,transmission
TSS-00017,TLS-01222,transmission
TSS-00008,TLS-01223,transmission
TSS-00034,TLS-01224,transmission
TSS-00042,TLS-01225,transmission
TSS-00056,TLS-01226,transmission
TSS-00053,TLS-01227,transmission
TSS-00021,TLS-01228,transmission
TSS-00030,TLS-01229,transmission
TSS-00027,TLS-01230,transmission
TSS-00032,TLS-01231,transmission
TSS-00007,TLS-01232,transmission
TSS-00049,TLS-01233,transmission
TSS-00035,TLS-01234,transmission
TSS-00043,TLS-01235,transmission
TSS-00054,TLS-01236,transmission
TSS-00008,TLS-01237,transmission
TSS-00008,TLS-01238,transmission
TSS-00008,TLS-01239,transmission
TSS-00017,TLS-01240,transmission
TSS-00053,TLS-01241,transmission
TSS-00035,TLS-01242,transmission
TSS-00006,TLS-01243,transmission
TSS-00044,TLS-01244,transmission
TSS-00032,TLS-01245,transmission
TSS-00005,TLS-01246,transmission
TSS-00011,TLS-01247,transmission
TSS-00007,TLS-01248,transmission
TSS-00041,TLS-01249,transmission
TSS-00052,TLS-01250,transmission
TSS-00017,TLS-01251,transmission
TSS-00022,TLS-01252,transmission
TSS-00053,TLS-01253,transmission
TSS-00041,TLS-01254,transmission
TSS-00008,TLS-01255,transmission
TSS-00024,TLS-01256,transmission
TSS-00040,TLS-01257,transmission
TSS-00009,TLS-01258,transmission
TSS-00046,TLS-01259,transmission
TSS-00046,TLS-01260,transmission
TSS-00048,TLS-01261,transmission
TSS-00041,TLS-01262,transmission
TSS-00044,TLS-01263,transmission
TSS-00022,TLS-01264,transmission
TSS-00046,TLS-01265,transmission
TSS-00041,TLS-01266,transmission
TSS-00030,TLS-01267,transmission
TSS-00058,TLS-01268,transmission
TSS-00041,TLS-01269,transmission
TSS-00030,TLS-01270,transmission
TSS-00028,TLS-01271,transmission
TSS-00041,TLS-01272,transmission
TSS-00021,TLS-01273,transmission
TSS-00020,TLS-01274,transmission
TSS-00008,TLS-01275,transmission
TSS-00027,TLS-01276,transmission
TSS-00012,TLS-01277,transmission
TSS-00011,TLS-01278,transmission
TSS-00030,TLS-01279,transmission
TSS-00008,TLS-01280,transmission
TSS-00027,TLS-01281,transmission
TSS-00045,TLS-01282,transmission
TSS-00028,TLS-01283,transmission
TSS-00046,TLS-01284,transmission
TSS-00050,TLS-01285,transmission
TSS-00058,TLS-01286,transmission
TSS-00043,TLS-01287,transmission
TSS-00054,TLS-01288,transmission
TSS-00028,TLS-01289,transmission
TSS-00052,TLS-01290,transmission
TSS-00044,TLS-01291,transmission
TSS-00012,TLS-01292,transmission
TSS-00035,TLS-01293,transmission
TSS-00028,TLS-01294,transmission
TSS-00007,TLS-01295,transmission
TSS-00034,TLS-01296,transmission
TSS-00012,TLS-01297,transmission
TSS-00032,TLS-01298,transmission
TSS-00052,TLS-01299,transmission
TSS-00034,TLS-01300,transmission
TSS-00046,TLS-01301,transmission
TSS-00007,TLS-01302,transmission
TSS-00046,TLS-01303,transmission
TSS-00052,TLS-01304,transmission
TSS-00020,TLS-01305,transmission
TSS-00020,TLS-01306,transmission
TSS-00011,TLS-01307,transmission
TSS-00006,TLS-01308,transmission
TSS-00043,TLS-01309,transmission
TSS-00011,TLS-01310,transmission
TSS-00048,DSS-00061,supply
TSS-00007,DSS-00062,supply
TSS-00002,DSS-00063,supply
TSS-00025,DSS-00064,supply
TSS-00032,DSS-00065,supply
TSS-00043,DSS-00066,supply
TSS-00032,DSS-00067,supply
TSS-00020,DSS-00068,supply
TSS-00005,DSS-00069,supply
TSS-00025,DSS-00070,supply
TSS-00032,DSS-00071,supply
TSS-00030,DSS-00072,supply
TSS-00028,DSS-00073,supply
TSS-00008,DSS-00074,supply
TSS-00007,DSS-00075,supply
TSS-00005,DSS-00076,supply
TSS-00007,DSS-00077,supply
TSS-00026,DSS-00078,supply
TSS-00002,DSS-00079,supply
TSS-00043,DSS-00080,supply
TSS-00002,DSS-00081,supply
TSS-00002,DSS-00082,supply
TSS-00007,DSS-00083,supply
TSS-00002,DSS-00084,supply
TSS-00007,DSS-00085,supply
TSS-00026,DSS-00086,supply
TSS-00032,DSS-00087,supply
TSS-00007,DSS-00088,supply
TSS-00002,DSS-00089,supply
TSS-00005,DSS-00090,supply
TSS-00002,DSS-00091,supply
TSS-00024,DSS-00092,supply
TSS-00020,DSS-00093,supply
TSS-00057,DSS-00094,supply
TSS-00032,DSS-00095,supply
TSS-00043,DSS-00096,supply
TSS-00032,DSS-00097,supply
TSS-00002,DSS-00098,supply
TSS-00032,DSS-00099,supply
TSS-00008,DSS-00100,supply
TSS-00007,DSS-00101,supply
TSS-00008,DSS-00102,supply
TSS-00026,DSS-00103,supply
TSS-00024,DSS-00104,supply
TSS-00043,DSS-00105,supply
TSS-00017,DSS-00106,supply
TSS-00030,DSS-00107,supply
TSS-00002,DSS-00108,supply
TSS-00012,DSS-00109,supply
TSS-00043,DSS-00110,supply
TSS-00005,DSS-00111,supply
TSS-00046,DSS-00112,supply
TSS-00020,DSS-00113,supply
TSS-00025,DSS-00114,supply
TSS-00007,DSS-00115,supply
TSS-00008,DSS-00116,supply
TSS-00002,DSS-00117,supply
TSS-00032,DSS-00118,supply
TSS-00008,DSS-00119,supply
TSS-00032,DSS-00120,supply
TSS-00005,DSS-00121,supply
TSS-00024,DSS-00122,supply
TSS-00008,DSS-00123,supply
TSS-00012,DSS-00124,supply
TSS-00008,DSS-00125,supply
TSS-00048,DSS-00126,supply
TSS-00032,DSS-00127,supply
TSS-00043,DSS-00128,supply
TSS-00002,DSS-00129,supply
TSS-00009,DSS-00130,supply
TSS-00043,DSS-00131,supply
TSS-00026,DSS-00132,supply
TSS-00032,DSS-00133,supply
TSS-00009,DSS-00134,supply
TSS-00002,DSS-00135,supply
TSS-00002,DSS-00136,supply
TSS-00043,DSS-00137,supply
TSS-00048,DSS-00138,supply
TSS-00005,DSS-00139,supply
TSS-00002,DSS-00140,supply
TSS-00028,DSS-00141,supply
TSS-00035,DSS-00142,supply
TSS-00005,DSS-00143,supply
TSS-00048,DSS-00144,supply
TSS-00008,DSS-00145,supply
TSS-00026,DSS-00146,supply
TSS-00008,DSS-00147,supply
TSS-00007,DSS-00148,supply
TSS-00009,DSS-00149,supply
TSS-00007,DSS-00150,supply
TSS-00009,DSS-00151,supply
TSS-00043,DSS-00152,supply
TSS-00005,DSS-00153,supply
TSS-00032,DSS-00154,supply
TSS-00008,DSS-00155,supply
TSS-00028,DSS-00156,supply
TSS-00057,DSS-00157,supply
TSS-00002,DSS-00158,supply
TSS-00026,DSS-00159,supply
TSS-00002,DSS-00160,supply
TSS-00002,DSS-00161,supply
TSS-00032,DSS-00162,supply
TSS-00007,DSS-00163,supply
TSS-00009,DSS-00164,supply
TSS-00005,DSS-00165,supply
TSS-00048,DSS-00166,supply
TSS-00008,DSS-00167,supply
TSS-00025,DSS-00168,supply
TSS-00032,DSS-00169,supply
TSS-00007,DSS-00170,supply
TSS-00048,DSS-00171,supply
TSS-00043,DSS-00172,supply
TSS-00043,DSS-00173,supply
TSS-00009,DSS-00174,supply
TSS-00009,DSS-00175,supply
TSS-00002,DSS-00176,supply
TSS-00048,DSS-00177,supply
TSS-00032,DSS-00178,supply
TSS-00002,DSS-00179,supply
TSS-00032,DSS-00180,supply
TSS-00046,DSS-00181,supply
TSS-00043,DSS-00182,supply
TSS-00008,DSS-00183,supply
TSS-00025,DSS-00184,supply
TSS-00009,DSS-00185,supply
TSS-00007,DSS-00186,supply
TSS-00008,DSS-00187,supply
TSS-00002,DSS-00188,supply
TSS-00032,DSS-00189,supply
TSS-00002,DSS-00190,supply
TSS-00043,DSS-00191,supply
TSS-00032,DSS-00192,supply
TSS-00002,DSS-00193,supply
TSS-00007,DSS-00194,supply
TSS-00046,DSS-00195,supply
TSS-00002,DSS-00196,supply
TSS-00055,DSS-00197,supply
TSS-00025,DSS-00198,supply
TSS-00009,DSS-00199,supply
TSS-00005,DSS-00200,supply
TSS-00005,DSS-00201,supply
TSS-00002,DSS-00202,supply
TSS-00007,DSS-00203,supply
TSS-00024,DSS-00204,supply
TSS-00025,DSS-00205,supply
TSS-00002,DSS-00206,supply
TSS-00043,DSS-00207,supply
TSS-00032,DSS-00208,supply
TSS-00008,DSS-00209,supply
TSS-00002,DSS-00210,supply
TSS-00048,DSS-00211,supply
TSS-00009,DSS-00212,supply
TSS-00009,DSS-00213,supply
TSS-00007,DSS-00214,supply
TSS-00032,DSS-00215,supply
TSS-00055,DSS-00216,supply
TSS-00009,DSS-00217,supply
TSS-00048,DSS-00218,supply
TSS-00043,DSS-00219,supply
TSS-00032,DSS-00220,supply
TSS-00009,DSS-00221,supply
TSS-00005,DSS-00222,supply
TSS-00032,DSS-00223,supply
TSS-00007,DSS-00224,supply
TSS-00002,DSS-00225,supply
TSS-00026,DSS-00226,supply
TSS-00043,DSS-00227,supply
TSS-00028,DSS-00228,supply
TSS-00002,DSS-00229,supply
TSS-00032,DSS-00230,supply
TSS-00002,DSS-00231,supply
TSS-00028,DSS-00232,supply
TSS-00048,DSS-00233,supply
TSS-00002,DSS-00234,supply
TSS-00008,DSS-00235,supply
TSS-00012,DSS-00236,supply
TSS-00025,DSS-00237,supply
TSS-00005,DSS-00238,supply
TSS-00007,DSS-00239,supply
TSS-00024,DSS-00240,supply
TSS-00008,DSS-00241,supply
TSS-00007,DSS-00242,supply
TSS-00032,DSS-00243,supply
TSS-00005,DSS-00244,supply
TSS-00007,DSS-00245,supply
TSS-00025,DSS-00246,supply
TSS-00002,DSS-00247,supply
TSS-00032,DSS-00248,supply
TSS-00002,DSS-00249,supply
TSS-00002,DSS-00250,supply
TSS-00025,DSS-00251,supply
TSS-00007,DSS-00252,supply
TSS-00008,DSS-00253,supply
TSS-00007,DSS-00254,supply
TSS-00009,DSS-00255,supply
TSS-00002,DSS-00256,supply
TSS-00032,DSS-00257,supply
TSS-00043,DSS-00258,supply
TSS-00002,DSS-00259,supply
TSS-00009,DSS-00260,supply
TSS-00008,DSS-00261,supply
TSS-00043,DSS-00262,supply
TSS-00004,DSS-00263,supply
TSS-00007,DSS-00264,supply
TSS-00043,DSS-00265,supply
TSS-00042,DSS-00266,supply
TSS-00024,DSS-00267,supply
TSS-00025,DSS-00268,supply
TSS-00032,DSS-00269,supply
TSS-00005,DSS-00270,supply
TSS-00005,DSS-00271,supply
TSS-00004,DSS-00272,supply
TSS-00025,DSS-00273,supply
TSS-00002,DSS-00274,supply
TSS-00008,DSS-00275,supply
TSS-00043,DSS-00276,supply
TSS-00032,DSS-00277,supply
TSS-00032,DSS-00278,supply
TSS-00002,DSS-00279,supply
TSS-00055,DSS-00280,supply
TSS-00005,DSS-00281,supply
TSS-00055,DSS-00282,supply
TSS-00032,DSS-00283,supply
TSS-00024,DSS-00284,supply
TSS-00009,DSS-00285,supply
TSS-00025,DSS-00286,supply
TSS-00007,DSS-00287,supply
TSS-00007,DSS-00288,supply
TSS-00007,DSS-00289,supply
TSS-00048,DSS-00290,supply
TSS-00012,DSS-00291,supply
TSS-00045,DSS-00292,supply
TSS-00002,DSS-00293,supply
TSS-00007,DSS-00294,supply
TSS-00043,DSS-00295,supply
TSS-00009,DSS-00296,supply
TSS-00007,DSS-00297,supply
TSS-00007,DSS-00298,supply
TSS-00002,DSS-00299,supply
TSS-00032,DSS-00300,supply
TSS-00002,DSS-00301,supply
TSS-00035,DSS-00302,supply
TSS-00009,DSS-00303,supply
TSS-00032,DSS-00304,supply
TSS-00032,DSS-00305,supply
TSS-00024,DSS-00306,supply
TSS-00005,DSS-00307,supply
TSS-00042,DSS-00308,supply
TSS-00032,DSS-00309,supply
TSS-00032,DSS-00310,supply
TSS-00005,DSS-00311,supply
TSS-00043,DSS-00312,supply
TSS-00048,DSS-00313,supply
TSS-00002,DSS-00314,supply
TSS-00032,DSS-00315,supply
TSS-00005,DSS-00316,supply
TSS-00004,DSS-00317,supply
TSS-00008,DSS-00318,supply
TSS-00002,DSS-00319,supply
TSS-00002,DSS-00320,supply
TSS-00025,DSS-00321,supply
TSS-00032,DSS-00322,supply
TSS-00009,DSS-00323,supply
TSS-00008,DSS-00324,supply
TSS-00032,DSS-00325,supply
TSS-00007,DSS-00326,supply
TSS-00044,DSS-00327,supply
TSS-00026,DSS-00328,supply
TSS-00025,DSS-00329,supply
TSS-00044,DSS-00330,supply
TSS-00032,DSS-00331,supply
TSS-00025,DSS-00332,supply
TSS-00046,DSS-00333,supply
TSS-00008,DSS-00334,supply
TSS-00007,DSS-00335,supply
TSS-00026,DSS-00336,supply
TSS-00043,DSS-00337,supply
TSS-00043,DSS-00338,supply
TSS-00026,DSS-00339,supply
TSS-00028,DSS-00340,supply
TSS-00007,DSS-00341,supply
TSS-00002,DSS-00342,supply
TSS-00002,DSS-00343,supply
TSS-00043,DSS-00344,supply
TSS-00021,DSS-00345,supply
TSS-00005,DSS-00346,supply
TSS-00012,DSS-00347,supply
TSS-00028,DSS-00348,supply
TSS-00008,DSS-00349,supply
TSS-00028,DSS-00350,supply
TSS-00055,DSS-00351,supply
TSS-00005,DSS-00352,supply
TSS-00030,DSS-00353,supply
TSS-00055,DSS-00354,supply
TSS-00005,DSS-00355,supply
TSS-00002,DSS-00356,supply
TSS-00007,DSS-00357,supply
TSS-00009,DSS-00358,supply
TSS-00035,DSS-00359,supply
TSS-00005,DSS-00360,supply
TSS-00004,DSS-00361,supply
TSS-00045,DSS-00362,supply
TSS-00002,DSS-00363,supply
TSS-00005,DSS-00364,supply
TSS-00028,DSS-00365,supply
TSS-00055,DSS-00366,supply
TSS-00008,DSS-00367,supply
TSS-00002,DSS-00368,supply
TSS-00019,DSS-00369,supply
TSS-00007,DSS-00370,supply
TSS-00009,DSS-00371,supply
TSS-00002,DSS-00372,supply
TSS-00032,DSS-00373,supply
TSS-00008,DSS-00374,supply
TSS-00007,DSS-00375,supply
TSS-00008,DSS-00376,supply
TSS-00026,DSS-00377,supply
TSS-00009,DSS-00378,supply
TSS-00026,DSS-00379,supply
TSS-00025,DSS-00380,supply
TSS-00043,DSS-00381,supply
TSS-00021,DSS-00382,supply
TSS-00043,DSS-00383,supply
TSS-00002,DSS-00384,supply
TSS-00032,DSS-00385,supply
TSS-00002,DSS-00386,supply
TSS-00005,DSS-00387,supply
TSS-00043,DSS-00388,supply
TSS-00048,DSS-00389,supply
TSS-00043,DSS-00390,supply
TSS-00008,DSS-00391,supply
TSS-00043,DSS-00392,supply
TSS-00026,DSS-00393,supply
TSS-00043,DSS-00394,supply
TSS-00008,DSS-00395,supply
TSS-00043,DSS-00396,supply
TSS-00009,DSS-00397,supply
TSS-00005,DSS-00398,supply
TSS-00057,DSS-00399,supply
TSS-00005,DSS-00400,supply
TSS-00007,DSS-00401,supply
TSS-00004,DSS-00402,supply
TSS-00005,DSS-00403,supply
TSS-00032,DSS-00404,supply
TSS-00043,DSS-00405,supply
TSS-00008,DSS-00406,supply
TSS-00032,DSS-00407,supply
TSS-00028,DSS-00408,supply
TSS-00044,DSS-00409,supply
TSS-00044,DSS-00410,supply
DSS-00246,DFR-01311,supply
DSS-00231,DFR-01312,supply
DSS-00104,DFR-01313,supply
DSS-00325,DFR-01314,supply
DSS-00390,DFR-01315,supply
DSS-00244,DFR-01316,supply
DSS-00286,DFR-01317,supply
DSS-00168,DFR-01318,supply
DSS-00219,DFR-01319,supply
DSS-00148,DFR-01320,supply
DSS-00311,DFR-01321,supply
DSS-00269,DFR-01322,supply
DSS-00063,DFR-01323,supply
DSS-00093,DFR-01324,supply
DSS-00265,DFR-01325,supply
DSS-00076,DFR-01326,supply
DSS-00171,DFR-01327,supply
DSS-00222,DFR-01328,supply
DSS-00155,DFR-01329,supply
DSS-00131,DFR-01330,supply
DSS-00397,DFR-01331,supply
DSS-00319,DFR-01332,supply
DSS-00256,DFR-01333,supply
DSS-00194,DFR-01334,supply
DSS-00347,DFR-01335,supply
DSS-00287,DFR-01336,supply
DSS-00367,DFR-01337,supply
DSS-00280,DFR-01338,supply
DSS-00271,DFR-01339,supply
DSS-00329,DFR-01340,supply
DSS-00252,DFR-01341,supply
DSS-00202,DFR-01342,supply
DSS-00242,DFR-01343,supply
DSS-00203,DFR-01344,supply
DSS-00117,DFR-01345,supply
DSS-00069,DFR-01346,supply
DSS-00284,DFR-01347,supply
DSS-00351,DFR-01348,supply
DSS-00275,DFR-01349,supply
DSS-00127,DFR-01350,supply
DSS-00334,DFR-01351,supply
DSS-00410,DFR-01352,supply
DSS-00201,DFR-01353,supply
DSS-00230,DFR-01354,supply
DSS-00200,DFR-01355,supply
DSS-00136,DFR-01356,supply
DSS-00333,DFR-01357,supply
DSS-00277,DFR-01358,supply
DSS-00292,DFR-01359,supply
DSS-00292,DFR-01360,supply
DSS-00061,DFR-01361,supply
DSS-00074,DFR-01362,supply
DSS-00120,DFR-01363,supply
DSS-00310,DFR-01364,supply
DSS-00313,DFR-01365,supply
DSS-00264,DFR-01366,supply
DSS-00281,DFR-01367,supply
DSS-00292,DFR-01368,supply
DSS-00210,DFR-01369,supply
DSS-00317,DFR-01370,supply
DSS-00390,DFR-01371,supply
DSS-00104,DFR-01372,supply
DSS-00140,DFR-01373,supply
DSS-00368,DFR-01374,supply
DSS-00214,DFR-01375,supply
DSS-00082,DFR-01376,supply
DSS-00339,DFR-01377,supply
DSS-00146,DFR-01378,supply
DSS-00300,DFR-01379,supply
DSS-00330,DFR-01380,supply
DSS-00148,DFR-01381,supply
DSS-00397,DFR-01382,supply
DSS-00307,DFR-01383,supply
DSS-00379,DFR-01384,supply
DSS-00270,DFR-01385,supply
DSS-00061,DFR-01386,supply
DSS-00332,DFR-01387,supply
DSS-00313,DFR-01388,supply
DSS-00085,DFR-01389,supply
DSS-00160,DFR-01390,supply
DSS-00117,DFR-01391,supply
DSS-00321,DFR-01392,supply
DSS-00092,DFR-01393,supply
DSS-00185,DFR-01394,supply
DSS-00283,DFR-01395,supply
DSS-00102,DFR-01396,supply
DSS-00339,DFR-01397,supply
DSS-00256,DFR-01398,supply
DSS-00229,DFR-01399,supply
DSS-00068,DFR-01400,supply
DSS-00395,DFR-01401,supply
DSS-00256,DFR-01402,supply
DSS-00113,DFR-01403,supply
DSS-00280,DFR-01404,supply
DSS-00368,DFR-01405,supply
DSS-00260,DFR-01406,supply
DSS-00221,DFR-01407,supply
DSS-00076,DFR-01408,supply
DSS-00144,DFR-01409,supply
DSS-00201,DFR-01410,supply
DSS-00216,DFR-01411,supply
DSS-00167,DFR-01412,supply
DSS-00141,DFR-01413,supply
DSS-00287,DFR-01414,supply
DSS-00113,DFR-01415,supply
DSS-00302,DFR-01416,supply
DSS-00066,DFR-01417,supply
DSS-00257,DFR-01418,supply
DSS-00371,DFR-01419,supply
DSS-00140,DFR-01420,supply
DSS-00311,DFR-01421,supply
DSS-00137,DFR-01422,supply
DSS-00201,DFR-01423,supply
DSS-00192,DFR-01424,supply
DSS-00266,DFR-01425,supply
DSS-00114,DFR-01426,supply
DSS-00125,DFR-01427,supply
DSS-00318,DFR-01428,supply
DSS-00125,DFR-01429,supply
DSS-00074,DFR-01430,supply
DSS-00208,DFR-01431,supply
DSS-00359,DFR-01432,supply
DSS-00238,DFR-01433,supply
DSS-00376,DFR-01434,supply
DSS-00151,DFR-01435,supply
DSS-00270,DFR-01436,supply
DSS-00260,DFR-01437,supply
DSS-00357,DFR-01438,supply
DSS-00068,DFR-01439,supply
DSS-00306,DFR-01440,supply
DSS-00227,DFR-01441,supply
DSS-00343,DFR-01442,supply
DSS-00361,DFR-01443,supply
DSS-00073,DFR-01444,supply
DSS-00149,DFR-01445,supply
DSS-00121,DFR-01446,supply
DSS-00265,DFR-01447,supply
DSS-00153,DFR-01448,supply
DSS-00168,DFR-01449,supply
DSS-00068,DFR-01450,supply
DSS-00153,DFR-01451,supply
DSS-00295,DFR-01452,supply
DSS-00140,DFR-01453,supply
DSS-00336,DFR-01454,supply
DSS-00216,DFR-01455,supply
DSS-00273,DFR-01456,supply
DSS-00097,DFR-01457,supply
DSS-00393,DFR-01458,supply
DSS-00387,DFR-01459,supply
DSS-00286,DFR-01460,supply
DSS-00408,DFR-01461,supply
DSS-00323,DFR-01462,supply
DSS-00085,DFR-01463,supply
DSS-00337,DFR-01464,supply
DSS-00333,DFR-01465,supply
DSS-00330,DFR-01466,supply
DSS-00129,DFR-01467,supply
DSS-00242,DFR-01468,supply
DSS-00380,DFR-01469,supply
DSS-00214,DFR-01470,supply
DSS-00290,DFR-01471,supply
DSS-00295,DFR-01472,supply
DSS-00380,DFR-01473,supply
DSS-00388,DFR-01474,supply
DSS-00142,DFR-01475,supply
DSS-00252,DFR-01476,supply
DSS-00174,DFR-01477,supply
DSS-00223,DFR-01478,supply
DSS-00219,DFR-01479,supply
DSS-00175,DFR-01480,supply
DSS-00125,DFR-01481,supply
DSS-00205,DFR-01482,supply
DSS-00195,DFR-01483,supply
DSS-00350,DFR-01484,supply
DSS-00278,DFR-01485,supply
DSS-00295,DFR-01486,supply
DSS-00184,DFR-01487,supply
DSS-00195,DFR-01488,supply
DSS-00310,DFR-01489,supply
DSS-00126,DFR-01490,supply
DSS-00198,DFR-01491,supply
DSS-00343,DFR-01492,supply
DSS-00308,DFR-01493,supply
DSS-00323,DFR-01494,supply
DSS-00112,DFR-01495,supply
DSS-00299,DFR-01496,supply
DSS-00221,DFR-01497,supply
DSS-00270,DFR-01498,supply
DSS-00324,DFR-01499,supply
DSS-00408,DFR-01500,supply
DSS-00297,DFR-01501,supply
DSS-00346,DFR-01502,supply
DSS-00158,DFR-01503,supply
DSS-00076,DFR-01504,supply
DSS-00222,DFR-01505,supply
DSS-00340,DFR-01506,supply
DSS-00103,DFR-01507,supply
DSS-00318,DFR-01508,supply
DSS-00399,DFR-01509,supply
DSS-00151,DFR-01510,supply
DSS-00221,DFR-01511,supply
DSS-00211,DFR-01512,supply
DSS-00172,DFR-01513,supply
DSS-00343,DFR-01514,supply
DSS-00258,DFR-01515,supply
DSS-00147,DFR-01516,supply
DSS-00240,DFR-01517,supply
DSS-00256,DFR-01518,supply
DSS-00073,DFR-01519,supply
DSS-00350,DFR-01520,supply
DSS-00256,DFR-01521,supply
DSS-00199,DFR-01522,supply
DSS-00227,DFR-01523,supply
DSS-00348,DFR-01524,supply
DSS-00080,DFR-01525,supply
DSS-00350,DFR-01526,supply
DSS-00393,DFR-01527,supply
DSS-00127,DFR-01528,supply
DSS-00238,DFR-01529,supply
DSS-00268,DFR-01530,supply
DSS-00188,DFR-01531,supply
DSS-00407,DFR-01532,supply
DSS-00357,DFR-01533,supply
DSS-00292,DFR-01534,supply
DSS-00267,DFR-01535,supply
DSS-00207,DFR-01536,supply
DSS-00298,DFR-01537,supply
DSS-00127,DFR-01538,supply
DSS-00396,DFR-01539,supply
DSS-00335,DFR-01540,supply
DSS-00102,DFR-01541,supply
DSS-00332,DFR-01542,supply
DSS-00409,DFR-01543,supply
DSS-00295,DFR-01544,supply
DSS-00376,DFR-01545,supply
DSS-00310,DFR-01546,supply
DSS-00103,DFR-01547,supply
DSS-00229,DFR-01548,supply
DSS-00126,DFR-01549,supply
DSS-00339,DFR-01550,supply
DSS-00328,DFR-01551,supply
DSS-00222,DFR-01552,supply
DSS-00293,DFR-01553,supply
DSS-00221,DFR-01554,supply
DSS-00265,DFR-01555,supply
DSS-00152,DFR-01556,supply
DSS-00375,DFR-01557,supply
DSS-00338,DFR-01558,supply
DSS-00103,DFR-01559,supply
DSS-00167,DFR-01560,supply
DSS-00127,DFR-01561,supply
DSS-00195,DFR-01562,supply
DSS-00318,DFR-01563,supply
DSS-00188,DFR-01564,supply
DSS-00410,DFR-01565,supply
DSS-00124,DFR-01566,supply
DSS-00170,DFR-01567,supply
DSS-00331,DFR-01568,supply
DSS-00290,DFR-01569,supply
DSS-00102,DFR-01570,supply
DSS-00185,DFR-01571,supply
DSS-00323,DFR-01572,supply
DSS-00221,DFR-01573,supply
DSS-00294,DFR-01574,supply
DSS-00237,DFR-01575,supply
DSS-00156,DFR-01576,supply
DSS-00359,DFR-01577,supply
DSS-00285,DFR-01578,supply
DSS-00249,DFR-01579,supply
DSS-00248,DFR-01580,supply
DSS-00245,DFR-01581,supply
DSS-00227,DFR-01582,supply
DSS-00221,DFR-01583,supply
DSS-00094,DFR-01584,supply
DSS-00164,DFR-01585,supply
DSS-00364,DFR-01586,supply
DSS-00159,DFR-01587,supply
DSS-00128,DFR-01588,supply
DSS-00344,DFR-01589,supply
DSS-00155,DFR-01590,supply
DSS-00224,DFR-01591,supply
DSS-00193,DFR-01592,supply
DSS-00396,DFR-01593,supply
DSS-00310,DFR-01594,supply
DSS-00107,DFR-01595,supply
DSS-00306,DFR-01596,supply
DSS-00368,DFR-01597,supply
DSS-00139,DFR-01598,supply
DSS-00190,DFR-01599,supply
DSS-00202,DFR-01600,supply
DSS-00387,DFR-01601,supply
DSS-00165,DFR-01602,supply
DSS-00394,DFR-01603,supply
DSS-00382,DFR-01604,supply
DSS-00073,DFR-01605,supply
DSS-00159,DFR-01606,supply
DSS-00141,DFR-01607,supply
DSS-00142,DFR-01608,supply
DSS-00284,DFR-01609,supply
DSS-00366,DFR-01610,supply
DSS-00274,DFR-01611,supply
DSS-00230,DFR-01612,supply
DSS-00300,DFR-01613,supply
DSS-00076,DFR-01614,supply
DSS-00346,DFR-01615,supply
DSS-00366,DFR-01616,supply
DSS-00330,DFR-01617,supply
DSS-00168,DFR-01618,supply
DSS-00092,DFR-01619,supply
DSS-00357,DFR-01620,supply
DSS-00292,DFR-01621,supply
DSS-00406,DFR-01622,supply
DSS-00359,DFR-01623,supply
DSS-00285,DFR-01624,supply
DSS-00297,DFR-01625,supply
DSS-00339,DFR-01626,supply
DSS-00090,DFR-01627,supply
DSS-00117,DFR-01628,supply
DSS-00147,DFR-01629,supply
DSS-00173,DFR-01630,supply
DSS-00244,DFR-01631,supply
DSS-00310,DFR-01632,supply
DSS-00370,DFR-01633,supply
DSS-00118,DFR-01634,supply
DSS-00125,DFR-01635,supply
DSS-00073,DFR-01636,supply
DSS-00115,DFR-01637,supply
DSS-00180,DFR-01638,supply
DSS-00195,DFR-01639,supply
DSS-00073,DFR-01640,supply
DSS-00354,DFR-01641,supply
DSS-00332,DFR-01642,supply
DSS-00172,DFR-01643,supply
DSS-00357,DFR-01644,supply
DSS-00348,DFR-01645,supply
DSS-00391,DFR-01646,supply
DSS-00342,DFR-01647,supply
DSS-00249,DFR-01648,supply
DSS-00071,DFR-01649,supply
DSS-00400,DFR-01650,supply
DSS-00095,DFR-01651,supply
DSS-00390,DFR-01652,supply
DSS-00315,DFR-01653,supply
DSS-00108,DFR-01654,supply
DSS-00349,DFR-01655,supply
DSS-00325,DFR-01656,supply
DSS-00260,DFR-01657,supply
DSS-00107,DFR-01658,supply
DSS-00167,DFR-01659,supply
DSS-00309,DFR-01660,supply
DSS-00116,DFR-01661,supply
DSS-00372,DFR-01662,supply
DSS-00378,DFR-01663,supply
DSS-00226,DFR-01664,supply
DSS-00192,DFR-01665,supply
DSS-00355,DFR-01666,supply
DSS-00310,DFR-01667,supply
DSS-00313,DFR-01668,supply
DSS-00310,DFR-01669,supply
DSS-00203,DFR-01670,supply
DSS-00366,DFR-01671,supply
DSS-00262,DFR-01672,supply
DSS-00333,DFR-01673,supply
DSS-00274,DFR-01674,supply
DSS-00124,DFR-01675,supply
DSS-00380,DFR-01676,supply
DSS-00407,DFR-01677,supply
DSS-00108,DFR-01678,supply
DSS-00143,DFR-01679,supply
DSS-00227,DFR-01680,supply
DSS-00368,DFR-01681,supply
DSS-00180,DFR-01682,supply
DSS-00239,DFR-01683,supply
DSS-00351,DFR-01684,supply
DSS-00330,DFR-01685,supply
DSS-00086,DFR-01686,supply
DSS-00221,DFR-01687,supply
DSS-00337,DFR-01688,supply
DSS-00290,DFR-01689,supply
DSS-00232,DFR-01690,supply
DSS-00247,DFR-01691,supply
DSS-00161,DFR-01692,supply
DSS-00164,DFR-01693,supply
DSS-00402,DFR-01694,supply
DSS-00329,DFR-01695,supply
DSS-00066,DFR-01696,supply
DSS-00323,DFR-01697,supply
DSS-00173,DFR-01698,supply
DSS-00319,DFR-01699,supply
DSS-00309,DFR-01700,supply
DSS-00244,DFR-01701,supply
DSS-00399,DFR-01702,supply
DSS-00096,DFR-01703,supply
DSS-00258,DFR-01704,supply
DSS-00288,DFR-01705,supply
DSS-00310,DFR-01706,supply
DSS-00232,DFR-01707,supply
DSS-00294,DFR-01708,supply
DSS-00399,DFR-01709,supply
DSS-00076,DFR-01710,supply
DSS-00114,DFR-01711,supply
DSS-00250,DFR-01712,supply
DSS-00221,DFR-01713,supply
DSS-00310,DFR-01714,supply
DSS-00245,DFR-01715,supply
DSS-00252,DFR-01716,supply
DSS-00214,DFR-01717,supply
DSS-00203,DFR-01718,supply
DSS-00334,DFR-01719,supply
DSS-00067,DFR-01720,supply
DSS-00327,DFR-01721,supply
DSS-00125,DFR-01722,supply
DSS-00191,DFR-01723,supply
DSS-00246,DFR-01724,supply
DSS-00336,DFR-01725,supply
DSS-00280,DFR-01726,supply
DSS-00408,DFR-01727,supply
DSS-00094,DFR-01728,supply
DSS-00125,DFR-01729,supply
DSS-00093,DFR-01730,supply
DSS-00294,DFR-01731,supply
DSS-00311,DFR-01732,supply
DSS-00306,DFR-01733,supply
DSS-00258,DFR-01734,supply
DSS-00230,DFR-01735,supply
DSS-00195,DFR-01736,supply
DSS-00061,DFR-01737,supply
DSS-00074,DFR-01738,supply
DSS-00399,DFR-01739,supply
DSS-00136,DFR-01740,supply
DSS-00113,DFR-01741,supply
DSS-00310,DFR-01742,supply
DSS-00398,DFR-01743,supply
DSS-00202,DFR-01744,supply
DSS-00361,DFR-01745,supply
DSS-00380,DFR-01746,supply
DSS-00200,DFR-01747,supply
DSS-00106,DFR-01748,supply
DSS-00269,DFR-01749,supply
DSS-00224,DFR-01750,supply
DSS-00139,DFR-01751,supply
DSS-00237,DFR-01752,supply
DSS-00395,DFR-01753,supply
DSS-00410,DFR-01754,supply
DSS-00148,DFR-01755,supply
DSS-00244,DFR-01756,supply
DSS-00363,DFR-01757,supply
DSS-00124,DFR-01758,supply
DSS-00336,DFR-01759,supply
DSS-00273,DFR-01760,supply
DSS-00318,DFR-01761,supply
DSS-00384,DFR-01762,supply
DSS-00339,DFR-01763,supply
DSS-00237,DFR-01764,supply
DSS-00094,DFR-01765,supply
DSS-00119,DFR-01766,supply
DSS-00170,DFR-01767,supply
DSS-00221,DFR-01768,supply
DSS-00189,DFR-01769,supply
DSS-00076,DFR-01770,supply
DSS-00142,DFR-01771,supply
DSS-00173,DFR-01772,supply
DSS-00073,DFR-01773,supply
DSS-00168,DFR-01774,supply
DSS-00068,DFR-01775,supply
DSS-00387,DFR-01776,supply
DSS-00332,DFR-01777,supply
DSS-00274,DFR-01778,supply
DSS-00374,DFR-01779,supply
DSS-00349,DFR-01780,supply
DSS-00238,DFR-01781,supply
DSS-00197,DFR-01782,supply
DSS-00100,DFR-01783,supply
DSS-00200,DFR-01784,supply
DSS-00144,DFR-01785,supply
DSS-00277,DFR-01786,supply
DSS-00178,DFR-01787,supply
DSS-00286,DFR-01788,supply
DSS-00291,DFR-01789,supply
DSS-00292,DFR-01790,supply
DSS-00202,DFR-01791,supply
DSS-00282,DFR-01792,supply
DSS-00200,DFR-01793,supply
DSS-00092,DFR-01794,supply
DSS-00092,DFR-01795,supply
DSS-00354,DFR-01796,supply
DSS-00366,DFR-01797,supply
DSS-00117,DFR-01798,supply
DSS-00392,DFR-01799,supply
DSS-00187,DFR-01800,supply
DSS-00170,DFR-01801,supply
DSS-00173,DFR-01802,supply
DSS-00217,DFR-01803,supply
DSS-00351,DFR-01804,supply
DSS-00393,DFR-01805,supply
DSS-00356,DFR-01806,supply
DSS-00140,DFR-01807,supply
DSS-00077,DFR-01808,supply
DSS-00181,DFR-01809,supply
DSS-00102,DFR-01810,supply
DSS-00220,DFR-01811,supply
DSS-00210,DFR-01812,supply
DSS-00138,DFR-01813,supply
DSS-00152,DFR-01814,supply
DSS-00342,DFR-01815,supply
DSS-00269,DFR-01816,supply
DSS-00152,DFR-01817,supply
DSS-00072,DFR-01818,supply
DSS-00198,DFR-01819,supply
DSS-00094,DFR-01820,supply
DSS-00234,DFR-01821,supply
DSS-00246,DFR-01822,supply
DSS-00220,DFR-01823,supply
DSS-00368,DFR-01824,supply
DSS-00095,DFR-01825,supply
DSS-00398,DFR-01826,supply
DSS-00310,DFR-01827,supply
DSS-00220,DFR-01828,supply
DSS-00146,DFR-01829,supply
DSS-00286,DFR-01830,supply
DSS-00368,DFR-01831,supply
DSS-00247,DFR-01832,supply
DSS-00261,DFR-01833,supply
DSS-00286,DFR-01834,supply
DSS-00333,DFR-01835,supply
DSS-00319,DFR-01836,supply
DSS-00337,DFR-01837,supply
DSS-00402,DFR-01838,supply
DSS-00105,DFR-01839,supply
DSS-00402,DFR-01840,supply
DSS-00125,DFR-01841,supply
DSS-00153,DFR-01842,supply
DSS-00108,DFR-01843,supply
DSS-00204,DFR-01844,supply
DSS-00340,DFR-01845,supply
DSS-00202,DFR-01846,supply
DSS-00210,DFR-01847,supply
DSS-00322,DFR-01848,supply
DSS-00195,DFR-01849,supply
DSS-00387,DFR-01850,supply
DSS-00248,DFR-01851,supply
DSS-00295,DFR-01852,supply
DSS-00117,DFR-01853,supply
DSS-00318,DFR-01854,supply
DSS-00394,DFR-01855,supply
DSS-00128,DFR-01856,supply
DSS-00357,DFR-01857,supply
DSS-00407,DFR-01858,supply
DSS-00070,DFR-01859,supply
DSS-00221,DFR-01860,supply
DSS-00383,DFR-01861,supply
DSS-00194,DFR-01862,supply
DSS-00202,DFR-01863,supply
DSS-00222,DFR-01864,supply
DSS-00322,DFR-01865,supply
DSS-00194,DFR-01866,supply
DSS-00192,DFR-01867,supply
DSS-00127,DFR-01868,supply
DSS-00273,DFR-01869,supply
DSS-00372,DFR-01870,supply
DSS-00124,DFR-01871,supply
DSS-00270,DFR-01872,supply
DSS-00339,DFR-01873,supply
DSS-00256,DFR-01874,supply
DSS-00214,DFR-01875,supply
DSS-00139,DFR-01876,supply
DSS-00385,DFR-01877,supply
DSS-00137,DFR-01878,supply
DSS-00264,DFR-01879,supply
DSS-00387,DFR-01880,supply
DSS-00407,DFR-01881,supply
DSS-00176,DFR-01882,supply
DSS-00292,DFR-01883,supply
DSS-00219,DFR-01884,supply
DSS-00143,DFR-01885,supply
DSS-00202,DFR-01886,supply
DSS-00302,DFR-01887,supply
DSS-00191,DFR-01888,supply
DSS-00408,DFR-01889,supply
DSS-00292,DFR-01890,supply
DSS-00250,DFR-01891,supply
DSS-00216,DFR-01892,supply
DSS-00083,DFR-01893,supply
DSS-00313,DFR-01894,supply
DSS-00130,DFR-01895,supply
DSS-00073,DFR-01896,supply
DSS-00311,DFR-01897,supply
DSS-00132,DFR-01898,supply
DSS-00216,DFR-01899,supply
DSS-00069,DFR-01900,supply
DSS-00405,DFR-01901,supply
DSS-00234,DFR-01902,supply
DSS-00256,DFR-01903,supply
DSS-00135,DFR-01904,supply
DSS-00202,DFR-01905,supply
DSS-00318,DFR-01906,supply
DSS-00197,DFR-01907,supply
DSS-00370,DFR-01908,supply
DSS-00228,DFR-01909,supply
DSS-00333,DFR-01910,supply
DSS-00230,DFR-01911,supply
DSS-00244,DFR-01912,supply
DSS-00256,DFR-01913,supply
DSS-00278,DFR-01914,supply
DSS-00141,DFR-01915,supply
DSS-00132,DFR-01916,supply
DSS-00292,DFR-01917,supply
DSS-00226,DFR-01918,supply
DSS-00307,DFR-01919,supply
DSS-00111,DFR-01920,supply
DSS-00318,DFR-01921,supply
DSS-00306,DFR-01922,supply
DSS-00372,DFR-01923,supply
DSS-00112,DFR-01924,supply
DSS-00168,DFR-01925,supply
DSS-00194,DFR-01926,supply
DSS-00378,DFR-01927,supply
DSS-00379,DFR-01928,supply
DSS-00403,DFR-01929,supply
DSS-00257,DFR-01930,supply
DSS-00194,DFR-01931,supply
DSS-00096,DFR-01932,supply
DSS-00408,DFR-01933,supply
DSS-00131,DFR-01934,supply
DSS-00406,DFR-01935,supply
DSS-00347,DFR-01936,supply
DSS-00138,DFR-01937,supply
DSS-00074,DFR-01938,supply
DSS-00219,DFR-01939,supply
DSS-00096,DFR-01940,supply
DSS-00152,DFR-01941,supply
DSS-00269,DFR-01942,supply
DSS-00219,DFR-01943,supply
DSS-00230,DFR-01944,supply
DSS-00336,DFR-01945,supply
DSS-00410,DFR-01946,supply
DSS-00311,DFR-01947,supply
DSS-00202,DFR-01948,supply
DSS-00192,DFR-01949,supply
DSS-00286,DFR-01950,supply
DSS-00248,DFR-01951,supply
DSS-00266,DFR-01952,supply
DSS-00385,DFR-01953,supply
DSS-00379,DFR-01954,supply
DSS-00290,DFR-01955,supply
DSS-00378,DFR-01956,supply
DSS-00339,DFR-01957,supply
DSS-00263,DFR-01958,supply
DSS-00260,DFR-01959,supply
DSS-00178,DFR-01960,supply
DSS-00250,DFR-01961,supply
DSS-00333,DFR-01962,supply
DSS-00220,DFR-01963,supply
DSS-00276,DFR-01964,supply
DSS-00118,DFR-01965,supply
DSS-00324,DFR-01966,supply
DSS-00065,DFR-01967,supply
DSS-00323,DFR-01968,supply
DSS-00306,DFR-01969,supply
DSS-00171,DFR-01970,supply
DSS-00410,DFR-01971,supply
DSS-00300,DFR-01972,supply
DSS-00173,DFR-01973,supply
DSS-00388,DFR-01974,supply
DSS-00270,DFR-01975,supply
DSS-00219,DFR-01976,supply
DSS-00403,DFR-01977,supply
DSS-00270,DFR-01978,supply
DSS-00279,DFR-01979,supply
DSS-00263,DFR-01980,supply
DSS-00152,DFR-01981,supply
DSS-00207,DFR-01982,supply
DSS-00222,DFR-01983,supply
DSS-00334,DFR-01984,supply
DSS-00323,DFR-01985,supply
DSS-00332,DFR-01986,supply
DSS-00112,DFR-01987,supply
DSS-00385,DFR-01988,supply
DSS-00359,DFR-01989,supply
DSS-00369,DFR-01990,supply
DSS-00230,DFR-01991,supply
DSS-00330,DFR-01992,supply
DSS-00106,DFR-01993,supply
DSS-00082,DFR-01994,supply
DSS-00282,DFR-01995,supply
DSS-00261,DFR-01996,supply
DSS-00083,DFR-01997,supply
DSS-00336,DFR-01998,supply
DSS-00213,DFR-01999,supply
DSS-00209,DFR-02000,supply
DSS-00310,DFR-02001,supply
DSS-00199,DFR-02002,supply
DSS-00214,DFR-02003,supply
DSS-00118,DFR-02004,supply
DSS-00168,DFR-02005,supply
DSS-00398,DFR-02006,supply
DSS-00260,DFR-02007,supply
DSS-00144,DFR-02008,supply
DSS-00385,DFR-02009,supply
DSS-00372,DFR-02010,supply
DFR-01791,RCL-02011,sectionalising
DFR-01765,RCL-02012,sectionalising
DFR-01595,RCL-02013,sectionalising
DFR-01873,RCL-02014,sectionalising
DFR-01358,RCL-02015,sectionalising
DFR-01898,RCL-02016,sectionalising
DFR-01813,RCL-02017,sectionalising
DFR-01932,RCL-02018,sectionalising
DFR-01808,RCL-02019,sectionalising
DFR-01494,RCL-02020,sectionalising
DFR-01899,RCL-02021,sectionalising
DFR-01701,RCL-02022,sectionalising
DFR-01813,RCL-02023,sectionalising
DFR-01703,RCL-02024,sectionalising
DFR-01593,RCL-02025,sectionalising
DFR-01649,RCL-02026,sectionalising
DFR-01649,RCL-02027,sectionalising
DFR-01668,RCL-02028,sectionalising
DFR-01351,RCL-02029,sectionalising
DFR-01740,RCL-02030,sectionalising
DFR-01496,RCL-02031,sectionalising
DFR-01479,RCL-02032,sectionalising
DFR-01674,RCL-02033,sectionalising
DFR-01985,RCL-02034,sectionalising
DFR-01645,RCL-02035,sectionalising
DFR-01740,RCL-02036,sectionalising
DFR-01605,RCL-02037,sectionalising
DFR-01458,RCL-02038,sectionalising
DFR-01967,RCL-02039,sectionalising
DFR-01615,RCL-02040,sectionalising
DFR-01979,RCL-02041,sectionalising
DFR-01716,RCL-02042,sectionalising
DFR-01587,RCL-02043,sectionalising
DFR-01668,RCL-02044,sectionalising
DFR-01428,RCL-02045,sectionalising
DFR-01780,RCL-02046,sectionalising
DFR-01328,RCL-02047,sectionalising
DFR-01877,RCL-02048,sectionalising
DFR-01417,RCL-02049,sectionalising
DFR-01559,RCL-02050,sectionalising
DFR-01336,RCL-02051,sectionalising
DFR-01866,RCL-02052,sectionalising
DFR-01870,RCL-02053,sectionalising
DFR-01930,RCL-02054,sectionalising
DFR-01942,RCL-02055,sectionalising
DFR-01836,RCL-02056,sectionalising
DFR-01313,RCL-02057,sectionalising
DFR-01423,RCL-02058,sectionalising
DFR-01637,RCL-02059,sectionalising
DFR-01322,RCL-02060,sectionalising
DFR-01649,RCL-02061,sectionalising
DFR-01611,RCL-02062,sectionalising
DFR-01442,RCL-02063,sectionalising
DFR-01720,RCL-02064,sectionalising
DFR-01746,RCL-02065,sectionalising
DFR-01573,RCL-02066,sectionalising
DFR-01470,RCL-02067,sectionalising
DFR-01591,RCL-02068,sectionalising
DFR-01620,RCL-02069,sectionalising
DFR-01838,RCL-02070,sectionalising
DFR-01719,RCL-02071,sectionalising
DFR-01682,RCL-02072,sectionalising
DFR-01830,RCL-02073,sectionalising
DFR-01969,RCL-02074,sectionalising
DFR-01972,RCL-02075,sectionalising
DFR-01740,RCL-02076,sectionalising
DFR-01830,RCL-02077,sectionalising
DFR-01728,RCL-02078,sectionalising
DFR-01487,RCL-02079,sectionalising
DFR-01897,RCL-02080,sectionalising
DFR-01358,RCL-02081,sectionalising
DFR-01859,RCL-02082,sectionalising
DFR-01339,RCL-02083,sectionalising
DFR-01741,RCL-02084,sectionalising
DFR-01597,RCL-02085,sectionalising
DFR-01458,RCL-02086,sectionalising
DFR-01901,RCL-02087,sectionalising
DFR-01969,RCL-02088,sectionalising
DFR-01724,RCL-02089,sectionalising
DFR-01602,RCL-02090,sectionalising
DFR-01356,RCL-02091,sectionalising
DFR-01656,RCL-02092,sectionalising
DFR-01740,RCL-02093,sectionalising
DFR-01587,RCL-02094,sectionalising
DFR-01881,RCL-02095,sectionalising
DFR-01445,RCL-02096,sectionalising
DFR-01685,RCL-02097,sectionalising
DFR-01657,RCL-02098,sectionalising
DFR-01335,RCL-02099,sectionalising
DFR-01487,RCL-02100,sectionalising
DFR-01923,RCL-02101,sectionalising
DFR-01740,RCL-02102,sectionalising
DFR-01948,RCL-02103,sectionalising
DFR-01942,RCL-02104,sectionalising
DFR-01373,RCL-02105,sectionalising
DFR-01415,RCL-02106,sectionalising
DFR-01343,RCL-02107,sectionalising
DFR-01773,RCL-02108,sectionalising
DFR-01369,RCL-02109,sectionalising
DFR-01935,RCL-02110,sectionalising
DFR-01772,RCL-02111,sectionalising
DFR-01482,RCL-02112,sectionalising
DFR-01901,RCL-02113,sectionalising
DFR-01420,RCL-02114,sectionalising
DFR-01691,RCL-02115,sectionalising
DFR-01671,RCL-02116,sectionalising
DFR-01863,RCL-02117,sectionalising
DFR-01670,RCL-02118,sectionalising
DFR-01592,RCL-02119,sectionalising
DFR-01922,RCL-02120,sectionalising
DFR-01360,RCL-02121,sectionalising
DFR-01725,RCL-02122,sectionalising
DFR-01688,RCL-02123,sectionalising
DFR-01517,RCL-02124,sectionalising
DFR-01519,RCL-02125,sectionalising
DFR-01898,RCL-02126,sectionalising
DFR-01859,RCL-02127,sectionalising
DFR-01462,RCL-02128,sectionalising
DFR-01981,RCL-02129,sectionalising
DFR-01722,RCL-02130,sectionalising
DFR-01703,RCL-02131,sectionalising
DFR-01816,RCL-02132,sectionalising
DFR-01344,RCL-02133,sectionalising
DFR-01471,RCL-02134,sectionalising
DFR-01627,RCL-02135,sectionalising
DFR-01420,RCL-02136,sectionalising
DFR-01420,RCL-02137,sectionalising
DFR-01378,RCL-02138,sectionalising
DFR-01427,RCL-02139,sectionalising
DFR-01670,RCL-02140,sectionalising
DFR-01391,RCL-02141,sectionalising
DFR-01949,RCL-02142,sectionalising
DFR-01538,RCL-02143,sectionalising
DFR-01487,RCL-02144,sectionalising
DFR-01778,RCL-02145,sectionalising
DFR-01813,RCL-02146,sectionalising
DFR-01840,RCL-02147,sectionalising
DFR-01608,RCL-02148,sectionalising
DFR-01340,RCL-02149,sectionalising
DFR-01768,RCL-02150,sectionalising
DFR-01707,RCL-02151,sectionalising
DFR-01425,RCL-02152,sectionalising
DFR-01463,RCL-02153,sectionalising
DFR-01649,RCL-02154,sectionalising
DFR-01728,RCL-02155,sectionalising
DFR-01960,RCL-02156,sectionalising
DFR-01357,RCL-02157,sectionalising
DFR-01347,RCL-02158,sectionalising
DFR-01495,RCL-02159,sectionalising
DFR-01472,RCL-02160,sectionalising
DFR-01770,RCL-02161,sectionalising
DFR-01760,RCL-02162,sectionalising
DFR-01345,RCL-02163,sectionalising
DFR-01695,RCL-02164,sectionalising
DFR-01617,RCL-02165,sectionalising
DFR-01532,RCL-02166,sectionalising
DFR-01441,RCL-02167,sectionalising
DFR-01710,RCL-02168,sectionalising
DFR-01934,RCL-02169,sectionalising
DFR-01392,RCL-02170,sectionalising
DFR-01851,RCL-02171,sectionalising
DFR-01975,RCL-02172,sectionalising
DFR-01840,RCL-02173,sectionalising
DFR-01589,RCL-02174,sectionalising
DFR-01510,RCL-02175,sectionalising
DFR-01353,RCL-02176,sectionalising
DFR-01801,RCL-02177,sectionalising
DFR-01803,RCL-02178,sectionalising
DFR-01359,RCL-02179,sectionalising
DFR-01393,RCL-02180,sectionalising
DFR-01342,RCL-02181,sectionalising
DFR-01464,RCL-02182,sectionalising
DFR-01797,RCL-02183,sectionalising
DFR-01838,RCL-02184,sectionalising
DFR-01696,RCL-02185,sectionalising
DFR-01808,RCL-02186,sectionalising
DFR-01861,RCL-02187,sectionalising
DFR-01778,RCL-02188,sectionalising
DFR-01778,RCL-02189,sectionalising
DFR-01327,RCL-02190,sectionalising
DFR-01610,RCL-02191,sectionalising
DFR-02003,RCL-02192,sectionalising
DFR-01590,RCL-02193,sectionalising
DFR-01510,RCL-02194,sectionalising
DFR-01339,RCL-02195,sectionalising
DFR-01966,RCL-02196,sectionalising
DFR-01635,RCL-02197,sectionalising
DFR-01789,RCL-02198,sectionalising
DFR-01421,RCL-02199,sectionalising
DFR-01836,RCL-02200,sectionalising
DFR-01704,RCL-02201,sectionalising
DFR-01856,RCL-02202,sectionalising
DFR-01809,RCL-02203,sectionalising
DFR-01834,RCL-02204,sectionalising
DFR-01323,RCL-02205,sectionalising
DFR-01779,RCL-02206,sectionalising
DFR-01696,RCL-02207,sectionalising
DFR-01586,RCL-02208,sectionalising
DFR-01621,RCL-02209,sectionalising
DFR-01504,RCL-02210,sectionalising
INT-03494,WTP-02211,raw_water
INT-03478,WTP-02212,raw_water
INT-03487,WTP-02213,raw_water
INT-03501,WTP-02214,raw_water
INT-03481,WTP-02215,raw_water
INT-03487,WTP-02216,raw_water
INT-03498,WTP-02217,raw_water
INT-03509,WTP-02218,raw_water
INT-03515,WTP-02219,raw_water
INT-03486,WTP-02220,raw_water
INT-03514,WTP-02221,raw_water
INT-03487,WTP-02222,raw_water
INT-03484,WTP-02223,raw_water
INT-03514,WTP-02224,raw_water
INT-03489,WTP-02225,raw_water
WTP-02219,PMP-02226,treated_water
WTP-02222,PMP-02227,treated_water
WTP-02219,PMP-02228,treated_water
WTP-02222,PMP-02229,treated_water
WTP-02222,PMP-02230,treated_water
WTP-02217,PMP-02231,treated_water
WTP-02211,PMP-02232,treated_water
WTP-02211,PMP-02233,treated_water
WTP-02222,PMP-02234,treated_water
WTP-02217,PMP-02235,treated_water
WTP-02222,PMP-02236,treated_water
WTP-02219,PMP-02237,treated_water
WTP-02217,PMP-02238,treated_water
WTP-02219,PMP-02239,treated_water
WTP-02217,PMP-02240,treated_water
WTP-02222,PMP-02241,treated_water
WTP-02219,PMP-02242,treated_water
WTP-02219,PMP-02243,treated_water
WTP-02222,PMP-02244,treated_water
WTP-02225,PMP-02245,treated_water
WTP-02212,PMP-02246,treated_water
WTP-02219,PMP-02247,treated_water
WTP-02219,PMP-02248,treated_water
WTP-02222,PMP-02249,treated_water
WTP-02219,PMP-02250,treated_water
WTP-02219,PMP-02251,treated_water
WTP-02211,PMP-02252,treated_water
WTP-02221,PMP-02253,treated_water
WTP-02219,PMP-02254,treated_water
WTP-02221,PMP-02255,treated_water
WTP-02219,PMP-02256,treated_water
WTP-02222,PMP-02257,treated_water
WTP-02224,PMP-02258,treated_water
WTP-02219,PMP-02259,treated_water
WTP-02212,PMP-02260,treated_water
WTP-02221,PMP-02261,treated_water
WTP-02222,PMP-02262,treated_water
WTP-02212,PMP-02263,treated_water
WTP-02222,PMP-02264,treated_water
WTP-02222,PMP-02265,treated_water
WTP-02222,PMP-02266,treated_water
WTP-02222,PMP-02267,treated_water
WTP-02219,PMP-02268,treated_water
WTP-02222,PMP-02269,treated_water
WTP-02222,PMP-02270,treated_water
WTP-02212,PMP-02271,treated_water
WTP-02222,PMP-02272,treated_water
WTP-02221,PMP-02273,treated_water
WTP-02211,PMP-02274,treated_water
WTP-02222,PMP-02275,treated_water
WTP-02212,PMP-02276,treated_water
WTP-02219,PMP-02277,treated_water
WTP-02211,PMP-02278,treated_water
WTP-02222,PMP-02279,treated_water
WTP-02222,PMP-02280,treated_water
WTP-02219,PMP-02281,treated_water
WTP-02222,PMP-02282,treated_water
WTP-02217,PMP-02283,treated_water
WTP-02219,PMP-02284,treated_water
WTP-02222,PMP-02285,treated_water
WTP-02221,PMP-02286,treated_water
WTP-02217,PMP-02287,treated_water
WTP-02222,PMP-02288,treated_water
WTP-02219,PMP-02289,treated_water
WTP-02217,PMP-02290,treated_water
WTP-02217,PMP-02291,treated_water
WTP-02221,PMP-02292,treated_water
WTP-02211,PMP-02293,treated_water
WTP-02222,PMP-02294,treated_water
WTP-02222,PMP-02295,treated_water
WTP-02222,PMP-02296,treated_water
WTP-02222,PMP-02297,treated_water
WTP-02221,PMP-02298,treated_water
WTP-02221,PMP-02299,treated_water
WTP-02219,PMP-02300,treated_water
WTP-02219,PMP-02301,treated_water
WTP-02219,PMP-02302,treated_water
WTP-02222,PMP-02303,treated_water
WTP-02222,PMP-02304,treated_water
WTP-02219,PMP-02305,treated_water
WTP-02222,PMP-02306,treated_water
WTP-02222,PMP-02307,treated_water
WTP-02211,PMP-02308,treated_water
WTP-02222,PMP-02309,treated_water
WTP-02211,PMP-02310,treated_water
WTP-02221,PMP-02311,treated_water
WTP-02222,PMP-02312,treated_water
WTP-02222,PMP-02313,treated_water
WTP-02221,PMP-02314,treated_water
WTP-02219,PMP-02315,treated_water
WTP-02219,PMP-02316,treated_water
WTP-02219,PMP-02317,treated_water
WTP-02221,PMP-02318,treated_water
WTP-02222,PMP-02319,treated_water
WTP-02219,PMP-02320,treated_water
WTP-02211,PMP-02321,treated_water
WTP-02219,PMP-02322,treated_water
WTP-02219,PMP-02323,treated_water
WTP-02222,PMP-02324,treated_water
WTP-02222,PMP-02325,treated_water
WTP-02222,PMP-02326,treated_water
WTP-02221,PMP-02327,treated_water
WTP-02225,PMP-02328,treated_water
WTP-02219,PMP-02329,treated_water
WTP-02222,PMP-02330,treated_water
WTP-02222,PMP-02331,treated_water
WTP-02211,PMP-02332,treated_water
WTP-02219,PMP-02333,treated_water
WTP-02217,PMP-02334,treated_water
WTP-02221,PMP-02335,treated_water
WTP-02219,PMP-02336,treated_water
WTP-02225,PMP-02337,treated_water
WTP-02219,PMP-02338,treated_water
WTP-02222,PMP-02339,treated_water
WTP-02219,PMP-02340,treated_water
WTP-02219,PMP-02341,treated_water
WTP-02221,PMP-02342,treated_water
WTP-02219,PMP-02343,treated_water
WTP-02222,PMP-02344,treated_water
WTP-02222,PMP-02345,treated_water
WTP-02217,PMP-02346,treated_water
WTP-02212,PMP-02347,treated_water
WTP-02222,PMP-02348,treated_water
WTP-02211,PMP-02349,treated_water
WTP-02219,PMP-02350,treated_water
WTP-02211,PMP-02351,treated_water
WTP-02222,PMP-02352,treated_water
WTP-02222,PMP-02353,treated_water
WTP-02219,PMP-02354,treated_water
WTP-02221,PMP-02355,treated_water
WTP-02219,PMP-02356,treated_water
WTP-02219,PMP-02357,treated_water
WTP-02222,PMP-02358,treated_water
WTP-02222,PMP-02359,treated_water
WTP-02222,PMP-02360,treated_water
WTP-02221,PMP-02361,treated_water
WTP-02219,PMP-02362,treated_water
WTP-02211,PMP-02363,treated_water
WTP-02222,PMP-02364,treated_water
WTP-02222,PMP-02365,treated_water
WTP-02211,PMP-02366,treated_water
WTP-02219,PMP-02367,treated_water
WTP-02212,PMP-02368,treated_water
WTP-02211,PMP-02369,treated_water
WTP-02212,PMP-02370,treated_water
WTP-02222,PMP-02371,treated_water
WTP-02219,PMP-02372,treated_water
WTP-02221,PMP-02373,treated_water
WTP-02222,PMP-02374,treated_water
WTP-02222,PMP-02375,treated_water
WTP-02211,PMP-02376,treated_water
WTP-02221,PMP-02377,treated_water
WTP-02222,PMP-02378,treated_water
WTP-02211,PMP-02379,treated_water
WTP-02222,PMP-02380,treated_water
WTP-02221,PMP-02381,treated_water
WTP-02222,PMP-02382,treated_water
WTP-02221,PMP-02383,treated_water
WTP-02222,PMP-02384,treated_water
WTP-02222,PMP-02385,treated_water
WTP-02222,PMP-02386,treated_water
WTP-02219,PMP-02387,treated_water
WTP-02219,PMP-02388,treated_water
WTP-02222,PMP-02389,treated_water
WTP-02217,PMP-02390,treated_water
WTP-02222,PMP-02391,treated_water
WTP-02219,PMP-02392,treated_water
WTP-02211,PMP-02393,treated_water
WTP-02219,PMP-02394,treated_water
WTP-02217,PMP-02395,treated_water
WTP-02222,PMP-02396,treated_water
WTP-02221,PMP-02397,treated_water
WTP-02212,PMP-02398,treated_water
WTP-02219,PMP-02399,treated_water
WTP-02212,PMP-02400,treated_water
WTP-02217,PMP-02401,treated_water
WTP-02219,PMP-02402,treated_water
WTP-02222,PMP-02403,treated_water
WTP-02222,PMP-02404,treated_water
WTP-02219,PMP-02405,treated_water
WTP-02217,PMP-02406,treated_water
WTP-02212,PMP-02407,treated_water
WTP-02217,PMP-02408,treated_water
WTP-02222,PMP-02409,treated_water
WTP-02222,PMP-02410,treated_water
WTP-02221,PMP-02411,treated_water
WTP-02212,PMP-02412,treated_water
WTP-02212,PMP-02413,treated_water
WTP-02219,PMP-02414,treated_water
WTP-02211,PMP-02415,treated_water
WTP-02222,PMP-02416,treated_water
WTP-02219,PMP-02417,treated_water
WTP-02221,PMP-02418,treated_water
WTP-02222,PMP-02419,treated_water
WTP-02222,PMP-02420,treated_water
WTP-02219,PMP-02421,treated_water
WTP-02222,PMP-02422,treated_water
WTP-02222,PMP-02423,treated_water
WTP-02212,PMP-02424,treated_water
WTP-02221,PMP-02425,treated_water
WTP-02222,PMP-02426,treated_water
WTP-02219,PMP-02427,treated_water
WTP-02217,PMP-02428,treated_water
WTP-02219,PMP-02429,treated_water
WTP-02219,PMP-02430,treated_water
WTP-02222,PMP-02431,treated_water
WTP-02222,PMP-02432,treated_water
WTP-02219,PMP-02433,treated_water
WTP-02222,PMP-02434,treated_water
WTP-02222,PMP-02435,treated_water
WTP-02219,PMP-02436,treated_water
WTP-02221,PMP-02437,treated_water
WTP-02221,PMP-02438,treated_water
WTP-02222,PMP-02439,treated_water
WTP-02219,PMP-02440,treated_water
WTP-02222,PMP-02441,treated_water
WTP-02219,PMP-02442,treated_water
WTP-02222,PMP-02443,treated_water
WTP-02221,PMP-02444,treated_water
WTP-02211,PMP-02445,treated_water
WTP-02219,PMP-02446,treated_water
WTP-02212,PMP-02447,treated_water
WTP-02222,PMP-02448,treated_water
WTP-02219,PMP-02449,treated_water
WTP-02221,PMP-02450,treated_water
WTP-02212,PMP-02451,treated_water
WTP-02222,PMP-02452,treated_water
WTP-02222,PMP-02453,treated_water
WTP-02221,PMP-02454,treated_water
WTP-02211,PMP-02455,treated_water
WTP-02222,PMP-02456,treated_water
WTP-02217,PMP-02457,treated_water
WTP-02219,PMP-02458,treated_water
WTP-02221,PMP-02459,treated_water
WTP-02219,PMP-02460,treated_water
WTP-02221,PMP-02461,treated_water
WTP-02219,PMP-02462,treated_water
WTP-02221,PMP-02463,treated_water
WTP-02221,PMP-02464,treated_water
WTP-02221,PMP-02465,treated_water
WTP-02222,PMP-02466,treated_water
WTP-02222,PMP-02467,treated_water
WTP-02219,PMP-02468,treated_water
WTP-02219,PMP-02469,treated_water
WTP-02221,PMP-02470,treated_water
WTP-02222,PMP-02471,treated_water
WTP-02222,PMP-02472,treated_water
WTP-02219,PMP-02473,treated_water
WTP-02222,PMP-02474,treated_water
WTP-02219,PMP-02475,treated_water
WTP-02222,PMP-02476,treated_water
WTP-02221,PMP-02477,treated_water
WTP-02219,PMP-02478,treated_water
WTP-02219,PMP-02479,treated_water
WTP-02219,PMP-02480,treated_water
WTP-02219,PMP-02481,treated_water
WTP-02219,PMP-02482,treated_water
WTP-02219,PMP-02483,treated_water
WTP-02222,PMP-02484,treated_water
WTP-02219,PMP-02485,treated_water
WTP-02222,PMP-02486,treated_water
WTP-02222,PMP-02487,treated_water
WTP-02219,PMP-02488,treated_water
WTP-02222,PMP-02489,treated_water
WTP-02219,PMP-02490,treated_water
WTP-02212,PMP-02491,treated_water
WTP-02222,PMP-02492,treated_water
WTP-02219,PMP-02493,treated_water
WTP-02219,PMP-02494,treated_water
WTP-02222,PMP-02495,treated_water
WTP-02222,PMP-02496,treated_water
WTP-02219,PMP-02497,treated_water
WTP-02225,PMP-02498,treated_water
WTP-02222,PMP-02499,treated_water
WTP-02219,PMP-02500,treated_water
WTP-02219,PMP-02501,treated_water
WTP-02222,PMP-02502,treated_water
WTP-02222,PMP-02503,treated_water
WTP-02222,PMP-02504,treated_water
WTP-02212,PMP-02505,treated_water
WTP-02222,PMP-02506,treated_water
WTP-02219,PMP-02507,treated_water
WTP-02217,PMP-02508,treated_water
WTP-02222,PMP-02509,treated_water
WTP-02222,PMP-02510,treated_water
WTP-02222,PMP-02511,treated_water
WTP-02219,PMP-02512,treated_water
WTP-02219,PMP-02513,treated_water
WTP-02212,PMP-02514,treated_water
WTP-02219,PMP-02515,treated_water
WTP-02222,PMP-02516,treated_water
WTP-02211,PMP-02517,treated_water
WTP-02219,PMP-02518,treated_water
WTP-02222,PMP-02519,treated_water
WTP-02222,PMP-02520,treated_water
WTP-02222,PMP-02521,treated_water
WTP-02219,PMP-02522,treated_water
WTP-02212,PMP-02523,treated_water
WTP-02222,PMP-02524,treated_water
WTP-02219,PMP-02525,treated_water
PMP-02506,TNK-02526,storage
PMP-02398,TNK-02527,storage
PMP-02524,TNK-02528,storage
PMP-02406,TNK-02529,storage
PMP-02465,TNK-02530,storage
PMP-02458,TNK-02531,storage
PMP-02415,TNK-02532,storage
PMP-02438,TNK-02533,storage
PMP-02377,TNK-02534,storage
PMP-02396,TNK-02535,storage
PMP-02322,TNK-02536,storage
PMP-02506,TNK-02537,storage
PMP-02380,TNK-02538,storage
PMP-02418,TNK-02539,storage
PMP-02516,TNK-02540,storage
PMP-02470,TNK-02541,storage
PMP-02421,TNK-02542,storage
PMP-02401,TNK-02543,storage
PMP-02405,TNK-02544,storage
PMP-02495,TNK-02545,storage
PMP-02311,TNK-02546,storage
PMP-02502,TNK-02547,storage
PMP-02370,TNK-02548,storage
PMP-02263,TNK-02549,storage
PMP-02477,TNK-02550,storage
PMP-02500,TNK-02551,storage
PMP-02316,TNK-02552,storage
PMP-02286,TNK-02553,storage
PMP-02524,TNK-02554,storage
PMP-02286,TNK-02555,storage
PMP-02245,TNK-02556,storage
PMP-02359,TNK-02557,storage
PMP-02384,TNK-02558,storage
PMP-02236,TNK-02559,storage
PMP-02356,TNK-02560,storage
PMP-02249,TNK-02561,storage
PMP-02380,TNK-02562,storage
PMP-02441,TNK-02563,storage
PMP-02504,TNK-02564,storage
PMP-02323,TNK-02565,storage
PMP-02503,TNK-02566,storage
PMP-02351,TNK-02567,storage
PMP-02479,TNK-02568,storage
PMP-02251,TNK-02569,storage
PMP-02228,TNK-02570,storage
PMP-02421,TNK-02571,storage
PMP-02258,TNK-02572,storage
PMP-02316,TNK-02573,storage
PMP-02263,TNK-02574,storage
PMP-02342,TNK-02575,storage
PMP-02284,TNK-02576,storage
PMP-02285,TNK-02577,storage
PMP-02385,TNK-02578,storage
PMP-02329,TNK-02579,storage
PMP-02306,TNK-02580,storage
PMP-02444,TNK-02581,storage
PMP-02457,TNK-02582,storage
PMP-02476,TNK-02583,storage
PMP-02284,TNK-02584,storage
PMP-02459,TNK-02585,storage
PMP-02297,TNK-02586,storage
PMP-02413,TNK-02587,storage
PMP-02234,TNK-02588,storage
PMP-02331,TNK-02589,storage
PMP-02436,TNK-02590,storage
PMP-02421,TNK-02591,storage
PMP-02495,TNK-02592,storage
PMP-02390,TNK-02593,storage
PMP-02453,TNK-02594,storage
PMP-02399,TNK-02595,storage
PMP-02469,TNK-02596,storage
PMP-02276,TNK-02597,storage
PMP-02517,TNK-02598,storage
PMP-02457,TNK-02599,storage
PMP-02287,TNK-02600,storage
PMP-02489,TNK-02601,storage
PMP-02369,TNK-02602,storage
PMP-02322,TNK-02603,storage
PMP-02261,TNK-02604,storage
PMP-02245,TNK-02605,storage
PMP-02352,TNK-02606,storage
PMP-02286,TNK-02607,storage
PMP-02231,TNK-02608,storage
PMP-02517,TNK-02609,storage
PMP-02255,TNK-02610,storage
PMP-02450,TNK-02611,storage
PMP-02294,TNK-02612,storage
PMP-02286,TNK-02613,storage
PMP-02227,TNK-02614,storage
PMP-02411,TNK-02615,storage
PMP-02473,TNK-02616,storage
PMP-02443,TNK-02617,storage
PMP-02243,TNK-02618,storage
PMP-02438,TNK-02619,storage
PMP-02377,TNK-02620,storage
PMP-02509,TNK-02621,storage
PMP-02392,TNK-02622,storage
PMP-02349,TNK-02623,storage
PMP-02476,TNK-02624,storage
PMP-02378,TNK-02625,storage
PMP-02292,TNK-02626,storage
PMP-02509,TNK-02627,storage
PMP-02401,TNK-02628,storage
PMP-02315,TNK-02629,storage
PMP-02266,TNK-02630,storage
PMP-02333,TNK-02631,storage
PMP-02233,TNK-02632,storage
PMP-02490,TNK-02633,storage
PMP-02316,TNK-02634,storage
PMP-02391,TNK-02635,storage
PMP-02487,TNK-02636,storage
PMP-02478,TNK-02637,storage
PMP-02368,TNK-02638,storage
PMP-02419,TNK-02639,storage
PMP-02402,TNK-02640,storage
PMP-02450,TNK-02641,storage
PMP-02441,TNK-02642,storage
PMP-02438,TNK-02643,storage
PMP-02358,TNK-02644,storage
PMP-02376,TNK-02645,storage
PMP-02303,TNK-02646,storage
PMP-02385,TNK-02647,storage
PMP-02351,TNK-02648,storage
PMP-02477,TNK-02649,storage
PMP-02484,TNK-02650,storage
PMP-02469,TNK-02651,storage
PMP-02358,TNK-02652,storage
PMP-02525,TNK-02653,storage
PMP-02254,TNK-02654,storage
PMP-02447,TNK-02655,storage
PMP-02473,TNK-02656,storage
PMP-02345,TNK-02657,storage
PMP-02320,TNK-02658,storage
PMP-02496,TNK-02659,storage
PMP-02252,TNK-02660,storage
PMP-02384,TNK-02661,storage
PMP-02434,TNK-02662,storage
PMP-02283,TNK-02663,storage
PMP-02430,TNK-02664,storage
PMP-02489,TNK-02665,storage
PMP-02370,TNK-02666,storage
PMP-02444,TNK-02667,storage
PMP-02245,TNK-02668,storage
PMP-02351,TNK-02669,storage
PMP-02238,TNK-02670,storage
PMP-02292,TNK-02671,storage
PMP-02519,TNK-02672,storage
PMP-02383,TNK-02673,storage
PMP-02394,TNK-02674,storage
PMP-02521,TNK-02675,storage
PMP-02317,WMN-02676,distribution
PMP-02337,WMN-02677,distribution
PMP-02267,WMN-02678,distribution
PMP-02228,WMN-02679,distribution
PMP-02275,WMN-02680,distribution
PMP-02386,WMN-02681,distribution
PMP-02375,WMN-02682,distribution
PMP-02517,WMN-02683,distribution
PMP-02252,WMN-02684,distribution
PMP-02434,WMN-02685,distribution
PMP-02525,WMN-02686,distribution
PMP-02256,WMN-02687,distribution
PMP-02369,WMN-02688,distribution
PMP-02459,WMN-02689,distribution
PMP-02383,WMN-02690,distribution
PMP-02360,WMN-02691,distribution
PMP-02350,WMN-02692,distribution
PMP-02342,WMN-02693,distribution
PMP-02368,WMN-02694,distribution
PMP-02382,WMN-02695,distribution
PMP-02501,WMN-02696,distribution
PMP-02519,WMN-02697,distribution
PMP-02245,WMN-02698,distribution
PMP-02338,WMN-02699,distribution
PMP-02411,WMN-02700,distribution
PMP-02419,WMN-02701,distribution
PMP-02469,WMN-02702,distribution
PMP-02316,WMN-02703,distribution
PMP-02317,WMN-02704,distribution
PMP-02477,WMN-02705,distribution
PMP-02327,WMN-02706,distribution
PMP-02401,WMN-02707,distribution
PMP-02427,WMN-02708,distribution
PMP-02320,WMN-02709,distribution
PMP-02245,WMN-02710,distribution
PMP-02256,WMN-02711,distribution
PMP-02438,WMN-02712,distribution
PMP-02236,WMN-02713,distribution
PMP-02519,WMN-02714,distribution
PMP-02254,WMN-02715,distribution
PMP-02256,WMN-02716,distribution
PMP-02410,WMN-02717,distribution
PMP-02231,WMN-02718,distribution
PMP-02267,WMN-02719,distribution
PMP-02449,WMN-02720,distribution
PMP-02338,WMN-02721,distribution
PMP-02345,WMN-02722,distribution
PMP-02307,WMN-02723,distribution
PMP-02274,WMN-02724,distribution
PMP-02393,WMN-02725,distribution
PMP-02416,WMN-02726,distribution
PMP-02285,WMN-02727,distribution
PMP-02414,WMN-02728,distribution
PMP-02237,WMN-02729,distribution
PMP-02292,WMN-02730,distribution
PMP-02442,WMN-02731,distribution
PMP-02284,WMN-02732,distribution
PMP-02457,WMN-02733,distribution
PMP-02440,WMN-02734,distribution
PMP-02383,WMN-02735,distribution
PMP-02503,WMN-02736,distribution
PMP-02269,WMN-02737,distribution
PMP-02402,WMN-02738,distribution
PMP-02262,WMN-02739,distribution
PMP-02414,WMN-02740,distribution
PMP-02244,WMN-02741,distribution
PMP-02360,WMN-02742,distribution
PMP-02509,WMN-02743,distribution
PMP-02298,WMN-02744,distribution
PMP-02292,WMN-02745,distribution
PMP-02459,WMN-02746,distribution
PMP-02484,WMN-02747,distribution
PMP-02491,WMN-02748,distribution
PMP-02252,WMN-02749,distribution
PMP-02401,WMN-02750,distribution
PMP-02298,WMN-02751,distribution
PMP-02460,WMN-02752,distribution
PMP-02486,WMN-02753,distribution
PMP-02387,WMN-02754,distribution
PMP-02320,WMN-02755,distribution
PMP-02492,WMN-02756,distribution
PMP-02283,WMN-02757,distribution
PMP-02396,WMN-02758,distribution
PMP-02518,WMN-02759,distribution
PMP-02441,WMN-02760,distribution
PMP-02458,WMN-02761,distribution
PMP-02330,WMN-02762,distribution
PMP-02281,WMN-02763,distribution
PMP-02386,WMN-02764,distribution
PMP-02455,WMN-02765,distribution
PMP-02483,WMN-02766,distribution
PMP-02375,WMN-02767,distribution
PMP-02292,WMN-02768,distribution
PMP-02335,WMN-02769,distribution
PMP-02409,WMN-02770,distribution
PMP-02377,WMN-02771,distribution
PMP-02428,WMN-02772,distribution
PMP-02345,WMN-02773,distribution
PMP-02479,WMN-02774,distribution
PMP-02417,WMN-02775,distribution
PMP-02503,WMN-02776,distribution
PMP-02485,WMN-02777,distribution
PMP-02308,WMN-02778,distribution
PMP-02297,WMN-02779,distribution
PMP-02323,WMN-02780,distribution
PMP-02236,WMN-02781,distribution
PMP-02249,WMN-02782,distribution
PMP-02275,WMN-02783,distribution
PMP-02524,WMN-02784,distribution
PMP-02479,WMN-02785,distribution
PMP-02506,WMN-02786,distribution
PMP-02517,WMN-02787,distribution
PMP-02447,WMN-02788,distribution
PMP-02425,WMN-02789,distribution
PMP-02343,WMN-02790,distribution
PMP-02385,WMN-02791,distribution
PMP-02492,WMN-02792,distribution
PMP-02285,WMN-02793,distribution
PMP-02396,WMN-02794,distribution
PMP-02453,WMN-02795,distribution
PMP-02281,WMN-02796,distribution
PMP-02338,WMN-02797,distribution
PMP-02315,WMN-02798,distribution
PMP-02427,WMN-02799,distribution
PMP-02303,WMN-02800,distribution
PMP-02393,WMN-02801,distribution
PMP-02283,WMN-02802,distribution
PMP-02237,WMN-02803,distribution
PMP-02302,WMN-02804,distribution
PMP-02445,WMN-02805,distribution
PMP-02381,WMN-02806,distribution
PMP-02458,WMN-02807,distribution
PMP-02402,WMN-02808,distribution
PMP-02444,WMN-02809,distribution
PMP-02477,WMN-02810,distribution
PMP-02413,WMN-02811,distribution
PMP-02511,WMN-02812,distribution
PMP-02403,WMN-02813,distribution
PMP-02265,WMN-02814,distribution
PMP-02360,WMN-02815,distribution
PMP-02423,WMN-02816,distribution
PMP-02337,WMN-02817,distribution
PMP-02258,WMN-02818,distribution
PMP-02421,WMN-02819,distribution
PMP-02303,WMN-02820,distribution
PMP-02482,WMN-02821,distribution
PMP-02380,WMN-02822,distribution
PMP-02263,WMN-02823,distribution
PMP-02252,WMN-02824,distribution
PMP-02400,WMN-02825,distribution
PMP-02402,WMN-02826,distribution
PMP-02299,WMN-02827,distribution
PMP-02466,WMN-02828,distribution
PMP-02327,WMN-02829,distribution
PMP-02450,WMN-02830,distribution
PMP-02456,WMN-02831,distribution
PMP-02449,WMN-02832,distribution
PMP-02351,WMN-02833,distribution
PMP-02271,WMN-02834,distribution
PMP-02477,WMN-02835,distribution
PMP-02425,WMN-02836,distribution
PMP-02248,WMN-02837,distribution
PMP-02394,WMN-02838,distribution
PMP-02278,WMN-02839,distribution
PMP-02485,WMN-02840,distribution
PMP-02474,WMN-02841,distribution
PMP-02476,WMN-02842,distribution
PMP-02415,WMN-02843,distribution
PMP-02453,WMN-02844,distribution
PMP-02304,WMN-02845,distribution
PMP-02377,WMN-02846,distribution
PMP-02434,WMN-02847,distribution
PMP-02248,WMN-02848,distribution
PMP-02474,WMN-02849,distribution
PMP-02497,WMN-02850,distribution
PMP-02281,WMN-02851,distribution
PMP-02522,WMN-02852,distribution
PMP-02439,WMN-02853,distribution
PMP-02331,WMN-02854,distribution
PMP-02238,WMN-02855,distribution
PMP-02309,WMN-02856,distribution
PMP-02332,WMN-02857,distribution
PMP-02462,WMN-02858,distribution
PMP-02444,WMN-02859,distribution
PMP-02387,WMN-02860,distribution
PMP-02477,WMN-02861,distribution
PMP-02436,WMN-02862,distribution
PMP-02361,WMN-02863,distribution
PMP-02510,WMN-02864,distribution
PMP-02438,WMN-02865,distribution
PMP-02402,WMN-02866,distribution
PMP-02237,WMN-02867,distribution
PMP-02368,WMN-02868,distribution
PMP-02254,WMN-02869,distribution
PMP-02337,WMN-02870,distribution
PMP-02422,WMN-02871,distribution
PMP-02493,WMN-02872,distribution
PMP-02337,WMN-02873,distribution
PMP-02512,WMN-02874,distribution
PMP-02439,WMN-02875,distribution
PMP-02266,WMN-02876,distribution
PMP-02258,WMN-02877,distribution
PMP-02400,WMN-02878,distribution
PMP-02227,WMN-02879,distribution
PMP-02422,WMN-02880,distribution
PMP-02261,WMN-02881,distribution
PMP-02488,WMN-02882,distribution
PMP-02469,WMN-02883,distribution
PMP-02323,WMN-02884,distribution
PMP-02311,WMN-02885,distribution
PMP-02457,WMN-02886,distribution
PMP-02299,WMN-02887,distribution
PMP-02308,WMN-02888,distribution
PMP-02483,WMN-02889,distribution
PMP-02433,WMN-02890,distribution
PMP-02523,WMN-02891,distribution
PMP-02413,WMN-02892,distribution
PMP-02361,WMN-02893,distribution
PMP-02328,WMN-02894,distribution
PMP-02286,WMN-02895,distribution
PMP-02458,WMN-02896,distribution
PMP-02470,WMN-02897,distribution
PMP-02480,WMN-02898,distribution
PMP-02452,WMN-02899,distribution
PMP-02303,WMN-02900,distribution
PMP-02427,WMN-02901,distribution
PMP-02234,WMN-02902,distribution
PMP-02353,WMN-02903,distribution
PMP-02392,WMN-02904,distribution
PMP-02310,WMN-02905,distribution
PMP-02263,WMN-02906,distribution
PMP-02459,WMN-02907,distribution
PMP-02450,WMN-02908,distribution
PMP-02384,WMN-02909,distribution
PMP-02497,WMN-02910,distribution
PMP-02466,WMN-02911,distribution
PMP-02363,WMN-02912,distribution
PMP-02445,WMN-02913,distribution
PMP-02303,WMN-02914,distribution
PMP-02398,WMN-02915,distribution
PMP-02447,WMN-02916,distribution
PMP-02432,WMN-02917,distribution
PMP-02460,WMN-02918,distribution
PMP-02345,WMN-02919,distribution
PMP-02434,WMN-02920,distribution
PMP-02406,WMN-02921,distribution
PMP-02328,WMN-02922,distribution
PMP-02434,WMN-02923,distribution
PMP-02415,WMN-02924,distribution
PMP-02292,WMN-02925,distribution
PMP-02344,WMN-02926,distribution
PMP-02411,WMN-02927,distribution
PMP-02297,WMN-02928,distribution
PMP-02231,WMN-02929,distribution
PMP-02269,WMN-02930,distribution
PMP-02449,WMN-02931,distribution
PMP-02438,WMN-02932,distribution
PMP-02253,WMN-02933,distribution
PMP-02408,WMN-02934,distribution
PMP-02497,WMN-02935,distribution
PMP-02495,WMN-02936,distribution
PMP-02350,WMN-02937,distribution
PMP-02240,WMN-02938,distribution
PMP-02407,WMN-02939,distribution
PMP-02453,WMN-02940,distribution
PMP-02498,WMN-02941,distribution
PMP-02469,WMN-02942,distribution
PMP-02402,WMN-02943,distribution
PMP-02243,WMN-02944,distribution
PMP-02331,WMN-02945,distribution
PMP-02479,WMN-02946,distribution
PMP-02398,WMN-02947,distribution
PMP-02296,WMN-02948,distribution
PMP-02479,WMN-02949,distribution
PMP-02234,WMN-02950,distribution
PMP-02263,WMN-02951,distribution
PMP-02456,WMN-02952,distribution
PMP-02290,WMN-02953,distribution
PMP-02368,WMN-02954,distribution
PMP-02387,WMN-02955,distribution
PMP-02294,WMN-02956,distribution
PMP-02441,WMN-02957,distribution
PMP-02279,WMN-02958,distribution
PMP-02443,WMN-02959,distribution
PMP-02436,WMN-02960,distribution
PMP-02281,WMN-02961,distribution
PMP-02335,WMN-02962,distribution
PMP-02522,WMN-02963,distribution
PMP-02287,WMN-02964,distribution
PMP-02332,WMN-02965,distribution
PMP-02226,WMN-02966,distribution
PMP-02479,WMN-02967,distribution
PMP-02393,WMN-02968,distribution
PMP-02486,WMN-02969,distribution
PMP-02398,WMN-02970,distribution
PMP-02517,WMN-02971,distribution
PMP-02380,WMN-02972,distribution
PMP-02333,WMN-02973,distribution
PMP-02415,WMN-02974,distribution
PMP-02251,WMN-02975,distribution
PMP-02474,WMN-02976,distribution
PMP-02457,WMN-02977,distribution
PMP-02252,WMN-02978,distribution
PMP-02456,WMN-02979,distribution
PMP-02485,WMN-02980,distribution
PMP-02234,WMN-02981,distribution
PMP-02398,WMN-02982,distribution
PMP-02279,WMN-02983,distribution
PMP-02477,WMN-02984,distribution
PMP-02517,WMN-02985,distribution
PMP-02444,WMN-02986,distribution
PMP-02315,WMN-02987,distribution
PMP-02297,WMN-02988,distribution
PMP-02249,WMN-02989,distribution
PMP-02263,WMN-02990,distribution
PMP-02244,WMN-02991,distribution
PMP-02459,WMN-02992,distribution
PMP-02337,WMN-02993,distribution
PMP-02288,WMN-02994,distribution
PMP-02361,WMN-02995,distribution
PMP-02324,WMN-02996,distribution
PMP-02495,WMN-02997,distribution
PMP-02276,WMN-02998,distribution
PMP-02358,WMN-02999,distribution
PMP-02411,WMN-03000,distribution
PMP-02284,WMN-03001,distribution
PMP-02346,WMN-03002,distribution
PMP-02309,WMN-03003,distribution
PMP-02253,WMN-03004,distribution
PMP-02261,WMN-03005,distribution
PMP-02370,WMN-03006,distribution
PMP-02495,WMN-03007,distribution
PMP-02470,WMN-03008,distribution
PMP-02487,WMN-03009,distribution
PMP-02283,WMN-03010,distribution
PMP-02316,WMN-03011,distribution
PMP-02476,WMN-03012,distribution
PMP-02525,WMN-03013,distribution
PMP-02400,WMN-03014,distribution
PMP-02442,WMN-03015,distribution
PMP-02364,WMN-03016,distribution
PMP-02251,WMN-03017,distribution
PMP-02265,WMN-03018,distribution
PMP-02278,WMN-03019,distribution
PMP-02382,WMN-03020,distribution
PMP-02419,WMN-03021,distribution
PMP-02299,WMN-03022,distribution
PMP-02227,WMN-03023,distribution
PMP-02402,WMN-03024,distribution
PMP-02333,WMN-03025,distribution
PMP-02346,WMN-03026,distribution
PMP-02349,WMN-03027,distribution
PMP-02459,WMN-03028,distribution
PMP-02476,WMN-03029,distribution
PMP-02243,WMN-03030,distribution
PMP-02370,WMN-03031,distribution
PMP-02324,WMN-03032,distribution
PMP-02376,WMN-03033,distribution
PMP-02434,WMN-03034,distribution
PMP-02267,WMN-03035,distribution
PMP-02233,WMN-03036,distribution
PMP-02435,WMN-03037,distribution
PMP-02459,WMN-03038,distribution
PMP-02242,WMN-03039,distribution
PMP-02341,WMN-03040,distribution
PMP-02459,WMN-03041,distribution
PMP-02419,WMN-03042,distribution
PMP-02495,WMN-03043,distribution
PMP-02253,WMN-03044,distribution
PMP-02276,WMN-03045,distribution
PMP-02434,WMN-03046,distribution
PMP-02357,WMN-03047,distribution
PMP-02511,WMN-03048,distribution
PMP-02316,WMN-03049,distribution
PMP-02243,WMN-03050,distribution
PMP-02241,WMN-03051,distribution
PMP-02485,WMN-03052,distribution
PMP-02351,WMN-03053,distribution
PMP-02518,WMN-03054,distribution
PMP-02452,WMN-03055,distribution
PMP-02421,WMN-03056,distribution
PMP-02482,WMN-03057,distribution
PMP-02320,WMN-03058,distribution
PMP-02284,WMN-03059,distribution
PMP-02295,WMN-03060,distribution
PMP-02396,WMN-03061,distribution
PMP-02297,WMN-03062,distribution
PMP-02286,WMN-03063,distribution
PMP-02232,WMN-03064,distribution
PMP-02494,WMN-03065,distribution
PMP-02292,WMN-03066,distribution
PMP-02517,WMN-03067,distribution
PMP-02418,WMN-03068,distribution
PMP-02394,WMN-03069,distribution
PMP-02248,WMN-03070,distribution
PMP-02437,WMN-03071,distribution
PMP-02459,WMN-03072,distribution
PMP-02505,WMN-03073,distribution
PMP-02269,WMN-03074,distribution
PMP-02444,WMN-03075,distribution
PMP-02415,WMN-03076,distribution
PMP-02235,WMN-03077,distribution
PMP-02332,WMN-03078,distribution
PMP-02389,WMN-03079,distribution
PMP-02479,WMN-03080,distribution
PMP-02230,WMN-03081,distribution
PMP-02519,WMN-03082,distribution
PMP-02255,WMN-03083,distribution
PMP-02245,WMN-03084,distribution
PMP-02307,WMN-03085,distribution
PMP-02516,WMN-03086,distribution
PMP-02454,WMN-03087,distribution
PMP-02255,WMN-03088,distribution
PMP-02297,WMN-03089,distribution
PMP-02294,WMN-03090,distribution
PMP-02309,WMN-03091,distribution
PMP-02504,WMN-03092,distribution
PMP-02499,WMN-03093,distribution
PMP-02315,WMN-03094,distribution
PMP-02317,WMN-03095,distribution
PMP-02339,WMN-03096,distribution
PMP-02499,WMN-03097,distribution
PMP-02336,WMN-03098,distribution
PMP-02415,WMN-03099,distribution
PMP-02298,WMN-03100,distribution
PMP-02331,WMN-03101,distribution
PMP-02441,WMN-03102,distribution
PMP-02423,WMN-03103,distribution
PMP-02320,WMN-03104,distribution
PMP-02226,WMN-03105,distribution
PMP-02486,WMN-03106,distribution
PMP-02515,WMN-03107,distribution
PMP-02316,WMN-03108,distribution
PMP-02312,WMN-03109,distribution
PMP-02333,WMN-03110,distribution
PMP-02320,WMN-03111,distribution
PMP-02324,WMN-03112,distribution
PMP-02367,WMN-03113,distribution
PMP-02449,WMN-03114,distribution
PMP-02386,WMN-03115,distribution
PMP-02358,WMN-03116,distribution
PMP-02251,WMN-03117,distribution
PMP-02468,WMN-03118,distribution
PMP-02371,WMN-03119,distribution
PMP-02286,WMN-03120,distribution
PMP-02476,WMN-03121,distribution
PMP-02304,WMN-03122,distribution
PMP-02298,WMN-03123,distribution
PMP-02375,WMN-03124,distribution
PMP-02282,WMN-03125,distribution
PMP-02306,WMN-03126,distribution
PMP-02304,WMN-03127,distribution
PMP-02392,WMN-03128,distribution
PMP-02245,WMN-03129,distribution
PMP-02290,WMN-03130,distribution
PMP-02479,WMN-03131,distribution
PMP-02361,WMN-03132,distribution
PMP-02475,WMN-03133,distribution
PMP-02486,WMN-03134,distribution
PMP-02487,WMN-03135,distribution
PMP-02462,WMN-03136,distribution
PMP-02503,WMN-03137,distribution
PMP-02525,WMN-03138,distribution
PMP-02370,WMN-03139,distribution
PMP-02447,WMN-03140,distribution
PMP-02368,WMN-03141,distribution
PMP-02284,WMN-03142,distribution
PMP-02454,WMN-03143,distribution
PMP-02498,WMN-03144,distribution
PMP-02258,WMN-03145,distribution
PMP-02234,WMN-03146,distribution
PMP-02444,WMN-03147,distribution
PMP-02245,WMN-03148,distribution
PMP-02390,WMN-03149,distribution
PMP-02320,WMN-03150,distribution
PMP-02335,WMN-03151,distribution
PMP-02364,WMN-03152,distribution
PMP-02408,WMN-03153,distribution
PMP-02339,WMN-03154,distribution
PMP-02389,WMN-03155,distribution
PMP-02438,WMN-03156,distribution
PMP-02448,WMN-03157,distribution
PMP-02381,WMN-03158,distribution
PMP-02398,WMN-03159,distribution
PMP-02499,WMN-03160,distribution
PMP-02525,WMN-03161,distribution
PMP-02422,WMN-03162,distribution
PMP-02389,WMN-03163,distribution
PMP-02269,WMN-03164,distribution
PMP-02312,WMN-03165,distribution
PMP-02410,WMN-03166,distribution
PMP-02479,WMN-03167,distribution
PMP-02479,WMN-03168,distribution
PMP-02480,WMN-03169,distribution
PMP-02245,WMN-03170,distribution
PMP-02317,WMN-03171,distribution
PMP-02333,WMN-03172,distribution
PMP-02309,WMN-03173,distribution
PMP-02280,WMN-03174,distribution
PMP-02522,WMN-03175,distribution
PMP-02324,WMN-03176,distribution
PMP-02357,WMN-03177,distribution
PMP-02294,WMN-03178,distribution
PMP-02258,WMN-03179,distribution
PMP-02518,WMN-03180,distribution
PMP-02316,WMN-03181,distribution
PMP-02434,WMN-03182,distribution
PMP-02255,WMN-03183,distribution
PMP-02495,WMN-03184,distribution
PMP-02438,WMN-03185,distribution
PMP-02503,WMN-03186,distribution
PMP-02459,WMN-03187,distribution
PMP-02306,WMN-03188,distribution
PMP-02333,WMN-03189,distribution
PMP-02281,WMN-03190,distribution
PMP-02249,WMN-03191,distribution
PMP-02393,WMN-03192,distribution
PMP-02392,WMN-03193,distribution
PMP-02298,WMN-03194,distribution
PMP-02450,WMN-03195,distribution
PMP-02420,WMN-03196,distribution
PMP-02241,WMN-03197,distribution
PMP-02393,WMN-03198,distribution
PMP-02360,WMN-03199,distribution
PMP-02441,WMN-03200,distribution
PMP-02262,WMN-03201,distribution
PMP-02299,WMN-03202,distribution
PMP-02265,WMN-03203,distribution
PMP-02505,WMN-03204,distribution
PMP-02366,WMN-03205,distribution
PMP-02410,WMN-03206,distribution
PMP-02525,WMN-03207,distribution
PMP-02486,WMN-03208,distribution
PMP-02441,WMN-03209,distribution
PMP-02468,WMN-03210,distribution
PMP-02376,WMN-03211,distribution
PMP-02391,WMN-03212,distribution
PMP-02268,WMN-03213,distribution
PMP-02227,WMN-03214,distribution
PMP-02452,WMN-03215,distribution
PMP-02483,WMN-03216,distribution
PMP-02487,WMN-03217,distribution
PMP-02463,WMN-03218,distribution
PMP-02299,WMN-03219,distribution
PMP-02419,WMN-03220,distribution
PMP-02255,WMN-03221,distribution
PMP-02241,WMN-03222,distribution
PMP-02418,WMN-03223,distribution
PMP-02374,WMN-03224,distribution
PMP-02483,WMN-03225,distribution
PMP-02394,WMN-03226,distribution
PMP-02381,WMN-03227,distribution
PMP-02342,WMN-03228,distribution
PMP-02376,WMN-03229,distribution
PMP-02347,WMN-03230,distribution
PMP-02410,WMN-03231,distribution
PMP-02399,WMN-03232,distribution
PMP-02341,WMN-03233,distribution
PMP-02284,WMN-03234,distribution
PMP-02368,WMN-03235,distribution
PMP-02279,WMN-03236,distribution
PMP-02266,WMN-03237,distribution
PMP-02285,WMN-03238,distribution
PMP-02341,WMN-03239,distribution
PMP-02421,WMN-03240,distribution
PMP-02321,WMN-03241,distribution
PMP-02303,WMN-03242,distribution
PMP-02231,WMN-03243,distribution
PMP-02450,WMN-03244,distribution
PMP-02419,WMN-03245,distribution
PMP-02247,WMN-03246,distribution
PMP-02271,WMN-03247,distribution
PMP-02469,WMN-03248,distribution
PMP-02477,WMN-03249,distribution
PMP-02299,WMN-03250,distribution
PMP-02412,WMN-03251,distribution
PMP-02349,WMN-03252,distribution
PMP-02320,WMN-03253,distribution
PMP-02324,WMN-03254,distribution
PMP-02264,WMN-03255,distribution
PMP-02288,WMN-03256,distribution
PMP-02404,WMN-03257,distribution
PMP-02327,WMN-03258,distribution
PMP-02300,WMN-03259,distribution
PMP-02363,WMN-03260,distribution
PMP-02229,WMN-03261,distribution
PMP-02450,WMN-03262,distribution
PMP-02377,WMN-03263,distribution
PMP-02270,WMN-03264,distribution
PMP-02255,WMN-03265,distribution
PMP-02358,WMN-03266,distribution
PMP-02287,WMN-03267,distribution
PMP-02358,WMN-03268,distribution
PMP-02367,WMN-03269,distribution
PMP-02420,WMN-03270,distribution
PMP-02302,WMN-03271,distribution
PMP-02395,WMN-03272,distribution
PMP-02320,WMN-03273,distribution
PMP-02435,WMN-03274,distribution
PMP-02315,WMN-03275,distribution
PMP-02251,WMN-03276,distribution
PMP-02346,WMN-03277,distribution
PMP-02247,WMN-03278,distribution
PMP-02358,WMN-03279,distribution
PMP-02242,WMN-03280,distribution
PMP-02398,WMN-03281,distribution
PMP-02297,WMN-03282,distribution
PMP-02497,WMN-03283,distribution
PMP-02412,WMN-03284,distribution
PMP-02481,WMN-03285,distribution
PMP-02294,WMN-03286,distribution
PMP-02253,WMN-03287,distribution
PMP-02307,WMN-03288,distribution
PMP-02373,WMN-03289,distribution
PMP-02385,WMN-03290,distribution
PMP-02495,WMN-03291,distribution
PMP-02248,WMN-03292,distribution
PMP-02247,WMN-03293,distribution
PMP-02414,WMN-03294,distribution
PMP-02334,WMN-03295,distribution
PMP-02451,WMN-03296,distribution
PMP-02408,WMN-03297,distribution
PMP-02453,WMN-03298,distribution
PMP-02306,WMN-03299,distribution
PMP-02359,WMN-03300,distribution
PMP-02420,WMN-03301,distribution
PMP-02247,WMN-03302,distribution
PMP-02251,WMN-03303,distribution
PMP-02394,WMN-03304,distribution
PMP-02311,WMN-03305,distribution
PMP-02361,WMN-03306,distribution
PMP-02470,WMN-03307,distribution
PMP-02448,WMN-03308,distribution
PMP-02381,WMN-03309,distribution
PMP-02475,WMN-03310,distribution
PMP-02278,WMN-03311,distribution
PMP-02406,WMN-03312,distribution
PMP-02266,WMN-03313,distribution
PMP-02401,WMN-03314,distribution
PMP-02378,WMN-03315,distribution
PMP-02291,WMN-03316,distribution
PMP-02402,WMN-03317,distribution
PMP-02300,WMN-03318,distribution
PMP-02292,WMN-03319,distribution
PMP-02338,WMN-03320,distribution
PMP-02281,WMN-03321,distribution
PMP-02444,WMN-03322,distribution
PMP-02279,WMN-03323,distribution
PMP-02299,WMN-03324,distribution
PMP-02392,WMN-03325,distribution
PMP-02384,WMN-03326,distribution
PMP-02498,WMN-03327,distribution
PMP-02516,WMN-03328,distribution
PMP-02278,WMN-03329,distribution
PMP-02387,WMN-03330,distribution
PMP-02479,WMN-03331,distribution
PMP-02333,WMN-03332,distribution
PMP-02522,WMN-03333,distribution
PMP-02332,WMN-03334,distribution
PMP-02255,WMN-03335,distribution
PMP-02465,WMN-03336,distribution
PMP-02480,WMN-03337,distribution
PMP-02505,WMN-03338,distribution
PMP-02306,WMN-03339,distribution
PMP-02420,WMN-03340,distribution
PMP-02350,WMN-03341,distribution
PMP-02311,WMN-03342,distribution
PMP-02500,WMN-03343,distribution
PMP-02439,WMN-03344,distribution
PMP-02509,WMN-03345,distribution
PMP-02479,WMN-03346,distribution
PMP-02421,WMN-03347,distribution
PMP-02459,WMN-03348,distribution
PMP-02401,WMN-03349,distribution
PMP-02317,WMN-03350,distribution
PMP-02227,WMN-03351,distribution
PMP-02333,WMN-03352,distribution
PMP-02278,WMN-03353,distribution
PMP-02438,WMN-03354,distribution
PMP-02421,WMN-03355,distribution
PMP-02290,WMN-03356,distribution
PMP-02525,WMN-03357,distribution
PMP-02423,WMN-03358,distribution
PMP-02286,WMN-03359,distribution
PMP-02469,WMN-03360,distribution
PMP-02278,WMN-03361,distribution
PMP-02417,WMN-03362,distribution
PMP-02485,WMN-03363,distribution
PMP-02456,WMN-03364,distribution
PMP-02349,WMN-03365,distribution
PMP-02293,WMN-03366,distribution
PMP-02463,WMN-03367,distribution
PMP-02481,WMN-03368,distribution
PMP-02392,WMN-03369,distribution
PMP-02317,WMN-03370,distribution
PMP-02343,WMN-03371,distribution
PMP-02467,WMN-03372,distribution
PMP-02350,WMN-03373,distribution
PMP-02281,WMN-03374,distribution
PMP-02312,WMN-03375,distribution
PMP-02292,WMN-03376,distribution
PMP-02327,WMN-03377,distribution
PMP-02416,WMN-03378,distribution
PMP-02297,WMN-03379,distribution
PMP-02275,WMN-03380,distribution
PMP-02361,WMN-03381,distribution
PMP-02373,WMN-03382,distribution
PMP-02252,WMN-03383,distribution
PMP-02517,WMN-03384,distribution
PMP-02306,WMN-03385,distribution
PMP-02522,WMN-03386,distribution
PMP-02496,WMN-03387,distribution
PMP-02354,WMN-03388,distribution
PMP-02234,WMN-03389,distribution
PMP-02381,WMN-03390,distribution
PMP-02315,WMN-03391,distribution
PMP-02331,WMN-03392,distribution
PMP-02271,WMN-03393,distribution
PMP-02404,WMN-03394,distribution
PMP-02242,WMN-03395,distribution
PMP-02317,WMN-03396,distribution
PMP-02419,WMN-03397,distribution
PMP-02315,WMN-03398,distribution
PMP-02324,WMN-03399,distribution
PMP-02231,WMN-03400,distribution
PMP-02278,WMN-03401,distribution
PMP-02393,WMN-03402,distribution
PMP-02524,WMN-03403,distribution
PMP-02371,WMN-03404,distribution
PMP-02308,WMN-03405,distribution
PMP-02267,WMN-03406,distribution
PMP-02278,WMN-03407,distribution
PMP-02255,WMN-03408,distribution
PMP-02353,WMN-03409,distribution
PMP-02254,WMN-03410,distribution
PMP-02497,WMN-03411,distribution
PMP-02284,WMN-03412,distribution
PMP-02359,WMN-03413,distribution
PMP-02275,WMN-03414,distribution
PMP-02315,WMN-03415,distribution
PMP-02234,WMN-03416,distribution
PMP-02525,WMN-03417,distribution
PMP-02411,WMN-03418,distribution
PMP-02464,WMN-03419,distribution
PMP-02302,WMN-03420,distribution
PMP-02302,WMN-03421,distribution
PMP-02303,WMN-03422,distribution
PMP-02453,WMN-03423,distribution
PMP-02496,WMN-03424,distribution
PMP-02322,WMN-03425,distribution
PMP-02399,WMN-03426,distribution
PMP-02341,WMN-03427,distribution
PMP-02326,WMN-03428,distribution
PMP-02368,WMN-03429,distribution
PMP-02423,WMN-03430,distribution
PMP-02401,WMN-03431,distribution
PMP-02386,WMN-03432,distribution
PMP-02516,WMN-03433,distribution
PMP-02357,WMN-03434,distribution
PMP-02436,WMN-03435,distribution
PMP-02518,WMN-03436,distribution
PMP-02450,WMN-03437,distribution
PMP-02470,WMN-03438,distribution
PMP-02351,WMN-03439,distribution
PMP-02275,WMN-03440,distribution
PMP-02289,WMN-03441,distribution
PMP-02421,WMN-03442,distribution
PMP-02334,WMN-03443,distribution
PMP-02430,WMN-03444,distribution
PMP-02304,WMN-03445,distribution
PMP-02423,WMN-03446,distribution
PMP-02241,WMN-03447,distribution
PMP-02494,WMN-03448,distribution
PMP-02324,WMN-03449,distribution
PMP-02363,WMN-03450,distribution
PMP-02244,WMN-03451,distribution
PMP-02368,WMN-03452,distribution
PMP-02442,WMN-03453,distribution
PMP-02275,WMN-03454,distribution
PMP-02519,WMN-03455,distribution
PMP-02310,WMN-03456,distribution
PMP-02476,WMN-03457,distribution
PMP-02252,WMN-03458,distribution
PMP-02395,WMN-03459,distribution
PMP-02278,WMN-03460,distribution
PMP-02497,WMN-03461,distribution
PMP-02364,WMN-03462,distribution
PMP-02249,WMN-03463,distribution
PMP-02501,WMN-03464,distribution
PMP-02405,WMN-03465,distribution
PMP-02435,WMN-03466,distribution
PMP-02419,WMN-03467,distribution
PMP-02230,WMN-03468,distribution
PMP-02405,WMN-03469,distribution
PMP-02386,WMN-03470,distribution
PMP-02522,WMN-03471,distribution
PMP-02477,WMN-03472,distribution
PMP-02392,WMN-03473,distribution
PMP-02309,WMN-03474,distribution
PMP-02501,WMN-03475,distribution
DSS-00101,PMP-02226,power_dependency
DSS-00086,PMP-02227,power_dependency
DSS-00163,PMP-02228,power_dependency
DSS-00226,PMP-02229,power_dependency
DSS-00082,PMP-02230,power_dependency
DSS-00142,PMP-02231,power_dependency
DSS-00232,PMP-02232,power_dependency
DSS-00237,PMP-02233,power_dependency
DSS-00108,PMP-02234,power_dependency
DSS-00318,PMP-02235,power_dependency
DSS-00328,PMP-02236,power_dependency
DSS-00292,PMP-02237,power_dependency
DSS-00327,PMP-02238,power_dependency
DSS-00292,PMP-02239,power_dependency
DSS-00142,PMP-02240,power_dependency
DSS-00185,PMP-02241,power_dependency
DSS-00370,PMP-02242,power_dependency
DSS-00242,PMP-02243,power_dependency
DSS-00193,PMP-02244,power_dependency
DSS-00373,PMP-02245,power_dependency
DSS-00345,PMP-02246,power_dependency
DSS-00102,PMP-02247,power_dependency
DSS-00119,PMP-02248,power_dependency
DSS-00231,PMP-02249,power_dependency
DSS-00253,PMP-02250,power_dependency
DSS-00313,PMP-02251,power_dependency
DSS-00237,PMP-02252,power_dependency
DSS-00216,PMP-02253,power_dependency
DSS-00265,PMP-02254,power_dependency
DSS-00223,PMP-02255,power_dependency
DSS-00102,PMP-02256,power_dependency
DSS-00136,PMP-02257,power_dependency
DSS-00278,PMP-02258,power_dependency
DSS-00288,PMP-02259,power_dependency
DSS-00345,PMP-02260,power_dependency
DSS-00168,PMP-02261,power_dependency
DSS-00372,PMP-02262,power_dependency
DSS-00392,PMP-02263,power_dependency
DSS-00363,PMP-02264,power_dependency
DSS-00140,PMP-02265,power_dependency
DSS-00140,PMP-02266,power_dependency
DSS-00078,PMP-02267,power_dependency
DSS-00284,PMP-02268,power_dependency
DSS-00271,PMP-02269,power_dependency
DSS-00249,PMP-02270,power_dependency
DSS-00105,PMP-02271,power_dependency
DSS-00098,PMP-02272,power_dependency
DSS-00192,PMP-02273,power_dependency
DSS-00246,PMP-02274,power_dependency
DSS-00238,PMP-02275,power_dependency
DSS-00068,PMP-02276,power_dependency
DSS-00122,PMP-02277,power_dependency
DSS-00070,PMP-02278,power_dependency
DSS-00256,PMP-02279,power_dependency
DSS-00090,PMP-02280,power_dependency
DSS-00297,PMP-02281,power_dependency
DSS-00255,PMP-02282,power_dependency
DSS-00167,PMP-02283,power_dependency
DSS-00338,PMP-02284,power_dependency
DSS-00281,PMP-02285,power_dependency
DSS-00322,PMP-02286,power_dependency
DSS-00187,PMP-02287,power_dependency
DSS-00086,PMP-02288,power_dependency
DSS-00110,PMP-02289,power_dependency
DSS-00410,PMP-02290,power_dependency
DSS-00155,PMP-02291,power_dependency
DSS-00169,PMP-02292,power_dependency
DSS-00308,PMP-02293,power_dependency
DSS-00082,PMP-02294,power_dependency
DSS-00153,PMP-02295,power_dependency
DSS-00249,PMP-02296,power_dependency
DSS-00364,PMP-02297,power_dependency
DSS-00282,PMP-02298,power_dependency
DSS-00197,PMP-02299,power_dependency
DSS-00370,PMP-02300,power_dependency
DSS-00258,PMP-02301,power_dependency
DSS-00275,PMP-02302,power_dependency
DSS-00202,PMP-02303,power_dependency
DSS-00081,PMP-02304,power_dependency
DSS-00262,PMP-02305,power_dependency
DSS-00226,PMP-02306,power_dependency
DSS-00231,PMP-02307,power_dependency
DSS-00380,PMP-02308,power_dependency
DSS-00229,PMP-02309,power_dependency
DSS-00365,PMP-02310,power_dependency
DSS-00168,PMP-02311,power_dependency
DSS-00236,PMP-02312,power_dependency
DSS-00111,PMP-02313,power_dependency
DSS-00181,PMP-02314,power_dependency
DSS-00269,PMP-02315,power_dependency
DSS-00148,PMP-02316,power_dependency
DSS-00144,PMP-02317,power_dependency
DSS-00354,PMP-02318,power_dependency
DSS-00212,PMP-02319,power_dependency
DSS-00102,PMP-02320,power_dependency
DSS-00321,PMP-02321,power_dependency
DSS-00074,PMP-02322,power_dependency
DSS-00233,PMP-02323,power_dependency
DSS-00132,PMP-02324,power_dependency
DSS-00372,PMP-02325,power_dependency
DSS-00139,PMP-02326,power_dependency
DSS-00064,PMP-02327,power_dependency
DSS-00309,PMP-02328,power_dependency
DSS-00137,PMP-02329,power_dependency
DSS-00226,PMP-02330,power_dependency
DSS-00190,PMP-02331,power_dependency
DSS-00380,PMP-02332,power_dependency
DSS-00340,PMP-02333,power_dependency
DSS-00406,PMP-02334,power_dependency
DSS-00065,PMP-02335,power_dependency
DSS-00405,PMP-02336,power_dependency
DSS-00112,PMP-02337,power_dependency
DSS-00144,PMP-02338,power_dependency
DSS-00363,PMP-02339,power_dependency
DSS-00405,PMP-02340,power_dependency
DSS-00406,PMP-02341,power_dependency
DSS-00385,PMP-02342,power_dependency
DSS-00080,PMP-02343,power_dependency
DSS-00132,PMP-02344,power_dependency
DSS-00084,PMP-02345,power_dependency
DSS-00406,PMP-02346,power_dependency
DSS-00399,PMP-02347,power_dependency
DSS-00213,PMP-02348,power_dependency
DSS-00156,PMP-02349,power_dependency
DSS-00349,PMP-02350,power_dependency
DSS-00228,PMP-02351,power_dependency
DSS-00069,PMP-02352,power_dependency
DSS-00260,PMP-02353,power_dependency
DSS-00290,PMP-02354,power_dependency
DSS-00263,PMP-02355,power_dependency
DSS-00092,PMP-02356,power_dependency
DSS-00405,PMP-02357,power_dependency
DSS-00084,PMP-02358,power_dependency
DSS-00135,PMP-02359,power_dependency
DSS-00108,PMP-02360,power_dependency
DSS-00310,PMP-02361,power_dependency
DSS-00394,PMP-02362,power_dependency
DSS-00273,PMP-02363,power_dependency
DSS-00111,PMP-02364,power_dependency
DSS-00161,PMP-02365,power_dependency
DSS-00354,PMP-02366,power_dependency
DSS-00292,PMP-02367,power_dependency
DSS-00152,PMP-02368,power_dependency
DSS-00237,PMP-02369,power_dependency
DSS-00312,PMP-02370,power_dependency
DSS-00299,PMP-02371,power_dependency
DSS-00167,PMP-02372,power_dependency
DSS-00272,PMP-02373,power_dependency
DSS-00386,PMP-02374,power_dependency
DSS-00140,PMP-02375,power_dependency
DSS-00246,PMP-02376,power_dependency
DSS-00402,PMP-02377,power_dependency
DSS-00260,PMP-02378,power_dependency
DSS-00321,PMP-02379,power_dependency
DSS-00368,PMP-02380,power_dependency
DSS-00309,PMP-02381,power_dependency
DSS-00387,PMP-02382,power_dependency
DSS-00070,PMP-02383,power_dependency
DSS-00185,PMP-02384,power_dependency
DSS-00234,PMP-02385,power_dependency
DSS-00293,PMP-02386,power_dependency
DSS-00147,PMP-02387,power_dependency
DSS-00122,PMP-02388,power_dependency
DSS-00179,PMP-02389,power_dependency
DSS-00209,PMP-02390,power_dependency
DSS-00260,PMP-02391,power_dependency
DSS-00073,PMP-02392,power_dependency
DSS-00332,PMP-02393,power_dependency
DSS-00267,PMP-02394,power_dependency
DSS-00142,PMP-02395,power_dependency
DSS-00281,PMP-02396,power_dependency
DSS-00272,PMP-02397,power_dependency
DSS-00113,PMP-02398,power_dependency
DSS-00077,PMP-02399,power_dependency
DSS-00219,PMP-02400,power_dependency
DSS-00302,PMP-02401,power_dependency
DSS-00407,PMP-02402,power_dependency
DSS-00134,PMP-02403,power_dependency
DSS-00217,PMP-02404,power_dependency
DSS-00253,PMP-02405,power_dependency
DSS-00155,PMP-02406,power_dependency
DSS-00388,PMP-02407,power_dependency
DSS-00235,PMP-02408,power_dependency
DSS-00103,PMP-02409,power_dependency
DSS-00323,PMP-02410,power_dependency
DSS-00223,PMP-02411,power_dependency
DSS-00157,PMP-02412,power_dependency
DSS-00289,PMP-02413,power_dependency
DSS-00100,PMP-02414,power_dependency
DSS-00348,PMP-02415,power_dependency
DSS-00159,PMP-02416,power_dependency
DSS-00276,PMP-02417,power_dependency
DSS-00127,PMP-02418,power_dependency
DSS-00210,PMP-02419,power_dependency
DSS-00132,PMP-02420,power_dependency
DSS-00344,PMP-02421,power_dependency
DSS-00364,PMP-02422,power_dependency
DSS-00225,PMP-02423,power_dependency
DSS-00390,PMP-02424,power_dependency
DSS-00064,PMP-02425,power_dependency
DSS-00256,PMP-02426,power_dependency
DSS-00284,PMP-02427,power_dependency
DSS-00359,PMP-02428,power_dependency
DSS-00119,PMP-02429,power_dependency
DSS-00224,PMP-02430,power_dependency
DSS-00363,PMP-02431,power_dependency
DSS-00247,PMP-02432,power_dependency
DSS-00253,PMP-02433,power_dependency
DSS-00161,PMP-02434,power_dependency
DSS-00201,PMP-02435,power_dependency
DSS-00362,PMP-02436,power_dependency
DSS-00272,PMP-02437,power_dependency
DSS-00065,PMP-02438,power_dependency
DSS-00222,PMP-02439,power_dependency
DSS-00333,PMP-02440,power_dependency
DSS-00158,PMP-02441,power_dependency
DSS-00297,PMP-02442,power_dependency
DSS-00256,PMP-02443,power_dependency
DSS-00268,PMP-02444,power_dependency
DSS-00332,PMP-02445,power_dependency
DSS-00267,PMP-02446,power_dependency
DSS-00068,PMP-02447,power_dependency
DSS-00200,PMP-02448,power_dependency
DSS-00150,PMP-02449,power_dependency
DSS-00107,PMP-02450,power_dependency
DSS-00252,PMP-02451,power_dependency
DSS-00222,PMP-02452,power_dependency
DSS-00109,PMP-02453,power_dependency
DSS-00184,PMP-02454,power_dependency
DSS-00205,PMP-02455,power_dependency
DSS-00210,PMP-02456,power_dependency
DSS-00395,PMP-02457,power_dependency
DSS-00137,PMP-02458,power_dependency
DSS-00120,PMP-02459,power_dependency
DSS-00408,PMP-02460,power_dependency
DSS-00127,PMP-02461,power_dependency
DSS-00096,PMP-02462,power_dependency
DSS-00322,PMP-02463,power_dependency
DSS-00065,PMP-02464,power_dependency
DSS-00310,PMP-02465,power_dependency
DSS-00296,PMP-02466,power_dependency
DSS-00244,PMP-02467,power_dependency
DSS-00227,PMP-02468,power_dependency
DSS-00148,PMP-02469,power_dependency
DSS-00189,PMP-02470,power_dependency
DSS-00393,PMP-02471,power_dependency
DSS-00158,PMP-02472,power_dependency
DSS-00292,PMP-02473,power_dependency
DSS-00140,PMP-02474,power_dependency
DSS-00262,PMP-02475,power_dependency
DSS-00134,PMP-02476,power_dependency
DSS-00087,PMP-02477,power_dependency
DSS-00290,PMP-02478,power_dependency
DSS-00357,PMP-02479,power_dependency
DSS-00295,PMP-02480,power_dependency
DSS-00131,PMP-02481,power_dependency
DSS-00227,PMP-02482,power_dependency
DSS-00074,PMP-02483,power_dependency
DSS-00291,PMP-02484,power_dependency
DSS-00254,PMP-02485,power_dependency
DSS-00238,PMP-02486,power_dependency
DSS-00140,PMP-02487,power_dependency
DSS-00115,PMP-02488,power_dependency
DSS-00247,PMP-02489,power_dependency
DSS-00267,PMP-02490,power_dependency
DSS-00312,PMP-02491,power_dependency
DSS-00339,PMP-02492,power_dependency
DSS-00110,PMP-02493,power_dependency
DSS-00227,PMP-02494,power_dependency
DSS-00199,PMP-02495,power_dependency
DSS-00213,PMP-02496,power_dependency
DSS-00284,PMP-02497,power_dependency
DSS-00180,PMP-02498,power_dependency
DSS-00368,PMP-02499,power_dependency
DSS-00062,PMP-02500,power_dependency
DSS-00290,PMP-02501,power_dependency
DSS-00360,PMP-02502,power_dependency
DSS-00149,PMP-02503,power_dependency
DSS-00260,PMP-02504,power_dependency
DSS-00357,PMP-02505,power_dependency
DSS-00132,PMP-02506,power_dependency
DSS-00119,PMP-02507,power_dependency
DSS-00330,PMP-02508,power_dependency
DSS-00256,PMP-02509,power_dependency
DSS-00193,PMP-02510,power_dependency
DSS-00103,PMP-02511,power_dependency
DSS-00324,PMP-02512,power_dependency
DSS-00297,PMP-02513,power_dependency
DSS-00086,PMP-02514,power_dependency
DSS-00122,PMP-02515,power_dependency
DSS-00307,PMP-02516,power_dependency
DSS-00286,PMP-02517,power_dependency
DSS-00110,PMP-02518,power_dependency
DSS-00140,PMP-02519,power_dependency
DSS-00281,PMP-02520,power_dependency
DSS-00403,PMP-02521,power_dependency
DSS-00381,PMP-02522,power_dependency
DSS-00289,PMP-02523,power_dependency
DSS-00259,PMP-02524,power_dependency
DSS-00337,PMP-02525,power_dependency
DSS-00286,WTP-02211,power_dependency
DSS-00308,WTP-02212,power_dependency
DSS-00347,WTP-02213,power_dependency
DSS-00181,WTP-02214,power_dependency
DSS-00272,WTP-02215,power_dependency
DSS-00236,WTP-02216,power_dependency
DSS-00410,WTP-02217,power_dependency
DSS-00317,WTP-02218,power_dependency
DSS-00367,WTP-02219,power_dependency
DSS-00106,WTP-02220,power_dependency
DSS-00353,WTP-02221,power_dependency
DSS-00291,WTP-02222,power_dependency
DSS-00317,WTP-02223,power_dependency
DSS-00353,WTP-02224,power_dependency
DSS-00373,WTP-02225,power_dependency
